Godot Engine v4.7.stable.official.5b4e0cb0f - https://godotengine.org

[   0% ] [90m[1mfirst_scan_filesystem[22m | Started 项目初始化 (5 steps)[39m[0m
[   0% ] [90m[1mfirst_scan_filesystem[22m | 正在扫描文件结构……[39m[0m
[  16% ] [90m[1mfirst_scan_filesystem[22m | 正在加载全局类名……[39m[0m
[  33% ] [90m[1mfirst_scan_filesystem[22m | 正在校验 GDExtension……[39m[0m
[  50% ] [90m[1mfirst_scan_filesystem[22m | 正在创建自动加载脚本……[39m[0m
[  66% ] [90m[1mfirst_scan_filesystem[22m | 正在初始化插件……[39m[0m
[  83% ] [90m[1mfirst_scan_filesystem[22m | 正在启动文件扫描……[39m[0m
[92m[ DONE ][39m [1mfirst_scan_filesystem[22m
[0m
[   0% ] [90m[1mupdate_scripts_classes[22m | Started 正在注册全局类…… (150 steps)[39m[0m
[   0% ] [90m[1mupdate_scripts_classes[22m | [39m[0m
[   0% ] [90m[1mupdate_scripts_classes[22m | SkillExecutionPlanContract[39m[0m
[   1% ] [90m[1mupdate_scripts_classes[22m | [39m[0m
[   1% ] [90m[1mupdate_scripts_classes[22m | CasterSkillAnimationPlayer[39m[0m
[   2% ] [90m[1mupdate_scripts_classes[22m | CasterSkillBeamVisualEffect[39m[0m
[   3% ] [90m[1mupdate_scripts_classes[22m | CasterSkillVisualEffect[39m[0m
[   3% ] [90m[1mupdate_scripts_classes[22m | [39m[0m
[   4% ] [90m[1mupdate_scripts_classes[22m | EnemyActor[39m[0m
[   5% ] [90m[1mupdate_scripts_classes[22m | [39m[0m
[   5% ] [90m[1mupdate_scripts_classes[22m | GameHUD[39m[0m
[   6% ] [90m[1mupdate_scripts_classes[22m | [39m[0m
[   7% ] [90m[1mupdate_scripts_classes[22m | LootPickup[39m[0m
[   7% ] [90m[1mupdate_scripts_classes[22m | LootPickupRuntimeManager[39m[0m
[   8% ] [90m[1mupdate_scripts_classes[22m | [39m[0m
[   9% ] [90m[1mupdate_scripts_classes[22m | LootVisualEffect[39m[0m
[   9% ] [90m[1mupdate_scripts_classes[22m | MonsterAttackTiming[39m[0m
[  10% ] [90m[1mupdate_scripts_classes[22m | MonsterIdentity[39m[0m
[  11% ] [90m[1mupdate_scripts_classes[22m | MonsterMovementCadence[39m[0m
[  11% ] [90m[1mupdate_scripts_classes[22m | MonsterVisual[39m[0m
[  12% ] [90m[1mupdate_scripts_classes[22m | MonsterVisualStreamingCoordinator[39m[0m
[  13% ] [90m[1mupdate_scripts_classes[22m | PlayerCharacter[39m[0m
[  13% ] [90m[1mupdate_scripts_classes[22m | [39m[0m
[  14% ] [90m[1mupdate_scripts_classes[22m | [39m[0m
[  15% ] [90m[1mupdate_scripts_classes[22m | RuntimeDiagnostics[39m[0m
[  15% ] [90m[1mupdate_scripts_classes[22m | SummonActor[39m[0m
[  16% ] [90m[1mupdate_scripts_classes[22m | WorldBackground[39m[0m
[  17% ] [90m[1mupdate_scripts_classes[22m | [39m[0m
[  17% ] [90m[1mupdate_scripts_classes[22m | WorldEffectRenderOrder[39m[0m
[  18% ] [90m[1mupdate_scripts_classes[22m | WorldMonsterClockLedger[39m[0m
[  19% ] [90m[1mupdate_scripts_classes[22m | WorldMonsterRespawnState[39m[0m
[  19% ] [90m[1mupdate_scripts_classes[22m | [39m[0m
[  20% ] [90m[1mupdate_scripts_classes[22m | [39m[0m
[  21% ] [90m[1mupdate_scripts_classes[22m | [39m[0m
[  21% ] [90m[1mupdate_scripts_classes[22m | [39m[0m
[  22% ] [90m[1mupdate_scripts_classes[22m | [39m[0m
[  23% ] [90m[1mupdate_scripts_classes[22m | [39m[0m
[  23% ] [90m[1mupdate_scripts_classes[22m | [39m[0m
[  24% ] [90m[1mupdate_scripts_classes[22m | [39m[0m
[  25% ] [90m[1mupdate_scripts_classes[22m | [39m[0m
[  25% ] [90m[1mupdate_scripts_classes[22m | [39m[0m
[  26% ] [90m[1mupdate_scripts_classes[22m | [39m[0m
[  27% ] [90m[1mupdate_scripts_classes[22m | [39m[0m
[  27% ] [90m[1mupdate_scripts_classes[22m | [39m[0m
[  28% ] [90m[1mupdate_scripts_classes[22m | [39m[0m
[  29% ] [90m[1mupdate_scripts_classes[22m | [39m[0m
[  29% ] [90m[1mupdate_scripts_classes[22m | [39m[0m
[  30% ] [90m[1mupdate_scripts_classes[22m | [39m[0m
[  31% ] [90m[1mupdate_scripts_classes[22m | [39m[0m
[  31% ] [90m[1mupdate_scripts_classes[22m | [39m[0m
[  32% ] [90m[1mupdate_scripts_classes[22m | [39m[0m
[  33% ] [90m[1mupdate_scripts_classes[22m | [39m[0m
[  33% ] [90m[1mupdate_scripts_classes[22m | [39m[0m
[  34% ] [90m[1mupdate_scripts_classes[22m | [39m[0m
[  35% ] [90m[1mupdate_scripts_classes[22m | [39m[0m
[  35% ] [90m[1mupdate_scripts_classes[22m | [39m[0m
[  36% ] [90m[1mupdate_scripts_classes[22m | [39m[0m
[  37% ] [90m[1mupdate_scripts_classes[22m | [39m[0m
[  37% ] [90m[1mupdate_scripts_classes[22m | [39m[0m
[  38% ] [90m[1mupdate_scripts_classes[22m | [39m[0m
[  39% ] [90m[1mupdate_scripts_classes[22m | [39m[0m
[  39% ] [90m[1mupdate_scripts_classes[22m | [39m[0m
[  40% ] [90m[1mupdate_scripts_classes[22m | [39m[0m
[  41% ] [90m[1mupdate_scripts_classes[22m | [39m[0m
[  41% ] [90m[1mupdate_scripts_classes[22m | [39m[0m
[  42% ] [90m[1mupdate_scripts_classes[22m | [39m[0m
[  43% ] [90m[1mupdate_scripts_classes[22m | [39m[0m
[  43% ] [90m[1mupdate_scripts_classes[22m | [39m[0m
[  44% ] [90m[1mupdate_scripts_classes[22m | [39m[0m
[  45% ] [90m[1mupdate_scripts_classes[22m | [39m[0m
[  45% ] [90m[1mupdate_scripts_classes[22m | [39m[0m
[  46% ] [90m[1mupdate_scripts_classes[22m | [39m[0m
[  47% ] [90m[1mupdate_scripts_classes[22m | [39m[0m
[  47% ] [90m[1mupdate_scripts_classes[22m | [39m[0m
[  48% ] [90m[1mupdate_scripts_classes[22m | [39m[0m
[  49% ] [90m[1mupdate_scripts_classes[22m | [39m[0m
[  49% ] [90m[1mupdate_scripts_classes[22m | [39m[0m
[  50% ] [90m[1mupdate_scripts_classes[22m | [39m[0m
[  50% ] [90m[1mupdate_scripts_classes[22m | [39m[0m
[  51% ] [90m[1mupdate_scripts_classes[22m | [39m[0m
[  52% ] [90m[1mupdate_scripts_classes[22m | [39m[0m
[  52% ] [90m[1mupdate_scripts_classes[22m | [39m[0m
[  53% ] [90m[1mupdate_scripts_classes[22m | [39m[0m
[  54% ] [90m[1mupdate_scripts_classes[22m | [39m[0m
[  54% ] [90m[1mupdate_scripts_classes[22m | [39m[0m
[  55% ] [90m[1mupdate_scripts_classes[22m | [39m[0m
[  56% ] [90m[1mupdate_scripts_classes[22m | [39m[0m
[  56% ] [90m[1mupdate_scripts_classes[22m | [39m[0m
[  57% ] [90m[1mupdate_scripts_classes[22m | [39m[0m
[  58% ] [90m[1mupdate_scripts_classes[22m | [39m[0m
[  58% ] [90m[1mupdate_scripts_classes[22m | [39m[0m
[  59% ] [90m[1mupdate_scripts_classes[22m | [39m[0m
[  60% ] [90m[1mupdate_scripts_classes[22m | [39m[0m
[  60% ] [90m[1mupdate_scripts_classes[22m | [39m[0m
[  61% ] [90m[1mupdate_scripts_classes[22m | [39m[0m
[  62% ] [90m[1mupdate_scripts_classes[22m | [39m[0m
[  62% ] [90m[1mupdate_scripts_classes[22m | [39m[0m
[  63% ] [90m[1mupdate_scripts_classes[22m | [39m[0m
[  64% ] [90m[1mupdate_scripts_classes[22m | [39m[0m
[  64% ] [90m[1mupdate_scripts_classes[22m | [39m[0m
[  65% ] [90m[1mupdate_scripts_classes[22m | [39m[0m
[  66% ] [90m[1mupdate_scripts_classes[22m | [39m[0m
[  66% ] [90m[1mupdate_scripts_classes[22m | [39m[0m
[  67% ] [90m[1mupdate_scripts_classes[22m | [39m[0m
[  68% ] [90m[1mupdate_scripts_classes[22m | [39m[0m
[  68% ] [90m[1mupdate_scripts_classes[22m | [39m[0m
[  69% ] [90m[1mupdate_scripts_classes[22m | [39m[0m
[  70% ] [90m[1mupdate_scripts_classes[22m | [39m[0m
[  70% ] [90m[1mupdate_scripts_classes[22m | [39m[0m
[  71% ] [90m[1mupdate_scripts_classes[22m | [39m[0m
[  72% ] [90m[1mupdate_scripts_classes[22m | [39m[0m
[  72% ] [90m[1mupdate_scripts_classes[22m | [39m[0m
[  73% ] [90m[1mupdate_scripts_classes[22m | [39m[0m
[  74% ] [90m[1mupdate_scripts_classes[22m | [39m[0m
[  74% ] [90m[1mupdate_scripts_classes[22m | [39m[0m
[  75% ] [90m[1mupdate_scripts_classes[22m | [39m[0m
[  76% ] [90m[1mupdate_scripts_classes[22m | [39m[0m
[  76% ] [90m[1mupdate_scripts_classes[22m | [39m[0m
[  77% ] [90m[1mupdate_scripts_classes[22m | [39m[0m
[  78% ] [90m[1mupdate_scripts_classes[22m | [39m[0m
[  78% ] [90m[1mupdate_scripts_classes[22m | [39m[0m
[  79% ] [90m[1mupdate_scripts_classes[22m | [39m[0m
[  80% ] [90m[1mupdate_scripts_classes[22m | [39m[0m
[  80% ] [90m[1mupdate_scripts_classes[22m | [39m[0m
[  81% ] [90m[1mupdate_scripts_classes[22m | [39m[0m
[  82% ] [90m[1mupdate_scripts_classes[22m | [39m[0m
[  82% ] [90m[1mupdate_scripts_classes[22m | [39m[0m
[  83% ] [90m[1mupdate_scripts_classes[22m | [39m[0m
[  84% ] [90m[1mupdate_scripts_classes[22m | [39m[0m
[  84% ] [90m[1mupdate_scripts_classes[22m | [39m[0m
[  85% ] [90m[1mupdate_scripts_classes[22m | [39m[0m
[  86% ] [90m[1mupdate_scripts_classes[22m | [39m[0m
[  86% ] [90m[1mupdate_scripts_classes[22m | [39m[0m
[  87% ] [90m[1mupdate_scripts_classes[22m | [39m[0m
[  88% ] [90m[1mupdate_scripts_classes[22m | [39m[0m
[  88% ] [90m[1mupdate_scripts_classes[22m | [39m[0m
[  89% ] [90m[1mupdate_scripts_classes[22m | [39m[0m
[  90% ] [90m[1mupdate_scripts_classes[22m | [39m[0m
[  90% ] [90m[1mupdate_scripts_classes[22m | [39m[0m
[  91% ] [90m[1mupdate_scripts_classes[22m | [39m[0m
[  92% ] [90m[1mupdate_scripts_classes[22m | [39m[0m
[  92% ] [90m[1mupdate_scripts_classes[22m | [39m[0m
[  93% ] [90m[1mupdate_scripts_classes[22m | [39m[0m
[  94% ] [90m[1mupdate_scripts_classes[22m | [39m[0m
[  94% ] [90m[1mupdate_scripts_classes[22m | [39m[0m
[  95% ] [90m[1mupdate_scripts_classes[22m | [39m[0m
[  96% ] [90m[1mupdate_scripts_classes[22m | [39m[0m
[  96% ] [90m[1mupdate_scripts_classes[22m | [39m[0m
[  97% ] [90m[1mupdate_scripts_classes[22m | [39m[0m
[  98% ] [90m[1mupdate_scripts_classes[22m | [39m[0m
[  98% ] [90m[1mupdate_scripts_classes[22m | [39m[0m
[92m[ DONE ][39m [1mupdate_scripts_classes[22m
[0m
[   0% ] [90m[1m_update_scan_actions[22m | Started 正在扫描动作…… (6839 steps)[39m[0m
[   0% ] [90m[1m_update_scan_actions[22m | 12_wizard_line_contract_results.csv[39m[0m
[   0% ] [90m[1m_update_scan_actions[22m | 02_ground_effect_inventory.csv[39m[0m
[   0% ] [90m[1m_update_scan_actions[22m | 13_hit_parity_results.csv[39m[0m
[   0% ] [90m[1m_update_scan_actions[22m | 14_tick_parity_results.csv[39m[0m
[   0% ] [90m[1m_update_scan_actions[22m | 16_lifecycle_results.csv[39m[0m
[   0% ] [90m[1m_update_scan_actions[22m | 02_fire_wall_ownership_inventory.csv[39m[0m
[   0% ] [90m[1m_update_scan_actions[22m | 13_hit_parity_results.csv[39m[0m
[   0% ] [90m[1m_update_scan_actions[22m | 14_tick_claim_parity_results.csv[39m[0m
[   0% ] [90m[1m_update_scan_actions[22m | 16_visual_cell_purity_results.csv[39m[0m
[   0% ] [90m[1m_update_scan_actions[22m | 17_lifecycle_results.csv[39m[0m
[   0% ] [90m[1m_update_scan_actions[22m | 02_monster_visual_inventory.csv[39m[0m
[   0% ] [90m[1m_update_scan_actions[22m | 13_visual_parity_results.csv[39m[0m
[   0% ] [90m[1m_update_scan_actions[22m | 14_resource_request_results.csv[39m[0m
[   0% ] [90m[1m_update_scan_actions[22m | 15_lifecycle_results.csv[39m[0m
[   0% ] [90m[1m_update_scan_actions[22m | 02_skill_entry_inventory.csv[39m[0m
[   0% ] [90m[1m_update_scan_actions[22m | 03_ownership_matrix_before.csv[39m[0m
[   0% ] [90m[1m_update_scan_actions[22m | 04_duplicate_planning_inventory.csv[39m[0m
[   0% ] [90m[1m_update_scan_actions[22m | 14_plan_parity_results.csv[39m[0m
[   0% ] [90m[1m_update_scan_actions[22m | 15_side_effect_results.csv[39m[0m
[   0% ] [90m[1m_update_scan_actions[22m | 17_remaining_legacy_entries.csv[39m[0m
[   0% ] [90m[1m_update_scan_actions[22m | 02_legacy_entry_inventory.csv[39m[0m
[   0% ] [90m[1m_update_scan_actions[22m | 03_side_effect_order_before.csv[39m[0m
[   0% ] [90m[1m_update_scan_actions[22m | 12_profession_parity_results.csv[39m[0m
[   0% ] [90m[1m_update_scan_actions[22m | 13_side_effect_order_results.csv[39m[0m
[   0% ] [90m[1m_update_scan_actions[22m | 14_plan_propagation_results.csv[39m[0m
[   0% ] [90m[1m_update_scan_actions[22m | 16_remaining_legacy_api.csv[39m[0m
[   0% ] [90m[1m_update_scan_actions[22m | 01_legacy_api_inventory_before.csv[39m[0m
[   0% ] [90m[1m_update_scan_actions[22m | 03_test_dependency_inventory.csv[39m[0m
[   0% ] [90m[1m_update_scan_actions[22m | 04_dead_code_inventory.csv[39m[0m
[   0% ] [90m[1m_update_scan_actions[22m | 14_golden_parity_results.csv[39m[0m
[   0% ] [90m[1m_update_scan_actions[22m | 16_deleted_api_manifest.csv[39m[0m
[   0% ] [90m[1m_update_scan_actions[22m | P1_REQUIRED_MISSING_RESOURCES.csv[39m[0m
[   0% ] [90m[1m_update_scan_actions[22m | frame_00.png[39m[0m
[   0% ] [90m[1m_update_scan_actions[22m | frame_01.png[39m[0m
[   0% ] [90m[1m_update_scan_actions[22m | frame_02.png[39m[0m
[   0% ] [90m[1m_update_scan_actions[22m | frame_03.png[39m[0m
[   0% ] [90m[1m_update_scan_actions[22m | frame_04.png[39m[0m
[   0% ] [90m[1m_update_scan_actions[22m | frame_05.png[39m[0m
[   0% ] [90m[1m_update_scan_actions[22m | frame_06.png[39m[0m
[   0% ] [90m[1m_update_scan_actions[22m | frame_07.png[39m[0m
[   0% ] [90m[1m_update_scan_actions[22m | frame_08.png[39m[0m
[   0% ] [90m[1m_update_scan_actions[22m | frame_09.png[39m[0m
[   0% ] [90m[1m_update_scan_actions[22m | frame_10.png[39m[0m
[   0% ] [90m[1m_update_scan_actions[22m | frame_11.png[39m[0m
[   0% ] [90m[1m_update_scan_actions[22m | frame_12.png[39m[0m
[   0% ] [90m[1m_update_scan_actions[22m | frame_13.png[39m[0m
[   0% ] [90m[1m_update_scan_actions[22m | frame_14.png[39m[0m
[   0% ] [90m[1m_update_scan_actions[22m | frame_15.png[39m[0m
[   0% ] [90m[1m_update_scan_actions[22m | frame_16.png[39m[0m
[   0% ] [90m[1m_update_scan_actions[22m | frame_17.png[39m[0m
[   0% ] [90m[1m_update_scan_actions[22m | frame_18.png[39m[0m
[   0% ] [90m[1m_update_scan_actions[22m | frame_19.png[39m[0m
[   0% ] [90m[1m_update_scan_actions[22m | frame_00.png[39m[0m
[   0% ] [90m[1m_update_scan_actions[22m | frame_01.png[39m[0m
[   0% ] [90m[1m_update_scan_actions[22m | frame_02.png[39m[0m
[   0% ] [90m[1m_update_scan_actions[22m | frame_03.png[39m[0m
[   0% ] [90m[1m_update_scan_actions[22m | frame_04.png[39m[0m
[   0% ] [90m[1m_update_scan_actions[22m | frame_05.png[39m[0m
[   0% ] [90m[1m_update_scan_actions[22m | frame_00.png[39m[0m
[   0% ] [90m[1m_update_scan_actions[22m | frame_01.png[39m[0m
[   0% ] [90m[1m_update_scan_actions[22m | frame_02.png[39m[0m
[   0% ] [90m[1m_update_scan_actions[22m | frame_03.png[39m[0m
[   0% ] [90m[1m_update_scan_actions[22m | frame_04.png[39m[0m
[   0% ] [90m[1m_update_scan_actions[22m | frame_05.png[39m[0m
[   0% ] [90m[1m_update_scan_actions[22m | frame_00.png[39m[0m
[   0% ] [90m[1m_update_scan_actions[22m | frame_01.png[39m[0m
[   0% ] [90m[1m_update_scan_actions[22m | frame_02.png[39m[0m
[   0% ] [90m[1m_update_scan_actions[22m | frame_03.png[39m[0m
[   0% ] [90m[1m_update_scan_actions[22m | frame_04.png[39m[0m
[   1% ] [90m[1m_update_scan_actions[22m | frame_05.png[39m[0m
[   1% ] [90m[1m_update_scan_actions[22m | frame_00.png[39m[0m
[   1% ] [90m[1m_update_scan_actions[22m | frame_01.png[39m[0m
[   1% ] [90m[1m_update_scan_actions[22m | frame_02.png[39m[0m
[   1% ] [90m[1m_update_scan_actions[22m | frame_03.png[39m[0m
[   1% ] [90m[1m_update_scan_actions[22m | frame_04.png[39m[0m
[   1% ] [90m[1m_update_scan_actions[22m | frame_05.png[39m[0m
[   1% ] [90m[1m_update_scan_actions[22m | frame_00.png[39m[0m
[   1% ] [90m[1m_update_scan_actions[22m | frame_01.png[39m[0m
[   1% ] [90m[1m_update_scan_actions[22m | frame_02.png[39m[0m
[   1% ] [90m[1m_update_scan_actions[22m | frame_03.png[39m[0m
[   1% ] [90m[1m_update_scan_actions[22m | frame_04.png[39m[0m
[   1% ] [90m[1m_update_scan_actions[22m | frame_05.png[39m[0m
[   1% ] [90m[1m_update_scan_actions[22m | frame_00.png[39m[0m
[   1% ] [90m[1m_update_scan_actions[22m | frame_01.png[39m[0m
[   1% ] [90m[1m_update_scan_actions[22m | frame_02.png[39m[0m
[   1% ] [90m[1m_update_scan_actions[22m | frame_03.png[39m[0m
[   1% ] [90m[1m_update_scan_actions[22m | frame_04.png[39m[0m
[   1% ] [90m[1m_update_scan_actions[22m | frame_05.png[39m[0m
[   1% ] [90m[1m_update_scan_actions[22m | frame_00.png[39m[0m
[   1% ] [90m[1m_update_scan_actions[22m | frame_01.png[39m[0m
[   1% ] [90m[1m_update_scan_actions[22m | frame_02.png[39m[0m
[   1% ] [90m[1m_update_scan_actions[22m | frame_03.png[39m[0m
[   1% ] [90m[1m_update_scan_actions[22m | frame_04.png[39m[0m
[   1% ] [90m[1m_update_scan_actions[22m | frame_05.png[39m[0m
[   1% ] [90m[1m_update_scan_actions[22m | frame_00.png[39m[0m
[   1% ] [90m[1m_update_scan_actions[22m | frame_01.png[39m[0m
[   1% ] [90m[1m_update_scan_actions[22m | frame_02.png[39m[0m
[   1% ] [90m[1m_update_scan_actions[22m | frame_03.png[39m[0m
[   1% ] [90m[1m_update_scan_actions[22m | frame_04.png[39m[0m
[   1% ] [90m[1m_update_scan_actions[22m | frame_05.png[39m[0m
[   1% ] [90m[1m_update_scan_actions[22m | frame_00.png[39m[0m
[   1% ] [90m[1m_update_scan_actions[22m | frame_01.png[39m[0m
[   1% ] [90m[1m_update_scan_actions[22m | frame_02.png[39m[0m
[   1% ] [90m[1m_update_scan_actions[22m | frame_03.png[39m[0m
[   1% ] [90m[1m_update_scan_actions[22m | frame_04.png[39m[0m
[   1% ] [90m[1m_update_scan_actions[22m | frame_05.png[39m[0m
[   1% ] [90m[1m_update_scan_actions[22m | frame_00.png[39m[0m
[   1% ] [90m[1m_update_scan_actions[22m | frame_01.png[39m[0m
[   1% ] [90m[1m_update_scan_actions[22m | frame_02.png[39m[0m
[   1% ] [90m[1m_update_scan_actions[22m | frame_03.png[39m[0m
[   1% ] [90m[1m_update_scan_actions[22m | frame_04.png[39m[0m
[   1% ] [90m[1m_update_scan_actions[22m | frame_05.png[39m[0m
[   1% ] [90m[1m_update_scan_actions[22m | frame_00.png[39m[0m
[   1% ] [90m[1m_update_scan_actions[22m | frame_01.png[39m[0m
[   1% ] [90m[1m_update_scan_actions[22m | frame_02.png[39m[0m
[   1% ] [90m[1m_update_scan_actions[22m | frame_03.png[39m[0m
[   1% ] [90m[1m_update_scan_actions[22m | frame_04.png[39m[0m
[   1% ] [90m[1m_update_scan_actions[22m | frame_05.png[39m[0m
[   1% ] [90m[1m_update_scan_actions[22m | frame_00.png[39m[0m
[   1% ] [90m[1m_update_scan_actions[22m | frame_01.png[39m[0m
[   1% ] [90m[1m_update_scan_actions[22m | frame_02.png[39m[0m
[   1% ] [90m[1m_update_scan_actions[22m | frame_03.png[39m[0m
[   1% ] [90m[1m_update_scan_actions[22m | frame_04.png[39m[0m
[   1% ] [90m[1m_update_scan_actions[22m | frame_05.png[39m[0m
[   1% ] [90m[1m_update_scan_actions[22m | frame_00.png[39m[0m
[   1% ] [90m[1m_update_scan_actions[22m | frame_01.png[39m[0m
[   1% ] [90m[1m_update_scan_actions[22m | frame_02.png[39m[0m
[   1% ] [90m[1m_update_scan_actions[22m | frame_03.png[39m[0m
[   1% ] [90m[1m_update_scan_actions[22m | frame_04.png[39m[0m
[   1% ] [90m[1m_update_scan_actions[22m | frame_05.png[39m[0m
[   1% ] [90m[1m_update_scan_actions[22m | frame_00.png[39m[0m
[   1% ] [90m[1m_update_scan_actions[22m | frame_01.png[39m[0m
[   1% ] [90m[1m_update_scan_actions[22m | frame_02.png[39m[0m
[   1% ] [90m[1m_update_scan_actions[22m | frame_03.png[39m[0m
[   1% ] [90m[1m_update_scan_actions[22m | frame_04.png[39m[0m
[   1% ] [90m[1m_update_scan_actions[22m | frame_05.png[39m[0m
[   1% ] [90m[1m_update_scan_actions[22m | frame_00.png[39m[0m
[   2% ] [90m[1m_update_scan_actions[22m | frame_01.png[39m[0m
[   2% ] [90m[1m_update_scan_actions[22m | frame_02.png[39m[0m
[   2% ] [90m[1m_update_scan_actions[22m | frame_03.png[39m[0m
[   2% ] [90m[1m_update_scan_actions[22m | frame_04.png[39m[0m
[   2% ] [90m[1m_update_scan_actions[22m | frame_05.png[39m[0m
[   2% ] [90m[1m_update_scan_actions[22m | frame_00.png[39m[0m
[   2% ] [90m[1m_update_scan_actions[22m | frame_01.png[39m[0m
[   2% ] [90m[1m_update_scan_actions[22m | frame_02.png[39m[0m
[   2% ] [90m[1m_update_scan_actions[22m | frame_03.png[39m[0m
[   2% ] [90m[1m_update_scan_actions[22m | frame_04.png[39m[0m
[   2% ] [90m[1m_update_scan_actions[22m | frame_05.png[39m[0m
[   2% ] [90m[1m_update_scan_actions[22m | frame_00.png[39m[0m
[   2% ] [90m[1m_update_scan_actions[22m | frame_01.png[39m[0m
[   2% ] [90m[1m_update_scan_actions[22m | frame_02.png[39m[0m
[   2% ] [90m[1m_update_scan_actions[22m | frame_03.png[39m[0m
[   2% ] [90m[1m_update_scan_actions[22m | frame_04.png[39m[0m
[   2% ] [90m[1m_update_scan_actions[22m | frame_05.png[39m[0m
[   2% ] [90m[1m_update_scan_actions[22m | frame_00.png[39m[0m
[   2% ] [90m[1m_update_scan_actions[22m | frame_01.png[39m[0m
[   2% ] [90m[1m_update_scan_actions[22m | frame_02.png[39m[0m
[   2% ] [90m[1m_update_scan_actions[22m | frame_03.png[39m[0m
[   2% ] [90m[1m_update_scan_actions[22m | frame_04.png[39m[0m
[   2% ] [90m[1m_update_scan_actions[22m | frame_05.png[39m[0m
[   2% ] [90m[1m_update_scan_actions[22m | frame_00.png[39m[0m
[   2% ] [90m[1m_update_scan_actions[22m | frame_01.png[39m[0m
[   2% ] [90m[1m_update_scan_actions[22m | frame_02.png[39m[0m
[   2% ] [90m[1m_update_scan_actions[22m | frame_03.png[39m[0m
[   2% ] [90m[1m_update_scan_actions[22m | frame_04.png[39m[0m
[   2% ] [90m[1m_update_scan_actions[22m | frame_05.png[39m[0m
[   2% ] [90m[1m_update_scan_actions[22m | frame_00.png[39m[0m
[   2% ] [90m[1m_update_scan_actions[22m | frame_01.png[39m[0m
[   2% ] [90m[1m_update_scan_actions[22m | frame_02.png[39m[0m
[   2% ] [90m[1m_update_scan_actions[22m | frame_03.png[39m[0m
[   2% ] [90m[1m_update_scan_actions[22m | frame_04.png[39m[0m
[   2% ] [90m[1m_update_scan_actions[22m | frame_05.png[39m[0m
[   2% ] [90m[1m_update_scan_actions[22m | frame_00.png[39m[0m
[   2% ] [90m[1m_update_scan_actions[22m | frame_01.png[39m[0m
[   2% ] [90m[1m_update_scan_actions[22m | frame_02.png[39m[0m
[   2% ] [90m[1m_update_scan_actions[22m | frame_03.png[39m[0m
[   2% ] [90m[1m_update_scan_actions[22m | frame_04.png[39m[0m
[   2% ] [90m[1m_update_scan_actions[22m | frame_05.png[39m[0m
[   2% ] [90m[1m_update_scan_actions[22m | frame_00.png[39m[0m
[   2% ] [90m[1m_update_scan_actions[22m | frame_01.png[39m[0m
[   2% ] [90m[1m_update_scan_actions[22m | frame_02.png[39m[0m
[   2% ] [90m[1m_update_scan_actions[22m | frame_03.png[39m[0m
[   2% ] [90m[1m_update_scan_actions[22m | frame_04.png[39m[0m
[   2% ] [90m[1m_update_scan_actions[22m | frame_05.png[39m[0m
[   2% ] [90m[1m_update_scan_actions[22m | frame_00.png[39m[0m
[   2% ] [90m[1m_update_scan_actions[22m | frame_01.png[39m[0m
[   2% ] [90m[1m_update_scan_actions[22m | frame_02.png[39m[0m
[   2% ] [90m[1m_update_scan_actions[22m | frame_03.png[39m[0m
[   2% ] [90m[1m_update_scan_actions[22m | frame_04.png[39m[0m
[   2% ] [90m[1m_update_scan_actions[22m | frame_05.png[39m[0m
[   2% ] [90m[1m_update_scan_actions[22m | frame_00.png[39m[0m
[   2% ] [90m[1m_update_scan_actions[22m | frame_01.png[39m[0m
[   2% ] [90m[1m_update_scan_actions[22m | frame_02.png[39m[0m
[   2% ] [90m[1m_update_scan_actions[22m | frame_03.png[39m[0m
[   2% ] [90m[1m_update_scan_actions[22m | frame_04.png[39m[0m
[   2% ] [90m[1m_update_scan_actions[22m | frame_05.png[39m[0m
[   2% ] [90m[1m_update_scan_actions[22m | frame_00.png[39m[0m
[   2% ] [90m[1m_update_scan_actions[22m | frame_01.png[39m[0m
[   2% ] [90m[1m_update_scan_actions[22m | frame_02.png[39m[0m
[   2% ] [90m[1m_update_scan_actions[22m | frame_03.png[39m[0m
[   2% ] [90m[1m_update_scan_actions[22m | frame_04.png[39m[0m
[   2% ] [90m[1m_update_scan_actions[22m | frame_05.png[39m[0m
[   2% ] [90m[1m_update_scan_actions[22m | frame_00.png[39m[0m
[   2% ] [90m[1m_update_scan_actions[22m | frame_01.png[39m[0m
[   2% ] [90m[1m_update_scan_actions[22m | frame_02.png[39m[0m
[   2% ] [90m[1m_update_scan_actions[22m | frame_03.png[39m[0m
[   3% ] [90m[1m_update_scan_actions[22m | frame_04.png[39m[0m
[   3% ] [90m[1m_update_scan_actions[22m | frame_05.png[39m[0m
[   3% ] [90m[1m_update_scan_actions[22m | frame_00.png[39m[0m
[   3% ] [90m[1m_update_scan_actions[22m | frame_01.png[39m[0m
[   3% ] [90m[1m_update_scan_actions[22m | frame_02.png[39m[0m
[   3% ] [90m[1m_update_scan_actions[22m | frame_03.png[39m[0m
[   3% ] [90m[1m_update_scan_actions[22m | frame_04.png[39m[0m
[   3% ] [90m[1m_update_scan_actions[22m | frame_05.png[39m[0m
[   3% ] [90m[1m_update_scan_actions[22m | frame_00.png[39m[0m
[   3% ] [90m[1m_update_scan_actions[22m | frame_01.png[39m[0m
[   3% ] [90m[1m_update_scan_actions[22m | frame_02.png[39m[0m
[   3% ] [90m[1m_update_scan_actions[22m | frame_03.png[39m[0m
[   3% ] [90m[1m_update_scan_actions[22m | frame_04.png[39m[0m
[   3% ] [90m[1m_update_scan_actions[22m | frame_05.png[39m[0m
[   3% ] [90m[1m_update_scan_actions[22m | frame_00.png[39m[0m
[   3% ] [90m[1m_update_scan_actions[22m | frame_01.png[39m[0m
[   3% ] [90m[1m_update_scan_actions[22m | frame_02.png[39m[0m
[   3% ] [90m[1m_update_scan_actions[22m | frame_03.png[39m[0m
[   3% ] [90m[1m_update_scan_actions[22m | frame_04.png[39m[0m
[   3% ] [90m[1m_update_scan_actions[22m | frame_05.png[39m[0m
[   3% ] [90m[1m_update_scan_actions[22m | frame_00.png[39m[0m
[   3% ] [90m[1m_update_scan_actions[22m | frame_01.png[39m[0m
[   3% ] [90m[1m_update_scan_actions[22m | frame_02.png[39m[0m
[   3% ] [90m[1m_update_scan_actions[22m | frame_03.png[39m[0m
[   3% ] [90m[1m_update_scan_actions[22m | frame_04.png[39m[0m
[   3% ] [90m[1m_update_scan_actions[22m | frame_05.png[39m[0m
[   3% ] [90m[1m_update_scan_actions[22m | frame_00.png[39m[0m
[   3% ] [90m[1m_update_scan_actions[22m | frame_01.png[39m[0m
[   3% ] [90m[1m_update_scan_actions[22m | frame_02.png[39m[0m
[   3% ] [90m[1m_update_scan_actions[22m | frame_03.png[39m[0m
[   3% ] [90m[1m_update_scan_actions[22m | frame_04.png[39m[0m
[   3% ] [90m[1m_update_scan_actions[22m | frame_05.png[39m[0m
[   3% ] [90m[1m_update_scan_actions[22m | frame_00.png[39m[0m
[   3% ] [90m[1m_update_scan_actions[22m | frame_01.png[39m[0m
[   3% ] [90m[1m_update_scan_actions[22m | frame_02.png[39m[0m
[   3% ] [90m[1m_update_scan_actions[22m | frame_03.png[39m[0m
[   3% ] [90m[1m_update_scan_actions[22m | frame_04.png[39m[0m
[   3% ] [90m[1m_update_scan_actions[22m | frame_05.png[39m[0m
[   3% ] [90m[1m_update_scan_actions[22m | frame_00.png[39m[0m
[   3% ] [90m[1m_update_scan_actions[22m | frame_01.png[39m[0m
[   3% ] [90m[1m_update_scan_actions[22m | frame_02.png[39m[0m
[   3% ] [90m[1m_update_scan_actions[22m | frame_03.png[39m[0m
[   3% ] [90m[1m_update_scan_actions[22m | frame_04.png[39m[0m
[   3% ] [90m[1m_update_scan_actions[22m | frame_05.png[39m[0m
[   3% ] [90m[1m_update_scan_actions[22m | frame_00.png[39m[0m
[   3% ] [90m[1m_update_scan_actions[22m | frame_01.png[39m[0m
[   3% ] [90m[1m_update_scan_actions[22m | frame_02.png[39m[0m
[   3% ] [90m[1m_update_scan_actions[22m | frame_03.png[39m[0m
[   3% ] [90m[1m_update_scan_actions[22m | frame_04.png[39m[0m
[   3% ] [90m[1m_update_scan_actions[22m | frame_05.png[39m[0m
[   3% ] [90m[1m_update_scan_actions[22m | frame_00.png[39m[0m
[   3% ] [90m[1m_update_scan_actions[22m | frame_01.png[39m[0m
[   3% ] [90m[1m_update_scan_actions[22m | frame_02.png[39m[0m
[   3% ] [90m[1m_update_scan_actions[22m | frame_03.png[39m[0m
[   3% ] [90m[1m_update_scan_actions[22m | frame_04.png[39m[0m
[   3% ] [90m[1m_update_scan_actions[22m | frame_05.png[39m[0m
[   3% ] [90m[1m_update_scan_actions[22m | frame_06.png[39m[0m
[   3% ] [90m[1m_update_scan_actions[22m | frame_07.png[39m[0m
[   3% ] [90m[1m_update_scan_actions[22m | frame_08.png[39m[0m
[   3% ] [90m[1m_update_scan_actions[22m | frame_09.png[39m[0m
[   3% ] [90m[1m_update_scan_actions[22m | frame_00.png[39m[0m
[   3% ] [90m[1m_update_scan_actions[22m | frame_01.png[39m[0m
[   3% ] [90m[1m_update_scan_actions[22m | frame_02.png[39m[0m
[   3% ] [90m[1m_update_scan_actions[22m | frame_03.png[39m[0m
[   3% ] [90m[1m_update_scan_actions[22m | frame_04.png[39m[0m
[   3% ] [90m[1m_update_scan_actions[22m | frame_05.png[39m[0m
[   3% ] [90m[1m_update_scan_actions[22m | frame_06.png[39m[0m
[   3% ] [90m[1m_update_scan_actions[22m | frame_07.png[39m[0m
[   4% ] [90m[1m_update_scan_actions[22m | frame_08.png[39m[0m
[   4% ] [90m[1m_update_scan_actions[22m | frame_09.png[39m[0m
[   4% ] [90m[1m_update_scan_actions[22m | frame_10.png[39m[0m
[   4% ] [90m[1m_update_scan_actions[22m | frame_11.png[39m[0m
[   4% ] [90m[1m_update_scan_actions[22m | frame_12.png[39m[0m
[   4% ] [90m[1m_update_scan_actions[22m | frame_13.png[39m[0m
[   4% ] [90m[1m_update_scan_actions[22m | frame_14.png[39m[0m
[   4% ] [90m[1m_update_scan_actions[22m | frame_15.png[39m[0m
[   4% ] [90m[1m_update_scan_actions[22m | frame_00.png[39m[0m
[   4% ] [90m[1m_update_scan_actions[22m | frame_01.png[39m[0m
[   4% ] [90m[1m_update_scan_actions[22m | frame_02.png[39m[0m
[   4% ] [90m[1m_update_scan_actions[22m | frame_03.png[39m[0m
[   4% ] [90m[1m_update_scan_actions[22m | frame_04.png[39m[0m
[   4% ] [90m[1m_update_scan_actions[22m | frame_05.png[39m[0m
[   4% ] [90m[1m_update_scan_actions[22m | frame_06.png[39m[0m
[   4% ] [90m[1m_update_scan_actions[22m | frame_07.png[39m[0m
[   4% ] [90m[1m_update_scan_actions[22m | frame_08.png[39m[0m
[   4% ] [90m[1m_update_scan_actions[22m | frame_09.png[39m[0m
[   4% ] [90m[1m_update_scan_actions[22m | frame_10.png[39m[0m
[   4% ] [90m[1m_update_scan_actions[22m | frame_11.png[39m[0m
[   4% ] [90m[1m_update_scan_actions[22m | frame_12.png[39m[0m
[   4% ] [90m[1m_update_scan_actions[22m | frame_13.png[39m[0m
[   4% ] [90m[1m_update_scan_actions[22m | frame_14.png[39m[0m
[   4% ] [90m[1m_update_scan_actions[22m | frame_15.png[39m[0m
[   4% ] [90m[1m_update_scan_actions[22m | frame_16.png[39m[0m
[   4% ] [90m[1m_update_scan_actions[22m | frame_17.png[39m[0m
[   4% ] [90m[1m_update_scan_actions[22m | frame_18.png[39m[0m
[   4% ] [90m[1m_update_scan_actions[22m | frame_19.png[39m[0m
[   4% ] [90m[1m_update_scan_actions[22m | frame_00.png[39m[0m
[   4% ] [90m[1m_update_scan_actions[22m | frame_01.png[39m[0m
[   4% ] [90m[1m_update_scan_actions[22m | frame_02.png[39m[0m
[   4% ] [90m[1m_update_scan_actions[22m | frame_03.png[39m[0m
[   4% ] [90m[1m_update_scan_actions[22m | frame_04.png[39m[0m
[   4% ] [90m[1m_update_scan_actions[22m | frame_05.png[39m[0m
[   4% ] [90m[1m_update_scan_actions[22m | frame_00.png[39m[0m
[   4% ] [90m[1m_update_scan_actions[22m | frame_01.png[39m[0m
[   4% ] [90m[1m_update_scan_actions[22m | frame_02.png[39m[0m
[   4% ] [90m[1m_update_scan_actions[22m | frame_03.png[39m[0m
[   4% ] [90m[1m_update_scan_actions[22m | frame_04.png[39m[0m
[   4% ] [90m[1m_update_scan_actions[22m | frame_05.png[39m[0m
[   4% ] [90m[1m_update_scan_actions[22m | frame_00.png[39m[0m
[   4% ] [90m[1m_update_scan_actions[22m | frame_01.png[39m[0m
[   4% ] [90m[1m_update_scan_actions[22m | frame_02.png[39m[0m
[   4% ] [90m[1m_update_scan_actions[22m | frame_03.png[39m[0m
[   4% ] [90m[1m_update_scan_actions[22m | frame_04.png[39m[0m
[   4% ] [90m[1m_update_scan_actions[22m | frame_05.png[39m[0m
[   4% ] [90m[1m_update_scan_actions[22m | frame_00.png[39m[0m
[   4% ] [90m[1m_update_scan_actions[22m | frame_01.png[39m[0m
[   4% ] [90m[1m_update_scan_actions[22m | frame_02.png[39m[0m
[   4% ] [90m[1m_update_scan_actions[22m | frame_03.png[39m[0m
[   4% ] [90m[1m_update_scan_actions[22m | frame_04.png[39m[0m
[   4% ] [90m[1m_update_scan_actions[22m | frame_05.png[39m[0m
[   4% ] [90m[1m_update_scan_actions[22m | frame_00.png[39m[0m
[   4% ] [90m[1m_update_scan_actions[22m | frame_01.png[39m[0m
[   4% ] [90m[1m_update_scan_actions[22m | frame_02.png[39m[0m
[   4% ] [90m[1m_update_scan_actions[22m | frame_03.png[39m[0m
[   4% ] [90m[1m_update_scan_actions[22m | frame_04.png[39m[0m
[   4% ] [90m[1m_update_scan_actions[22m | frame_05.png[39m[0m
[   4% ] [90m[1m_update_scan_actions[22m | frame_00.png[39m[0m
[   4% ] [90m[1m_update_scan_actions[22m | frame_01.png[39m[0m
[   4% ] [90m[1m_update_scan_actions[22m | frame_02.png[39m[0m
[   4% ] [90m[1m_update_scan_actions[22m | frame_03.png[39m[0m
[   4% ] [90m[1m_update_scan_actions[22m | frame_04.png[39m[0m
[   4% ] [90m[1m_update_scan_actions[22m | frame_05.png[39m[0m
[   4% ] [90m[1m_update_scan_actions[22m | frame_00.png[39m[0m
[   4% ] [90m[1m_update_scan_actions[22m | frame_01.png[39m[0m
[   4% ] [90m[1m_update_scan_actions[22m | frame_02.png[39m[0m
[   4% ] [90m[1m_update_scan_actions[22m | frame_03.png[39m[0m
[   5% ] [90m[1m_update_scan_actions[22m | frame_04.png[39m[0m
[   5% ] [90m[1m_update_scan_actions[22m | frame_05.png[39m[0m
[   5% ] [90m[1m_update_scan_actions[22m | frame_00.png[39m[0m
[   5% ] [90m[1m_update_scan_actions[22m | frame_01.png[39m[0m
[   5% ] [90m[1m_update_scan_actions[22m | frame_02.png[39m[0m
[   5% ] [90m[1m_update_scan_actions[22m | frame_03.png[39m[0m
[   5% ] [90m[1m_update_scan_actions[22m | frame_04.png[39m[0m
[   5% ] [90m[1m_update_scan_actions[22m | frame_05.png[39m[0m
[   5% ] [90m[1m_update_scan_actions[22m | frame_00.png[39m[0m
[   5% ] [90m[1m_update_scan_actions[22m | frame_01.png[39m[0m
[   5% ] [90m[1m_update_scan_actions[22m | frame_02.png[39m[0m
[   5% ] [90m[1m_update_scan_actions[22m | frame_03.png[39m[0m
[   5% ] [90m[1m_update_scan_actions[22m | frame_04.png[39m[0m
[   5% ] [90m[1m_update_scan_actions[22m | frame_05.png[39m[0m
[   5% ] [90m[1m_update_scan_actions[22m | frame_00.png[39m[0m
[   5% ] [90m[1m_update_scan_actions[22m | frame_01.png[39m[0m
[   5% ] [90m[1m_update_scan_actions[22m | frame_02.png[39m[0m
[   5% ] [90m[1m_update_scan_actions[22m | frame_03.png[39m[0m
[   5% ] [90m[1m_update_scan_actions[22m | frame_04.png[39m[0m
[   5% ] [90m[1m_update_scan_actions[22m | frame_05.png[39m[0m
[   5% ] [90m[1m_update_scan_actions[22m | frame_00.png[39m[0m
[   5% ] [90m[1m_update_scan_actions[22m | frame_01.png[39m[0m
[   5% ] [90m[1m_update_scan_actions[22m | frame_02.png[39m[0m
[   5% ] [90m[1m_update_scan_actions[22m | frame_03.png[39m[0m
[   5% ] [90m[1m_update_scan_actions[22m | frame_04.png[39m[0m
[   5% ] [90m[1m_update_scan_actions[22m | frame_05.png[39m[0m
[   5% ] [90m[1m_update_scan_actions[22m | frame_00.png[39m[0m
[   5% ] [90m[1m_update_scan_actions[22m | frame_01.png[39m[0m
[   5% ] [90m[1m_update_scan_actions[22m | frame_02.png[39m[0m
[   5% ] [90m[1m_update_scan_actions[22m | frame_03.png[39m[0m
[   5% ] [90m[1m_update_scan_actions[22m | frame_04.png[39m[0m
[   5% ] [90m[1m_update_scan_actions[22m | frame_05.png[39m[0m
[   5% ] [90m[1m_update_scan_actions[22m | frame_00.png[39m[0m
[   5% ] [90m[1m_update_scan_actions[22m | frame_01.png[39m[0m
[   5% ] [90m[1m_update_scan_actions[22m | frame_02.png[39m[0m
[   5% ] [90m[1m_update_scan_actions[22m | frame_03.png[39m[0m
[   5% ] [90m[1m_update_scan_actions[22m | frame_04.png[39m[0m
[   5% ] [90m[1m_update_scan_actions[22m | frame_05.png[39m[0m
[   5% ] [90m[1m_update_scan_actions[22m | frame_00.png[39m[0m
[   5% ] [90m[1m_update_scan_actions[22m | frame_01.png[39m[0m
[   5% ] [90m[1m_update_scan_actions[22m | frame_02.png[39m[0m
[   5% ] [90m[1m_update_scan_actions[22m | frame_03.png[39m[0m
[   5% ] [90m[1m_update_scan_actions[22m | frame_04.png[39m[0m
[   5% ] [90m[1m_update_scan_actions[22m | frame_05.png[39m[0m
[   5% ] [90m[1m_update_scan_actions[22m | frame_00.png[39m[0m
[   5% ] [90m[1m_update_scan_actions[22m | frame_01.png[39m[0m
[   5% ] [90m[1m_update_scan_actions[22m | frame_02.png[39m[0m
[   5% ] [90m[1m_update_scan_actions[22m | frame_03.png[39m[0m
[   5% ] [90m[1m_update_scan_actions[22m | frame_04.png[39m[0m
[   5% ] [90m[1m_update_scan_actions[22m | frame_05.png[39m[0m
[   5% ] [90m[1m_update_scan_actions[22m | frame_00.png[39m[0m
[   5% ] [90m[1m_update_scan_actions[22m | frame_01.png[39m[0m
[   5% ] [90m[1m_update_scan_actions[22m | frame_02.png[39m[0m
[   5% ] [90m[1m_update_scan_actions[22m | frame_03.png[39m[0m
[   5% ] [90m[1m_update_scan_actions[22m | frame_04.png[39m[0m
[   5% ] [90m[1m_update_scan_actions[22m | frame_05.png[39m[0m
[   5% ] [90m[1m_update_scan_actions[22m | frame_00.png[39m[0m
[   5% ] [90m[1m_update_scan_actions[22m | frame_01.png[39m[0m
[   5% ] [90m[1m_update_scan_actions[22m | frame_02.png[39m[0m
[   5% ] [90m[1m_update_scan_actions[22m | frame_03.png[39m[0m
[   5% ] [90m[1m_update_scan_actions[22m | frame_04.png[39m[0m
[   5% ] [90m[1m_update_scan_actions[22m | frame_05.png[39m[0m
[   5% ] [90m[1m_update_scan_actions[22m | frame_00.png[39m[0m
[   5% ] [90m[1m_update_scan_actions[22m | frame_01.png[39m[0m
[   5% ] [90m[1m_update_scan_actions[22m | frame_02.png[39m[0m
[   5% ] [90m[1m_update_scan_actions[22m | frame_03.png[39m[0m
[   5% ] [90m[1m_update_scan_actions[22m | frame_04.png[39m[0m
[   5% ] [90m[1m_update_scan_actions[22m | frame_05.png[39m[0m
[   5% ] [90m[1m_update_scan_actions[22m | frame_06.png[39m[0m
[   6% ] [90m[1m_update_scan_actions[22m | frame_07.png[39m[0m
[   6% ] [90m[1m_update_scan_actions[22m | frame_08.png[39m[0m
[   6% ] [90m[1m_update_scan_actions[22m | frame_09.png[39m[0m
[   6% ] [90m[1m_update_scan_actions[22m | frame_00.png[39m[0m
[   6% ] [90m[1m_update_scan_actions[22m | frame_01.png[39m[0m
[   6% ] [90m[1m_update_scan_actions[22m | frame_02.png[39m[0m
[   6% ] [90m[1m_update_scan_actions[22m | frame_03.png[39m[0m
[   6% ] [90m[1m_update_scan_actions[22m | frame_04.png[39m[0m
[   6% ] [90m[1m_update_scan_actions[22m | frame_05.png[39m[0m
[   6% ] [90m[1m_update_scan_actions[22m | frame_00.png[39m[0m
[   6% ] [90m[1m_update_scan_actions[22m | frame_01.png[39m[0m
[   6% ] [90m[1m_update_scan_actions[22m | frame_02.png[39m[0m
[   6% ] [90m[1m_update_scan_actions[22m | frame_03.png[39m[0m
[   6% ] [90m[1m_update_scan_actions[22m | frame_04.png[39m[0m
[   6% ] [90m[1m_update_scan_actions[22m | frame_05.png[39m[0m
[   6% ] [90m[1m_update_scan_actions[22m | frame_06.png[39m[0m
[   6% ] [90m[1m_update_scan_actions[22m | frame_07.png[39m[0m
[   6% ] [90m[1m_update_scan_actions[22m | frame_08.png[39m[0m
[   6% ] [90m[1m_update_scan_actions[22m | frame_09.png[39m[0m
[   6% ] [90m[1m_update_scan_actions[22m | frame_00.png[39m[0m
[   6% ] [90m[1m_update_scan_actions[22m | frame_01.png[39m[0m
[   6% ] [90m[1m_update_scan_actions[22m | frame_02.png[39m[0m
[   6% ] [90m[1m_update_scan_actions[22m | frame_03.png[39m[0m
[   6% ] [90m[1m_update_scan_actions[22m | frame_04.png[39m[0m
[   6% ] [90m[1m_update_scan_actions[22m | frame_05.png[39m[0m
[   6% ] [90m[1m_update_scan_actions[22m | frame_06.png[39m[0m
[   6% ] [90m[1m_update_scan_actions[22m | frame_07.png[39m[0m
[   6% ] [90m[1m_update_scan_actions[22m | frame_08.png[39m[0m
[   6% ] [90m[1m_update_scan_actions[22m | frame_09.png[39m[0m
[   6% ] [90m[1m_update_scan_actions[22m | frame_00.png[39m[0m
[   6% ] [90m[1m_update_scan_actions[22m | frame_01.png[39m[0m
[   6% ] [90m[1m_update_scan_actions[22m | frame_02.png[39m[0m
[   6% ] [90m[1m_update_scan_actions[22m | frame_03.png[39m[0m
[   6% ] [90m[1m_update_scan_actions[22m | frame_04.png[39m[0m
[   6% ] [90m[1m_update_scan_actions[22m | frame_05.png[39m[0m
[   6% ] [90m[1m_update_scan_actions[22m | frame_06.png[39m[0m
[   6% ] [90m[1m_update_scan_actions[22m | frame_07.png[39m[0m
[   6% ] [90m[1m_update_scan_actions[22m | frame_08.png[39m[0m
[   6% ] [90m[1m_update_scan_actions[22m | frame_09.png[39m[0m
[   6% ] [90m[1m_update_scan_actions[22m | frame_10.png[39m[0m
[   6% ] [90m[1m_update_scan_actions[22m | frame_11.png[39m[0m
[   6% ] [90m[1m_update_scan_actions[22m | frame_12.png[39m[0m
[   6% ] [90m[1m_update_scan_actions[22m | frame_13.png[39m[0m
[   6% ] [90m[1m_update_scan_actions[22m | frame_14.png[39m[0m
[   6% ] [90m[1m_update_scan_actions[22m | frame_15.png[39m[0m
[   6% ] [90m[1m_update_scan_actions[22m | fire_hit_d0_f0.png[39m[0m
[   6% ] [90m[1m_update_scan_actions[22m | fire_hit_d0_f1.png[39m[0m
[   6% ] [90m[1m_update_scan_actions[22m | fire_hit_d1_f0.png[39m[0m
[   6% ] [90m[1m_update_scan_actions[22m | fire_hit_d1_f1.png[39m[0m
[   6% ] [90m[1m_update_scan_actions[22m | long_hit.png[39m[0m
[   6% ] [90m[1m_update_scan_actions[22m | power_hit.png[39m[0m
[   6% ] [90m[1m_update_scan_actions[22m | wide_hit.png[39m[0m
[   6% ] [90m[1m_update_scan_actions[22m | exploding_flame.png[39m[0m
[   6% ] [90m[1m_update_scan_actions[22m | fireball.png[39m[0m
[   6% ] [90m[1m_update_scan_actions[22m | fire_wall.png[39m[0m
[   6% ] [90m[1m_update_scan_actions[22m | great_fireball.png[39m[0m
[   6% ] [90m[1m_update_scan_actions[22m | hellfire.png[39m[0m
[   6% ] [90m[1m_update_scan_actions[22m | hell_lightning.png[39m[0m
[   6% ] [90m[1m_update_scan_actions[22m | holy_word.png[39m[0m
[   6% ] [90m[1m_update_scan_actions[22m | ice_storm.png[39m[0m
[   6% ] [90m[1m_update_scan_actions[22m | magic_shield.png[39m[0m
[   6% ] [90m[1m_update_scan_actions[22m | repulsion_ring.png[39m[0m
[   6% ] [90m[1m_update_scan_actions[22m | teleport.png[39m[0m
[   6% ] [90m[1m_update_scan_actions[22m | temptation_light.png[39m[0m
[   6% ] [90m[1m_update_scan_actions[22m | sym_keyboard_delete.png[39m[0m
[   6% ] [90m[1m_update_scan_actions[22m | sym_keyboard_delete.png[39m[0m
[   6% ] [90m[1m_update_scan_actions[22m | sym_keyboard_feedback_delete.png[39m[0m
[   6% ] [90m[1m_update_scan_actions[22m | sym_keyboard_delete.png[39m[0m
[   7% ] [90m[1m_update_scan_actions[22m | sym_keyboard_feedback_delete.png[39m[0m
[   7% ] [90m[1m_update_scan_actions[22m | ab_bottom_solid_dark_holo.9.png[39m[0m
[   7% ] [90m[1m_update_scan_actions[22m | ab_bottom_solid_inverse_holo.9.png[39m[0m
[   7% ] [90m[1m_update_scan_actions[22m | ab_bottom_solid_light_holo.9.png[39m[0m
[   7% ] [90m[1m_update_scan_actions[22m | ab_bottom_transparent_dark_holo.9.png[39m[0m
[   7% ] [90m[1m_update_scan_actions[22m | ab_bottom_transparent_light_holo.9.png[39m[0m
[   7% ] [90m[1m_update_scan_actions[22m | ab_share_pack_holo_dark.9.png[39m[0m
[   7% ] [90m[1m_update_scan_actions[22m | ab_share_pack_holo_light.9.png[39m[0m
[   7% ] [90m[1m_update_scan_actions[22m | ab_share_pack_mtrl_alpha.9.png[39m[0m
[   7% ] [90m[1m_update_scan_actions[22m | ab_solid_dark_holo.9.png[39m[0m
[   7% ] [90m[1m_update_scan_actions[22m | ab_solid_light_holo.9.png[39m[0m
[   7% ] [90m[1m_update_scan_actions[22m | ab_solid_shadow_holo.9.png[39m[0m
[   7% ] [90m[1m_update_scan_actions[22m | ab_solid_shadow_mtrl_alpha.9.png[39m[0m
[   7% ] [90m[1m_update_scan_actions[22m | ab_stacked_solid_dark_holo.9.png[39m[0m
[   7% ] [90m[1m_update_scan_actions[22m | ab_stacked_solid_inverse_holo.9.png[39m[0m
[   7% ] [90m[1m_update_scan_actions[22m | ab_stacked_solid_light_holo.9.png[39m[0m
[   7% ] [90m[1m_update_scan_actions[22m | ab_stacked_transparent_dark_holo.9.png[39m[0m
[   7% ] [90m[1m_update_scan_actions[22m | ab_stacked_transparent_light_holo.9.png[39m[0m
[   7% ] [90m[1m_update_scan_actions[22m | ab_transparent_dark_holo.9.png[39m[0m
[   7% ] [90m[1m_update_scan_actions[22m | ab_transparent_light_holo.9.png[39m[0m
[   7% ] [90m[1m_update_scan_actions[22m | activity_title_bar.9.png[39m[0m
[   7% ] [90m[1m_update_scan_actions[22m | arrow_down_float.png[39m[0m
[   7% ] [90m[1m_update_scan_actions[22m | arrow_up_float.png[39m[0m
[   7% ] [90m[1m_update_scan_actions[22m | battery_charge_background.png[39m[0m
[   7% ] [90m[1m_update_scan_actions[22m | bottom_bar.png[39m[0m
[   7% ] [90m[1m_update_scan_actions[22m | btn_cab_done_default_holo_dark.9.png[39m[0m
[   7% ] [90m[1m_update_scan_actions[22m | btn_cab_done_default_holo_light.9.png[39m[0m
[   7% ] [90m[1m_update_scan_actions[22m | btn_cab_done_focused_holo_dark.9.png[39m[0m
[   7% ] [90m[1m_update_scan_actions[22m | btn_cab_done_focused_holo_light.9.png[39m[0m
[   7% ] [90m[1m_update_scan_actions[22m | btn_cab_done_pressed_holo_dark.9.png[39m[0m
[   7% ] [90m[1m_update_scan_actions[22m | btn_cab_done_pressed_holo_light.9.png[39m[0m
[   7% ] [90m[1m_update_scan_actions[22m | btn_check_buttonless_off.png[39m[0m
[   7% ] [90m[1m_update_scan_actions[22m | btn_check_buttonless_on.png[39m[0m
[   7% ] [90m[1m_update_scan_actions[22m | btn_check_label_background.9.png[39m[0m
[   7% ] [90m[1m_update_scan_actions[22m | btn_check_off.png[39m[0m
[   7% ] [90m[1m_update_scan_actions[22m | btn_check_off_disable.png[39m[0m
[   7% ] [90m[1m_update_scan_actions[22m | btn_check_off_disabled_focused_holo_dark.png[39m[0m
[   7% ] [90m[1m_update_scan_actions[22m | btn_check_off_disabled_focused_holo_light.png[39m[0m
[   7% ] [90m[1m_update_scan_actions[22m | btn_check_off_disabled_holo_dark.png[39m[0m
[   7% ] [90m[1m_update_scan_actions[22m | btn_check_off_disabled_holo_light.png[39m[0m
[   7% ] [90m[1m_update_scan_actions[22m | btn_check_off_disable_focused.png[39m[0m
[   7% ] [90m[1m_update_scan_actions[22m | btn_check_off_disable_focused_holo_dark.png[39m[0m
[   7% ] [90m[1m_update_scan_actions[22m | btn_check_off_disable_focused_holo_light.png[39m[0m
[   7% ] [90m[1m_update_scan_actions[22m | btn_check_off_disable_holo_dark.png[39m[0m
[   7% ] [90m[1m_update_scan_actions[22m | btn_check_off_disable_holo_light.png[39m[0m
[   7% ] [90m[1m_update_scan_actions[22m | btn_check_off_focused_holo_dark.png[39m[0m
[   7% ] [90m[1m_update_scan_actions[22m | btn_check_off_focused_holo_light.png[39m[0m
[   7% ] [90m[1m_update_scan_actions[22m | btn_check_off_holo.png[39m[0m
[   7% ] [90m[1m_update_scan_actions[22m | btn_check_off_holo_dark.png[39m[0m
[   7% ] [90m[1m_update_scan_actions[22m | btn_check_off_holo_light.png[39m[0m
[   7% ] [90m[1m_update_scan_actions[22m | btn_check_off_normal_holo_dark.png[39m[0m
[   7% ] [90m[1m_update_scan_actions[22m | btn_check_off_normal_holo_light.png[39m[0m
[   7% ] [90m[1m_update_scan_actions[22m | btn_check_off_pressed.png[39m[0m
[   7% ] [90m[1m_update_scan_actions[22m | btn_check_off_pressed_holo_dark.png[39m[0m
[   7% ] [90m[1m_update_scan_actions[22m | btn_check_off_pressed_holo_light.png[39m[0m
[   7% ] [90m[1m_update_scan_actions[22m | btn_check_off_selected.png[39m[0m
[   7% ] [90m[1m_update_scan_actions[22m | btn_check_on.png[39m[0m
[   7% ] [90m[1m_update_scan_actions[22m | btn_check_on_disable.png[39m[0m
[   7% ] [90m[1m_update_scan_actions[22m | btn_check_on_disabled_focused_holo_dark.png[39m[0m
[   7% ] [90m[1m_update_scan_actions[22m | btn_check_on_disabled_focused_holo_light.png[39m[0m
[   7% ] [90m[1m_update_scan_actions[22m | btn_check_on_disabled_holo_dark.png[39m[0m
[   7% ] [90m[1m_update_scan_actions[22m | btn_check_on_disabled_holo_light.png[39m[0m
[   7% ] [90m[1m_update_scan_actions[22m | btn_check_on_disable_focused.png[39m[0m
[   7% ] [90m[1m_update_scan_actions[22m | btn_check_on_disable_focused_holo_light.png[39m[0m
[   7% ] [90m[1m_update_scan_actions[22m | btn_check_on_disable_holo_dark.png[39m[0m
[   7% ] [90m[1m_update_scan_actions[22m | btn_check_on_disable_holo_light.png[39m[0m
[   7% ] [90m[1m_update_scan_actions[22m | btn_check_on_focused_holo_dark.png[39m[0m
[   7% ] [90m[1m_update_scan_actions[22m | btn_check_on_focused_holo_light.png[39m[0m
[   7% ] [90m[1m_update_scan_actions[22m | btn_check_on_holo.png[39m[0m
[   8% ] [90m[1m_update_scan_actions[22m | btn_check_on_holo_dark.png[39m[0m
[   8% ] [90m[1m_update_scan_actions[22m | btn_check_on_holo_light.png[39m[0m
[   8% ] [90m[1m_update_scan_actions[22m | btn_check_on_pressed.png[39m[0m
[   8% ] [90m[1m_update_scan_actions[22m | btn_check_on_pressed_holo_dark.png[39m[0m
[   8% ] [90m[1m_update_scan_actions[22m | btn_check_on_pressed_holo_light.png[39m[0m
[   8% ] [90m[1m_update_scan_actions[22m | btn_check_on_selected.png[39m[0m
[   8% ] [90m[1m_update_scan_actions[22m | btn_circle_disable.png[39m[0m
[   8% ] [90m[1m_update_scan_actions[22m | btn_circle_disable_focused.png[39m[0m
[   8% ] [90m[1m_update_scan_actions[22m | btn_circle_normal.png[39m[0m
[   8% ] [90m[1m_update_scan_actions[22m | btn_circle_pressed.png[39m[0m
[   8% ] [90m[1m_update_scan_actions[22m | btn_circle_selected.png[39m[0m
[   8% ] [90m[1m_update_scan_actions[22m | btn_close_normal.png[39m[0m
[   8% ] [90m[1m_update_scan_actions[22m | btn_close_pressed.png[39m[0m
[   8% ] [90m[1m_update_scan_actions[22m | btn_close_selected.png[39m[0m
[   8% ] [90m[1m_update_scan_actions[22m | btn_default_disabled_focused_holo_dark.9.png[39m[0m
[   8% ] [90m[1m_update_scan_actions[22m | btn_default_disabled_focused_holo_light.9.png[39m[0m
[   8% ] [90m[1m_update_scan_actions[22m | btn_default_disabled_holo.9.png[39m[0m
[   8% ] [90m[1m_update_scan_actions[22m | btn_default_disabled_holo_dark.9.png[39m[0m
[   8% ] [90m[1m_update_scan_actions[22m | btn_default_disabled_holo_light.9.png[39m[0m
[   8% ] [90m[1m_update_scan_actions[22m | btn_default_focused_holo.9.png[39m[0m
[   8% ] [90m[1m_update_scan_actions[22m | btn_default_focused_holo_dark.9.png[39m[0m
[   8% ] [90m[1m_update_scan_actions[22m | btn_default_focused_holo_light.9.png[39m[0m
[   8% ] [90m[1m_update_scan_actions[22m | btn_default_normal.9.png[39m[0m
[   8% ] [90m[1m_update_scan_actions[22m | btn_default_normal_disable.9.png[39m[0m
[   8% ] [90m[1m_update_scan_actions[22m | btn_default_normal_disable_focused.9.png[39m[0m
[   8% ] [90m[1m_update_scan_actions[22m | btn_default_normal_holo.9.png[39m[0m
[   8% ] [90m[1m_update_scan_actions[22m | btn_default_normal_holo_dark.9.png[39m[0m
[   8% ] [90m[1m_update_scan_actions[22m | btn_default_normal_holo_light.9.png[39m[0m
[   8% ] [90m[1m_update_scan_actions[22m | btn_default_pressed.9.png[39m[0m
[   8% ] [90m[1m_update_scan_actions[22m | btn_default_pressed_holo.9.png[39m[0m
[   8% ] [90m[1m_update_scan_actions[22m | btn_default_pressed_holo_dark.9.png[39m[0m
[   8% ] [90m[1m_update_scan_actions[22m | btn_default_pressed_holo_light.9.png[39m[0m
[   8% ] [90m[1m_update_scan_actions[22m | btn_default_selected.9.png[39m[0m
[   8% ] [90m[1m_update_scan_actions[22m | btn_default_small_normal.9.png[39m[0m
[   8% ] [90m[1m_update_scan_actions[22m | btn_default_small_normal_disable.9.png[39m[0m
[   8% ] [90m[1m_update_scan_actions[22m | btn_default_small_normal_disable_focused.9.png[39m[0m
[   8% ] [90m[1m_update_scan_actions[22m | btn_default_small_pressed.9.png[39m[0m
[   8% ] [90m[1m_update_scan_actions[22m | btn_default_small_selected.9.png[39m[0m
[   8% ] [90m[1m_update_scan_actions[22m | btn_default_transparent_normal.9.png[39m[0m
[   8% ] [90m[1m_update_scan_actions[22m | btn_dialog_disable.png[39m[0m
[   8% ] [90m[1m_update_scan_actions[22m | btn_dialog_normal.png[39m[0m
[   8% ] [90m[1m_update_scan_actions[22m | btn_dialog_pressed.png[39m[0m
[   8% ] [90m[1m_update_scan_actions[22m | btn_dialog_selected.png[39m[0m
[   8% ] [90m[1m_update_scan_actions[22m | btn_dropdown_disabled.9.png[39m[0m
[   8% ] [90m[1m_update_scan_actions[22m | btn_dropdown_disabled_focused.9.png[39m[0m
[   8% ] [90m[1m_update_scan_actions[22m | btn_dropdown_normal.9.png[39m[0m
[   8% ] [90m[1m_update_scan_actions[22m | btn_dropdown_pressed.9.png[39m[0m
[   8% ] [90m[1m_update_scan_actions[22m | btn_dropdown_selected.9.png[39m[0m
[   8% ] [90m[1m_update_scan_actions[22m | btn_erase_default.9.png[39m[0m
[   8% ] [90m[1m_update_scan_actions[22m | btn_erase_pressed.9.png[39m[0m
[   8% ] [90m[1m_update_scan_actions[22m | btn_erase_selected.9.png[39m[0m
[   8% ] [90m[1m_update_scan_actions[22m | btn_global_search_normal.9.png[39m[0m
[   8% ] [90m[1m_update_scan_actions[22m | btn_group_disabled_holo_dark.9.png[39m[0m
[   8% ] [90m[1m_update_scan_actions[22m | btn_group_disabled_holo_light.9.png[39m[0m
[   8% ] [90m[1m_update_scan_actions[22m | btn_group_focused_holo_dark.9.png[39m[0m
[   8% ] [90m[1m_update_scan_actions[22m | btn_group_focused_holo_light.9.png[39m[0m
[   8% ] [90m[1m_update_scan_actions[22m | btn_group_normal_holo_dark.9.png[39m[0m
[   8% ] [90m[1m_update_scan_actions[22m | btn_group_normal_holo_light.9.png[39m[0m
[   8% ] [90m[1m_update_scan_actions[22m | btn_group_pressed_holo_dark.9.png[39m[0m
[   8% ] [90m[1m_update_scan_actions[22m | btn_group_pressed_holo_light.9.png[39m[0m
[   8% ] [90m[1m_update_scan_actions[22m | btn_keyboard_key_dark_normal_holo.9.png[39m[0m
[   8% ] [90m[1m_update_scan_actions[22m | btn_keyboard_key_dark_normal_off_holo.9.png[39m[0m
[   8% ] [90m[1m_update_scan_actions[22m | btn_keyboard_key_dark_normal_on_holo.9.png[39m[0m
[   8% ] [90m[1m_update_scan_actions[22m | btn_keyboard_key_dark_pressed_holo.9.png[39m[0m
[   8% ] [90m[1m_update_scan_actions[22m | btn_keyboard_key_dark_pressed_off_holo.9.png[39m[0m
[   8% ] [90m[1m_update_scan_actions[22m | btn_keyboard_key_dark_pressed_on_holo.9.png[39m[0m
[   8% ] [90m[1m_update_scan_actions[22m | btn_keyboard_key_fulltrans_normal.9.png[39m[0m
[   8% ] [90m[1m_update_scan_actions[22m | btn_keyboard_key_fulltrans_normal_off.9.png[39m[0m
[   9% ] [90m[1m_update_scan_actions[22m | btn_keyboard_key_fulltrans_normal_on.9.png[39m[0m
[   9% ] [90m[1m_update_scan_actions[22m | btn_keyboard_key_fulltrans_pressed.9.png[39m[0m
[   9% ] [90m[1m_update_scan_actions[22m | btn_keyboard_key_fulltrans_pressed_off.9.png[39m[0m
[   9% ] [90m[1m_update_scan_actions[22m | btn_keyboard_key_fulltrans_pressed_on.9.png[39m[0m
[   9% ] [90m[1m_update_scan_actions[22m | btn_keyboard_key_light_normal_holo.9.png[39m[0m
[   9% ] [90m[1m_update_scan_actions[22m | btn_keyboard_key_light_pressed_holo.9.png[39m[0m
[   9% ] [90m[1m_update_scan_actions[22m | btn_keyboard_key_normal.9.png[39m[0m
[   9% ] [90m[1m_update_scan_actions[22m | btn_keyboard_key_normal_off.9.png[39m[0m
[   9% ] [90m[1m_update_scan_actions[22m | btn_keyboard_key_normal_on.9.png[39m[0m
[   9% ] [90m[1m_update_scan_actions[22m | btn_keyboard_key_pressed.9.png[39m[0m
[   9% ] [90m[1m_update_scan_actions[22m | btn_keyboard_key_pressed_off.9.png[39m[0m
[   9% ] [90m[1m_update_scan_actions[22m | btn_keyboard_key_pressed_on.9.png[39m[0m
[   9% ] [90m[1m_update_scan_actions[22m | btn_keyboard_key_trans_normal.9.png[39m[0m
[   9% ] [90m[1m_update_scan_actions[22m | btn_keyboard_key_trans_normal_off.9.png[39m[0m
[   9% ] [90m[1m_update_scan_actions[22m | btn_keyboard_key_trans_normal_on.9.png[39m[0m
[   9% ] [90m[1m_update_scan_actions[22m | btn_keyboard_key_trans_pressed.9.png[39m[0m
[   9% ] [90m[1m_update_scan_actions[22m | btn_keyboard_key_trans_pressed_off.9.png[39m[0m
[   9% ] [90m[1m_update_scan_actions[22m | btn_keyboard_key_trans_pressed_on.9.png[39m[0m
[   9% ] [90m[1m_update_scan_actions[22m | btn_keyboard_key_trans_selected.9.png[39m[0m
[   9% ] [90m[1m_update_scan_actions[22m | btn_media_player.9.png[39m[0m
[   9% ] [90m[1m_update_scan_actions[22m | btn_media_player_disabled.9.png[39m[0m
[   9% ] [90m[1m_update_scan_actions[22m | btn_media_player_disabled_selected.9.png[39m[0m
[   9% ] [90m[1m_update_scan_actions[22m | btn_media_player_pressed.9.png[39m[0m
[   9% ] [90m[1m_update_scan_actions[22m | btn_media_player_selected.9.png[39m[0m
[   9% ] [90m[1m_update_scan_actions[22m | btn_minus_default.png[39m[0m
[   9% ] [90m[1m_update_scan_actions[22m | btn_minus_disable.png[39m[0m
[   9% ] [90m[1m_update_scan_actions[22m | btn_minus_disable_focused.png[39m[0m
[   9% ] [90m[1m_update_scan_actions[22m | btn_minus_pressed.png[39m[0m
[   9% ] [90m[1m_update_scan_actions[22m | btn_minus_selected.png[39m[0m
[   9% ] [90m[1m_update_scan_actions[22m | btn_plus_default.png[39m[0m
[   9% ] [90m[1m_update_scan_actions[22m | btn_plus_disable.png[39m[0m
[   9% ] [90m[1m_update_scan_actions[22m | btn_plus_disable_focused.png[39m[0m
[   9% ] [90m[1m_update_scan_actions[22m | btn_plus_pressed.png[39m[0m
[   9% ] [90m[1m_update_scan_actions[22m | btn_plus_selected.png[39m[0m
[   9% ] [90m[1m_update_scan_actions[22m | btn_radio_label_background.9.png[39m[0m
[   9% ] [90m[1m_update_scan_actions[22m | btn_radio_off.png[39m[0m
[   9% ] [90m[1m_update_scan_actions[22m | btn_radio_off_disabled_focused_holo_dark.png[39m[0m
[   9% ] [90m[1m_update_scan_actions[22m | btn_radio_off_disabled_focused_holo_light.png[39m[0m
[   9% ] [90m[1m_update_scan_actions[22m | btn_radio_off_disabled_holo_dark.png[39m[0m
[   9% ] [90m[1m_update_scan_actions[22m | btn_radio_off_disabled_holo_light.png[39m[0m
[   9% ] [90m[1m_update_scan_actions[22m | btn_radio_off_focused_holo_dark.png[39m[0m
[   9% ] [90m[1m_update_scan_actions[22m | btn_radio_off_focused_holo_light.png[39m[0m
[   9% ] [90m[1m_update_scan_actions[22m | btn_radio_off_holo.png[39m[0m
[   9% ] [90m[1m_update_scan_actions[22m | btn_radio_off_holo_dark.png[39m[0m
[   9% ] [90m[1m_update_scan_actions[22m | btn_radio_off_holo_light.png[39m[0m
[   9% ] [90m[1m_update_scan_actions[22m | btn_radio_off_pressed.png[39m[0m
[   9% ] [90m[1m_update_scan_actions[22m | btn_radio_off_pressed_holo_dark.png[39m[0m
[   9% ] [90m[1m_update_scan_actions[22m | btn_radio_off_pressed_holo_light.png[39m[0m
[   9% ] [90m[1m_update_scan_actions[22m | btn_radio_off_selected.png[39m[0m
[   9% ] [90m[1m_update_scan_actions[22m | btn_radio_on.png[39m[0m
[   9% ] [90m[1m_update_scan_actions[22m | btn_radio_on_disabled_focused_holo_dark.png[39m[0m
[   9% ] [90m[1m_update_scan_actions[22m | btn_radio_on_disabled_focused_holo_light.png[39m[0m
[   9% ] [90m[1m_update_scan_actions[22m | btn_radio_on_disabled_holo_dark.png[39m[0m
[   9% ] [90m[1m_update_scan_actions[22m | btn_radio_on_disabled_holo_light.png[39m[0m
[   9% ] [90m[1m_update_scan_actions[22m | btn_radio_on_focused_holo_dark.png[39m[0m
[   9% ] [90m[1m_update_scan_actions[22m | btn_radio_on_focused_holo_light.png[39m[0m
[   9% ] [90m[1m_update_scan_actions[22m | btn_radio_on_holo.png[39m[0m
[   9% ] [90m[1m_update_scan_actions[22m | btn_radio_on_holo_dark.png[39m[0m
[   9% ] [90m[1m_update_scan_actions[22m | btn_radio_on_holo_light.png[39m[0m
[   9% ] [90m[1m_update_scan_actions[22m | btn_radio_on_pressed.png[39m[0m
[   9% ] [90m[1m_update_scan_actions[22m | btn_radio_on_pressed_holo_dark.png[39m[0m
[   9% ] [90m[1m_update_scan_actions[22m | btn_radio_on_pressed_holo_light.png[39m[0m
[   9% ] [90m[1m_update_scan_actions[22m | btn_radio_on_selected.png[39m[0m
[   9% ] [90m[1m_update_scan_actions[22m | btn_rating_star_off_disabled_focused_holo_dark.png[39m[0m
[   9% ] [90m[1m_update_scan_actions[22m | btn_rating_star_off_disabled_focused_holo_light.png[39m[0m
[   9% ] [90m[1m_update_scan_actions[22m | btn_rating_star_off_disabled_holo_dark.png[39m[0m
[   9% ] [90m[1m_update_scan_actions[22m | btn_rating_star_off_disabled_holo_light.png[39m[0m
[   9% ] [90m[1m_update_scan_actions[22m | btn_rating_star_off_focused_holo_dark.png[39m[0m
[  10% ] [90m[1m_update_scan_actions[22m | btn_rating_star_off_focused_holo_light.png[39m[0m
[  10% ] [90m[1m_update_scan_actions[22m | btn_rating_star_off_mtrl_alpha.png[39m[0m
[  10% ] [90m[1m_update_scan_actions[22m | btn_rating_star_off_normal.png[39m[0m
[  10% ] [90m[1m_update_scan_actions[22m | btn_rating_star_off_normal_holo_dark.png[39m[0m
[  10% ] [90m[1m_update_scan_actions[22m | btn_rating_star_off_normal_holo_light.png[39m[0m
[  10% ] [90m[1m_update_scan_actions[22m | btn_rating_star_off_pressed.png[39m[0m
[  10% ] [90m[1m_update_scan_actions[22m | btn_rating_star_off_pressed_holo_dark.png[39m[0m
[  10% ] [90m[1m_update_scan_actions[22m | btn_rating_star_off_pressed_holo_light.png[39m[0m
[  10% ] [90m[1m_update_scan_actions[22m | btn_rating_star_off_selected.png[39m[0m
[  10% ] [90m[1m_update_scan_actions[22m | btn_rating_star_on_disabled_focused_holo_dark.png[39m[0m
[  10% ] [90m[1m_update_scan_actions[22m | btn_rating_star_on_disabled_focused_holo_light.png[39m[0m
[  10% ] [90m[1m_update_scan_actions[22m | btn_rating_star_on_disabled_holo_dark.png[39m[0m
[  10% ] [90m[1m_update_scan_actions[22m | btn_rating_star_on_disabled_holo_light.png[39m[0m
[  10% ] [90m[1m_update_scan_actions[22m | btn_rating_star_on_focused_holo_dark.png[39m[0m
[  10% ] [90m[1m_update_scan_actions[22m | btn_rating_star_on_focused_holo_light.png[39m[0m
[  10% ] [90m[1m_update_scan_actions[22m | btn_rating_star_on_mtrl_alpha.png[39m[0m
[  10% ] [90m[1m_update_scan_actions[22m | btn_rating_star_on_normal.png[39m[0m
[  10% ] [90m[1m_update_scan_actions[22m | btn_rating_star_on_normal_holo_dark.png[39m[0m
[  10% ] [90m[1m_update_scan_actions[22m | btn_rating_star_on_normal_holo_light.png[39m[0m
[  10% ] [90m[1m_update_scan_actions[22m | btn_rating_star_on_pressed.png[39m[0m
[  10% ] [90m[1m_update_scan_actions[22m | btn_rating_star_on_pressed_holo_dark.png[39m[0m
[  10% ] [90m[1m_update_scan_actions[22m | btn_rating_star_on_pressed_holo_light.png[39m[0m
[  10% ] [90m[1m_update_scan_actions[22m | btn_rating_star_on_selected.png[39m[0m
[  10% ] [90m[1m_update_scan_actions[22m | btn_search_dialog_default.9.png[39m[0m
[  10% ] [90m[1m_update_scan_actions[22m | btn_search_dialog_pressed.9.png[39m[0m
[  10% ] [90m[1m_update_scan_actions[22m | btn_search_dialog_selected.9.png[39m[0m
[  10% ] [90m[1m_update_scan_actions[22m | btn_search_dialog_voice_default.9.png[39m[0m
[  10% ] [90m[1m_update_scan_actions[22m | btn_search_dialog_voice_pressed.9.png[39m[0m
[  10% ] [90m[1m_update_scan_actions[22m | btn_search_dialog_voice_selected.9.png[39m[0m
[  10% ] [90m[1m_update_scan_actions[22m | btn_square_overlay_disabled.png[39m[0m
[  10% ] [90m[1m_update_scan_actions[22m | btn_square_overlay_disabled_focused.png[39m[0m
[  10% ] [90m[1m_update_scan_actions[22m | btn_square_overlay_normal.png[39m[0m
[  10% ] [90m[1m_update_scan_actions[22m | btn_square_overlay_pressed.png[39m[0m
[  10% ] [90m[1m_update_scan_actions[22m | btn_square_overlay_selected.png[39m[0m
[  10% ] [90m[1m_update_scan_actions[22m | btn_star_big_off.png[39m[0m
[  10% ] [90m[1m_update_scan_actions[22m | btn_star_big_off_disable.png[39m[0m
[  10% ] [90m[1m_update_scan_actions[22m | btn_star_big_off_disable_focused.png[39m[0m
[  10% ] [90m[1m_update_scan_actions[22m | btn_star_big_off_pressed.png[39m[0m
[  10% ] [90m[1m_update_scan_actions[22m | btn_star_big_off_selected.png[39m[0m
[  10% ] [90m[1m_update_scan_actions[22m | btn_star_big_on.png[39m[0m
[  10% ] [90m[1m_update_scan_actions[22m | btn_star_big_on_disable.png[39m[0m
[  10% ] [90m[1m_update_scan_actions[22m | btn_star_big_on_disable_focused.png[39m[0m
[  10% ] [90m[1m_update_scan_actions[22m | btn_star_big_on_pressed.png[39m[0m
[  10% ] [90m[1m_update_scan_actions[22m | btn_star_big_on_selected.png[39m[0m
[  10% ] [90m[1m_update_scan_actions[22m | btn_star_label_background.9.png[39m[0m
[  10% ] [90m[1m_update_scan_actions[22m | btn_star_mtrl_alpha.png[39m[0m
[  10% ] [90m[1m_update_scan_actions[22m | btn_star_off_disabled_focused_holo_dark.png[39m[0m
[  10% ] [90m[1m_update_scan_actions[22m | btn_star_off_disabled_focused_holo_light.png[39m[0m
[  10% ] [90m[1m_update_scan_actions[22m | btn_star_off_disabled_holo_dark.png[39m[0m
[  10% ] [90m[1m_update_scan_actions[22m | btn_star_off_disabled_holo_light.png[39m[0m
[  10% ] [90m[1m_update_scan_actions[22m | btn_star_off_focused_holo_dark.png[39m[0m
[  10% ] [90m[1m_update_scan_actions[22m | btn_star_off_focused_holo_light.png[39m[0m
[  10% ] [90m[1m_update_scan_actions[22m | btn_star_off_normal_holo_dark.png[39m[0m
[  10% ] [90m[1m_update_scan_actions[22m | btn_star_off_normal_holo_light.png[39m[0m
[  10% ] [90m[1m_update_scan_actions[22m | btn_star_off_pressed_holo_dark.png[39m[0m
[  10% ] [90m[1m_update_scan_actions[22m | btn_star_off_pressed_holo_light.png[39m[0m
[  10% ] [90m[1m_update_scan_actions[22m | btn_star_on_disabled_focused_holo_dark.png[39m[0m
[  10% ] [90m[1m_update_scan_actions[22m | btn_star_on_disabled_focused_holo_light.png[39m[0m
[  10% ] [90m[1m_update_scan_actions[22m | btn_star_on_disabled_holo_dark.png[39m[0m
[  10% ] [90m[1m_update_scan_actions[22m | btn_star_on_disabled_holo_light.png[39m[0m
[  10% ] [90m[1m_update_scan_actions[22m | btn_star_on_focused_holo_dark.png[39m[0m
[  10% ] [90m[1m_update_scan_actions[22m | btn_star_on_focused_holo_light.png[39m[0m
[  10% ] [90m[1m_update_scan_actions[22m | btn_star_on_normal_holo_dark.png[39m[0m
[  10% ] [90m[1m_update_scan_actions[22m | btn_star_on_normal_holo_light.png[39m[0m
[  10% ] [90m[1m_update_scan_actions[22m | btn_star_on_pressed_holo_dark.png[39m[0m
[  10% ] [90m[1m_update_scan_actions[22m | btn_star_on_pressed_holo_light.png[39m[0m
[  10% ] [90m[1m_update_scan_actions[22m | btn_switch_to_off_mtrl_00001.9.png[39m[0m
[  10% ] [90m[1m_update_scan_actions[22m | btn_switch_to_off_mtrl_00002.9.png[39m[0m
[  10% ] [90m[1m_update_scan_actions[22m | btn_switch_to_off_mtrl_00003.9.png[39m[0m
[  11% ] [90m[1m_update_scan_actions[22m | btn_switch_to_off_mtrl_00004.9.png[39m[0m
[  11% ] [90m[1m_update_scan_actions[22m | btn_switch_to_off_mtrl_00005.9.png[39m[0m
[  11% ] [90m[1m_update_scan_actions[22m | btn_switch_to_off_mtrl_00006.9.png[39m[0m
[  11% ] [90m[1m_update_scan_actions[22m | btn_switch_to_off_mtrl_00007.9.png[39m[0m
[  11% ] [90m[1m_update_scan_actions[22m | btn_switch_to_off_mtrl_00008.9.png[39m[0m
[  11% ] [90m[1m_update_scan_actions[22m | btn_switch_to_off_mtrl_00009.9.png[39m[0m
[  11% ] [90m[1m_update_scan_actions[22m | btn_switch_to_off_mtrl_00010.9.png[39m[0m
[  11% ] [90m[1m_update_scan_actions[22m | btn_switch_to_off_mtrl_00011.9.png[39m[0m
[  11% ] [90m[1m_update_scan_actions[22m | btn_switch_to_off_mtrl_00012.9.png[39m[0m
[  11% ] [90m[1m_update_scan_actions[22m | btn_switch_to_on_mtrl_00001.9.png[39m[0m
[  11% ] [90m[1m_update_scan_actions[22m | btn_switch_to_on_mtrl_00002.9.png[39m[0m
[  11% ] [90m[1m_update_scan_actions[22m | btn_switch_to_on_mtrl_00003.9.png[39m[0m
[  11% ] [90m[1m_update_scan_actions[22m | btn_switch_to_on_mtrl_00004.9.png[39m[0m
[  11% ] [90m[1m_update_scan_actions[22m | btn_switch_to_on_mtrl_00005.9.png[39m[0m
[  11% ] [90m[1m_update_scan_actions[22m | btn_switch_to_on_mtrl_00006.9.png[39m[0m
[  11% ] [90m[1m_update_scan_actions[22m | btn_switch_to_on_mtrl_00007.9.png[39m[0m
[  11% ] [90m[1m_update_scan_actions[22m | btn_switch_to_on_mtrl_00008.9.png[39m[0m
[  11% ] [90m[1m_update_scan_actions[22m | btn_switch_to_on_mtrl_00009.9.png[39m[0m
[  11% ] [90m[1m_update_scan_actions[22m | btn_switch_to_on_mtrl_00010.9.png[39m[0m
[  11% ] [90m[1m_update_scan_actions[22m | btn_switch_to_on_mtrl_00011.9.png[39m[0m
[  11% ] [90m[1m_update_scan_actions[22m | btn_switch_to_on_mtrl_00012.9.png[39m[0m
[  11% ] [90m[1m_update_scan_actions[22m | btn_toggle_off.9.png[39m[0m
[  11% ] [90m[1m_update_scan_actions[22m | btn_toggle_off_disabled_focused_holo_dark.9.png[39m[0m
[  11% ] [90m[1m_update_scan_actions[22m | btn_toggle_off_disabled_focused_holo_light.9.png[39m[0m
[  11% ] [90m[1m_update_scan_actions[22m | btn_toggle_off_disabled_holo_dark.9.png[39m[0m
[  11% ] [90m[1m_update_scan_actions[22m | btn_toggle_off_disabled_holo_light.9.png[39m[0m
[  11% ] [90m[1m_update_scan_actions[22m | btn_toggle_off_focused_holo_dark.9.png[39m[0m
[  11% ] [90m[1m_update_scan_actions[22m | btn_toggle_off_focused_holo_light.9.png[39m[0m
[  11% ] [90m[1m_update_scan_actions[22m | btn_toggle_off_normal_holo_dark.9.png[39m[0m
[  11% ] [90m[1m_update_scan_actions[22m | btn_toggle_off_normal_holo_light.9.png[39m[0m
[  11% ] [90m[1m_update_scan_actions[22m | btn_toggle_off_pressed_holo_dark.9.png[39m[0m
[  11% ] [90m[1m_update_scan_actions[22m | btn_toggle_off_pressed_holo_light.9.png[39m[0m
[  11% ] [90m[1m_update_scan_actions[22m | btn_toggle_on.9.png[39m[0m
[  11% ] [90m[1m_update_scan_actions[22m | btn_toggle_on_disabled_focused_holo_dark.9.png[39m[0m
[  11% ] [90m[1m_update_scan_actions[22m | btn_toggle_on_disabled_focused_holo_light.9.png[39m[0m
[  11% ] [90m[1m_update_scan_actions[22m | btn_toggle_on_disabled_holo_dark.9.png[39m[0m
[  11% ] [90m[1m_update_scan_actions[22m | btn_toggle_on_disabled_holo_light.9.png[39m[0m
[  11% ] [90m[1m_update_scan_actions[22m | btn_toggle_on_focused_holo_dark.9.png[39m[0m
[  11% ] [90m[1m_update_scan_actions[22m | btn_toggle_on_focused_holo_light.9.png[39m[0m
[  11% ] [90m[1m_update_scan_actions[22m | btn_toggle_on_normal_holo_dark.9.png[39m[0m
[  11% ] [90m[1m_update_scan_actions[22m | btn_toggle_on_normal_holo_light.9.png[39m[0m
[  11% ] [90m[1m_update_scan_actions[22m | btn_toggle_on_pressed_holo_dark.9.png[39m[0m
[  11% ] [90m[1m_update_scan_actions[22m | btn_toggle_on_pressed_holo_light.9.png[39m[0m
[  11% ] [90m[1m_update_scan_actions[22m | btn_zoom_down_disabled.9.png[39m[0m
[  11% ] [90m[1m_update_scan_actions[22m | btn_zoom_down_disabled_focused.9.png[39m[0m
[  11% ] [90m[1m_update_scan_actions[22m | btn_zoom_down_normal.9.png[39m[0m
[  11% ] [90m[1m_update_scan_actions[22m | btn_zoom_down_pressed.9.png[39m[0m
[  11% ] [90m[1m_update_scan_actions[22m | btn_zoom_down_selected.9.png[39m[0m
[  11% ] [90m[1m_update_scan_actions[22m | btn_zoom_page_normal.png[39m[0m
[  11% ] [90m[1m_update_scan_actions[22m | btn_zoom_page_press.png[39m[0m
[  11% ] [90m[1m_update_scan_actions[22m | btn_zoom_up_disabled.9.png[39m[0m
[  11% ] [90m[1m_update_scan_actions[22m | btn_zoom_up_disabled_focused.9.png[39m[0m
[  11% ] [90m[1m_update_scan_actions[22m | btn_zoom_up_normal.9.png[39m[0m
[  11% ] [90m[1m_update_scan_actions[22m | btn_zoom_up_pressed.9.png[39m[0m
[  11% ] [90m[1m_update_scan_actions[22m | btn_zoom_up_selected.9.png[39m[0m
[  11% ] [90m[1m_update_scan_actions[22m | button_onoff_indicator_off.png[39m[0m
[  11% ] [90m[1m_update_scan_actions[22m | button_onoff_indicator_on.png[39m[0m
[  11% ] [90m[1m_update_scan_actions[22m | cab_background_bottom_holo_dark.9.png[39m[0m
[  11% ] [90m[1m_update_scan_actions[22m | cab_background_bottom_holo_light.9.png[39m[0m
[  11% ] [90m[1m_update_scan_actions[22m | cab_background_bottom_mtrl_alpha.9.png[39m[0m
[  11% ] [90m[1m_update_scan_actions[22m | cab_background_top_holo_dark.9.png[39m[0m
[  11% ] [90m[1m_update_scan_actions[22m | cab_background_top_holo_light.9.png[39m[0m
[  11% ] [90m[1m_update_scan_actions[22m | cab_background_top_mtrl_alpha.9.png[39m[0m
[  11% ] [90m[1m_update_scan_actions[22m | call_contact.png[39m[0m
[  11% ] [90m[1m_update_scan_actions[22m | checkbox_off_background.png[39m[0m
[  11% ] [90m[1m_update_scan_actions[22m | checkbox_on_background.png[39m[0m
[  11% ] [90m[1m_update_scan_actions[22m | cling_arrow_up.png[39m[0m
[  11% ] [90m[1m_update_scan_actions[22m | cling_bg.9.png[39m[0m
[  12% ] [90m[1m_update_scan_actions[22m | cling_button_normal.9.png[39m[0m
[  12% ] [90m[1m_update_scan_actions[22m | cling_button_pressed.9.png[39m[0m
[  12% ] [90m[1m_update_scan_actions[22m | code_lock_bottom.9.png[39m[0m
[  12% ] [90m[1m_update_scan_actions[22m | code_lock_left.9.png[39m[0m
[  12% ] [90m[1m_update_scan_actions[22m | code_lock_top.9.png[39m[0m
[  12% ] [90m[1m_update_scan_actions[22m | combobox_disabled.png[39m[0m
[  12% ] [90m[1m_update_scan_actions[22m | combobox_nohighlight.png[39m[0m
[  12% ] [90m[1m_update_scan_actions[22m | compass_arrow.png[39m[0m
[  12% ] [90m[1m_update_scan_actions[22m | compass_base.png[39m[0m
[  12% ] [90m[1m_update_scan_actions[22m | contact_header_bg.9.png[39m[0m
[  12% ] [90m[1m_update_scan_actions[22m | create_contact.png[39m[0m
[  12% ] [90m[1m_update_scan_actions[22m | dark_header.9.png[39m[0m
[  12% ] [90m[1m_update_scan_actions[22m | day_picker_week_view_dayline_holo.9.png[39m[0m
[  12% ] [90m[1m_update_scan_actions[22m | dialog_bottom_holo_dark.9.png[39m[0m
[  12% ] [90m[1m_update_scan_actions[22m | dialog_bottom_holo_light.9.png[39m[0m
[  12% ] [90m[1m_update_scan_actions[22m | dialog_divider_horizontal_holo_dark.9.png[39m[0m
[  12% ] [90m[1m_update_scan_actions[22m | dialog_divider_horizontal_holo_light.9.png[39m[0m
[  12% ] [90m[1m_update_scan_actions[22m | dialog_divider_horizontal_light.9.png[39m[0m
[  12% ] [90m[1m_update_scan_actions[22m | dialog_full_holo_dark.9.png[39m[0m
[  12% ] [90m[1m_update_scan_actions[22m | dialog_full_holo_light.9.png[39m[0m
[  12% ] [90m[1m_update_scan_actions[22m | dialog_ic_close_focused_holo_dark.png[39m[0m
[  12% ] [90m[1m_update_scan_actions[22m | dialog_ic_close_focused_holo_light.png[39m[0m
[  12% ] [90m[1m_update_scan_actions[22m | dialog_ic_close_normal_holo_dark.png[39m[0m
[  12% ] [90m[1m_update_scan_actions[22m | dialog_ic_close_normal_holo_light.png[39m[0m
[  12% ] [90m[1m_update_scan_actions[22m | dialog_ic_close_pressed_holo_dark.png[39m[0m
[  12% ] [90m[1m_update_scan_actions[22m | dialog_ic_close_pressed_holo_light.png[39m[0m
[  12% ] [90m[1m_update_scan_actions[22m | dialog_middle_holo.9.png[39m[0m
[  12% ] [90m[1m_update_scan_actions[22m | dialog_middle_holo_dark.9.png[39m[0m
[  12% ] [90m[1m_update_scan_actions[22m | dialog_middle_holo_light.9.png[39m[0m
[  12% ] [90m[1m_update_scan_actions[22m | dialog_top_holo_dark.9.png[39m[0m
[  12% ] [90m[1m_update_scan_actions[22m | dialog_top_holo_light.9.png[39m[0m
[  12% ] [90m[1m_update_scan_actions[22m | divider_horizontal_bright.9.png[39m[0m
[  12% ] [90m[1m_update_scan_actions[22m | divider_horizontal_bright_opaque.9.png[39m[0m
[  12% ] [90m[1m_update_scan_actions[22m | divider_horizontal_dark.9.png[39m[0m
[  12% ] [90m[1m_update_scan_actions[22m | divider_horizontal_dark_opaque.9.png[39m[0m
[  12% ] [90m[1m_update_scan_actions[22m | divider_horizontal_dim_dark.9.png[39m[0m
[  12% ] [90m[1m_update_scan_actions[22m | divider_horizontal_holo_dark.9.png[39m[0m
[  12% ] [90m[1m_update_scan_actions[22m | divider_horizontal_holo_light.9.png[39m[0m
[  12% ] [90m[1m_update_scan_actions[22m | divider_horizontal_textfield.9.png[39m[0m
[  12% ] [90m[1m_update_scan_actions[22m | divider_strong_holo.9.png[39m[0m
[  12% ] [90m[1m_update_scan_actions[22m | divider_vertical_bright.9.png[39m[0m
[  12% ] [90m[1m_update_scan_actions[22m | divider_vertical_bright_opaque.9.png[39m[0m
[  12% ] [90m[1m_update_scan_actions[22m | divider_vertical_dark.9.png[39m[0m
[  12% ] [90m[1m_update_scan_actions[22m | divider_vertical_dark_opaque.9.png[39m[0m
[  12% ] [90m[1m_update_scan_actions[22m | divider_vertical_holo_dark.9.png[39m[0m
[  12% ] [90m[1m_update_scan_actions[22m | divider_vertical_holo_light.9.png[39m[0m
[  12% ] [90m[1m_update_scan_actions[22m | dropdown_disabled_focused_holo_dark.9.png[39m[0m
[  12% ] [90m[1m_update_scan_actions[22m | dropdown_disabled_focused_holo_light.9.png[39m[0m
[  12% ] [90m[1m_update_scan_actions[22m | dropdown_disabled_holo_dark.9.png[39m[0m
[  12% ] [90m[1m_update_scan_actions[22m | dropdown_disabled_holo_light.9.png[39m[0m
[  12% ] [90m[1m_update_scan_actions[22m | dropdown_focused_holo_dark.9.png[39m[0m
[  12% ] [90m[1m_update_scan_actions[22m | dropdown_focused_holo_light.9.png[39m[0m
[  12% ] [90m[1m_update_scan_actions[22m | dropdown_ic_arrow_disabled_focused_holo_dark.png[39m[0m
[  12% ] [90m[1m_update_scan_actions[22m | dropdown_ic_arrow_disabled_focused_holo_light.png[39m[0m
[  12% ] [90m[1m_update_scan_actions[22m | dropdown_ic_arrow_disabled_holo_dark.png[39m[0m
[  12% ] [90m[1m_update_scan_actions[22m | dropdown_ic_arrow_disabled_holo_light.png[39m[0m
[  12% ] [90m[1m_update_scan_actions[22m | dropdown_ic_arrow_focused_holo_dark.png[39m[0m
[  12% ] [90m[1m_update_scan_actions[22m | dropdown_ic_arrow_focused_holo_light.png[39m[0m
[  12% ] [90m[1m_update_scan_actions[22m | dropdown_ic_arrow_normal_holo_dark.png[39m[0m
[  12% ] [90m[1m_update_scan_actions[22m | dropdown_ic_arrow_normal_holo_light.png[39m[0m
[  12% ] [90m[1m_update_scan_actions[22m | dropdown_ic_arrow_pressed_holo_dark.png[39m[0m
[  12% ] [90m[1m_update_scan_actions[22m | dropdown_ic_arrow_pressed_holo_light.png[39m[0m
[  12% ] [90m[1m_update_scan_actions[22m | dropdown_normal_holo_dark.9.png[39m[0m
[  12% ] [90m[1m_update_scan_actions[22m | dropdown_normal_holo_light.9.png[39m[0m
[  12% ] [90m[1m_update_scan_actions[22m | dropdown_pressed_holo_dark.9.png[39m[0m
[  12% ] [90m[1m_update_scan_actions[22m | dropdown_pressed_holo_light.9.png[39m[0m
[  12% ] [90m[1m_update_scan_actions[22m | editbox_background_focus_yellow.9.png[39m[0m
[  12% ] [90m[1m_update_scan_actions[22m | editbox_background_normal.9.png[39m[0m
[  12% ] [90m[1m_update_scan_actions[22m | editbox_dropdown_background.9.png[39m[0m
[  13% ] [90m[1m_update_scan_actions[22m | editbox_dropdown_background_dark.9.png[39m[0m
[  13% ] [90m[1m_update_scan_actions[22m | edit_query.png[39m[0m
[  13% ] [90m[1m_update_scan_actions[22m | edit_query_background_normal.9.png[39m[0m
[  13% ] [90m[1m_update_scan_actions[22m | edit_query_background_pressed.9.png[39m[0m
[  13% ] [90m[1m_update_scan_actions[22m | edit_query_background_selected.9.png[39m[0m
[  13% ] [90m[1m_update_scan_actions[22m | emo_im_angel.png[39m[0m
[  13% ] [90m[1m_update_scan_actions[22m | emo_im_cool.png[39m[0m
[  13% ] [90m[1m_update_scan_actions[22m | emo_im_crying.png[39m[0m
[  13% ] [90m[1m_update_scan_actions[22m | emo_im_embarrassed.png[39m[0m
[  13% ] [90m[1m_update_scan_actions[22m | emo_im_foot_in_mouth.png[39m[0m
[  13% ] [90m[1m_update_scan_actions[22m | emo_im_happy.png[39m[0m
[  13% ] [90m[1m_update_scan_actions[22m | emo_im_kissing.png[39m[0m
[  13% ] [90m[1m_update_scan_actions[22m | emo_im_laughing.png[39m[0m
[  13% ] [90m[1m_update_scan_actions[22m | emo_im_lips_are_sealed.png[39m[0m
[  13% ] [90m[1m_update_scan_actions[22m | emo_im_money_mouth.png[39m[0m
[  13% ] [90m[1m_update_scan_actions[22m | emo_im_sad.png[39m[0m
[  13% ] [90m[1m_update_scan_actions[22m | emo_im_surprised.png[39m[0m
[  13% ] [90m[1m_update_scan_actions[22m | emo_im_tongue_sticking_out.png[39m[0m
[  13% ] [90m[1m_update_scan_actions[22m | emo_im_undecided.png[39m[0m
[  13% ] [90m[1m_update_scan_actions[22m | emo_im_winking.png[39m[0m
[  13% ] [90m[1m_update_scan_actions[22m | emo_im_wtf.png[39m[0m
[  13% ] [90m[1m_update_scan_actions[22m | emo_im_yelling.png[39m[0m
[  13% ] [90m[1m_update_scan_actions[22m | expander_close_holo_dark.9.png[39m[0m
[  13% ] [90m[1m_update_scan_actions[22m | expander_close_holo_light.9.png[39m[0m
[  13% ] [90m[1m_update_scan_actions[22m | expander_close_mtrl_alpha.9.png[39m[0m
[  13% ] [90m[1m_update_scan_actions[22m | expander_ic_maximized.9.png[39m[0m
[  13% ] [90m[1m_update_scan_actions[22m | expander_ic_minimized.9.png[39m[0m
[  13% ] [90m[1m_update_scan_actions[22m | expander_open_holo_dark.9.png[39m[0m
[  13% ] [90m[1m_update_scan_actions[22m | expander_open_holo_light.9.png[39m[0m
[  13% ] [90m[1m_update_scan_actions[22m | expander_open_mtrl_alpha.9.png[39m[0m
[  13% ] [90m[1m_update_scan_actions[22m | fastscroll_label_left_holo_dark.9.png[39m[0m
[  13% ] [90m[1m_update_scan_actions[22m | fastscroll_label_left_holo_light.9.png[39m[0m
[  13% ] [90m[1m_update_scan_actions[22m | fastscroll_label_right_holo_dark.9.png[39m[0m
[  13% ] [90m[1m_update_scan_actions[22m | fastscroll_label_right_holo_light.9.png[39m[0m
[  13% ] [90m[1m_update_scan_actions[22m | fastscroll_thumb_default_holo.png[39m[0m
[  13% ] [90m[1m_update_scan_actions[22m | fastscroll_thumb_pressed_holo.png[39m[0m
[  13% ] [90m[1m_update_scan_actions[22m | fastscroll_track_default_holo_dark.9.png[39m[0m
[  13% ] [90m[1m_update_scan_actions[22m | fastscroll_track_default_holo_light.9.png[39m[0m
[  13% ] [90m[1m_update_scan_actions[22m | fastscroll_track_pressed_holo_dark.9.png[39m[0m
[  13% ] [90m[1m_update_scan_actions[22m | fastscroll_track_pressed_holo_light.9.png[39m[0m
[  13% ] [90m[1m_update_scan_actions[22m | focused_application_background_static.png[39m[0m
[  13% ] [90m[1m_update_scan_actions[22m | frame_gallery_thumb.9.png[39m[0m
[  13% ] [90m[1m_update_scan_actions[22m | frame_gallery_thumb_pressed.9.png[39m[0m
[  13% ] [90m[1m_update_scan_actions[22m | frame_gallery_thumb_selected.9.png[39m[0m
[  13% ] [90m[1m_update_scan_actions[22m | gallery_selected_default.9.png[39m[0m
[  13% ] [90m[1m_update_scan_actions[22m | gallery_selected_focused.9.png[39m[0m
[  13% ] [90m[1m_update_scan_actions[22m | gallery_selected_pressed.9.png[39m[0m
[  13% ] [90m[1m_update_scan_actions[22m | gallery_unselected_default.9.png[39m[0m
[  13% ] [90m[1m_update_scan_actions[22m | gallery_unselected_pressed.9.png[39m[0m
[  13% ] [90m[1m_update_scan_actions[22m | grid_selector_background_focus.9.png[39m[0m
[  13% ] [90m[1m_update_scan_actions[22m | grid_selector_background_pressed.9.png[39m[0m
[  13% ] [90m[1m_update_scan_actions[22m | highlight_disabled.9.png[39m[0m
[  13% ] [90m[1m_update_scan_actions[22m | highlight_pressed.9.png[39m[0m
[  13% ] [90m[1m_update_scan_actions[22m | highlight_selected.9.png[39m[0m
[  13% ] [90m[1m_update_scan_actions[22m | icon_highlight_rectangle.9.png[39m[0m
[  13% ] [90m[1m_update_scan_actions[22m | icon_highlight_square.9.png[39m[0m
[  13% ] [90m[1m_update_scan_actions[22m | ic_ab_back_holo_dark_am.png[39m[0m
[  13% ] [90m[1m_update_scan_actions[22m | ic_ab_back_holo_light_am.png[39m[0m
[  13% ] [90m[1m_update_scan_actions[22m | ic_action_assist_focused.png[39m[0m
[  13% ] [90m[1m_update_scan_actions[22m | ic_aggregated.png[39m[0m
[  13% ] [90m[1m_update_scan_actions[22m | ic_audio_notification_am_alpha.png[39m[0m
[  13% ] [90m[1m_update_scan_actions[22m | ic_audio_notification_mute_am_alpha.png[39m[0m
[  13% ] [90m[1m_update_scan_actions[22m | ic_btn_round_more_disabled.png[39m[0m
[  13% ] [90m[1m_update_scan_actions[22m | ic_btn_round_more_normal.png[39m[0m
[  13% ] [90m[1m_update_scan_actions[22m | ic_btn_search_go.png[39m[0m
[  13% ] [90m[1m_update_scan_actions[22m | ic_btn_speak_now.png[39m[0m
[  13% ] [90m[1m_update_scan_actions[22m | ic_btn_square_browser_zoom_fit_page_disabled.png[39m[0m
[  13% ] [90m[1m_update_scan_actions[22m | ic_btn_square_browser_zoom_fit_page_normal.png[39m[0m
[  14% ] [90m[1m_update_scan_actions[22m | ic_btn_square_browser_zoom_page_overview_disabled.png[39m[0m
[  14% ] [90m[1m_update_scan_actions[22m | ic_btn_square_browser_zoom_page_overview_normal.png[39m[0m
[  14% ] [90m[1m_update_scan_actions[22m | ic_bullet_key_permission.png[39m[0m
[  14% ] [90m[1m_update_scan_actions[22m | ic_cab_done_holo.png[39m[0m
[  14% ] [90m[1m_update_scan_actions[22m | ic_cab_done_holo_dark.png[39m[0m
[  14% ] [90m[1m_update_scan_actions[22m | ic_cab_done_holo_light.png[39m[0m
[  14% ] [90m[1m_update_scan_actions[22m | ic_cab_done_mtrl_alpha.png[39m[0m
[  14% ] [90m[1m_update_scan_actions[22m | ic_checkmark_holo_light.png[39m[0m
[  14% ] [90m[1m_update_scan_actions[22m | ic_clear_disabled.png[39m[0m
[  14% ] [90m[1m_update_scan_actions[22m | ic_clear_mtrl_alpha.png[39m[0m
[  14% ] [90m[1m_update_scan_actions[22m | ic_clear_normal.png[39m[0m
[  14% ] [90m[1m_update_scan_actions[22m | ic_clear_search_api_disabled_holo_dark.png[39m[0m
[  14% ] [90m[1m_update_scan_actions[22m | ic_clear_search_api_disabled_holo_light.png[39m[0m
[  14% ] [90m[1m_update_scan_actions[22m | ic_clear_search_api_holo_dark.png[39m[0m
[  14% ] [90m[1m_update_scan_actions[22m | ic_clear_search_api_holo_light.png[39m[0m
[  14% ] [90m[1m_update_scan_actions[22m | ic_coins_l.png[39m[0m
[  14% ] [90m[1m_update_scan_actions[22m | ic_coins_s.png[39m[0m
[  14% ] [90m[1m_update_scan_actions[22m | ic_commit_search_api_holo_dark.png[39m[0m
[  14% ] [90m[1m_update_scan_actions[22m | ic_commit_search_api_holo_light.png[39m[0m
[  14% ] [90m[1m_update_scan_actions[22m | ic_commit_search_api_mtrl_alpha.png[39m[0m
[  14% ] [90m[1m_update_scan_actions[22m | ic_contact_picture.png[39m[0m
[  14% ] [90m[1m_update_scan_actions[22m | ic_contact_picture_2.png[39m[0m
[  14% ] [90m[1m_update_scan_actions[22m | ic_contact_picture_3.png[39m[0m
[  14% ] [90m[1m_update_scan_actions[22m | ic_delete.png[39m[0m
[  14% ] [90m[1m_update_scan_actions[22m | ic_dialog_alert.png[39m[0m
[  14% ] [90m[1m_update_scan_actions[22m | ic_dialog_alert_holo_dark.png[39m[0m
[  14% ] [90m[1m_update_scan_actions[22m | ic_dialog_alert_holo_light.png[39m[0m
[  14% ] [90m[1m_update_scan_actions[22m | ic_dialog_close_normal_holo.png[39m[0m
[  14% ] [90m[1m_update_scan_actions[22m | ic_dialog_close_pressed_holo.png[39m[0m
[  14% ] [90m[1m_update_scan_actions[22m | ic_dialog_dialer.png[39m[0m
[  14% ] [90m[1m_update_scan_actions[22m | ic_dialog_email.png[39m[0m
[  14% ] [90m[1m_update_scan_actions[22m | ic_dialog_focused_holo.png[39m[0m
[  14% ] [90m[1m_update_scan_actions[22m | ic_dialog_info.png[39m[0m
[  14% ] [90m[1m_update_scan_actions[22m | ic_dialog_map.png[39m[0m
[  14% ] [90m[1m_update_scan_actions[22m | ic_dialog_time.png[39m[0m
[  14% ] [90m[1m_update_scan_actions[22m | ic_dialog_usb.png[39m[0m
[  14% ] [90m[1m_update_scan_actions[22m | ic_emergency.png[39m[0m
[  14% ] [90m[1m_update_scan_actions[22m | ic_find_next_holo_dark.png[39m[0m
[  14% ] [90m[1m_update_scan_actions[22m | ic_find_next_holo_light.png[39m[0m
[  14% ] [90m[1m_update_scan_actions[22m | ic_find_next_mtrl_alpha.png[39m[0m
[  14% ] [90m[1m_update_scan_actions[22m | ic_find_previous_holo_dark.png[39m[0m
[  14% ] [90m[1m_update_scan_actions[22m | ic_find_previous_holo_light.png[39m[0m
[  14% ] [90m[1m_update_scan_actions[22m | ic_find_previous_mtrl_alpha.png[39m[0m
[  14% ] [90m[1m_update_scan_actions[22m | ic_go.png[39m[0m
[  14% ] [90m[1m_update_scan_actions[22m | ic_go_search_api_holo_dark.png[39m[0m
[  14% ] [90m[1m_update_scan_actions[22m | ic_go_search_api_holo_light.png[39m[0m
[  14% ] [90m[1m_update_scan_actions[22m | ic_input_add.png[39m[0m
[  14% ] [90m[1m_update_scan_actions[22m | ic_input_delete.png[39m[0m
[  14% ] [90m[1m_update_scan_actions[22m | ic_input_get.png[39m[0m
[  14% ] [90m[1m_update_scan_actions[22m | ic_jog_dial_answer.png[39m[0m
[  14% ] [90m[1m_update_scan_actions[22m | ic_jog_dial_answer_and_end.png[39m[0m
[  14% ] [90m[1m_update_scan_actions[22m | ic_jog_dial_answer_and_hold.png[39m[0m
[  14% ] [90m[1m_update_scan_actions[22m | ic_jog_dial_decline.png[39m[0m
[  14% ] [90m[1m_update_scan_actions[22m | ic_jog_dial_sound_off.png[39m[0m
[  14% ] [90m[1m_update_scan_actions[22m | ic_jog_dial_sound_on.png[39m[0m
[  14% ] [90m[1m_update_scan_actions[22m | ic_jog_dial_unlock.png[39m[0m
[  14% ] [90m[1m_update_scan_actions[22m | ic_jog_dial_vibrate_on.png[39m[0m
[  14% ] [90m[1m_update_scan_actions[22m | ic_launcher_android.png[39m[0m
[  14% ] [90m[1m_update_scan_actions[22m | ic_lockscreen_handle_pressed.png[39m[0m
[  14% ] [90m[1m_update_scan_actions[22m | ic_lock_airplane_mode_alpha.png[39m[0m
[  14% ] [90m[1m_update_scan_actions[22m | ic_lock_airplane_mode_off_am_alpha.png[39m[0m
[  14% ] [90m[1m_update_scan_actions[22m | ic_lock_idle_alarm_alpha.png[39m[0m
[  14% ] [90m[1m_update_scan_actions[22m | ic_lock_idle_charging.png[39m[0m
[  14% ] [90m[1m_update_scan_actions[22m | ic_lock_idle_lock.png[39m[0m
[  14% ] [90m[1m_update_scan_actions[22m | ic_lock_idle_low_battery.png[39m[0m
[  14% ] [90m[1m_update_scan_actions[22m | ic_lock_lock_alpha.png[39m[0m
[  14% ] [90m[1m_update_scan_actions[22m | ic_lock_open_wht_24dp.png[39m[0m
[  14% ] [90m[1m_update_scan_actions[22m | ic_lock_outline_wht_24dp.png[39m[0m
[  15% ] [90m[1m_update_scan_actions[22m | ic_lock_power_off_alpha.png[39m[0m
[  15% ] [90m[1m_update_scan_actions[22m | ic_lock_ringer_off_alpha.png[39m[0m
[  15% ] [90m[1m_update_scan_actions[22m | ic_lock_ringer_on_alpha.png[39m[0m
[  15% ] [90m[1m_update_scan_actions[22m | ic_lock_silent_mode.png[39m[0m
[  15% ] [90m[1m_update_scan_actions[22m | ic_lock_silent_mode_off.png[39m[0m
[  15% ] [90m[1m_update_scan_actions[22m | ic_lock_silent_mode_vibrate.png[39m[0m
[  15% ] [90m[1m_update_scan_actions[22m | ic_maps_indicator_current_position.png[39m[0m
[  15% ] [90m[1m_update_scan_actions[22m | ic_maps_indicator_current_position_anim1.png[39m[0m
[  15% ] [90m[1m_update_scan_actions[22m | ic_maps_indicator_current_position_anim2.png[39m[0m
[  15% ] [90m[1m_update_scan_actions[22m | ic_maps_indicator_current_position_anim3.png[39m[0m
[  15% ] [90m[1m_update_scan_actions[22m | ic_media_embed_play.png[39m[0m
[  15% ] [90m[1m_update_scan_actions[22m | ic_media_ff.png[39m[0m
[  15% ] [90m[1m_update_scan_actions[22m | ic_media_fullscreen.png[39m[0m
[  15% ] [90m[1m_update_scan_actions[22m | ic_media_next.png[39m[0m
[  15% ] [90m[1m_update_scan_actions[22m | ic_media_pause.png[39m[0m
[  15% ] [90m[1m_update_scan_actions[22m | ic_media_play.png[39m[0m
[  15% ] [90m[1m_update_scan_actions[22m | ic_media_previous.png[39m[0m
[  15% ] [90m[1m_update_scan_actions[22m | ic_media_rew.png[39m[0m
[  15% ] [90m[1m_update_scan_actions[22m | ic_media_route_connected_dark_00_mtrl.png[39m[0m
[  15% ] [90m[1m_update_scan_actions[22m | ic_media_route_connected_dark_01_mtrl.png[39m[0m
[  15% ] [90m[1m_update_scan_actions[22m | ic_media_route_connected_dark_02_mtrl.png[39m[0m
[  15% ] [90m[1m_update_scan_actions[22m | ic_media_route_connected_dark_03_mtrl.png[39m[0m
[  15% ] [90m[1m_update_scan_actions[22m | ic_media_route_connected_dark_04_mtrl.png[39m[0m
[  15% ] [90m[1m_update_scan_actions[22m | ic_media_route_connected_dark_05_mtrl.png[39m[0m
[  15% ] [90m[1m_update_scan_actions[22m | ic_media_route_connected_dark_06_mtrl.png[39m[0m
[  15% ] [90m[1m_update_scan_actions[22m | ic_media_route_connected_dark_07_mtrl.png[39m[0m
[  15% ] [90m[1m_update_scan_actions[22m | ic_media_route_connected_dark_08_mtrl.png[39m[0m
[  15% ] [90m[1m_update_scan_actions[22m | ic_media_route_connected_dark_09_mtrl.png[39m[0m
[  15% ] [90m[1m_update_scan_actions[22m | ic_media_route_connected_dark_10_mtrl.png[39m[0m
[  15% ] [90m[1m_update_scan_actions[22m | ic_media_route_connected_dark_11_mtrl.png[39m[0m
[  15% ] [90m[1m_update_scan_actions[22m | ic_media_route_connected_dark_12_mtrl.png[39m[0m
[  15% ] [90m[1m_update_scan_actions[22m | ic_media_route_connected_dark_13_mtrl.png[39m[0m
[  15% ] [90m[1m_update_scan_actions[22m | ic_media_route_connected_dark_14_mtrl.png[39m[0m
[  15% ] [90m[1m_update_scan_actions[22m | ic_media_route_connected_dark_15_mtrl.png[39m[0m
[  15% ] [90m[1m_update_scan_actions[22m | ic_media_route_connected_dark_16_mtrl.png[39m[0m
[  15% ] [90m[1m_update_scan_actions[22m | ic_media_route_connected_dark_17_mtrl.png[39m[0m
[  15% ] [90m[1m_update_scan_actions[22m | ic_media_route_connected_dark_18_mtrl.png[39m[0m
[  15% ] [90m[1m_update_scan_actions[22m | ic_media_route_connected_dark_19_mtrl.png[39m[0m
[  15% ] [90m[1m_update_scan_actions[22m | ic_media_route_connected_dark_20_mtrl.png[39m[0m
[  15% ] [90m[1m_update_scan_actions[22m | ic_media_route_connected_dark_21_mtrl.png[39m[0m
[  15% ] [90m[1m_update_scan_actions[22m | ic_media_route_connected_dark_22_mtrl.png[39m[0m
[  15% ] [90m[1m_update_scan_actions[22m | ic_media_route_connected_dark_23_mtrl.png[39m[0m
[  15% ] [90m[1m_update_scan_actions[22m | ic_media_route_connected_dark_24_mtrl.png[39m[0m
[  15% ] [90m[1m_update_scan_actions[22m | ic_media_route_connected_dark_25_mtrl.png[39m[0m
[  15% ] [90m[1m_update_scan_actions[22m | ic_media_route_connected_dark_26_mtrl.png[39m[0m
[  15% ] [90m[1m_update_scan_actions[22m | ic_media_route_connected_dark_27_mtrl.png[39m[0m
[  15% ] [90m[1m_update_scan_actions[22m | ic_media_route_connected_dark_28_mtrl.png[39m[0m
[  15% ] [90m[1m_update_scan_actions[22m | ic_media_route_connected_dark_29_mtrl.png[39m[0m
[  15% ] [90m[1m_update_scan_actions[22m | ic_media_route_connected_dark_30_mtrl.png[39m[0m
[  15% ] [90m[1m_update_scan_actions[22m | ic_media_route_connected_light_00_mtrl.png[39m[0m
[  15% ] [90m[1m_update_scan_actions[22m | ic_media_route_connected_light_01_mtrl.png[39m[0m
[  15% ] [90m[1m_update_scan_actions[22m | ic_media_route_connected_light_02_mtrl.png[39m[0m
[  15% ] [90m[1m_update_scan_actions[22m | ic_media_route_connected_light_03_mtrl.png[39m[0m
[  15% ] [90m[1m_update_scan_actions[22m | ic_media_route_connected_light_04_mtrl.png[39m[0m
[  15% ] [90m[1m_update_scan_actions[22m | ic_media_route_connected_light_05_mtrl.png[39m[0m
[  15% ] [90m[1m_update_scan_actions[22m | ic_media_route_connected_light_06_mtrl.png[39m[0m
[  15% ] [90m[1m_update_scan_actions[22m | ic_media_route_connected_light_07_mtrl.png[39m[0m
[  15% ] [90m[1m_update_scan_actions[22m | ic_media_route_connected_light_08_mtrl.png[39m[0m
[  15% ] [90m[1m_update_scan_actions[22m | ic_media_route_connected_light_09_mtrl.png[39m[0m
[  15% ] [90m[1m_update_scan_actions[22m | ic_media_route_connected_light_10_mtrl.png[39m[0m
[  15% ] [90m[1m_update_scan_actions[22m | ic_media_route_connected_light_11_mtrl.png[39m[0m
[  15% ] [90m[1m_update_scan_actions[22m | ic_media_route_connected_light_12_mtrl.png[39m[0m
[  15% ] [90m[1m_update_scan_actions[22m | ic_media_route_connected_light_13_mtrl.png[39m[0m
[  15% ] [90m[1m_update_scan_actions[22m | ic_media_route_connected_light_14_mtrl.png[39m[0m
[  15% ] [90m[1m_update_scan_actions[22m | ic_media_route_connected_light_15_mtrl.png[39m[0m
[  15% ] [90m[1m_update_scan_actions[22m | ic_media_route_connected_light_16_mtrl.png[39m[0m
[  15% ] [90m[1m_update_scan_actions[22m | ic_media_route_connected_light_17_mtrl.png[39m[0m
[  15% ] [90m[1m_update_scan_actions[22m | ic_media_route_connected_light_18_mtrl.png[39m[0m
[  15% ] [90m[1m_update_scan_actions[22m | ic_media_route_connected_light_19_mtrl.png[39m[0m
[  16% ] [90m[1m_update_scan_actions[22m | ic_media_route_connected_light_20_mtrl.png[39m[0m
[  16% ] [90m[1m_update_scan_actions[22m | ic_media_route_connected_light_21_mtrl.png[39m[0m
[  16% ] [90m[1m_update_scan_actions[22m | ic_media_route_connected_light_22_mtrl.png[39m[0m
[  16% ] [90m[1m_update_scan_actions[22m | ic_media_route_connected_light_23_mtrl.png[39m[0m
[  16% ] [90m[1m_update_scan_actions[22m | ic_media_route_connected_light_24_mtrl.png[39m[0m
[  16% ] [90m[1m_update_scan_actions[22m | ic_media_route_connected_light_25_mtrl.png[39m[0m
[  16% ] [90m[1m_update_scan_actions[22m | ic_media_route_connected_light_26_mtrl.png[39m[0m
[  16% ] [90m[1m_update_scan_actions[22m | ic_media_route_connected_light_27_mtrl.png[39m[0m
[  16% ] [90m[1m_update_scan_actions[22m | ic_media_route_connected_light_28_mtrl.png[39m[0m
[  16% ] [90m[1m_update_scan_actions[22m | ic_media_route_connected_light_29_mtrl.png[39m[0m
[  16% ] [90m[1m_update_scan_actions[22m | ic_media_route_connected_light_30_mtrl.png[39m[0m
[  16% ] [90m[1m_update_scan_actions[22m | ic_media_route_connecting_dark_00_mtrl.png[39m[0m
[  16% ] [90m[1m_update_scan_actions[22m | ic_media_route_connecting_dark_01_mtrl.png[39m[0m
[  16% ] [90m[1m_update_scan_actions[22m | ic_media_route_connecting_dark_02_mtrl.png[39m[0m
[  16% ] [90m[1m_update_scan_actions[22m | ic_media_route_connecting_dark_03_mtrl.png[39m[0m
[  16% ] [90m[1m_update_scan_actions[22m | ic_media_route_connecting_dark_04_mtrl.png[39m[0m
[  16% ] [90m[1m_update_scan_actions[22m | ic_media_route_connecting_dark_05_mtrl.png[39m[0m
[  16% ] [90m[1m_update_scan_actions[22m | ic_media_route_connecting_dark_06_mtrl.png[39m[0m
[  16% ] [90m[1m_update_scan_actions[22m | ic_media_route_connecting_dark_07_mtrl.png[39m[0m
[  16% ] [90m[1m_update_scan_actions[22m | ic_media_route_connecting_dark_08_mtrl.png[39m[0m
[  16% ] [90m[1m_update_scan_actions[22m | ic_media_route_connecting_dark_09_mtrl.png[39m[0m
[  16% ] [90m[1m_update_scan_actions[22m | ic_media_route_connecting_dark_10_mtrl.png[39m[0m
[  16% ] [90m[1m_update_scan_actions[22m | ic_media_route_connecting_dark_11_mtrl.png[39m[0m
[  16% ] [90m[1m_update_scan_actions[22m | ic_media_route_connecting_dark_12_mtrl.png[39m[0m
[  16% ] [90m[1m_update_scan_actions[22m | ic_media_route_connecting_dark_13_mtrl.png[39m[0m
[  16% ] [90m[1m_update_scan_actions[22m | ic_media_route_connecting_dark_14_mtrl.png[39m[0m
[  16% ] [90m[1m_update_scan_actions[22m | ic_media_route_connecting_dark_15_mtrl.png[39m[0m
[  16% ] [90m[1m_update_scan_actions[22m | ic_media_route_connecting_dark_16_mtrl.png[39m[0m
[  16% ] [90m[1m_update_scan_actions[22m | ic_media_route_connecting_dark_17_mtrl.png[39m[0m
[  16% ] [90m[1m_update_scan_actions[22m | ic_media_route_connecting_dark_18_mtrl.png[39m[0m
[  16% ] [90m[1m_update_scan_actions[22m | ic_media_route_connecting_dark_19_mtrl.png[39m[0m
[  16% ] [90m[1m_update_scan_actions[22m | ic_media_route_connecting_dark_20_mtrl.png[39m[0m
[  16% ] [90m[1m_update_scan_actions[22m | ic_media_route_connecting_dark_21_mtrl.png[39m[0m
[  16% ] [90m[1m_update_scan_actions[22m | ic_media_route_connecting_dark_22_mtrl.png[39m[0m
[  16% ] [90m[1m_update_scan_actions[22m | ic_media_route_connecting_dark_23_mtrl.png[39m[0m
[  16% ] [90m[1m_update_scan_actions[22m | ic_media_route_connecting_dark_24_mtrl.png[39m[0m
[  16% ] [90m[1m_update_scan_actions[22m | ic_media_route_connecting_dark_25_mtrl.png[39m[0m
[  16% ] [90m[1m_update_scan_actions[22m | ic_media_route_connecting_dark_26_mtrl.png[39m[0m
[  16% ] [90m[1m_update_scan_actions[22m | ic_media_route_connecting_dark_27_mtrl.png[39m[0m
[  16% ] [90m[1m_update_scan_actions[22m | ic_media_route_connecting_dark_28_mtrl.png[39m[0m
[  16% ] [90m[1m_update_scan_actions[22m | ic_media_route_connecting_dark_29_mtrl.png[39m[0m
[  16% ] [90m[1m_update_scan_actions[22m | ic_media_route_connecting_dark_30_mtrl.png[39m[0m
[  16% ] [90m[1m_update_scan_actions[22m | ic_media_route_connecting_light_00_mtrl.png[39m[0m
[  16% ] [90m[1m_update_scan_actions[22m | ic_media_route_connecting_light_01_mtrl.png[39m[0m
[  16% ] [90m[1m_update_scan_actions[22m | ic_media_route_connecting_light_02_mtrl.png[39m[0m
[  16% ] [90m[1m_update_scan_actions[22m | ic_media_route_connecting_light_03_mtrl.png[39m[0m
[  16% ] [90m[1m_update_scan_actions[22m | ic_media_route_connecting_light_04_mtrl.png[39m[0m
[  16% ] [90m[1m_update_scan_actions[22m | ic_media_route_connecting_light_05_mtrl.png[39m[0m
[  16% ] [90m[1m_update_scan_actions[22m | ic_media_route_connecting_light_06_mtrl.png[39m[0m
[  16% ] [90m[1m_update_scan_actions[22m | ic_media_route_connecting_light_07_mtrl.png[39m[0m
[  16% ] [90m[1m_update_scan_actions[22m | ic_media_route_connecting_light_08_mtrl.png[39m[0m
[  16% ] [90m[1m_update_scan_actions[22m | ic_media_route_connecting_light_09_mtrl.png[39m[0m
[  16% ] [90m[1m_update_scan_actions[22m | ic_media_route_connecting_light_10_mtrl.png[39m[0m
[  16% ] [90m[1m_update_scan_actions[22m | ic_media_route_connecting_light_11_mtrl.png[39m[0m
[  16% ] [90m[1m_update_scan_actions[22m | ic_media_route_connecting_light_12_mtrl.png[39m[0m
[  16% ] [90m[1m_update_scan_actions[22m | ic_media_route_connecting_light_13_mtrl.png[39m[0m
[  16% ] [90m[1m_update_scan_actions[22m | ic_media_route_connecting_light_14_mtrl.png[39m[0m
[  16% ] [90m[1m_update_scan_actions[22m | ic_media_route_connecting_light_15_mtrl.png[39m[0m
[  16% ] [90m[1m_update_scan_actions[22m | ic_media_route_connecting_light_16_mtrl.png[39m[0m
[  16% ] [90m[1m_update_scan_actions[22m | ic_media_route_connecting_light_17_mtrl.png[39m[0m
[  16% ] [90m[1m_update_scan_actions[22m | ic_media_route_connecting_light_18_mtrl.png[39m[0m
[  16% ] [90m[1m_update_scan_actions[22m | ic_media_route_connecting_light_19_mtrl.png[39m[0m
[  16% ] [90m[1m_update_scan_actions[22m | ic_media_route_connecting_light_20_mtrl.png[39m[0m
[  16% ] [90m[1m_update_scan_actions[22m | ic_media_route_connecting_light_21_mtrl.png[39m[0m
[  16% ] [90m[1m_update_scan_actions[22m | ic_media_route_connecting_light_22_mtrl.png[39m[0m
[  16% ] [90m[1m_update_scan_actions[22m | ic_media_route_connecting_light_23_mtrl.png[39m[0m
[  16% ] [90m[1m_update_scan_actions[22m | ic_media_route_connecting_light_24_mtrl.png[39m[0m
[  16% ] [90m[1m_update_scan_actions[22m | ic_media_route_connecting_light_25_mtrl.png[39m[0m
[  17% ] [90m[1m_update_scan_actions[22m | ic_media_route_connecting_light_26_mtrl.png[39m[0m
[  17% ] [90m[1m_update_scan_actions[22m | ic_media_route_connecting_light_27_mtrl.png[39m[0m
[  17% ] [90m[1m_update_scan_actions[22m | ic_media_route_connecting_light_28_mtrl.png[39m[0m
[  17% ] [90m[1m_update_scan_actions[22m | ic_media_route_connecting_light_29_mtrl.png[39m[0m
[  17% ] [90m[1m_update_scan_actions[22m | ic_media_route_connecting_light_30_mtrl.png[39m[0m
[  17% ] [90m[1m_update_scan_actions[22m | ic_media_route_disabled_holo_dark.png[39m[0m
[  17% ] [90m[1m_update_scan_actions[22m | ic_media_route_disabled_holo_light.png[39m[0m
[  17% ] [90m[1m_update_scan_actions[22m | ic_media_route_disabled_mtrl_alpha.png[39m[0m
[  17% ] [90m[1m_update_scan_actions[22m | ic_media_route_off_dark_mtrl.png[39m[0m
[  17% ] [90m[1m_update_scan_actions[22m | ic_media_route_off_holo_dark.png[39m[0m
[  17% ] [90m[1m_update_scan_actions[22m | ic_media_route_off_holo_light.png[39m[0m
[  17% ] [90m[1m_update_scan_actions[22m | ic_media_route_off_light_mtrl.png[39m[0m
[  17% ] [90m[1m_update_scan_actions[22m | ic_media_route_on_0_holo_dark.png[39m[0m
[  17% ] [90m[1m_update_scan_actions[22m | ic_media_route_on_0_holo_light.png[39m[0m
[  17% ] [90m[1m_update_scan_actions[22m | ic_media_route_on_1_holo_dark.png[39m[0m
[  17% ] [90m[1m_update_scan_actions[22m | ic_media_route_on_1_holo_light.png[39m[0m
[  17% ] [90m[1m_update_scan_actions[22m | ic_media_route_on_2_holo_dark.png[39m[0m
[  17% ] [90m[1m_update_scan_actions[22m | ic_media_route_on_2_holo_light.png[39m[0m
[  17% ] [90m[1m_update_scan_actions[22m | ic_media_route_on_holo_dark.png[39m[0m
[  17% ] [90m[1m_update_scan_actions[22m | ic_media_route_on_holo_light.png[39m[0m
[  17% ] [90m[1m_update_scan_actions[22m | ic_media_stop.png[39m[0m
[  17% ] [90m[1m_update_scan_actions[22m | ic_media_video_poster.png[39m[0m
[  17% ] [90m[1m_update_scan_actions[22m | ic_menu_account_list.png[39m[0m
[  17% ] [90m[1m_update_scan_actions[22m | ic_menu_add.png[39m[0m
[  17% ] [90m[1m_update_scan_actions[22m | ic_menu_agenda.png[39m[0m
[  17% ] [90m[1m_update_scan_actions[22m | ic_menu_allfriends.png[39m[0m
[  17% ] [90m[1m_update_scan_actions[22m | ic_menu_always_landscape_portrait.png[39m[0m
[  17% ] [90m[1m_update_scan_actions[22m | ic_menu_archive.png[39m[0m
[  17% ] [90m[1m_update_scan_actions[22m | ic_menu_attachment.png[39m[0m
[  17% ] [90m[1m_update_scan_actions[22m | ic_menu_back.png[39m[0m
[  17% ] [90m[1m_update_scan_actions[22m | ic_menu_block.png[39m[0m
[  17% ] [90m[1m_update_scan_actions[22m | ic_menu_blocked_user.png[39m[0m
[  17% ] [90m[1m_update_scan_actions[22m | ic_menu_btn_add.png[39m[0m
[  17% ] [90m[1m_update_scan_actions[22m | ic_menu_call.png[39m[0m
[  17% ] [90m[1m_update_scan_actions[22m | ic_menu_camera.png[39m[0m
[  17% ] [90m[1m_update_scan_actions[22m | ic_menu_cc_am.png[39m[0m
[  17% ] [90m[1m_update_scan_actions[22m | ic_menu_chat_dashboard.png[39m[0m
[  17% ] [90m[1m_update_scan_actions[22m | ic_menu_clear_playlist.png[39m[0m
[  17% ] [90m[1m_update_scan_actions[22m | ic_menu_close_clear_cancel.png[39m[0m
[  17% ] [90m[1m_update_scan_actions[22m | ic_menu_compass.png[39m[0m
[  17% ] [90m[1m_update_scan_actions[22m | ic_menu_compose.png[39m[0m
[  17% ] [90m[1m_update_scan_actions[22m | ic_menu_copy.png[39m[0m
[  17% ] [90m[1m_update_scan_actions[22m | ic_menu_copy_holo_dark.png[39m[0m
[  17% ] [90m[1m_update_scan_actions[22m | ic_menu_copy_holo_light.png[39m[0m
[  17% ] [90m[1m_update_scan_actions[22m | ic_menu_crop.png[39m[0m
[  17% ] [90m[1m_update_scan_actions[22m | ic_menu_cut.png[39m[0m
[  17% ] [90m[1m_update_scan_actions[22m | ic_menu_cut_holo_dark.png[39m[0m
[  17% ] [90m[1m_update_scan_actions[22m | ic_menu_cut_holo_light.png[39m[0m
[  17% ] [90m[1m_update_scan_actions[22m | ic_menu_day.png[39m[0m
[  17% ] [90m[1m_update_scan_actions[22m | ic_menu_delete.png[39m[0m
[  17% ] [90m[1m_update_scan_actions[22m | ic_menu_directions.png[39m[0m
[  17% ] [90m[1m_update_scan_actions[22m | ic_menu_edit.png[39m[0m
[  17% ] [90m[1m_update_scan_actions[22m | ic_menu_emoticons.png[39m[0m
[  17% ] [90m[1m_update_scan_actions[22m | ic_menu_end_conversation.png[39m[0m
[  17% ] [90m[1m_update_scan_actions[22m | ic_menu_find.png[39m[0m
[  17% ] [90m[1m_update_scan_actions[22m | ic_menu_find_holo_dark.png[39m[0m
[  17% ] [90m[1m_update_scan_actions[22m | ic_menu_find_holo_light.png[39m[0m
[  17% ] [90m[1m_update_scan_actions[22m | ic_menu_find_mtrl_alpha.png[39m[0m
[  17% ] [90m[1m_update_scan_actions[22m | ic_menu_forward.png[39m[0m
[  17% ] [90m[1m_update_scan_actions[22m | ic_menu_friendslist.png[39m[0m
[  17% ] [90m[1m_update_scan_actions[22m | ic_menu_gallery.png[39m[0m
[  17% ] [90m[1m_update_scan_actions[22m | ic_menu_goto.png[39m[0m
[  17% ] [90m[1m_update_scan_actions[22m | ic_menu_help.png[39m[0m
[  17% ] [90m[1m_update_scan_actions[22m | ic_menu_help_holo_light.png[39m[0m
[  17% ] [90m[1m_update_scan_actions[22m | ic_menu_home.png[39m[0m
[  17% ] [90m[1m_update_scan_actions[22m | ic_menu_info_details.png[39m[0m
[  17% ] [90m[1m_update_scan_actions[22m | ic_menu_invite.png[39m[0m
[  17% ] [90m[1m_update_scan_actions[22m | ic_menu_login.png[39m[0m
[  17% ] [90m[1m_update_scan_actions[22m | ic_menu_manage.png[39m[0m
[  18% ] [90m[1m_update_scan_actions[22m | ic_menu_mapmode.png[39m[0m
[  18% ] [90m[1m_update_scan_actions[22m | ic_menu_mark.png[39m[0m
[  18% ] [90m[1m_update_scan_actions[22m | ic_menu_month.png[39m[0m
[  18% ] [90m[1m_update_scan_actions[22m | ic_menu_more.png[39m[0m
[  18% ] [90m[1m_update_scan_actions[22m | ic_menu_moreoverflow.png[39m[0m
[  18% ] [90m[1m_update_scan_actions[22m | ic_menu_moreoverflow_focused_holo_dark.png[39m[0m
[  18% ] [90m[1m_update_scan_actions[22m | ic_menu_moreoverflow_focused_holo_light.png[39m[0m
[  18% ] [90m[1m_update_scan_actions[22m | ic_menu_moreoverflow_normal_holo_dark.png[39m[0m
[  18% ] [90m[1m_update_scan_actions[22m | ic_menu_moreoverflow_normal_holo_light.png[39m[0m
[  18% ] [90m[1m_update_scan_actions[22m | ic_menu_mylocation.png[39m[0m
[  18% ] [90m[1m_update_scan_actions[22m | ic_menu_myplaces.png[39m[0m
[  18% ] [90m[1m_update_scan_actions[22m | ic_menu_my_calendar.png[39m[0m
[  18% ] [90m[1m_update_scan_actions[22m | ic_menu_notifications.png[39m[0m
[  18% ] [90m[1m_update_scan_actions[22m | ic_menu_paste.png[39m[0m
[  18% ] [90m[1m_update_scan_actions[22m | ic_menu_paste_holo_dark.png[39m[0m
[  18% ] [90m[1m_update_scan_actions[22m | ic_menu_paste_holo_light.png[39m[0m
[  18% ] [90m[1m_update_scan_actions[22m | ic_menu_play_clip.png[39m[0m
[  18% ] [90m[1m_update_scan_actions[22m | ic_menu_preferences.png[39m[0m
[  18% ] [90m[1m_update_scan_actions[22m | ic_menu_recent_history.png[39m[0m
[  18% ] [90m[1m_update_scan_actions[22m | ic_menu_report_image.png[39m[0m
[  18% ] [90m[1m_update_scan_actions[22m | ic_menu_revert.png[39m[0m
[  18% ] [90m[1m_update_scan_actions[22m | ic_menu_rotate.png[39m[0m
[  18% ] [90m[1m_update_scan_actions[22m | ic_menu_save.png[39m[0m
[  18% ] [90m[1m_update_scan_actions[22m | ic_menu_search.png[39m[0m
[  18% ] [90m[1m_update_scan_actions[22m | ic_menu_search_holo_dark.png[39m[0m
[  18% ] [90m[1m_update_scan_actions[22m | ic_menu_search_holo_light.png[39m[0m
[  18% ] [90m[1m_update_scan_actions[22m | ic_menu_search_mtrl_alpha.png[39m[0m
[  18% ] [90m[1m_update_scan_actions[22m | ic_menu_selectall_holo_dark.png[39m[0m
[  18% ] [90m[1m_update_scan_actions[22m | ic_menu_selectall_holo_light.png[39m[0m
[  18% ] [90m[1m_update_scan_actions[22m | ic_menu_send.png[39m[0m
[  18% ] [90m[1m_update_scan_actions[22m | ic_menu_settings_holo_light.png[39m[0m
[  18% ] [90m[1m_update_scan_actions[22m | ic_menu_set_as.png[39m[0m
[  18% ] [90m[1m_update_scan_actions[22m | ic_menu_share.png[39m[0m
[  18% ] [90m[1m_update_scan_actions[22m | ic_menu_share_holo_dark.png[39m[0m
[  18% ] [90m[1m_update_scan_actions[22m | ic_menu_share_holo_light.png[39m[0m
[  18% ] [90m[1m_update_scan_actions[22m | ic_menu_slideshow.png[39m[0m
[  18% ] [90m[1m_update_scan_actions[22m | ic_menu_sort_alphabetically.png[39m[0m
[  18% ] [90m[1m_update_scan_actions[22m | ic_menu_sort_by_size.png[39m[0m
[  18% ] [90m[1m_update_scan_actions[22m | ic_menu_star.png[39m[0m
[  18% ] [90m[1m_update_scan_actions[22m | ic_menu_start_conversation.png[39m[0m
[  18% ] [90m[1m_update_scan_actions[22m | ic_menu_stop.png[39m[0m
[  18% ] [90m[1m_update_scan_actions[22m | ic_menu_today.png[39m[0m
[  18% ] [90m[1m_update_scan_actions[22m | ic_menu_upload.png[39m[0m
[  18% ] [90m[1m_update_scan_actions[22m | ic_menu_upload_you_tube.png[39m[0m
[  18% ] [90m[1m_update_scan_actions[22m | ic_menu_view.png[39m[0m
[  18% ] [90m[1m_update_scan_actions[22m | ic_menu_week.png[39m[0m
[  18% ] [90m[1m_update_scan_actions[22m | ic_menu_zoom.png[39m[0m
[  18% ] [90m[1m_update_scan_actions[22m | ic_notification_cast_0.png[39m[0m
[  18% ] [90m[1m_update_scan_actions[22m | ic_notification_cast_1.png[39m[0m
[  18% ] [90m[1m_update_scan_actions[22m | ic_notification_cast_2.png[39m[0m
[  18% ] [90m[1m_update_scan_actions[22m | ic_notification_clear_all.png[39m[0m
[  18% ] [90m[1m_update_scan_actions[22m | ic_notification_overlay.9.png[39m[0m
[  18% ] [90m[1m_update_scan_actions[22m | ic_partial_secure.png[39m[0m
[  18% ] [90m[1m_update_scan_actions[22m | ic_popup_disk_full.png[39m[0m
[  18% ] [90m[1m_update_scan_actions[22m | ic_popup_reminder.png[39m[0m
[  18% ] [90m[1m_update_scan_actions[22m | ic_popup_sync_1.png[39m[0m
[  18% ] [90m[1m_update_scan_actions[22m | ic_popup_sync_2.png[39m[0m
[  18% ] [90m[1m_update_scan_actions[22m | ic_popup_sync_3.png[39m[0m
[  18% ] [90m[1m_update_scan_actions[22m | ic_popup_sync_4.png[39m[0m
[  18% ] [90m[1m_update_scan_actions[22m | ic_popup_sync_5.png[39m[0m
[  18% ] [90m[1m_update_scan_actions[22m | ic_popup_sync_6.png[39m[0m
[  18% ] [90m[1m_update_scan_actions[22m | ic_search.png[39m[0m
[  18% ] [90m[1m_update_scan_actions[22m | ic_search_api_holo_dark.png[39m[0m
[  18% ] [90m[1m_update_scan_actions[22m | ic_search_api_holo_light.png[39m[0m
[  18% ] [90m[1m_update_scan_actions[22m | ic_search_category_default.png[39m[0m
[  18% ] [90m[1m_update_scan_actions[22m | ic_secure.png[39m[0m
[  18% ] [90m[1m_update_scan_actions[22m | ic_settings.png[39m[0m
[  18% ] [90m[1m_update_scan_actions[22m | ic_settings_language.png[39m[0m
[  19% ] [90m[1m_update_scan_actions[22m | ic_sim_card_multi_24px_clr.png[39m[0m
[  19% ] [90m[1m_update_scan_actions[22m | ic_sim_card_multi_48px_clr.png[39m[0m
[  19% ] [90m[1m_update_scan_actions[22m | ic_star_black_16dp.png[39m[0m
[  19% ] [90m[1m_update_scan_actions[22m | ic_star_black_36dp.png[39m[0m
[  19% ] [90m[1m_update_scan_actions[22m | ic_star_black_48dp.png[39m[0m
[  19% ] [90m[1m_update_scan_actions[22m | ic_star_half_black_16dp.png[39m[0m
[  19% ] [90m[1m_update_scan_actions[22m | ic_star_half_black_36dp.png[39m[0m
[  19% ] [90m[1m_update_scan_actions[22m | ic_star_half_black_48dp.png[39m[0m
[  19% ] [90m[1m_update_scan_actions[22m | ic_sysbar_quicksettings.png[39m[0m
[  19% ] [90m[1m_update_scan_actions[22m | ic_vibrate.png[39m[0m
[  19% ] [90m[1m_update_scan_actions[22m | ic_vibrate_small.png[39m[0m
[  19% ] [90m[1m_update_scan_actions[22m | ic_voice_search.png[39m[0m
[  19% ] [90m[1m_update_scan_actions[22m | ic_voice_search_api_holo_dark.png[39m[0m
[  19% ] [90m[1m_update_scan_actions[22m | ic_voice_search_api_holo_light.png[39m[0m
[  19% ] [90m[1m_update_scan_actions[22m | ic_volume.png[39m[0m
[  19% ] [90m[1m_update_scan_actions[22m | ic_volume_bluetooth_ad2p.png[39m[0m
[  19% ] [90m[1m_update_scan_actions[22m | ic_volume_bluetooth_in_call.png[39m[0m
[  19% ] [90m[1m_update_scan_actions[22m | ic_volume_off.png[39m[0m
[  19% ] [90m[1m_update_scan_actions[22m | ic_volume_off_small.png[39m[0m
[  19% ] [90m[1m_update_scan_actions[22m | ic_volume_small.png[39m[0m
[  19% ] [90m[1m_update_scan_actions[22m | ime_qwerty.png[39m[0m
[  19% ] [90m[1m_update_scan_actions[22m | indicator_input_error.png[39m[0m
[  19% ] [90m[1m_update_scan_actions[22m | jog_dial_arrow_long_left_green.png[39m[0m
[  19% ] [90m[1m_update_scan_actions[22m | jog_dial_arrow_long_left_yellow.png[39m[0m
[  19% ] [90m[1m_update_scan_actions[22m | jog_dial_arrow_long_middle_yellow.png[39m[0m
[  19% ] [90m[1m_update_scan_actions[22m | jog_dial_arrow_long_right_red.png[39m[0m
[  19% ] [90m[1m_update_scan_actions[22m | jog_dial_arrow_long_right_yellow.png[39m[0m
[  19% ] [90m[1m_update_scan_actions[22m | jog_dial_arrow_short_left.png[39m[0m
[  19% ] [90m[1m_update_scan_actions[22m | jog_dial_arrow_short_left_and_right.png[39m[0m
[  19% ] [90m[1m_update_scan_actions[22m | jog_dial_arrow_short_right.png[39m[0m
[  19% ] [90m[1m_update_scan_actions[22m | jog_dial_bg.png[39m[0m
[  19% ] [90m[1m_update_scan_actions[22m | jog_dial_dimple.png[39m[0m
[  19% ] [90m[1m_update_scan_actions[22m | jog_dial_dimple_dim.png[39m[0m
[  19% ] [90m[1m_update_scan_actions[22m | jog_tab_bar_left_end_confirm_gray.9.png[39m[0m
[  19% ] [90m[1m_update_scan_actions[22m | jog_tab_bar_left_end_confirm_green.9.png[39m[0m
[  19% ] [90m[1m_update_scan_actions[22m | jog_tab_bar_left_end_confirm_red.9.png[39m[0m
[  19% ] [90m[1m_update_scan_actions[22m | jog_tab_bar_left_end_confirm_yellow.9.png[39m[0m
[  19% ] [90m[1m_update_scan_actions[22m | jog_tab_bar_left_end_normal.9.png[39m[0m
[  19% ] [90m[1m_update_scan_actions[22m | jog_tab_bar_left_end_pressed.9.png[39m[0m
[  19% ] [90m[1m_update_scan_actions[22m | jog_tab_bar_right_end_confirm_gray.9.png[39m[0m
[  19% ] [90m[1m_update_scan_actions[22m | jog_tab_bar_right_end_confirm_green.9.png[39m[0m
[  19% ] [90m[1m_update_scan_actions[22m | jog_tab_bar_right_end_confirm_red.9.png[39m[0m
[  19% ] [90m[1m_update_scan_actions[22m | jog_tab_bar_right_end_confirm_yellow.9.png[39m[0m
[  19% ] [90m[1m_update_scan_actions[22m | jog_tab_bar_right_end_normal.9.png[39m[0m
[  19% ] [90m[1m_update_scan_actions[22m | jog_tab_bar_right_end_pressed.9.png[39m[0m
[  19% ] [90m[1m_update_scan_actions[22m | jog_tab_left_confirm_gray.png[39m[0m
[  19% ] [90m[1m_update_scan_actions[22m | jog_tab_left_confirm_green.png[39m[0m
[  19% ] [90m[1m_update_scan_actions[22m | jog_tab_left_confirm_red.png[39m[0m
[  19% ] [90m[1m_update_scan_actions[22m | jog_tab_left_confirm_yellow.png[39m[0m
[  19% ] [90m[1m_update_scan_actions[22m | jog_tab_left_normal.png[39m[0m
[  19% ] [90m[1m_update_scan_actions[22m | jog_tab_left_pressed.png[39m[0m
[  19% ] [90m[1m_update_scan_actions[22m | jog_tab_right_confirm_gray.png[39m[0m
[  19% ] [90m[1m_update_scan_actions[22m | jog_tab_right_confirm_green.png[39m[0m
[  19% ] [90m[1m_update_scan_actions[22m | jog_tab_right_confirm_red.png[39m[0m
[  19% ] [90m[1m_update_scan_actions[22m | jog_tab_right_confirm_yellow.png[39m[0m
[  19% ] [90m[1m_update_scan_actions[22m | jog_tab_right_normal.png[39m[0m
[  19% ] [90m[1m_update_scan_actions[22m | jog_tab_right_pressed.png[39m[0m
[  19% ] [90m[1m_update_scan_actions[22m | jog_tab_target_gray.png[39m[0m
[  19% ] [90m[1m_update_scan_actions[22m | jog_tab_target_green.png[39m[0m
[  19% ] [90m[1m_update_scan_actions[22m | jog_tab_target_red.png[39m[0m
[  19% ] [90m[1m_update_scan_actions[22m | jog_tab_target_yellow.png[39m[0m
[  19% ] [90m[1m_update_scan_actions[22m | keyboard_accessory_bg_landscape.9.png[39m[0m
[  19% ] [90m[1m_update_scan_actions[22m | keyboard_background.9.png[39m[0m
[  19% ] [90m[1m_update_scan_actions[22m | keyboard_key_feedback_background.9.png[39m[0m
[  19% ] [90m[1m_update_scan_actions[22m | keyboard_key_feedback_more_background.9.png[39m[0m
[  19% ] [90m[1m_update_scan_actions[22m | keyboard_popup_panel_background.9.png[39m[0m
[  19% ] [90m[1m_update_scan_actions[22m | keyboard_popup_panel_trans_background.9.png[39m[0m
[  19% ] [90m[1m_update_scan_actions[22m | light_header.9.png[39m[0m
[  20% ] [90m[1m_update_scan_actions[22m | list_activated_holo.9.png[39m[0m
[  20% ] [90m[1m_update_scan_actions[22m | list_divider_holo_dark.9.png[39m[0m
[  20% ] [90m[1m_update_scan_actions[22m | list_divider_holo_light.9.png[39m[0m
[  20% ] [90m[1m_update_scan_actions[22m | list_divider_horizontal_holo_dark.9.png[39m[0m
[  20% ] [90m[1m_update_scan_actions[22m | list_focused_holo.9.png[39m[0m
[  20% ] [90m[1m_update_scan_actions[22m | list_longpressed_holo.9.png[39m[0m
[  20% ] [90m[1m_update_scan_actions[22m | list_longpressed_holo_dark.9.png[39m[0m
[  20% ] [90m[1m_update_scan_actions[22m | list_longpressed_holo_light.9.png[39m[0m
[  20% ] [90m[1m_update_scan_actions[22m | list_pressed_holo_dark.9.png[39m[0m
[  20% ] [90m[1m_update_scan_actions[22m | list_pressed_holo_light.9.png[39m[0m
[  20% ] [90m[1m_update_scan_actions[22m | list_section_divider_holo_dark.9.png[39m[0m
[  20% ] [90m[1m_update_scan_actions[22m | list_section_divider_holo_light.9.png[39m[0m
[  20% ] [90m[1m_update_scan_actions[22m | list_section_divider_mtrl_alpha.9.png[39m[0m
[  20% ] [90m[1m_update_scan_actions[22m | list_section_header_holo_dark.9.png[39m[0m
[  20% ] [90m[1m_update_scan_actions[22m | list_section_header_holo_light.9.png[39m[0m
[  20% ] [90m[1m_update_scan_actions[22m | list_selected_holo_dark.9.png[39m[0m
[  20% ] [90m[1m_update_scan_actions[22m | list_selected_holo_light.9.png[39m[0m
[  20% ] [90m[1m_update_scan_actions[22m | list_selector_activated_holo_dark.9.png[39m[0m
[  20% ] [90m[1m_update_scan_actions[22m | list_selector_activated_holo_light.9.png[39m[0m
[  20% ] [90m[1m_update_scan_actions[22m | list_selector_background_default.9.png[39m[0m
[  20% ] [90m[1m_update_scan_actions[22m | list_selector_background_default_light.9.png[39m[0m
[  20% ] [90m[1m_update_scan_actions[22m | list_selector_background_disabled.9.png[39m[0m
[  20% ] [90m[1m_update_scan_actions[22m | list_selector_background_disabled_light.9.png[39m[0m
[  20% ] [90m[1m_update_scan_actions[22m | list_selector_background_focus.9.png[39m[0m
[  20% ] [90m[1m_update_scan_actions[22m | list_selector_background_focused.9.png[39m[0m
[  20% ] [90m[1m_update_scan_actions[22m | list_selector_background_focused_light.9.png[39m[0m
[  20% ] [90m[1m_update_scan_actions[22m | list_selector_background_focused_selected.9.png[39m[0m
[  20% ] [90m[1m_update_scan_actions[22m | list_selector_background_longpress.9.png[39m[0m
[  20% ] [90m[1m_update_scan_actions[22m | list_selector_background_longpress_light.9.png[39m[0m
[  20% ] [90m[1m_update_scan_actions[22m | list_selector_background_pressed.9.png[39m[0m
[  20% ] [90m[1m_update_scan_actions[22m | list_selector_background_pressed_light.9.png[39m[0m
[  20% ] [90m[1m_update_scan_actions[22m | list_selector_background_selected.9.png[39m[0m
[  20% ] [90m[1m_update_scan_actions[22m | list_selector_background_selected_light.9.png[39m[0m
[  20% ] [90m[1m_update_scan_actions[22m | list_selector_disabled_holo_dark.9.png[39m[0m
[  20% ] [90m[1m_update_scan_actions[22m | list_selector_disabled_holo_light.9.png[39m[0m
[  20% ] [90m[1m_update_scan_actions[22m | list_selector_focused_holo_dark.9.png[39m[0m
[  20% ] [90m[1m_update_scan_actions[22m | list_selector_focused_holo_light.9.png[39m[0m
[  20% ] [90m[1m_update_scan_actions[22m | list_selector_multiselect_holo_dark.9.png[39m[0m
[  20% ] [90m[1m_update_scan_actions[22m | list_selector_multiselect_holo_light.9.png[39m[0m
[  20% ] [90m[1m_update_scan_actions[22m | list_selector_pressed_holo_dark.9.png[39m[0m
[  20% ] [90m[1m_update_scan_actions[22m | list_selector_pressed_holo_light.9.png[39m[0m
[  20% ] [90m[1m_update_scan_actions[22m | magnified_region_frame.9.png[39m[0m
[  20% ] [90m[1m_update_scan_actions[22m | maps_google_logo.png[39m[0m
[  20% ] [90m[1m_update_scan_actions[22m | menuitem_background_focus.9.png[39m[0m
[  20% ] [90m[1m_update_scan_actions[22m | menuitem_background_pressed.9.png[39m[0m
[  20% ] [90m[1m_update_scan_actions[22m | menuitem_background_solid_focused.9.png[39m[0m
[  20% ] [90m[1m_update_scan_actions[22m | menuitem_background_solid_pressed.9.png[39m[0m
[  20% ] [90m[1m_update_scan_actions[22m | menuitem_checkbox_on.png[39m[0m
[  20% ] [90m[1m_update_scan_actions[22m | menu_background.9.png[39m[0m
[  20% ] [90m[1m_update_scan_actions[22m | menu_background_fill_parent_width.9.png[39m[0m
[  20% ] [90m[1m_update_scan_actions[22m | menu_dropdown_panel_holo_dark.9.png[39m[0m
[  20% ] [90m[1m_update_scan_actions[22m | menu_dropdown_panel_holo_light.9.png[39m[0m
[  20% ] [90m[1m_update_scan_actions[22m | menu_hardkey_panel_holo_dark.9.png[39m[0m
[  20% ] [90m[1m_update_scan_actions[22m | menu_hardkey_panel_holo_light.9.png[39m[0m
[  20% ] [90m[1m_update_scan_actions[22m | menu_popup_panel_holo_dark.9.png[39m[0m
[  20% ] [90m[1m_update_scan_actions[22m | menu_popup_panel_holo_light.9.png[39m[0m
[  20% ] [90m[1m_update_scan_actions[22m | menu_separator.9.png[39m[0m
[  20% ] [90m[1m_update_scan_actions[22m | menu_submenu_background.9.png[39m[0m
[  20% ] [90m[1m_update_scan_actions[22m | minitab_lt_focus.9.png[39m[0m
[  20% ] [90m[1m_update_scan_actions[22m | minitab_lt_press.9.png[39m[0m
[  20% ] [90m[1m_update_scan_actions[22m | minitab_lt_selected.9.png[39m[0m
[  20% ] [90m[1m_update_scan_actions[22m | minitab_lt_unselected.9.png[39m[0m
[  20% ] [90m[1m_update_scan_actions[22m | minitab_lt_unselected_press.9.png[39m[0m
[  20% ] [90m[1m_update_scan_actions[22m | numberpicker_down_disabled.9.png[39m[0m
[  20% ] [90m[1m_update_scan_actions[22m | numberpicker_down_disabled_focused.9.png[39m[0m
[  20% ] [90m[1m_update_scan_actions[22m | numberpicker_down_normal.9.png[39m[0m
[  20% ] [90m[1m_update_scan_actions[22m | numberpicker_down_pressed.9.png[39m[0m
[  20% ] [90m[1m_update_scan_actions[22m | numberpicker_down_selected.9.png[39m[0m
[  20% ] [90m[1m_update_scan_actions[22m | numberpicker_input_disabled.9.png[39m[0m
[  21% ] [90m[1m_update_scan_actions[22m | numberpicker_input_normal.9.png[39m[0m
[  21% ] [90m[1m_update_scan_actions[22m | numberpicker_input_pressed.9.png[39m[0m
[  21% ] [90m[1m_update_scan_actions[22m | numberpicker_input_selected.9.png[39m[0m
[  21% ] [90m[1m_update_scan_actions[22m | numberpicker_selection_divider.9.png[39m[0m
[  21% ] [90m[1m_update_scan_actions[22m | numberpicker_up_disabled.9.png[39m[0m
[  21% ] [90m[1m_update_scan_actions[22m | numberpicker_up_disabled_focused.9.png[39m[0m
[  21% ] [90m[1m_update_scan_actions[22m | numberpicker_up_normal.9.png[39m[0m
[  21% ] [90m[1m_update_scan_actions[22m | numberpicker_up_pressed.9.png[39m[0m
[  21% ] [90m[1m_update_scan_actions[22m | numberpicker_up_selected.9.png[39m[0m
[  21% ] [90m[1m_update_scan_actions[22m | panel_background.9.png[39m[0m
[  21% ] [90m[1m_update_scan_actions[22m | panel_bg_holo_dark.9.png[39m[0m
[  21% ] [90m[1m_update_scan_actions[22m | panel_bg_holo_light.9.png[39m[0m
[  21% ] [90m[1m_update_scan_actions[22m | panel_picture_frame_bg_focus_blue.9.png[39m[0m
[  21% ] [90m[1m_update_scan_actions[22m | panel_picture_frame_bg_normal.9.png[39m[0m
[  21% ] [90m[1m_update_scan_actions[22m | panel_picture_frame_bg_pressed_blue.9.png[39m[0m
[  21% ] [90m[1m_update_scan_actions[22m | password_field_default.9.png[39m[0m
[  21% ] [90m[1m_update_scan_actions[22m | password_keyboard_background_holo.9.png[39m[0m
[  21% ] [90m[1m_update_scan_actions[22m | perm_group_accessibility_features.png[39m[0m
[  21% ] [90m[1m_update_scan_actions[22m | perm_group_affects_battery.png[39m[0m
[  21% ] [90m[1m_update_scan_actions[22m | perm_group_app_info.png[39m[0m
[  21% ] [90m[1m_update_scan_actions[22m | perm_group_audio_settings.png[39m[0m
[  21% ] [90m[1m_update_scan_actions[22m | perm_group_bluetooth.png[39m[0m
[  21% ] [90m[1m_update_scan_actions[22m | perm_group_bookmarks.png[39m[0m
[  21% ] [90m[1m_update_scan_actions[22m | perm_group_device_alarms.png[39m[0m
[  21% ] [90m[1m_update_scan_actions[22m | perm_group_display.png[39m[0m
[  21% ] [90m[1m_update_scan_actions[22m | perm_group_network.png[39m[0m
[  21% ] [90m[1m_update_scan_actions[22m | perm_group_personal_info.png[39m[0m
[  21% ] [90m[1m_update_scan_actions[22m | perm_group_screenlock.png[39m[0m
[  21% ] [90m[1m_update_scan_actions[22m | perm_group_shortrange_network.png[39m[0m
[  21% ] [90m[1m_update_scan_actions[22m | perm_group_status_bar.png[39m[0m
[  21% ] [90m[1m_update_scan_actions[22m | perm_group_sync_settings.png[39m[0m
[  21% ] [90m[1m_update_scan_actions[22m | perm_group_system_clock.png[39m[0m
[  21% ] [90m[1m_update_scan_actions[22m | perm_group_system_tools.png[39m[0m
[  21% ] [90m[1m_update_scan_actions[22m | perm_group_voicemail.png[39m[0m
[  21% ] [90m[1m_update_scan_actions[22m | perm_group_wallpaper.png[39m[0m
[  21% ] [90m[1m_update_scan_actions[22m | picture_emergency.png[39m[0m
[  21% ] [90m[1m_update_scan_actions[22m | picture_frame.9.png[39m[0m
[  21% ] [90m[1m_update_scan_actions[22m | pointer_alias.png[39m[0m
[  21% ] [90m[1m_update_scan_actions[22m | pointer_all_scroll.png[39m[0m
[  21% ] [90m[1m_update_scan_actions[22m | pointer_arrow.png[39m[0m
[  21% ] [90m[1m_update_scan_actions[22m | pointer_cell.png[39m[0m
[  21% ] [90m[1m_update_scan_actions[22m | pointer_context_menu.png[39m[0m
[  21% ] [90m[1m_update_scan_actions[22m | pointer_copy.png[39m[0m
[  21% ] [90m[1m_update_scan_actions[22m | pointer_crosshair.png[39m[0m
[  21% ] [90m[1m_update_scan_actions[22m | pointer_grab.png[39m[0m
[  21% ] [90m[1m_update_scan_actions[22m | pointer_grabbing.png[39m[0m
[  21% ] [90m[1m_update_scan_actions[22m | pointer_hand.png[39m[0m
[  21% ] [90m[1m_update_scan_actions[22m | pointer_handwriting.png[39m[0m
[  21% ] [90m[1m_update_scan_actions[22m | pointer_help.png[39m[0m
[  21% ] [90m[1m_update_scan_actions[22m | pointer_horizontal_double_arrow.png[39m[0m
[  21% ] [90m[1m_update_scan_actions[22m | pointer_nodrop.png[39m[0m
[  21% ] [90m[1m_update_scan_actions[22m | pointer_spot_anchor.png[39m[0m
[  21% ] [90m[1m_update_scan_actions[22m | pointer_spot_hover.png[39m[0m
[  21% ] [90m[1m_update_scan_actions[22m | pointer_spot_touch.png[39m[0m
[  21% ] [90m[1m_update_scan_actions[22m | pointer_text.png[39m[0m
[  21% ] [90m[1m_update_scan_actions[22m | pointer_top_left_diagonal_double_arrow.png[39m[0m
[  21% ] [90m[1m_update_scan_actions[22m | pointer_top_right_diagonal_double_arrow.png[39m[0m
[  21% ] [90m[1m_update_scan_actions[22m | pointer_vertical_double_arrow.png[39m[0m
[  21% ] [90m[1m_update_scan_actions[22m | pointer_vertical_text.png[39m[0m
[  21% ] [90m[1m_update_scan_actions[22m | pointer_zoom_in.png[39m[0m
[  21% ] [90m[1m_update_scan_actions[22m | pointer_zoom_out.png[39m[0m
[  21% ] [90m[1m_update_scan_actions[22m | popup_background_mtrl_mult.9.png[39m[0m
[  21% ] [90m[1m_update_scan_actions[22m | popup_bottom_bright.9.png[39m[0m
[  21% ] [90m[1m_update_scan_actions[22m | popup_bottom_dark.9.png[39m[0m
[  21% ] [90m[1m_update_scan_actions[22m | popup_bottom_medium.9.png[39m[0m
[  21% ] [90m[1m_update_scan_actions[22m | popup_center_bright.9.png[39m[0m
[  21% ] [90m[1m_update_scan_actions[22m | popup_center_dark.9.png[39m[0m
[  21% ] [90m[1m_update_scan_actions[22m | popup_center_medium.9.png[39m[0m
[  22% ] [90m[1m_update_scan_actions[22m | popup_full_bright.9.png[39m[0m
[  22% ] [90m[1m_update_scan_actions[22m | popup_full_dark.9.png[39m[0m
[  22% ] [90m[1m_update_scan_actions[22m | popup_inline_error_above_am.9.png[39m[0m
[  22% ] [90m[1m_update_scan_actions[22m | popup_inline_error_above_holo_dark_am.9.png[39m[0m
[  22% ] [90m[1m_update_scan_actions[22m | popup_inline_error_above_holo_light_am.9.png[39m[0m
[  22% ] [90m[1m_update_scan_actions[22m | popup_inline_error_am.9.png[39m[0m
[  22% ] [90m[1m_update_scan_actions[22m | popup_inline_error_holo_dark_am.9.png[39m[0m
[  22% ] [90m[1m_update_scan_actions[22m | popup_inline_error_holo_light_am.9.png[39m[0m
[  22% ] [90m[1m_update_scan_actions[22m | popup_top_bright.9.png[39m[0m
[  22% ] [90m[1m_update_scan_actions[22m | popup_top_dark.9.png[39m[0m
[  22% ] [90m[1m_update_scan_actions[22m | presence_audio_away.png[39m[0m
[  22% ] [90m[1m_update_scan_actions[22m | presence_audio_busy.png[39m[0m
[  22% ] [90m[1m_update_scan_actions[22m | presence_audio_online.png[39m[0m
[  22% ] [90m[1m_update_scan_actions[22m | presence_away.png[39m[0m
[  22% ] [90m[1m_update_scan_actions[22m | presence_busy.png[39m[0m
[  22% ] [90m[1m_update_scan_actions[22m | presence_invisible.png[39m[0m
[  22% ] [90m[1m_update_scan_actions[22m | presence_offline.png[39m[0m
[  22% ] [90m[1m_update_scan_actions[22m | presence_online.png[39m[0m
[  22% ] [90m[1m_update_scan_actions[22m | presence_video_away.png[39m[0m
[  22% ] [90m[1m_update_scan_actions[22m | presence_video_busy.png[39m[0m
[  22% ] [90m[1m_update_scan_actions[22m | presence_video_online.png[39m[0m
[  22% ] [90m[1m_update_scan_actions[22m | pressed_application_background_static.png[39m[0m
[  22% ] [90m[1m_update_scan_actions[22m | progressbar_indeterminate1.png[39m[0m
[  22% ] [90m[1m_update_scan_actions[22m | progressbar_indeterminate2.png[39m[0m
[  22% ] [90m[1m_update_scan_actions[22m | progressbar_indeterminate3.png[39m[0m
[  22% ] [90m[1m_update_scan_actions[22m | progressbar_indeterminate_holo1.png[39m[0m
[  22% ] [90m[1m_update_scan_actions[22m | progressbar_indeterminate_holo2.png[39m[0m
[  22% ] [90m[1m_update_scan_actions[22m | progressbar_indeterminate_holo3.png[39m[0m
[  22% ] [90m[1m_update_scan_actions[22m | progressbar_indeterminate_holo4.png[39m[0m
[  22% ] [90m[1m_update_scan_actions[22m | progressbar_indeterminate_holo5.png[39m[0m
[  22% ] [90m[1m_update_scan_actions[22m | progressbar_indeterminate_holo6.png[39m[0m
[  22% ] [90m[1m_update_scan_actions[22m | progressbar_indeterminate_holo7.png[39m[0m
[  22% ] [90m[1m_update_scan_actions[22m | progressbar_indeterminate_holo8.png[39m[0m
[  22% ] [90m[1m_update_scan_actions[22m | progress_bg_holo_dark.9.png[39m[0m
[  22% ] [90m[1m_update_scan_actions[22m | progress_bg_holo_light.9.png[39m[0m
[  22% ] [90m[1m_update_scan_actions[22m | progress_primary_holo_dark.9.png[39m[0m
[  22% ] [90m[1m_update_scan_actions[22m | progress_primary_holo_light.9.png[39m[0m
[  22% ] [90m[1m_update_scan_actions[22m | progress_secondary_holo_dark.9.png[39m[0m
[  22% ] [90m[1m_update_scan_actions[22m | progress_secondary_holo_light.9.png[39m[0m
[  22% ] [90m[1m_update_scan_actions[22m | quickactions_arrowdown_left_holo_dark.9.png[39m[0m
[  22% ] [90m[1m_update_scan_actions[22m | quickactions_arrowdown_left_holo_light.9.png[39m[0m
[  22% ] [90m[1m_update_scan_actions[22m | quickactions_arrowdown_right_holo_dark.9.png[39m[0m
[  22% ] [90m[1m_update_scan_actions[22m | quickactions_arrowdown_right_holo_light.9.png[39m[0m
[  22% ] [90m[1m_update_scan_actions[22m | quickactions_arrowup_left_holo_dark.9.png[39m[0m
[  22% ] [90m[1m_update_scan_actions[22m | quickactions_arrowup_left_holo_light.9.png[39m[0m
[  22% ] [90m[1m_update_scan_actions[22m | quickactions_arrowup_left_right_holo_dark.9.png[39m[0m
[  22% ] [90m[1m_update_scan_actions[22m | quickactions_arrowup_right_holo_light.9.png[39m[0m
[  22% ] [90m[1m_update_scan_actions[22m | quickcontact_badge_overlay_focused_dark_am.9.png[39m[0m
[  22% ] [90m[1m_update_scan_actions[22m | quickcontact_badge_overlay_focused_light_am.9.png[39m[0m
[  22% ] [90m[1m_update_scan_actions[22m | quickcontact_badge_overlay_normal_dark_am.9.png[39m[0m
[  22% ] [90m[1m_update_scan_actions[22m | quickcontact_badge_overlay_normal_light_am.9.png[39m[0m
[  22% ] [90m[1m_update_scan_actions[22m | quickcontact_badge_overlay_pressed_dark_am.9.png[39m[0m
[  22% ] [90m[1m_update_scan_actions[22m | quickcontact_badge_overlay_pressed_light_am.9.png[39m[0m
[  22% ] [90m[1m_update_scan_actions[22m | radiobutton_off_background.png[39m[0m
[  22% ] [90m[1m_update_scan_actions[22m | radiobutton_on_background.png[39m[0m
[  22% ] [90m[1m_update_scan_actions[22m | rate_star_big_half.png[39m[0m
[  22% ] [90m[1m_update_scan_actions[22m | rate_star_big_half_holo_dark.png[39m[0m
[  22% ] [90m[1m_update_scan_actions[22m | rate_star_big_half_holo_light.png[39m[0m
[  22% ] [90m[1m_update_scan_actions[22m | rate_star_big_off.png[39m[0m
[  22% ] [90m[1m_update_scan_actions[22m | rate_star_big_off_holo_dark.png[39m[0m
[  22% ] [90m[1m_update_scan_actions[22m | rate_star_big_off_holo_light.png[39m[0m
[  22% ] [90m[1m_update_scan_actions[22m | rate_star_big_on.png[39m[0m
[  22% ] [90m[1m_update_scan_actions[22m | rate_star_big_on_holo_dark.png[39m[0m
[  22% ] [90m[1m_update_scan_actions[22m | rate_star_big_on_holo_light.png[39m[0m
[  22% ] [90m[1m_update_scan_actions[22m | rate_star_med_half.png[39m[0m
[  22% ] [90m[1m_update_scan_actions[22m | rate_star_med_half_holo_dark.png[39m[0m
[  22% ] [90m[1m_update_scan_actions[22m | rate_star_med_half_holo_light.png[39m[0m
[  22% ] [90m[1m_update_scan_actions[22m | rate_star_med_off.png[39m[0m
[  22% ] [90m[1m_update_scan_actions[22m | rate_star_med_off_holo_dark.png[39m[0m
[  23% ] [90m[1m_update_scan_actions[22m | rate_star_med_off_holo_light.png[39m[0m
[  23% ] [90m[1m_update_scan_actions[22m | rate_star_med_on.png[39m[0m
[  23% ] [90m[1m_update_scan_actions[22m | rate_star_med_on_holo_dark.png[39m[0m
[  23% ] [90m[1m_update_scan_actions[22m | rate_star_med_on_holo_light.png[39m[0m
[  23% ] [90m[1m_update_scan_actions[22m | rate_star_small_half.png[39m[0m
[  23% ] [90m[1m_update_scan_actions[22m | rate_star_small_half_holo_dark.png[39m[0m
[  23% ] [90m[1m_update_scan_actions[22m | rate_star_small_half_holo_light.png[39m[0m
[  23% ] [90m[1m_update_scan_actions[22m | rate_star_small_off.png[39m[0m
[  23% ] [90m[1m_update_scan_actions[22m | rate_star_small_off_holo_dark.png[39m[0m
[  23% ] [90m[1m_update_scan_actions[22m | rate_star_small_off_holo_light.png[39m[0m
[  23% ] [90m[1m_update_scan_actions[22m | rate_star_small_on.png[39m[0m
[  23% ] [90m[1m_update_scan_actions[22m | rate_star_small_on_holo_dark.png[39m[0m
[  23% ] [90m[1m_update_scan_actions[22m | rate_star_small_on_holo_light.png[39m[0m
[  23% ] [90m[1m_update_scan_actions[22m | recent_dialog_background.9.png[39m[0m
[  23% ] [90m[1m_update_scan_actions[22m | reticle.png[39m[0m
[  23% ] [90m[1m_update_scan_actions[22m | scrollbar_handle_accelerated_anim2.9.png[39m[0m
[  23% ] [90m[1m_update_scan_actions[22m | scrollbar_handle_holo_dark.9.png[39m[0m
[  23% ] [90m[1m_update_scan_actions[22m | scrollbar_handle_holo_light.9.png[39m[0m
[  23% ] [90m[1m_update_scan_actions[22m | scrollbar_handle_horizontal.9.png[39m[0m
[  23% ] [90m[1m_update_scan_actions[22m | scrollbar_handle_vertical.9.png[39m[0m
[  23% ] [90m[1m_update_scan_actions[22m | scrubber_control_disabled_holo.png[39m[0m
[  23% ] [90m[1m_update_scan_actions[22m | scrubber_control_focused_holo.png[39m[0m
[  23% ] [90m[1m_update_scan_actions[22m | scrubber_control_normal_holo.png[39m[0m
[  23% ] [90m[1m_update_scan_actions[22m | scrubber_control_on_mtrl_alpha.png[39m[0m
[  23% ] [90m[1m_update_scan_actions[22m | scrubber_control_on_pressed_mtrl_alpha.png[39m[0m
[  23% ] [90m[1m_update_scan_actions[22m | scrubber_control_pressed_holo.png[39m[0m
[  23% ] [90m[1m_update_scan_actions[22m | scrubber_primary_holo.9.png[39m[0m
[  23% ] [90m[1m_update_scan_actions[22m | scrubber_primary_mtrl_alpha.9.png[39m[0m
[  23% ] [90m[1m_update_scan_actions[22m | scrubber_secondary_holo.9.png[39m[0m
[  23% ] [90m[1m_update_scan_actions[22m | scrubber_track_holo_dark.9.png[39m[0m
[  23% ] [90m[1m_update_scan_actions[22m | scrubber_track_holo_light.9.png[39m[0m
[  23% ] [90m[1m_update_scan_actions[22m | scrubber_track_mtrl_alpha.9.png[39m[0m
[  23% ] [90m[1m_update_scan_actions[22m | search_dropdown_background.9.png[39m[0m
[  23% ] [90m[1m_update_scan_actions[22m | search_plate.9.png[39m[0m
[  23% ] [90m[1m_update_scan_actions[22m | search_plate_global.9.png[39m[0m
[  23% ] [90m[1m_update_scan_actions[22m | seek_thumb_normal.png[39m[0m
[  23% ] [90m[1m_update_scan_actions[22m | seek_thumb_pressed.png[39m[0m
[  23% ] [90m[1m_update_scan_actions[22m | seek_thumb_selected.png[39m[0m
[  23% ] [90m[1m_update_scan_actions[22m | settings_header_raw.9.png[39m[0m
[  23% ] [90m[1m_update_scan_actions[22m | sim_dark_blue.9.png[39m[0m
[  23% ] [90m[1m_update_scan_actions[22m | sim_dark_green.9.png[39m[0m
[  23% ] [90m[1m_update_scan_actions[22m | sim_dark_orange.9.png[39m[0m
[  23% ] [90m[1m_update_scan_actions[22m | sim_dark_purple.9.png[39m[0m
[  23% ] [90m[1m_update_scan_actions[22m | sim_light_blue.9.png[39m[0m
[  23% ] [90m[1m_update_scan_actions[22m | sim_light_green.9.png[39m[0m
[  23% ] [90m[1m_update_scan_actions[22m | sim_light_orange.9.png[39m[0m
[  23% ] [90m[1m_update_scan_actions[22m | sim_light_purple.9.png[39m[0m
[  23% ] [90m[1m_update_scan_actions[22m | spinner_16_inner_holo.png[39m[0m
[  23% ] [90m[1m_update_scan_actions[22m | spinner_16_outer_holo.png[39m[0m
[  23% ] [90m[1m_update_scan_actions[22m | spinner_48_inner_holo.png[39m[0m
[  23% ] [90m[1m_update_scan_actions[22m | spinner_48_outer_holo.png[39m[0m
[  23% ] [90m[1m_update_scan_actions[22m | spinner_76_inner_holo.png[39m[0m
[  23% ] [90m[1m_update_scan_actions[22m | spinner_76_outer_holo.png[39m[0m
[  23% ] [90m[1m_update_scan_actions[22m | spinner_ab_default_holo_dark_am.9.png[39m[0m
[  23% ] [90m[1m_update_scan_actions[22m | spinner_ab_default_holo_light_am.9.png[39m[0m
[  23% ] [90m[1m_update_scan_actions[22m | spinner_ab_disabled_holo_dark_am.9.png[39m[0m
[  23% ] [90m[1m_update_scan_actions[22m | spinner_ab_disabled_holo_light_am.9.png[39m[0m
[  23% ] [90m[1m_update_scan_actions[22m | spinner_ab_focused_holo_dark_am.9.png[39m[0m
[  23% ] [90m[1m_update_scan_actions[22m | spinner_ab_focused_holo_light_am.9.png[39m[0m
[  23% ] [90m[1m_update_scan_actions[22m | spinner_ab_pressed_holo_dark_am.9.png[39m[0m
[  23% ] [90m[1m_update_scan_actions[22m | spinner_ab_pressed_holo_light_am.9.png[39m[0m
[  23% ] [90m[1m_update_scan_actions[22m | spinner_black_16.png[39m[0m
[  23% ] [90m[1m_update_scan_actions[22m | spinner_black_20.png[39m[0m
[  23% ] [90m[1m_update_scan_actions[22m | spinner_black_48.png[39m[0m
[  23% ] [90m[1m_update_scan_actions[22m | spinner_black_76.png[39m[0m
[  23% ] [90m[1m_update_scan_actions[22m | spinner_default_holo_dark_am.9.png[39m[0m
[  23% ] [90m[1m_update_scan_actions[22m | spinner_default_holo_light_am.9.png[39m[0m
[  23% ] [90m[1m_update_scan_actions[22m | spinner_disabled_holo_dark_am.9.png[39m[0m
[  24% ] [90m[1m_update_scan_actions[22m | spinner_disabled_holo_light_am.9.png[39m[0m
[  24% ] [90m[1m_update_scan_actions[22m | spinner_dropdown_background_down.9.png[39m[0m
[  24% ] [90m[1m_update_scan_actions[22m | spinner_dropdown_background_up.9.png[39m[0m
[  24% ] [90m[1m_update_scan_actions[22m | spinner_focused_holo_dark_am.9.png[39m[0m
[  24% ] [90m[1m_update_scan_actions[22m | spinner_focused_holo_light_am.9.png[39m[0m
[  24% ] [90m[1m_update_scan_actions[22m | spinner_normal.9.png[39m[0m
[  24% ] [90m[1m_update_scan_actions[22m | spinner_press.9.png[39m[0m
[  24% ] [90m[1m_update_scan_actions[22m | spinner_pressed_holo_dark_am.9.png[39m[0m
[  24% ] [90m[1m_update_scan_actions[22m | spinner_pressed_holo_light_am.9.png[39m[0m
[  24% ] [90m[1m_update_scan_actions[22m | spinner_select.9.png[39m[0m
[  24% ] [90m[1m_update_scan_actions[22m | spinner_white_16.png[39m[0m
[  24% ] [90m[1m_update_scan_actions[22m | spinner_white_48.png[39m[0m
[  24% ] [90m[1m_update_scan_actions[22m | spinner_white_76.png[39m[0m
[  24% ] [90m[1m_update_scan_actions[22m | star_big_off.png[39m[0m
[  24% ] [90m[1m_update_scan_actions[22m | star_big_on.png[39m[0m
[  24% ] [90m[1m_update_scan_actions[22m | star_off.png[39m[0m
[  24% ] [90m[1m_update_scan_actions[22m | star_on.png[39m[0m
[  24% ] [90m[1m_update_scan_actions[22m | statusbar_background.9.png[39m[0m
[  24% ] [90m[1m_update_scan_actions[22m | status_bar_background.png[39m[0m
[  24% ] [90m[1m_update_scan_actions[22m | status_bar_header_background.9.png[39m[0m
[  24% ] [90m[1m_update_scan_actions[22m | status_bar_item_app_background_normal.9.png[39m[0m
[  24% ] [90m[1m_update_scan_actions[22m | status_bar_item_background_focus.9.png[39m[0m
[  24% ] [90m[1m_update_scan_actions[22m | status_bar_item_background_normal.9.png[39m[0m
[  24% ] [90m[1m_update_scan_actions[22m | status_bar_item_background_pressed.9.png[39m[0m
[  24% ] [90m[1m_update_scan_actions[22m | stat_ecb_mode.png[39m[0m
[  24% ] [90m[1m_update_scan_actions[22m | stat_notify_car_mode.png[39m[0m
[  24% ] [90m[1m_update_scan_actions[22m | stat_notify_chat.png[39m[0m
[  24% ] [90m[1m_update_scan_actions[22m | stat_notify_disk_full.png[39m[0m
[  24% ] [90m[1m_update_scan_actions[22m | stat_notify_email_generic.png[39m[0m
[  24% ] [90m[1m_update_scan_actions[22m | stat_notify_error.png[39m[0m
[  24% ] [90m[1m_update_scan_actions[22m | stat_notify_gmail.png[39m[0m
[  24% ] [90m[1m_update_scan_actions[22m | stat_notify_missed_call.png[39m[0m
[  24% ] [90m[1m_update_scan_actions[22m | stat_notify_mmcc_indication_icn.png[39m[0m
[  24% ] [90m[1m_update_scan_actions[22m | stat_notify_more.png[39m[0m
[  24% ] [90m[1m_update_scan_actions[22m | stat_notify_rssi_in_range.png[39m[0m
[  24% ] [90m[1m_update_scan_actions[22m | stat_notify_sdcard.png[39m[0m
[  24% ] [90m[1m_update_scan_actions[22m | stat_notify_sdcard_prepare.png[39m[0m
[  24% ] [90m[1m_update_scan_actions[22m | stat_notify_sdcard_usb.png[39m[0m
[  24% ] [90m[1m_update_scan_actions[22m | stat_notify_sim_toolkit.png[39m[0m
[  24% ] [90m[1m_update_scan_actions[22m | stat_notify_sync.png[39m[0m
[  24% ] [90m[1m_update_scan_actions[22m | stat_notify_sync_anim0.png[39m[0m
[  24% ] [90m[1m_update_scan_actions[22m | stat_notify_sync_error.png[39m[0m
[  24% ] [90m[1m_update_scan_actions[22m | stat_notify_voicemail.png[39m[0m
[  24% ] [90m[1m_update_scan_actions[22m | stat_sys_battery_0.png[39m[0m
[  24% ] [90m[1m_update_scan_actions[22m | stat_sys_battery_10.png[39m[0m
[  24% ] [90m[1m_update_scan_actions[22m | stat_sys_battery_15.png[39m[0m
[  24% ] [90m[1m_update_scan_actions[22m | stat_sys_battery_20.png[39m[0m
[  24% ] [90m[1m_update_scan_actions[22m | stat_sys_battery_28.png[39m[0m
[  24% ] [90m[1m_update_scan_actions[22m | stat_sys_battery_40.png[39m[0m
[  24% ] [90m[1m_update_scan_actions[22m | stat_sys_battery_43.png[39m[0m
[  24% ] [90m[1m_update_scan_actions[22m | stat_sys_battery_57.png[39m[0m
[  24% ] [90m[1m_update_scan_actions[22m | stat_sys_battery_60.png[39m[0m
[  24% ] [90m[1m_update_scan_actions[22m | stat_sys_battery_71.png[39m[0m
[  24% ] [90m[1m_update_scan_actions[22m | stat_sys_battery_80.png[39m[0m
[  24% ] [90m[1m_update_scan_actions[22m | stat_sys_battery_85.png[39m[0m
[  24% ] [90m[1m_update_scan_actions[22m | stat_sys_battery_100.png[39m[0m
[  24% ] [90m[1m_update_scan_actions[22m | stat_sys_battery_charge_anim0.png[39m[0m
[  24% ] [90m[1m_update_scan_actions[22m | stat_sys_battery_charge_anim1.png[39m[0m
[  24% ] [90m[1m_update_scan_actions[22m | stat_sys_battery_charge_anim2.png[39m[0m
[  24% ] [90m[1m_update_scan_actions[22m | stat_sys_battery_charge_anim3.png[39m[0m
[  24% ] [90m[1m_update_scan_actions[22m | stat_sys_battery_charge_anim4.png[39m[0m
[  24% ] [90m[1m_update_scan_actions[22m | stat_sys_battery_charge_anim5.png[39m[0m
[  24% ] [90m[1m_update_scan_actions[22m | stat_sys_battery_charge_anim15.png[39m[0m
[  24% ] [90m[1m_update_scan_actions[22m | stat_sys_battery_charge_anim28.png[39m[0m
[  24% ] [90m[1m_update_scan_actions[22m | stat_sys_battery_charge_anim43.png[39m[0m
[  24% ] [90m[1m_update_scan_actions[22m | stat_sys_battery_charge_anim57.png[39m[0m
[  24% ] [90m[1m_update_scan_actions[22m | stat_sys_battery_charge_anim71.png[39m[0m
[  24% ] [90m[1m_update_scan_actions[22m | stat_sys_battery_charge_anim85.png[39m[0m
[  25% ] [90m[1m_update_scan_actions[22m | stat_sys_battery_charge_anim100.png[39m[0m
[  25% ] [90m[1m_update_scan_actions[22m | stat_sys_battery_unknown.png[39m[0m
[  25% ] [90m[1m_update_scan_actions[22m | stat_sys_certificate_info.png[39m[0m
[  25% ] [90m[1m_update_scan_actions[22m | stat_sys_data_bluetooth.png[39m[0m
[  25% ] [90m[1m_update_scan_actions[22m | stat_sys_data_usb.png[39m[0m
[  25% ] [90m[1m_update_scan_actions[22m | stat_sys_data_wimax_signal_3_fully.png[39m[0m
[  25% ] [90m[1m_update_scan_actions[22m | stat_sys_data_wimax_signal_disconnected.png[39m[0m
[  25% ] [90m[1m_update_scan_actions[22m | stat_sys_download_anim0.png[39m[0m
[  25% ] [90m[1m_update_scan_actions[22m | stat_sys_download_anim1.png[39m[0m
[  25% ] [90m[1m_update_scan_actions[22m | stat_sys_download_anim2.png[39m[0m
[  25% ] [90m[1m_update_scan_actions[22m | stat_sys_download_anim3.png[39m[0m
[  25% ] [90m[1m_update_scan_actions[22m | stat_sys_download_anim4.png[39m[0m
[  25% ] [90m[1m_update_scan_actions[22m | stat_sys_download_anim5.png[39m[0m
[  25% ] [90m[1m_update_scan_actions[22m | stat_sys_gps_on.png[39m[0m
[  25% ] [90m[1m_update_scan_actions[22m | stat_sys_headset.png[39m[0m
[  25% ] [90m[1m_update_scan_actions[22m | stat_sys_phone_call.png[39m[0m
[  25% ] [90m[1m_update_scan_actions[22m | stat_sys_phone_call_forward.png[39m[0m
[  25% ] [90m[1m_update_scan_actions[22m | stat_sys_phone_call_on_hold.png[39m[0m
[  25% ] [90m[1m_update_scan_actions[22m | stat_sys_ra_signal_0_cdma.png[39m[0m
[  25% ] [90m[1m_update_scan_actions[22m | stat_sys_ra_signal_1_cdma.png[39m[0m
[  25% ] [90m[1m_update_scan_actions[22m | stat_sys_ra_signal_2_cdma.png[39m[0m
[  25% ] [90m[1m_update_scan_actions[22m | stat_sys_ra_signal_3_cdma.png[39m[0m
[  25% ] [90m[1m_update_scan_actions[22m | stat_sys_ra_signal_4_cdma.png[39m[0m
[  25% ] [90m[1m_update_scan_actions[22m | stat_sys_r_signal_0_cdma.png[39m[0m
[  25% ] [90m[1m_update_scan_actions[22m | stat_sys_r_signal_1_cdma.png[39m[0m
[  25% ] [90m[1m_update_scan_actions[22m | stat_sys_r_signal_2_cdma.png[39m[0m
[  25% ] [90m[1m_update_scan_actions[22m | stat_sys_r_signal_3_cdma.png[39m[0m
[  25% ] [90m[1m_update_scan_actions[22m | stat_sys_r_signal_4_cdma.png[39m[0m
[  25% ] [90m[1m_update_scan_actions[22m | stat_sys_signal_0_cdma.png[39m[0m
[  25% ] [90m[1m_update_scan_actions[22m | stat_sys_signal_1_cdma.png[39m[0m
[  25% ] [90m[1m_update_scan_actions[22m | stat_sys_signal_2_cdma.png[39m[0m
[  25% ] [90m[1m_update_scan_actions[22m | stat_sys_signal_3_cdma.png[39m[0m
[  25% ] [90m[1m_update_scan_actions[22m | stat_sys_signal_4_cdma.png[39m[0m
[  25% ] [90m[1m_update_scan_actions[22m | stat_sys_signal_evdo_0.png[39m[0m
[  25% ] [90m[1m_update_scan_actions[22m | stat_sys_signal_evdo_1.png[39m[0m
[  25% ] [90m[1m_update_scan_actions[22m | stat_sys_signal_evdo_2.png[39m[0m
[  25% ] [90m[1m_update_scan_actions[22m | stat_sys_signal_evdo_3.png[39m[0m
[  25% ] [90m[1m_update_scan_actions[22m | stat_sys_signal_evdo_4.png[39m[0m
[  25% ] [90m[1m_update_scan_actions[22m | stat_sys_throttled.png[39m[0m
[  25% ] [90m[1m_update_scan_actions[22m | stat_sys_upload_anim0.png[39m[0m
[  25% ] [90m[1m_update_scan_actions[22m | stat_sys_upload_anim1.png[39m[0m
[  25% ] [90m[1m_update_scan_actions[22m | stat_sys_upload_anim2.png[39m[0m
[  25% ] [90m[1m_update_scan_actions[22m | stat_sys_upload_anim3.png[39m[0m
[  25% ] [90m[1m_update_scan_actions[22m | stat_sys_upload_anim4.png[39m[0m
[  25% ] [90m[1m_update_scan_actions[22m | stat_sys_upload_anim5.png[39m[0m
[  25% ] [90m[1m_update_scan_actions[22m | stat_sys_vp_phone_call.png[39m[0m
[  25% ] [90m[1m_update_scan_actions[22m | stat_sys_vp_phone_call_on_hold.png[39m[0m
[  25% ] [90m[1m_update_scan_actions[22m | stat_sys_warning.png[39m[0m
[  25% ] [90m[1m_update_scan_actions[22m | submenu_arrow_nofocus.png[39m[0m
[  25% ] [90m[1m_update_scan_actions[22m | switch_bg_disabled_holo_dark.9.png[39m[0m
[  25% ] [90m[1m_update_scan_actions[22m | switch_bg_disabled_holo_light.9.png[39m[0m
[  25% ] [90m[1m_update_scan_actions[22m | switch_bg_focused_holo_dark.9.png[39m[0m
[  25% ] [90m[1m_update_scan_actions[22m | switch_bg_focused_holo_light.9.png[39m[0m
[  25% ] [90m[1m_update_scan_actions[22m | switch_bg_holo_dark.9.png[39m[0m
[  25% ] [90m[1m_update_scan_actions[22m | switch_bg_holo_light.9.png[39m[0m
[  25% ] [90m[1m_update_scan_actions[22m | switch_thumb_activated_holo_dark.9.png[39m[0m
[  25% ] [90m[1m_update_scan_actions[22m | switch_thumb_activated_holo_light.9.png[39m[0m
[  25% ] [90m[1m_update_scan_actions[22m | switch_thumb_disabled_holo_dark.9.png[39m[0m
[  25% ] [90m[1m_update_scan_actions[22m | switch_thumb_disabled_holo_light.9.png[39m[0m
[  25% ] [90m[1m_update_scan_actions[22m | switch_thumb_holo_dark.9.png[39m[0m
[  25% ] [90m[1m_update_scan_actions[22m | switch_thumb_holo_light.9.png[39m[0m
[  25% ] [90m[1m_update_scan_actions[22m | switch_thumb_pressed_holo_dark.9.png[39m[0m
[  25% ] [90m[1m_update_scan_actions[22m | switch_thumb_pressed_holo_light.9.png[39m[0m
[  25% ] [90m[1m_update_scan_actions[22m | sym_action_add.png[39m[0m
[  25% ] [90m[1m_update_scan_actions[22m | sym_action_call.png[39m[0m
[  25% ] [90m[1m_update_scan_actions[22m | sym_action_chat.png[39m[0m
[  25% ] [90m[1m_update_scan_actions[22m | sym_action_email.png[39m[0m
[  25% ] [90m[1m_update_scan_actions[22m | sym_call_incoming.png[39m[0m
[  25% ] [90m[1m_update_scan_actions[22m | sym_call_missed.png[39m[0m
[  26% ] [90m[1m_update_scan_actions[22m | sym_call_outgoing.png[39m[0m
[  26% ] [90m[1m_update_scan_actions[22m | sym_contact_card.png[39m[0m
[  26% ] [90m[1m_update_scan_actions[22m | sym_keyboard_delete.png[39m[0m
[  26% ] [90m[1m_update_scan_actions[22m | sym_keyboard_delete_dim.png[39m[0m
[  26% ] [90m[1m_update_scan_actions[22m | sym_keyboard_enter.png[39m[0m
[  26% ] [90m[1m_update_scan_actions[22m | sym_keyboard_feedback_delete.png[39m[0m
[  26% ] [90m[1m_update_scan_actions[22m | sym_keyboard_feedback_ok.png[39m[0m
[  26% ] [90m[1m_update_scan_actions[22m | sym_keyboard_feedback_return.png[39m[0m
[  26% ] [90m[1m_update_scan_actions[22m | sym_keyboard_feedback_shift.png[39m[0m
[  26% ] [90m[1m_update_scan_actions[22m | sym_keyboard_feedback_shift_locked.png[39m[0m
[  26% ] [90m[1m_update_scan_actions[22m | sym_keyboard_feedback_space.png[39m[0m
[  26% ] [90m[1m_update_scan_actions[22m | sym_keyboard_num0_no_plus.png[39m[0m
[  26% ] [90m[1m_update_scan_actions[22m | sym_keyboard_num1.png[39m[0m
[  26% ] [90m[1m_update_scan_actions[22m | sym_keyboard_num2.png[39m[0m
[  26% ] [90m[1m_update_scan_actions[22m | sym_keyboard_num3.png[39m[0m
[  26% ] [90m[1m_update_scan_actions[22m | sym_keyboard_num4.png[39m[0m
[  26% ] [90m[1m_update_scan_actions[22m | sym_keyboard_num5.png[39m[0m
[  26% ] [90m[1m_update_scan_actions[22m | sym_keyboard_num6.png[39m[0m
[  26% ] [90m[1m_update_scan_actions[22m | sym_keyboard_num7.png[39m[0m
[  26% ] [90m[1m_update_scan_actions[22m | sym_keyboard_num8.png[39m[0m
[  26% ] [90m[1m_update_scan_actions[22m | sym_keyboard_num9.png[39m[0m
[  26% ] [90m[1m_update_scan_actions[22m | sym_keyboard_ok.png[39m[0m
[  26% ] [90m[1m_update_scan_actions[22m | sym_keyboard_ok_dim.png[39m[0m
[  26% ] [90m[1m_update_scan_actions[22m | sym_keyboard_return.png[39m[0m
[  26% ] [90m[1m_update_scan_actions[22m | sym_keyboard_shift.png[39m[0m
[  26% ] [90m[1m_update_scan_actions[22m | sym_keyboard_shift_locked.png[39m[0m
[  26% ] [90m[1m_update_scan_actions[22m | sym_keyboard_space.png[39m[0m
[  26% ] [90m[1m_update_scan_actions[22m | tab_bottom_holo.9.png[39m[0m
[  26% ] [90m[1m_update_scan_actions[22m | tab_focus.9.png[39m[0m
[  26% ] [90m[1m_update_scan_actions[22m | tab_focus_bar_left.9.png[39m[0m
[  26% ] [90m[1m_update_scan_actions[22m | tab_focus_bar_right.9.png[39m[0m
[  26% ] [90m[1m_update_scan_actions[22m | tab_indicator_mtrl_alpha.9.png[39m[0m
[  26% ] [90m[1m_update_scan_actions[22m | tab_press.9.png[39m[0m
[  26% ] [90m[1m_update_scan_actions[22m | tab_pressed_holo.9.png[39m[0m
[  26% ] [90m[1m_update_scan_actions[22m | tab_press_bar_left.9.png[39m[0m
[  26% ] [90m[1m_update_scan_actions[22m | tab_press_bar_right.9.png[39m[0m
[  26% ] [90m[1m_update_scan_actions[22m | tab_selected.9.png[39m[0m
[  26% ] [90m[1m_update_scan_actions[22m | tab_selected_bar_left.9.png[39m[0m
[  26% ] [90m[1m_update_scan_actions[22m | tab_selected_bar_left_v4.9.png[39m[0m
[  26% ] [90m[1m_update_scan_actions[22m | tab_selected_bar_right.9.png[39m[0m
[  26% ] [90m[1m_update_scan_actions[22m | tab_selected_bar_right_v4.9.png[39m[0m
[  26% ] [90m[1m_update_scan_actions[22m | tab_selected_focused_holo.9.png[39m[0m
[  26% ] [90m[1m_update_scan_actions[22m | tab_selected_holo.9.png[39m[0m
[  26% ] [90m[1m_update_scan_actions[22m | tab_selected_pressed_holo.9.png[39m[0m
[  26% ] [90m[1m_update_scan_actions[22m | tab_selected_v4.9.png[39m[0m
[  26% ] [90m[1m_update_scan_actions[22m | tab_unselected.9.png[39m[0m
[  26% ] [90m[1m_update_scan_actions[22m | tab_unselected_focused_holo.9.png[39m[0m
[  26% ] [90m[1m_update_scan_actions[22m | tab_unselected_holo.9.png[39m[0m
[  26% ] [90m[1m_update_scan_actions[22m | tab_unselected_pressed_holo.9.png[39m[0m
[  26% ] [90m[1m_update_scan_actions[22m | tab_unselected_v4.9.png[39m[0m
[  26% ] [90m[1m_update_scan_actions[22m | textfield_activated_holo_dark.9.png[39m[0m
[  26% ] [90m[1m_update_scan_actions[22m | textfield_activated_holo_light.9.png[39m[0m
[  26% ] [90m[1m_update_scan_actions[22m | textfield_activated_mtrl_alpha.9.png[39m[0m
[  26% ] [90m[1m_update_scan_actions[22m | textfield_bg_activated_holo_dark.9.png[39m[0m
[  26% ] [90m[1m_update_scan_actions[22m | textfield_bg_default_holo_dark.9.png[39m[0m
[  26% ] [90m[1m_update_scan_actions[22m | textfield_bg_disabled_focused_holo_dark.9.png[39m[0m
[  26% ] [90m[1m_update_scan_actions[22m | textfield_bg_disabled_holo_dark.9.png[39m[0m
[  26% ] [90m[1m_update_scan_actions[22m | textfield_bg_focused_holo_dark.9.png[39m[0m
[  26% ] [90m[1m_update_scan_actions[22m | textfield_default.9.png[39m[0m
[  26% ] [90m[1m_update_scan_actions[22m | textfield_default_holo_dark.9.png[39m[0m
[  26% ] [90m[1m_update_scan_actions[22m | textfield_default_holo_light.9.png[39m[0m
[  26% ] [90m[1m_update_scan_actions[22m | textfield_default_mtrl_alpha.9.png[39m[0m
[  26% ] [90m[1m_update_scan_actions[22m | textfield_disabled.9.png[39m[0m
[  26% ] [90m[1m_update_scan_actions[22m | textfield_disabled_focused_holo_dark.9.png[39m[0m
[  26% ] [90m[1m_update_scan_actions[22m | textfield_disabled_focused_holo_light.9.png[39m[0m
[  26% ] [90m[1m_update_scan_actions[22m | textfield_disabled_holo_dark.9.png[39m[0m
[  26% ] [90m[1m_update_scan_actions[22m | textfield_disabled_holo_light.9.png[39m[0m
[  26% ] [90m[1m_update_scan_actions[22m | textfield_disabled_selected.9.png[39m[0m
[  27% ] [90m[1m_update_scan_actions[22m | textfield_focused_holo_dark.9.png[39m[0m
[  27% ] [90m[1m_update_scan_actions[22m | textfield_focused_holo_light.9.png[39m[0m
[  27% ] [90m[1m_update_scan_actions[22m | textfield_longpress_holo.9.png[39m[0m
[  27% ] [90m[1m_update_scan_actions[22m | textfield_multiline_activated_holo_dark.9.png[39m[0m
[  27% ] [90m[1m_update_scan_actions[22m | textfield_multiline_activated_holo_light.9.png[39m[0m
[  27% ] [90m[1m_update_scan_actions[22m | textfield_multiline_default_holo_dark.9.png[39m[0m
[  27% ] [90m[1m_update_scan_actions[22m | textfield_multiline_default_holo_light.9.png[39m[0m
[  27% ] [90m[1m_update_scan_actions[22m | textfield_multiline_disabled_focused_holo_dark.9.png[39m[0m
[  27% ] [90m[1m_update_scan_actions[22m | textfield_multiline_disabled_focused_holo_light.9.png[39m[0m
[  27% ] [90m[1m_update_scan_actions[22m | textfield_multiline_disabled_holo_dark.9.png[39m[0m
[  27% ] [90m[1m_update_scan_actions[22m | textfield_multiline_disabled_holo_light.9.png[39m[0m
[  27% ] [90m[1m_update_scan_actions[22m | textfield_multiline_focused_holo_dark.9.png[39m[0m
[  27% ] [90m[1m_update_scan_actions[22m | textfield_multiline_focused_holo_light.9.png[39m[0m
[  27% ] [90m[1m_update_scan_actions[22m | textfield_pressed_holo.9.png[39m[0m
[  27% ] [90m[1m_update_scan_actions[22m | textfield_search_activated_mtrl_alpha.9.png[39m[0m
[  27% ] [90m[1m_update_scan_actions[22m | textfield_search_default.9.png[39m[0m
[  27% ] [90m[1m_update_scan_actions[22m | textfield_search_default_holo_dark.9.png[39m[0m
[  27% ] [90m[1m_update_scan_actions[22m | textfield_search_default_holo_light.9.png[39m[0m
[  27% ] [90m[1m_update_scan_actions[22m | textfield_search_default_mtrl_alpha.9.png[39m[0m
[  27% ] [90m[1m_update_scan_actions[22m | textfield_search_empty_default.9.png[39m[0m
[  27% ] [90m[1m_update_scan_actions[22m | textfield_search_empty_pressed.9.png[39m[0m
[  27% ] [90m[1m_update_scan_actions[22m | textfield_search_empty_selected.9.png[39m[0m
[  27% ] [90m[1m_update_scan_actions[22m | textfield_search_pressed.9.png[39m[0m
[  27% ] [90m[1m_update_scan_actions[22m | textfield_search_right_default_holo_dark.9.png[39m[0m
[  27% ] [90m[1m_update_scan_actions[22m | textfield_search_right_default_holo_light.9.png[39m[0m
[  27% ] [90m[1m_update_scan_actions[22m | textfield_search_right_selected_holo_dark.9.png[39m[0m
[  27% ] [90m[1m_update_scan_actions[22m | textfield_search_right_selected_holo_light.9.png[39m[0m
[  27% ] [90m[1m_update_scan_actions[22m | textfield_search_selected.9.png[39m[0m
[  27% ] [90m[1m_update_scan_actions[22m | textfield_search_selected_holo_dark.9.png[39m[0m
[  27% ] [90m[1m_update_scan_actions[22m | textfield_search_selected_holo_light.9.png[39m[0m
[  27% ] [90m[1m_update_scan_actions[22m | textfield_selected.9.png[39m[0m
[  27% ] [90m[1m_update_scan_actions[22m | text_edit_paste_window.9.png[39m[0m
[  27% ] [90m[1m_update_scan_actions[22m | text_edit_side_paste_window.9.png[39m[0m
[  27% ] [90m[1m_update_scan_actions[22m | text_edit_suggestions_window.9.png[39m[0m
[  27% ] [90m[1m_update_scan_actions[22m | text_select_handle_left_mtrl_alpha.png[39m[0m
[  27% ] [90m[1m_update_scan_actions[22m | text_select_handle_middle_mtrl_alpha.png[39m[0m
[  27% ] [90m[1m_update_scan_actions[22m | text_select_handle_right_mtrl_alpha.png[39m[0m
[  27% ] [90m[1m_update_scan_actions[22m | title_bar_medium.9.png[39m[0m
[  27% ] [90m[1m_update_scan_actions[22m | title_bar_portrait.9.png[39m[0m
[  27% ] [90m[1m_update_scan_actions[22m | title_bar_tall.9.png[39m[0m
[  27% ] [90m[1m_update_scan_actions[22m | transportcontrol_bg.9.png[39m[0m
[  27% ] [90m[1m_update_scan_actions[22m | unknown_image.png[39m[0m
[  27% ] [90m[1m_update_scan_actions[22m | vpn_connected.png[39m[0m
[  27% ] [90m[1m_update_scan_actions[22m | vpn_disconnected.png[39m[0m
[  27% ] [90m[1m_update_scan_actions[22m | watch_switch_thumb_mtrl_14w.png[39m[0m
[  27% ] [90m[1m_update_scan_actions[22m | watch_switch_thumb_mtrl_15w.png[39m[0m
[  27% ] [90m[1m_update_scan_actions[22m | watch_switch_thumb_mtrl_16w.png[39m[0m
[  27% ] [90m[1m_update_scan_actions[22m | watch_switch_thumb_mtrl_17w.png[39m[0m
[  27% ] [90m[1m_update_scan_actions[22m | watch_switch_thumb_mtrl_18w.png[39m[0m
[  27% ] [90m[1m_update_scan_actions[22m | watch_switch_track_mtrl.png[39m[0m
[  27% ] [90m[1m_update_scan_actions[22m | zoom_plate.9.png[39m[0m
[  27% ] [90m[1m_update_scan_actions[22m | btn_lock_normal.9.png[39m[0m
[  27% ] [90m[1m_update_scan_actions[22m | jog_tab_bar_left_end_confirm_gray.9.png[39m[0m
[  27% ] [90m[1m_update_scan_actions[22m | jog_tab_bar_left_end_confirm_green.9.png[39m[0m
[  27% ] [90m[1m_update_scan_actions[22m | jog_tab_bar_left_end_confirm_red.9.png[39m[0m
[  27% ] [90m[1m_update_scan_actions[22m | jog_tab_bar_left_end_confirm_yellow.9.png[39m[0m
[  27% ] [90m[1m_update_scan_actions[22m | jog_tab_bar_left_end_normal.9.png[39m[0m
[  27% ] [90m[1m_update_scan_actions[22m | jog_tab_bar_left_end_pressed.9.png[39m[0m
[  27% ] [90m[1m_update_scan_actions[22m | jog_tab_bar_right_end_confirm_gray.9.png[39m[0m
[  27% ] [90m[1m_update_scan_actions[22m | jog_tab_bar_right_end_confirm_green.9.png[39m[0m
[  27% ] [90m[1m_update_scan_actions[22m | jog_tab_bar_right_end_confirm_red.9.png[39m[0m
[  27% ] [90m[1m_update_scan_actions[22m | jog_tab_bar_right_end_confirm_yellow.9.png[39m[0m
[  27% ] [90m[1m_update_scan_actions[22m | jog_tab_bar_right_end_normal.9.png[39m[0m
[  27% ] [90m[1m_update_scan_actions[22m | jog_tab_bar_right_end_pressed.9.png[39m[0m
[  27% ] [90m[1m_update_scan_actions[22m | jog_tab_left_confirm_gray.png[39m[0m
[  27% ] [90m[1m_update_scan_actions[22m | jog_tab_left_confirm_green.png[39m[0m
[  27% ] [90m[1m_update_scan_actions[22m | jog_tab_left_confirm_red.png[39m[0m
[  27% ] [90m[1m_update_scan_actions[22m | jog_tab_left_confirm_yellow.png[39m[0m
[  27% ] [90m[1m_update_scan_actions[22m | jog_tab_left_normal.png[39m[0m
[  28% ] [90m[1m_update_scan_actions[22m | jog_tab_left_pressed.png[39m[0m
[  28% ] [90m[1m_update_scan_actions[22m | jog_tab_right_confirm_gray.png[39m[0m
[  28% ] [90m[1m_update_scan_actions[22m | jog_tab_right_confirm_green.png[39m[0m
[  28% ] [90m[1m_update_scan_actions[22m | jog_tab_right_confirm_red.png[39m[0m
[  28% ] [90m[1m_update_scan_actions[22m | jog_tab_right_confirm_yellow.png[39m[0m
[  28% ] [90m[1m_update_scan_actions[22m | jog_tab_right_normal.png[39m[0m
[  28% ] [90m[1m_update_scan_actions[22m | jog_tab_right_pressed.png[39m[0m
[  28% ] [90m[1m_update_scan_actions[22m | jog_tab_target_gray.png[39m[0m
[  28% ] [90m[1m_update_scan_actions[22m | jog_tab_target_green.png[39m[0m
[  28% ] [90m[1m_update_scan_actions[22m | jog_tab_target_red.png[39m[0m
[  28% ] [90m[1m_update_scan_actions[22m | jog_tab_target_yellow.png[39m[0m
[  28% ] [90m[1m_update_scan_actions[22m | btn_lock_normal.9.png[39m[0m
[  28% ] [90m[1m_update_scan_actions[22m | ic_jog_dial_sound_off.png[39m[0m
[  28% ] [90m[1m_update_scan_actions[22m | ic_jog_dial_sound_on.png[39m[0m
[  28% ] [90m[1m_update_scan_actions[22m | ic_jog_dial_unlock.png[39m[0m
[  28% ] [90m[1m_update_scan_actions[22m | jog_tab_bar_left_end_confirm_gray.9.png[39m[0m
[  28% ] [90m[1m_update_scan_actions[22m | jog_tab_bar_left_end_confirm_green.9.png[39m[0m
[  28% ] [90m[1m_update_scan_actions[22m | jog_tab_bar_left_end_confirm_red.9.png[39m[0m
[  28% ] [90m[1m_update_scan_actions[22m | jog_tab_bar_left_end_confirm_yellow.9.png[39m[0m
[  28% ] [90m[1m_update_scan_actions[22m | jog_tab_bar_left_end_normal.9.png[39m[0m
[  28% ] [90m[1m_update_scan_actions[22m | jog_tab_bar_left_end_pressed.9.png[39m[0m
[  28% ] [90m[1m_update_scan_actions[22m | jog_tab_bar_right_end_confirm_gray.9.png[39m[0m
[  28% ] [90m[1m_update_scan_actions[22m | jog_tab_bar_right_end_confirm_green.9.png[39m[0m
[  28% ] [90m[1m_update_scan_actions[22m | jog_tab_bar_right_end_confirm_red.9.png[39m[0m
[  28% ] [90m[1m_update_scan_actions[22m | jog_tab_bar_right_end_confirm_yellow.9.png[39m[0m
[  28% ] [90m[1m_update_scan_actions[22m | jog_tab_bar_right_end_normal.9.png[39m[0m
[  28% ] [90m[1m_update_scan_actions[22m | jog_tab_bar_right_end_pressed.9.png[39m[0m
[  28% ] [90m[1m_update_scan_actions[22m | jog_tab_left_confirm_gray.png[39m[0m
[  28% ] [90m[1m_update_scan_actions[22m | jog_tab_left_confirm_green.png[39m[0m
[  28% ] [90m[1m_update_scan_actions[22m | jog_tab_left_confirm_red.png[39m[0m
[  28% ] [90m[1m_update_scan_actions[22m | jog_tab_left_confirm_yellow.png[39m[0m
[  28% ] [90m[1m_update_scan_actions[22m | jog_tab_left_normal.png[39m[0m
[  28% ] [90m[1m_update_scan_actions[22m | jog_tab_left_pressed.png[39m[0m
[  28% ] [90m[1m_update_scan_actions[22m | jog_tab_right_confirm_gray.png[39m[0m
[  28% ] [90m[1m_update_scan_actions[22m | jog_tab_right_confirm_green.png[39m[0m
[  28% ] [90m[1m_update_scan_actions[22m | jog_tab_right_confirm_red.png[39m[0m
[  28% ] [90m[1m_update_scan_actions[22m | jog_tab_right_confirm_yellow.png[39m[0m
[  28% ] [90m[1m_update_scan_actions[22m | jog_tab_right_normal.png[39m[0m
[  28% ] [90m[1m_update_scan_actions[22m | jog_tab_right_pressed.png[39m[0m
[  28% ] [90m[1m_update_scan_actions[22m | jog_tab_target_gray.png[39m[0m
[  28% ] [90m[1m_update_scan_actions[22m | jog_tab_target_green.png[39m[0m
[  28% ] [90m[1m_update_scan_actions[22m | jog_tab_target_red.png[39m[0m
[  28% ] [90m[1m_update_scan_actions[22m | jog_tab_target_yellow.png[39m[0m
[  28% ] [90m[1m_update_scan_actions[22m | btn_lock_normal.9.png[39m[0m
[  28% ] [90m[1m_update_scan_actions[22m | jog_tab_bar_left_end_confirm_gray.9.png[39m[0m
[  28% ] [90m[1m_update_scan_actions[22m | jog_tab_bar_left_end_confirm_green.9.png[39m[0m
[  28% ] [90m[1m_update_scan_actions[22m | jog_tab_bar_left_end_confirm_red.9.png[39m[0m
[  28% ] [90m[1m_update_scan_actions[22m | jog_tab_bar_left_end_confirm_yellow.9.png[39m[0m
[  28% ] [90m[1m_update_scan_actions[22m | jog_tab_bar_left_end_normal.9.png[39m[0m
[  28% ] [90m[1m_update_scan_actions[22m | jog_tab_bar_left_end_pressed.9.png[39m[0m
[  28% ] [90m[1m_update_scan_actions[22m | jog_tab_bar_right_end_confirm_gray.9.png[39m[0m
[  28% ] [90m[1m_update_scan_actions[22m | jog_tab_bar_right_end_confirm_green.9.png[39m[0m
[  28% ] [90m[1m_update_scan_actions[22m | jog_tab_bar_right_end_confirm_red.9.png[39m[0m
[  28% ] [90m[1m_update_scan_actions[22m | jog_tab_bar_right_end_confirm_yellow.9.png[39m[0m
[  28% ] [90m[1m_update_scan_actions[22m | jog_tab_bar_right_end_normal.9.png[39m[0m
[  28% ] [90m[1m_update_scan_actions[22m | jog_tab_bar_right_end_pressed.9.png[39m[0m
[  28% ] [90m[1m_update_scan_actions[22m | jog_tab_left_confirm_gray.png[39m[0m
[  28% ] [90m[1m_update_scan_actions[22m | jog_tab_left_confirm_green.png[39m[0m
[  28% ] [90m[1m_update_scan_actions[22m | jog_tab_left_confirm_red.png[39m[0m
[  28% ] [90m[1m_update_scan_actions[22m | jog_tab_left_confirm_yellow.png[39m[0m
[  28% ] [90m[1m_update_scan_actions[22m | jog_tab_left_normal.png[39m[0m
[  28% ] [90m[1m_update_scan_actions[22m | jog_tab_left_pressed.png[39m[0m
[  28% ] [90m[1m_update_scan_actions[22m | jog_tab_right_confirm_gray.png[39m[0m
[  28% ] [90m[1m_update_scan_actions[22m | jog_tab_right_confirm_green.png[39m[0m
[  28% ] [90m[1m_update_scan_actions[22m | jog_tab_right_confirm_red.png[39m[0m
[  28% ] [90m[1m_update_scan_actions[22m | jog_tab_right_confirm_yellow.png[39m[0m
[  28% ] [90m[1m_update_scan_actions[22m | jog_tab_right_normal.png[39m[0m
[  28% ] [90m[1m_update_scan_actions[22m | jog_tab_right_pressed.png[39m[0m
[  29% ] [90m[1m_update_scan_actions[22m | jog_tab_target_gray.png[39m[0m
[  29% ] [90m[1m_update_scan_actions[22m | jog_tab_target_green.png[39m[0m
[  29% ] [90m[1m_update_scan_actions[22m | jog_tab_target_red.png[39m[0m
[  29% ] [90m[1m_update_scan_actions[22m | jog_tab_target_yellow.png[39m[0m
[  29% ] [90m[1m_update_scan_actions[22m | btn_lock_normal.9.png[39m[0m
[  29% ] [90m[1m_update_scan_actions[22m | activity_title_bar.9.png[39m[0m
[  29% ] [90m[1m_update_scan_actions[22m | arrow_down_float.png[39m[0m
[  29% ] [90m[1m_update_scan_actions[22m | arrow_up_float.png[39m[0m
[  29% ] [90m[1m_update_scan_actions[22m | battery_charge_background.png[39m[0m
[  29% ] [90m[1m_update_scan_actions[22m | bottom_bar.png[39m[0m
[  29% ] [90m[1m_update_scan_actions[22m | btn_check_buttonless_off.png[39m[0m
[  29% ] [90m[1m_update_scan_actions[22m | btn_check_buttonless_on.png[39m[0m
[  29% ] [90m[1m_update_scan_actions[22m | btn_check_label_background.9.png[39m[0m
[  29% ] [90m[1m_update_scan_actions[22m | btn_check_off.png[39m[0m
[  29% ] [90m[1m_update_scan_actions[22m | btn_check_off_disable.png[39m[0m
[  29% ] [90m[1m_update_scan_actions[22m | btn_check_off_disable_focused.png[39m[0m
[  29% ] [90m[1m_update_scan_actions[22m | btn_check_off_pressed.png[39m[0m
[  29% ] [90m[1m_update_scan_actions[22m | btn_check_off_selected.png[39m[0m
[  29% ] [90m[1m_update_scan_actions[22m | btn_check_on.png[39m[0m
[  29% ] [90m[1m_update_scan_actions[22m | btn_check_on_disable.png[39m[0m
[  29% ] [90m[1m_update_scan_actions[22m | btn_check_on_disable_focused.png[39m[0m
[  29% ] [90m[1m_update_scan_actions[22m | btn_check_on_pressed.png[39m[0m
[  29% ] [90m[1m_update_scan_actions[22m | btn_check_on_selected.png[39m[0m
[  29% ] [90m[1m_update_scan_actions[22m | btn_circle_disable.png[39m[0m
[  29% ] [90m[1m_update_scan_actions[22m | btn_circle_disable_focused.png[39m[0m
[  29% ] [90m[1m_update_scan_actions[22m | btn_circle_normal.png[39m[0m
[  29% ] [90m[1m_update_scan_actions[22m | btn_circle_pressed.png[39m[0m
[  29% ] [90m[1m_update_scan_actions[22m | btn_circle_selected.png[39m[0m
[  29% ] [90m[1m_update_scan_actions[22m | btn_close_normal.png[39m[0m
[  29% ] [90m[1m_update_scan_actions[22m | btn_close_pressed.png[39m[0m
[  29% ] [90m[1m_update_scan_actions[22m | btn_close_selected.png[39m[0m
[  29% ] [90m[1m_update_scan_actions[22m | btn_default_normal.9.png[39m[0m
[  29% ] [90m[1m_update_scan_actions[22m | btn_default_normal_disable.9.png[39m[0m
[  29% ] [90m[1m_update_scan_actions[22m | btn_default_normal_disable_focused.9.png[39m[0m
[  29% ] [90m[1m_update_scan_actions[22m | btn_default_pressed.9.png[39m[0m
[  29% ] [90m[1m_update_scan_actions[22m | btn_default_selected.9.png[39m[0m
[  29% ] [90m[1m_update_scan_actions[22m | btn_default_small_normal.9.png[39m[0m
[  29% ] [90m[1m_update_scan_actions[22m | btn_default_small_normal_disable.9.png[39m[0m
[  29% ] [90m[1m_update_scan_actions[22m | btn_default_small_normal_disable_focused.9.png[39m[0m
[  29% ] [90m[1m_update_scan_actions[22m | btn_default_small_pressed.9.png[39m[0m
[  29% ] [90m[1m_update_scan_actions[22m | btn_default_small_selected.9.png[39m[0m
[  29% ] [90m[1m_update_scan_actions[22m | btn_default_transparent_normal.9.png[39m[0m
[  29% ] [90m[1m_update_scan_actions[22m | btn_dialog_disable.png[39m[0m
[  29% ] [90m[1m_update_scan_actions[22m | btn_dialog_normal.png[39m[0m
[  29% ] [90m[1m_update_scan_actions[22m | btn_dialog_pressed.png[39m[0m
[  29% ] [90m[1m_update_scan_actions[22m | btn_dialog_selected.png[39m[0m
[  29% ] [90m[1m_update_scan_actions[22m | btn_dropdown_disabled.9.png[39m[0m
[  29% ] [90m[1m_update_scan_actions[22m | btn_dropdown_disabled_focused.9.png[39m[0m
[  29% ] [90m[1m_update_scan_actions[22m | btn_dropdown_normal.9.png[39m[0m
[  29% ] [90m[1m_update_scan_actions[22m | btn_dropdown_pressed.9.png[39m[0m
[  29% ] [90m[1m_update_scan_actions[22m | btn_dropdown_selected.9.png[39m[0m
[  29% ] [90m[1m_update_scan_actions[22m | btn_erase_default.9.png[39m[0m
[  29% ] [90m[1m_update_scan_actions[22m | btn_erase_pressed.9.png[39m[0m
[  29% ] [90m[1m_update_scan_actions[22m | btn_erase_selected.9.png[39m[0m
[  29% ] [90m[1m_update_scan_actions[22m | btn_global_search_normal.9.png[39m[0m
[  29% ] [90m[1m_update_scan_actions[22m | btn_keyboard_key_fulltrans_normal.9.png[39m[0m
[  29% ] [90m[1m_update_scan_actions[22m | btn_keyboard_key_fulltrans_normal_off.9.png[39m[0m
[  29% ] [90m[1m_update_scan_actions[22m | btn_keyboard_key_fulltrans_normal_on.9.png[39m[0m
[  29% ] [90m[1m_update_scan_actions[22m | btn_keyboard_key_fulltrans_pressed.9.png[39m[0m
[  29% ] [90m[1m_update_scan_actions[22m | btn_keyboard_key_fulltrans_pressed_off.9.png[39m[0m
[  29% ] [90m[1m_update_scan_actions[22m | btn_keyboard_key_fulltrans_pressed_on.9.png[39m[0m
[  29% ] [90m[1m_update_scan_actions[22m | btn_keyboard_key_normal.9.png[39m[0m
[  29% ] [90m[1m_update_scan_actions[22m | btn_keyboard_key_normal_off.9.png[39m[0m
[  29% ] [90m[1m_update_scan_actions[22m | btn_keyboard_key_normal_on.9.png[39m[0m
[  29% ] [90m[1m_update_scan_actions[22m | btn_keyboard_key_pressed.9.png[39m[0m
[  29% ] [90m[1m_update_scan_actions[22m | btn_keyboard_key_pressed_off.9.png[39m[0m
[  29% ] [90m[1m_update_scan_actions[22m | btn_keyboard_key_pressed_on.9.png[39m[0m
[  29% ] [90m[1m_update_scan_actions[22m | btn_keyboard_key_trans_normal.9.png[39m[0m
[  30% ] [90m[1m_update_scan_actions[22m | btn_keyboard_key_trans_normal_off.9.png[39m[0m
[  30% ] [90m[1m_update_scan_actions[22m | btn_keyboard_key_trans_normal_on.9.png[39m[0m
[  30% ] [90m[1m_update_scan_actions[22m | btn_keyboard_key_trans_pressed.9.png[39m[0m
[  30% ] [90m[1m_update_scan_actions[22m | btn_keyboard_key_trans_pressed_off.9.png[39m[0m
[  30% ] [90m[1m_update_scan_actions[22m | btn_keyboard_key_trans_pressed_on.9.png[39m[0m
[  30% ] [90m[1m_update_scan_actions[22m | btn_keyboard_key_trans_selected.9.png[39m[0m
[  30% ] [90m[1m_update_scan_actions[22m | btn_media_player.9.png[39m[0m
[  30% ] [90m[1m_update_scan_actions[22m | btn_media_player_disabled.9.png[39m[0m
[  30% ] [90m[1m_update_scan_actions[22m | btn_media_player_disabled_selected.9.png[39m[0m
[  30% ] [90m[1m_update_scan_actions[22m | btn_media_player_pressed.9.png[39m[0m
[  30% ] [90m[1m_update_scan_actions[22m | btn_media_player_selected.9.png[39m[0m
[  30% ] [90m[1m_update_scan_actions[22m | btn_minus_default.png[39m[0m
[  30% ] [90m[1m_update_scan_actions[22m | btn_minus_disable.png[39m[0m
[  30% ] [90m[1m_update_scan_actions[22m | btn_minus_disable_focused.png[39m[0m
[  30% ] [90m[1m_update_scan_actions[22m | btn_minus_pressed.png[39m[0m
[  30% ] [90m[1m_update_scan_actions[22m | btn_minus_selected.png[39m[0m
[  30% ] [90m[1m_update_scan_actions[22m | btn_plus_default.png[39m[0m
[  30% ] [90m[1m_update_scan_actions[22m | btn_plus_disable.png[39m[0m
[  30% ] [90m[1m_update_scan_actions[22m | btn_plus_disable_focused.png[39m[0m
[  30% ] [90m[1m_update_scan_actions[22m | btn_plus_pressed.png[39m[0m
[  30% ] [90m[1m_update_scan_actions[22m | btn_plus_selected.png[39m[0m
[  30% ] [90m[1m_update_scan_actions[22m | btn_radio_label_background.9.png[39m[0m
[  30% ] [90m[1m_update_scan_actions[22m | btn_radio_off.png[39m[0m
[  30% ] [90m[1m_update_scan_actions[22m | btn_radio_off_pressed.png[39m[0m
[  30% ] [90m[1m_update_scan_actions[22m | btn_radio_off_selected.png[39m[0m
[  30% ] [90m[1m_update_scan_actions[22m | btn_radio_on.png[39m[0m
[  30% ] [90m[1m_update_scan_actions[22m | btn_radio_on_pressed.png[39m[0m
[  30% ] [90m[1m_update_scan_actions[22m | btn_radio_on_selected.png[39m[0m
[  30% ] [90m[1m_update_scan_actions[22m | btn_rating_star_off_normal.png[39m[0m
[  30% ] [90m[1m_update_scan_actions[22m | btn_rating_star_off_pressed.png[39m[0m
[  30% ] [90m[1m_update_scan_actions[22m | btn_rating_star_off_selected.png[39m[0m
[  30% ] [90m[1m_update_scan_actions[22m | btn_rating_star_on_normal.png[39m[0m
[  30% ] [90m[1m_update_scan_actions[22m | btn_rating_star_on_pressed.png[39m[0m
[  30% ] [90m[1m_update_scan_actions[22m | btn_rating_star_on_selected.png[39m[0m
[  30% ] [90m[1m_update_scan_actions[22m | btn_search_dialog_default.9.png[39m[0m
[  30% ] [90m[1m_update_scan_actions[22m | btn_search_dialog_pressed.9.png[39m[0m
[  30% ] [90m[1m_update_scan_actions[22m | btn_search_dialog_selected.9.png[39m[0m
[  30% ] [90m[1m_update_scan_actions[22m | btn_search_dialog_voice_default.9.png[39m[0m
[  30% ] [90m[1m_update_scan_actions[22m | btn_search_dialog_voice_pressed.9.png[39m[0m
[  30% ] [90m[1m_update_scan_actions[22m | btn_search_dialog_voice_selected.9.png[39m[0m
[  30% ] [90m[1m_update_scan_actions[22m | btn_square_overlay_disabled.png[39m[0m
[  30% ] [90m[1m_update_scan_actions[22m | btn_square_overlay_disabled_focused.png[39m[0m
[  30% ] [90m[1m_update_scan_actions[22m | btn_square_overlay_normal.png[39m[0m
[  30% ] [90m[1m_update_scan_actions[22m | btn_square_overlay_pressed.png[39m[0m
[  30% ] [90m[1m_update_scan_actions[22m | btn_square_overlay_selected.png[39m[0m
[  30% ] [90m[1m_update_scan_actions[22m | btn_star_big_off.png[39m[0m
[  30% ] [90m[1m_update_scan_actions[22m | btn_star_big_off_disable.png[39m[0m
[  30% ] [90m[1m_update_scan_actions[22m | btn_star_big_off_disable_focused.png[39m[0m
[  30% ] [90m[1m_update_scan_actions[22m | btn_star_big_off_pressed.png[39m[0m
[  30% ] [90m[1m_update_scan_actions[22m | btn_star_big_off_selected.png[39m[0m
[  30% ] [90m[1m_update_scan_actions[22m | btn_star_big_on.png[39m[0m
[  30% ] [90m[1m_update_scan_actions[22m | btn_star_big_on_disable.png[39m[0m
[  30% ] [90m[1m_update_scan_actions[22m | btn_star_big_on_disable_focused.png[39m[0m
[  30% ] [90m[1m_update_scan_actions[22m | btn_star_big_on_pressed.png[39m[0m
[  30% ] [90m[1m_update_scan_actions[22m | btn_star_big_on_selected.png[39m[0m
[  30% ] [90m[1m_update_scan_actions[22m | btn_star_label_background.9.png[39m[0m
[  30% ] [90m[1m_update_scan_actions[22m | btn_toggle_off.9.png[39m[0m
[  30% ] [90m[1m_update_scan_actions[22m | btn_toggle_on.9.png[39m[0m
[  30% ] [90m[1m_update_scan_actions[22m | btn_zoom_down_disabled.9.png[39m[0m
[  30% ] [90m[1m_update_scan_actions[22m | btn_zoom_down_disabled_focused.9.png[39m[0m
[  30% ] [90m[1m_update_scan_actions[22m | btn_zoom_down_normal.9.png[39m[0m
[  30% ] [90m[1m_update_scan_actions[22m | btn_zoom_down_pressed.9.png[39m[0m
[  30% ] [90m[1m_update_scan_actions[22m | btn_zoom_down_selected.9.png[39m[0m
[  30% ] [90m[1m_update_scan_actions[22m | btn_zoom_page_normal.png[39m[0m
[  30% ] [90m[1m_update_scan_actions[22m | btn_zoom_page_press.png[39m[0m
[  30% ] [90m[1m_update_scan_actions[22m | btn_zoom_up_disabled.9.png[39m[0m
[  30% ] [90m[1m_update_scan_actions[22m | btn_zoom_up_disabled_focused.9.png[39m[0m
[  30% ] [90m[1m_update_scan_actions[22m | btn_zoom_up_normal.9.png[39m[0m
[  30% ] [90m[1m_update_scan_actions[22m | btn_zoom_up_pressed.9.png[39m[0m
[  31% ] [90m[1m_update_scan_actions[22m | btn_zoom_up_selected.9.png[39m[0m
[  31% ] [90m[1m_update_scan_actions[22m | button_onoff_indicator_off.png[39m[0m
[  31% ] [90m[1m_update_scan_actions[22m | button_onoff_indicator_on.png[39m[0m
[  31% ] [90m[1m_update_scan_actions[22m | call_contact.png[39m[0m
[  31% ] [90m[1m_update_scan_actions[22m | checkbox_off_background.png[39m[0m
[  31% ] [90m[1m_update_scan_actions[22m | checkbox_on_background.png[39m[0m
[  31% ] [90m[1m_update_scan_actions[22m | code_lock_bottom.9.png[39m[0m
[  31% ] [90m[1m_update_scan_actions[22m | code_lock_left.9.png[39m[0m
[  31% ] [90m[1m_update_scan_actions[22m | code_lock_top.9.png[39m[0m
[  31% ] [90m[1m_update_scan_actions[22m | compass_arrow.png[39m[0m
[  31% ] [90m[1m_update_scan_actions[22m | compass_base.png[39m[0m
[  31% ] [90m[1m_update_scan_actions[22m | contact_header_bg.9.png[39m[0m
[  31% ] [90m[1m_update_scan_actions[22m | create_contact.png[39m[0m
[  31% ] [90m[1m_update_scan_actions[22m | dark_header.9.png[39m[0m
[  31% ] [90m[1m_update_scan_actions[22m | dialog_divider_horizontal_light.9.png[39m[0m
[  31% ] [90m[1m_update_scan_actions[22m | divider_horizontal_bright.9.png[39m[0m
[  31% ] [90m[1m_update_scan_actions[22m | divider_horizontal_bright_opaque.9.png[39m[0m
[  31% ] [90m[1m_update_scan_actions[22m | divider_horizontal_dark.9.png[39m[0m
[  31% ] [90m[1m_update_scan_actions[22m | divider_horizontal_dark_opaque.9.png[39m[0m
[  31% ] [90m[1m_update_scan_actions[22m | divider_horizontal_dim_dark.9.png[39m[0m
[  31% ] [90m[1m_update_scan_actions[22m | divider_horizontal_textfield.9.png[39m[0m
[  31% ] [90m[1m_update_scan_actions[22m | divider_vertical_bright.9.png[39m[0m
[  31% ] [90m[1m_update_scan_actions[22m | divider_vertical_bright_opaque.9.png[39m[0m
[  31% ] [90m[1m_update_scan_actions[22m | divider_vertical_dark.9.png[39m[0m
[  31% ] [90m[1m_update_scan_actions[22m | divider_vertical_dark_opaque.9.png[39m[0m
[  31% ] [90m[1m_update_scan_actions[22m | editbox_background_focus_yellow.9.png[39m[0m
[  31% ] [90m[1m_update_scan_actions[22m | editbox_background_normal.9.png[39m[0m
[  31% ] [90m[1m_update_scan_actions[22m | editbox_dropdown_background.9.png[39m[0m
[  31% ] [90m[1m_update_scan_actions[22m | editbox_dropdown_background_dark.9.png[39m[0m
[  31% ] [90m[1m_update_scan_actions[22m | emo_im_angel.png[39m[0m
[  31% ] [90m[1m_update_scan_actions[22m | emo_im_cool.png[39m[0m
[  31% ] [90m[1m_update_scan_actions[22m | emo_im_crying.png[39m[0m
[  31% ] [90m[1m_update_scan_actions[22m | emo_im_foot_in_mouth.png[39m[0m
[  31% ] [90m[1m_update_scan_actions[22m | emo_im_happy.png[39m[0m
[  31% ] [90m[1m_update_scan_actions[22m | emo_im_kissing.png[39m[0m
[  31% ] [90m[1m_update_scan_actions[22m | emo_im_laughing.png[39m[0m
[  31% ] [90m[1m_update_scan_actions[22m | emo_im_lips_are_sealed.png[39m[0m
[  31% ] [90m[1m_update_scan_actions[22m | emo_im_money_mouth.png[39m[0m
[  31% ] [90m[1m_update_scan_actions[22m | emo_im_sad.png[39m[0m
[  31% ] [90m[1m_update_scan_actions[22m | emo_im_surprised.png[39m[0m
[  31% ] [90m[1m_update_scan_actions[22m | emo_im_tongue_sticking_out.png[39m[0m
[  31% ] [90m[1m_update_scan_actions[22m | emo_im_undecided.png[39m[0m
[  31% ] [90m[1m_update_scan_actions[22m | emo_im_winking.png[39m[0m
[  31% ] [90m[1m_update_scan_actions[22m | emo_im_wtf.png[39m[0m
[  31% ] [90m[1m_update_scan_actions[22m | emo_im_yelling.png[39m[0m
[  31% ] [90m[1m_update_scan_actions[22m | expander_ic_maximized.9.png[39m[0m
[  31% ] [90m[1m_update_scan_actions[22m | expander_ic_minimized.9.png[39m[0m
[  31% ] [90m[1m_update_scan_actions[22m | focused_application_background_static.png[39m[0m
[  31% ] [90m[1m_update_scan_actions[22m | frame_gallery_thumb.9.png[39m[0m
[  31% ] [90m[1m_update_scan_actions[22m | frame_gallery_thumb_pressed.9.png[39m[0m
[  31% ] [90m[1m_update_scan_actions[22m | frame_gallery_thumb_selected.9.png[39m[0m
[  31% ] [90m[1m_update_scan_actions[22m | gallery_selected_default.9.png[39m[0m
[  31% ] [90m[1m_update_scan_actions[22m | gallery_selected_focused.9.png[39m[0m
[  31% ] [90m[1m_update_scan_actions[22m | gallery_selected_pressed.9.png[39m[0m
[  31% ] [90m[1m_update_scan_actions[22m | gallery_unselected_default.9.png[39m[0m
[  31% ] [90m[1m_update_scan_actions[22m | gallery_unselected_pressed.9.png[39m[0m
[  31% ] [90m[1m_update_scan_actions[22m | grid_selector_background_focus.9.png[39m[0m
[  31% ] [90m[1m_update_scan_actions[22m | grid_selector_background_pressed.9.png[39m[0m
[  31% ] [90m[1m_update_scan_actions[22m | highlight_disabled.9.png[39m[0m
[  31% ] [90m[1m_update_scan_actions[22m | highlight_pressed.9.png[39m[0m
[  31% ] [90m[1m_update_scan_actions[22m | highlight_selected.9.png[39m[0m
[  31% ] [90m[1m_update_scan_actions[22m | icon_highlight_rectangle.9.png[39m[0m
[  31% ] [90m[1m_update_scan_actions[22m | icon_highlight_square.9.png[39m[0m
[  31% ] [90m[1m_update_scan_actions[22m | ic_aggregated.png[39m[0m
[  31% ] [90m[1m_update_scan_actions[22m | ic_btn_round_more_disabled.png[39m[0m
[  31% ] [90m[1m_update_scan_actions[22m | ic_btn_round_more_normal.png[39m[0m
[  31% ] [90m[1m_update_scan_actions[22m | ic_btn_search_go.png[39m[0m
[  31% ] [90m[1m_update_scan_actions[22m | ic_btn_speak_now.png[39m[0m
[  32% ] [90m[1m_update_scan_actions[22m | ic_btn_square_browser_zoom_fit_page_disabled.png[39m[0m
[  32% ] [90m[1m_update_scan_actions[22m | ic_btn_square_browser_zoom_fit_page_normal.png[39m[0m
[  32% ] [90m[1m_update_scan_actions[22m | ic_btn_square_browser_zoom_page_overview_disabled.png[39m[0m
[  32% ] [90m[1m_update_scan_actions[22m | ic_btn_square_browser_zoom_page_overview_normal.png[39m[0m
[  32% ] [90m[1m_update_scan_actions[22m | ic_bullet_key_permission.png[39m[0m
[  32% ] [90m[1m_update_scan_actions[22m | ic_contact_picture.png[39m[0m
[  32% ] [90m[1m_update_scan_actions[22m | ic_contact_picture_2.png[39m[0m
[  32% ] [90m[1m_update_scan_actions[22m | ic_contact_picture_3.png[39m[0m
[  32% ] [90m[1m_update_scan_actions[22m | ic_delete.png[39m[0m
[  32% ] [90m[1m_update_scan_actions[22m | ic_dialog_alert.png[39m[0m
[  32% ] [90m[1m_update_scan_actions[22m | ic_dialog_dialer.png[39m[0m
[  32% ] [90m[1m_update_scan_actions[22m | ic_dialog_email.png[39m[0m
[  32% ] [90m[1m_update_scan_actions[22m | ic_dialog_info.png[39m[0m
[  32% ] [90m[1m_update_scan_actions[22m | ic_dialog_map.png[39m[0m
[  32% ] [90m[1m_update_scan_actions[22m | ic_dialog_time.png[39m[0m
[  32% ] [90m[1m_update_scan_actions[22m | ic_dialog_usb.png[39m[0m
[  32% ] [90m[1m_update_scan_actions[22m | ic_emergency.png[39m[0m
[  32% ] [90m[1m_update_scan_actions[22m | ic_input_add.png[39m[0m
[  32% ] [90m[1m_update_scan_actions[22m | ic_input_delete.png[39m[0m
[  32% ] [90m[1m_update_scan_actions[22m | ic_input_get.png[39m[0m
[  32% ] [90m[1m_update_scan_actions[22m | ic_jog_dial_answer.png[39m[0m
[  32% ] [90m[1m_update_scan_actions[22m | ic_jog_dial_answer_and_end.png[39m[0m
[  32% ] [90m[1m_update_scan_actions[22m | ic_jog_dial_answer_and_hold.png[39m[0m
[  32% ] [90m[1m_update_scan_actions[22m | ic_jog_dial_decline.png[39m[0m
[  32% ] [90m[1m_update_scan_actions[22m | ic_jog_dial_sound_off.png[39m[0m
[  32% ] [90m[1m_update_scan_actions[22m | ic_jog_dial_sound_on.png[39m[0m
[  32% ] [90m[1m_update_scan_actions[22m | ic_jog_dial_unlock.png[39m[0m
[  32% ] [90m[1m_update_scan_actions[22m | ic_jog_dial_vibrate_on.png[39m[0m
[  32% ] [90m[1m_update_scan_actions[22m | ic_launcher_android.png[39m[0m
[  32% ] [90m[1m_update_scan_actions[22m | ic_lock_airplane_mode_alpha.png[39m[0m
[  32% ] [90m[1m_update_scan_actions[22m | ic_lock_airplane_mode_off_am_alpha.png[39m[0m
[  32% ] [90m[1m_update_scan_actions[22m | ic_lock_idle_alarm_alpha.png[39m[0m
[  32% ] [90m[1m_update_scan_actions[22m | ic_lock_idle_charging.png[39m[0m
[  32% ] [90m[1m_update_scan_actions[22m | ic_lock_idle_lock.png[39m[0m
[  32% ] [90m[1m_update_scan_actions[22m | ic_lock_idle_low_battery.png[39m[0m
[  32% ] [90m[1m_update_scan_actions[22m | ic_lock_lock_alpha.png[39m[0m
[  32% ] [90m[1m_update_scan_actions[22m | ic_lock_power_off_alpha.png[39m[0m
[  32% ] [90m[1m_update_scan_actions[22m | ic_lock_ringer_off_alpha.png[39m[0m
[  32% ] [90m[1m_update_scan_actions[22m | ic_lock_ringer_on_alpha.png[39m[0m
[  32% ] [90m[1m_update_scan_actions[22m | ic_lock_silent_mode.png[39m[0m
[  32% ] [90m[1m_update_scan_actions[22m | ic_lock_silent_mode_off.png[39m[0m
[  32% ] [90m[1m_update_scan_actions[22m | ic_lock_silent_mode_vibrate.png[39m[0m
[  32% ] [90m[1m_update_scan_actions[22m | ic_maps_indicator_current_position.png[39m[0m
[  32% ] [90m[1m_update_scan_actions[22m | ic_maps_indicator_current_position_anim1.png[39m[0m
[  32% ] [90m[1m_update_scan_actions[22m | ic_maps_indicator_current_position_anim2.png[39m[0m
[  32% ] [90m[1m_update_scan_actions[22m | ic_maps_indicator_current_position_anim3.png[39m[0m
[  32% ] [90m[1m_update_scan_actions[22m | ic_media_embed_play.png[39m[0m
[  32% ] [90m[1m_update_scan_actions[22m | ic_media_ff.png[39m[0m
[  32% ] [90m[1m_update_scan_actions[22m | ic_media_fullscreen.png[39m[0m
[  32% ] [90m[1m_update_scan_actions[22m | ic_media_next.png[39m[0m
[  32% ] [90m[1m_update_scan_actions[22m | ic_media_pause.png[39m[0m
[  32% ] [90m[1m_update_scan_actions[22m | ic_media_play.png[39m[0m
[  32% ] [90m[1m_update_scan_actions[22m | ic_media_previous.png[39m[0m
[  32% ] [90m[1m_update_scan_actions[22m | ic_media_rew.png[39m[0m
[  32% ] [90m[1m_update_scan_actions[22m | ic_media_video_poster.png[39m[0m
[  32% ] [90m[1m_update_scan_actions[22m | ic_menu_account_list.png[39m[0m
[  32% ] [90m[1m_update_scan_actions[22m | ic_menu_add.png[39m[0m
[  32% ] [90m[1m_update_scan_actions[22m | ic_menu_agenda.png[39m[0m
[  32% ] [90m[1m_update_scan_actions[22m | ic_menu_allfriends.png[39m[0m
[  32% ] [90m[1m_update_scan_actions[22m | ic_menu_always_landscape_portrait.png[39m[0m
[  32% ] [90m[1m_update_scan_actions[22m | ic_menu_archive.png[39m[0m
[  32% ] [90m[1m_update_scan_actions[22m | ic_menu_attachment.png[39m[0m
[  32% ] [90m[1m_update_scan_actions[22m | ic_menu_back.png[39m[0m
[  32% ] [90m[1m_update_scan_actions[22m | ic_menu_block.png[39m[0m
[  32% ] [90m[1m_update_scan_actions[22m | ic_menu_blocked_user.png[39m[0m
[  32% ] [90m[1m_update_scan_actions[22m | ic_menu_call.png[39m[0m
[  32% ] [90m[1m_update_scan_actions[22m | ic_menu_camera.png[39m[0m
[  32% ] [90m[1m_update_scan_actions[22m | ic_menu_cc_am.png[39m[0m
[  32% ] [90m[1m_update_scan_actions[22m | ic_menu_chat_dashboard.png[39m[0m
[  33% ] [90m[1m_update_scan_actions[22m | ic_menu_clear_playlist.png[39m[0m
[  33% ] [90m[1m_update_scan_actions[22m | ic_menu_close_clear_cancel.png[39m[0m
[  33% ] [90m[1m_update_scan_actions[22m | ic_menu_compass.png[39m[0m
[  33% ] [90m[1m_update_scan_actions[22m | ic_menu_compose.png[39m[0m
[  33% ] [90m[1m_update_scan_actions[22m | ic_menu_crop.png[39m[0m
[  33% ] [90m[1m_update_scan_actions[22m | ic_menu_day.png[39m[0m
[  33% ] [90m[1m_update_scan_actions[22m | ic_menu_delete.png[39m[0m
[  33% ] [90m[1m_update_scan_actions[22m | ic_menu_directions.png[39m[0m
[  33% ] [90m[1m_update_scan_actions[22m | ic_menu_edit.png[39m[0m
[  33% ] [90m[1m_update_scan_actions[22m | ic_menu_emoticons.png[39m[0m
[  33% ] [90m[1m_update_scan_actions[22m | ic_menu_end_conversation.png[39m[0m
[  33% ] [90m[1m_update_scan_actions[22m | ic_menu_forward.png[39m[0m
[  33% ] [90m[1m_update_scan_actions[22m | ic_menu_friendslist.png[39m[0m
[  33% ] [90m[1m_update_scan_actions[22m | ic_menu_gallery.png[39m[0m
[  33% ] [90m[1m_update_scan_actions[22m | ic_menu_goto.png[39m[0m
[  33% ] [90m[1m_update_scan_actions[22m | ic_menu_help.png[39m[0m
[  33% ] [90m[1m_update_scan_actions[22m | ic_menu_home.png[39m[0m
[  33% ] [90m[1m_update_scan_actions[22m | ic_menu_info_details.png[39m[0m
[  33% ] [90m[1m_update_scan_actions[22m | ic_menu_invite.png[39m[0m
[  33% ] [90m[1m_update_scan_actions[22m | ic_menu_login.png[39m[0m
[  33% ] [90m[1m_update_scan_actions[22m | ic_menu_manage.png[39m[0m
[  33% ] [90m[1m_update_scan_actions[22m | ic_menu_mapmode.png[39m[0m
[  33% ] [90m[1m_update_scan_actions[22m | ic_menu_mark.png[39m[0m
[  33% ] [90m[1m_update_scan_actions[22m | ic_menu_month.png[39m[0m
[  33% ] [90m[1m_update_scan_actions[22m | ic_menu_more.png[39m[0m
[  33% ] [90m[1m_update_scan_actions[22m | ic_menu_mylocation.png[39m[0m
[  33% ] [90m[1m_update_scan_actions[22m | ic_menu_myplaces.png[39m[0m
[  33% ] [90m[1m_update_scan_actions[22m | ic_menu_my_calendar.png[39m[0m
[  33% ] [90m[1m_update_scan_actions[22m | ic_menu_notifications.png[39m[0m
[  33% ] [90m[1m_update_scan_actions[22m | ic_menu_play_clip.png[39m[0m
[  33% ] [90m[1m_update_scan_actions[22m | ic_menu_preferences.png[39m[0m
[  33% ] [90m[1m_update_scan_actions[22m | ic_menu_recent_history.png[39m[0m
[  33% ] [90m[1m_update_scan_actions[22m | ic_menu_report_image.png[39m[0m
[  33% ] [90m[1m_update_scan_actions[22m | ic_menu_revert.png[39m[0m
[  33% ] [90m[1m_update_scan_actions[22m | ic_menu_rotate.png[39m[0m
[  33% ] [90m[1m_update_scan_actions[22m | ic_menu_save.png[39m[0m
[  33% ] [90m[1m_update_scan_actions[22m | ic_menu_search.png[39m[0m
[  33% ] [90m[1m_update_scan_actions[22m | ic_menu_send.png[39m[0m
[  33% ] [90m[1m_update_scan_actions[22m | ic_menu_set_as.png[39m[0m
[  33% ] [90m[1m_update_scan_actions[22m | ic_menu_share.png[39m[0m
[  33% ] [90m[1m_update_scan_actions[22m | ic_menu_slideshow.png[39m[0m
[  33% ] [90m[1m_update_scan_actions[22m | ic_menu_sort_alphabetically.png[39m[0m
[  33% ] [90m[1m_update_scan_actions[22m | ic_menu_sort_by_size.png[39m[0m
[  33% ] [90m[1m_update_scan_actions[22m | ic_menu_star.png[39m[0m
[  33% ] [90m[1m_update_scan_actions[22m | ic_menu_start_conversation.png[39m[0m
[  33% ] [90m[1m_update_scan_actions[22m | ic_menu_stop.png[39m[0m
[  33% ] [90m[1m_update_scan_actions[22m | ic_menu_today.png[39m[0m
[  33% ] [90m[1m_update_scan_actions[22m | ic_menu_upload.png[39m[0m
[  33% ] [90m[1m_update_scan_actions[22m | ic_menu_upload_you_tube.png[39m[0m
[  33% ] [90m[1m_update_scan_actions[22m | ic_menu_view.png[39m[0m
[  33% ] [90m[1m_update_scan_actions[22m | ic_menu_week.png[39m[0m
[  33% ] [90m[1m_update_scan_actions[22m | ic_menu_zoom.png[39m[0m
[  33% ] [90m[1m_update_scan_actions[22m | ic_notification_clear_all.png[39m[0m
[  33% ] [90m[1m_update_scan_actions[22m | ic_notification_overlay.9.png[39m[0m
[  33% ] [90m[1m_update_scan_actions[22m | ic_partial_secure.png[39m[0m
[  33% ] [90m[1m_update_scan_actions[22m | ic_popup_disk_full.png[39m[0m
[  33% ] [90m[1m_update_scan_actions[22m | ic_popup_reminder.png[39m[0m
[  33% ] [90m[1m_update_scan_actions[22m | ic_popup_sync_1.png[39m[0m
[  33% ] [90m[1m_update_scan_actions[22m | ic_popup_sync_2.png[39m[0m
[  33% ] [90m[1m_update_scan_actions[22m | ic_popup_sync_3.png[39m[0m
[  33% ] [90m[1m_update_scan_actions[22m | ic_popup_sync_4.png[39m[0m
[  33% ] [90m[1m_update_scan_actions[22m | ic_popup_sync_5.png[39m[0m
[  33% ] [90m[1m_update_scan_actions[22m | ic_popup_sync_6.png[39m[0m
[  33% ] [90m[1m_update_scan_actions[22m | ic_search_category_default.png[39m[0m
[  33% ] [90m[1m_update_scan_actions[22m | ic_secure.png[39m[0m
[  33% ] [90m[1m_update_scan_actions[22m | ic_vibrate.png[39m[0m
[  33% ] [90m[1m_update_scan_actions[22m | ic_vibrate_small.png[39m[0m
[  33% ] [90m[1m_update_scan_actions[22m | ic_volume.png[39m[0m
[  34% ] [90m[1m_update_scan_actions[22m | ic_volume_bluetooth_ad2p.png[39m[0m
[  34% ] [90m[1m_update_scan_actions[22m | ic_volume_bluetooth_in_call.png[39m[0m
[  34% ] [90m[1m_update_scan_actions[22m | ic_volume_off.png[39m[0m
[  34% ] [90m[1m_update_scan_actions[22m | ic_volume_off_small.png[39m[0m
[  34% ] [90m[1m_update_scan_actions[22m | ic_volume_small.png[39m[0m
[  34% ] [90m[1m_update_scan_actions[22m | ime_qwerty.png[39m[0m
[  34% ] [90m[1m_update_scan_actions[22m | indicator_input_error.png[39m[0m
[  34% ] [90m[1m_update_scan_actions[22m | jog_dial_arrow_long_left_green.png[39m[0m
[  34% ] [90m[1m_update_scan_actions[22m | jog_dial_arrow_long_left_yellow.png[39m[0m
[  34% ] [90m[1m_update_scan_actions[22m | jog_dial_arrow_long_middle_yellow.png[39m[0m
[  34% ] [90m[1m_update_scan_actions[22m | jog_dial_arrow_long_right_red.png[39m[0m
[  34% ] [90m[1m_update_scan_actions[22m | jog_dial_arrow_long_right_yellow.png[39m[0m
[  34% ] [90m[1m_update_scan_actions[22m | jog_dial_arrow_short_left.png[39m[0m
[  34% ] [90m[1m_update_scan_actions[22m | jog_dial_arrow_short_left_and_right.png[39m[0m
[  34% ] [90m[1m_update_scan_actions[22m | jog_dial_arrow_short_right.png[39m[0m
[  34% ] [90m[1m_update_scan_actions[22m | jog_dial_bg.png[39m[0m
[  34% ] [90m[1m_update_scan_actions[22m | jog_dial_dimple.png[39m[0m
[  34% ] [90m[1m_update_scan_actions[22m | jog_dial_dimple_dim.png[39m[0m
[  34% ] [90m[1m_update_scan_actions[22m | jog_tab_bar_left_end_confirm_gray.9.png[39m[0m
[  34% ] [90m[1m_update_scan_actions[22m | jog_tab_bar_left_end_confirm_green.9.png[39m[0m
[  34% ] [90m[1m_update_scan_actions[22m | jog_tab_bar_left_end_confirm_red.9.png[39m[0m
[  34% ] [90m[1m_update_scan_actions[22m | jog_tab_bar_left_end_confirm_yellow.9.png[39m[0m
[  34% ] [90m[1m_update_scan_actions[22m | jog_tab_bar_left_end_normal.9.png[39m[0m
[  34% ] [90m[1m_update_scan_actions[22m | jog_tab_bar_left_end_pressed.9.png[39m[0m
[  34% ] [90m[1m_update_scan_actions[22m | jog_tab_bar_right_end_confirm_gray.9.png[39m[0m
[  34% ] [90m[1m_update_scan_actions[22m | jog_tab_bar_right_end_confirm_green.9.png[39m[0m
[  34% ] [90m[1m_update_scan_actions[22m | jog_tab_bar_right_end_confirm_red.9.png[39m[0m
[  34% ] [90m[1m_update_scan_actions[22m | jog_tab_bar_right_end_confirm_yellow.9.png[39m[0m
[  34% ] [90m[1m_update_scan_actions[22m | jog_tab_bar_right_end_normal.9.png[39m[0m
[  34% ] [90m[1m_update_scan_actions[22m | jog_tab_bar_right_end_pressed.9.png[39m[0m
[  34% ] [90m[1m_update_scan_actions[22m | jog_tab_left_confirm_gray.png[39m[0m
[  34% ] [90m[1m_update_scan_actions[22m | jog_tab_left_confirm_green.png[39m[0m
[  34% ] [90m[1m_update_scan_actions[22m | jog_tab_left_confirm_red.png[39m[0m
[  34% ] [90m[1m_update_scan_actions[22m | jog_tab_left_confirm_yellow.png[39m[0m
[  34% ] [90m[1m_update_scan_actions[22m | jog_tab_left_normal.png[39m[0m
[  34% ] [90m[1m_update_scan_actions[22m | jog_tab_left_pressed.png[39m[0m
[  34% ] [90m[1m_update_scan_actions[22m | jog_tab_right_confirm_gray.png[39m[0m
[  34% ] [90m[1m_update_scan_actions[22m | jog_tab_right_confirm_green.png[39m[0m
[  34% ] [90m[1m_update_scan_actions[22m | jog_tab_right_confirm_red.png[39m[0m
[  34% ] [90m[1m_update_scan_actions[22m | jog_tab_right_confirm_yellow.png[39m[0m
[  34% ] [90m[1m_update_scan_actions[22m | jog_tab_right_normal.png[39m[0m
[  34% ] [90m[1m_update_scan_actions[22m | jog_tab_right_pressed.png[39m[0m
[  34% ] [90m[1m_update_scan_actions[22m | jog_tab_target_gray.png[39m[0m
[  34% ] [90m[1m_update_scan_actions[22m | jog_tab_target_green.png[39m[0m
[  34% ] [90m[1m_update_scan_actions[22m | jog_tab_target_red.png[39m[0m
[  34% ] [90m[1m_update_scan_actions[22m | jog_tab_target_yellow.png[39m[0m
[  34% ] [90m[1m_update_scan_actions[22m | keyboard_accessory_bg_landscape.9.png[39m[0m
[  34% ] [90m[1m_update_scan_actions[22m | keyboard_background.9.png[39m[0m
[  34% ] [90m[1m_update_scan_actions[22m | keyboard_key_feedback_background.9.png[39m[0m
[  34% ] [90m[1m_update_scan_actions[22m | keyboard_key_feedback_more_background.9.png[39m[0m
[  34% ] [90m[1m_update_scan_actions[22m | keyboard_popup_panel_background.9.png[39m[0m
[  34% ] [90m[1m_update_scan_actions[22m | keyboard_popup_panel_trans_background.9.png[39m[0m
[  34% ] [90m[1m_update_scan_actions[22m | light_header.9.png[39m[0m
[  34% ] [90m[1m_update_scan_actions[22m | list_selector_background_disabled.9.png[39m[0m
[  34% ] [90m[1m_update_scan_actions[22m | list_selector_background_focus.9.png[39m[0m
[  34% ] [90m[1m_update_scan_actions[22m | list_selector_background_longpress.9.png[39m[0m
[  34% ] [90m[1m_update_scan_actions[22m | list_selector_background_pressed.9.png[39m[0m
[  34% ] [90m[1m_update_scan_actions[22m | maps_google_logo.png[39m[0m
[  34% ] [90m[1m_update_scan_actions[22m | menuitem_background_focus.9.png[39m[0m
[  34% ] [90m[1m_update_scan_actions[22m | menuitem_background_pressed.9.png[39m[0m
[  34% ] [90m[1m_update_scan_actions[22m | menuitem_background_solid_focused.9.png[39m[0m
[  34% ] [90m[1m_update_scan_actions[22m | menuitem_background_solid_pressed.9.png[39m[0m
[  34% ] [90m[1m_update_scan_actions[22m | menuitem_checkbox_on.png[39m[0m
[  34% ] [90m[1m_update_scan_actions[22m | menu_background.9.png[39m[0m
[  34% ] [90m[1m_update_scan_actions[22m | menu_background_fill_parent_width.9.png[39m[0m
[  34% ] [90m[1m_update_scan_actions[22m | menu_separator.9.png[39m[0m
[  34% ] [90m[1m_update_scan_actions[22m | menu_submenu_background.9.png[39m[0m
[  34% ] [90m[1m_update_scan_actions[22m | numberpicker_down_disabled.9.png[39m[0m
[  35% ] [90m[1m_update_scan_actions[22m | numberpicker_down_disabled_focused.9.png[39m[0m
[  35% ] [90m[1m_update_scan_actions[22m | numberpicker_down_normal.9.png[39m[0m
[  35% ] [90m[1m_update_scan_actions[22m | numberpicker_down_pressed.9.png[39m[0m
[  35% ] [90m[1m_update_scan_actions[22m | numberpicker_down_selected.9.png[39m[0m
[  35% ] [90m[1m_update_scan_actions[22m | numberpicker_input_disabled.9.png[39m[0m
[  35% ] [90m[1m_update_scan_actions[22m | numberpicker_input_normal.9.png[39m[0m
[  35% ] [90m[1m_update_scan_actions[22m | numberpicker_input_pressed.9.png[39m[0m
[  35% ] [90m[1m_update_scan_actions[22m | numberpicker_input_selected.9.png[39m[0m
[  35% ] [90m[1m_update_scan_actions[22m | numberpicker_up_disabled.9.png[39m[0m
[  35% ] [90m[1m_update_scan_actions[22m | numberpicker_up_disabled_focused.9.png[39m[0m
[  35% ] [90m[1m_update_scan_actions[22m | numberpicker_up_normal.9.png[39m[0m
[  35% ] [90m[1m_update_scan_actions[22m | numberpicker_up_pressed.9.png[39m[0m
[  35% ] [90m[1m_update_scan_actions[22m | numberpicker_up_selected.9.png[39m[0m
[  35% ] [90m[1m_update_scan_actions[22m | panel_background.9.png[39m[0m
[  35% ] [90m[1m_update_scan_actions[22m | panel_picture_frame_bg_focus_blue.9.png[39m[0m
[  35% ] [90m[1m_update_scan_actions[22m | panel_picture_frame_bg_normal.9.png[39m[0m
[  35% ] [90m[1m_update_scan_actions[22m | panel_picture_frame_bg_pressed_blue.9.png[39m[0m
[  35% ] [90m[1m_update_scan_actions[22m | password_field_default.9.png[39m[0m
[  35% ] [90m[1m_update_scan_actions[22m | picture_emergency.png[39m[0m
[  35% ] [90m[1m_update_scan_actions[22m | picture_frame.9.png[39m[0m
[  35% ] [90m[1m_update_scan_actions[22m | popup_bottom_bright.9.png[39m[0m
[  35% ] [90m[1m_update_scan_actions[22m | popup_bottom_dark.9.png[39m[0m
[  35% ] [90m[1m_update_scan_actions[22m | popup_bottom_medium.9.png[39m[0m
[  35% ] [90m[1m_update_scan_actions[22m | popup_center_bright.9.png[39m[0m
[  35% ] [90m[1m_update_scan_actions[22m | popup_center_dark.9.png[39m[0m
[  35% ] [90m[1m_update_scan_actions[22m | popup_center_medium.9.png[39m[0m
[  35% ] [90m[1m_update_scan_actions[22m | popup_full_bright.9.png[39m[0m
[  35% ] [90m[1m_update_scan_actions[22m | popup_full_dark.9.png[39m[0m
[  35% ] [90m[1m_update_scan_actions[22m | popup_inline_error_above_am.9.png[39m[0m
[  35% ] [90m[1m_update_scan_actions[22m | popup_inline_error_am.9.png[39m[0m
[  35% ] [90m[1m_update_scan_actions[22m | popup_top_bright.9.png[39m[0m
[  35% ] [90m[1m_update_scan_actions[22m | popup_top_dark.9.png[39m[0m
[  35% ] [90m[1m_update_scan_actions[22m | presence_audio_away.png[39m[0m
[  35% ] [90m[1m_update_scan_actions[22m | presence_audio_busy.png[39m[0m
[  35% ] [90m[1m_update_scan_actions[22m | presence_audio_online.png[39m[0m
[  35% ] [90m[1m_update_scan_actions[22m | presence_away.png[39m[0m
[  35% ] [90m[1m_update_scan_actions[22m | presence_busy.png[39m[0m
[  35% ] [90m[1m_update_scan_actions[22m | presence_invisible.png[39m[0m
[  35% ] [90m[1m_update_scan_actions[22m | presence_offline.png[39m[0m
[  35% ] [90m[1m_update_scan_actions[22m | presence_online.png[39m[0m
[  35% ] [90m[1m_update_scan_actions[22m | presence_video_away.png[39m[0m
[  35% ] [90m[1m_update_scan_actions[22m | presence_video_busy.png[39m[0m
[  35% ] [90m[1m_update_scan_actions[22m | presence_video_online.png[39m[0m
[  35% ] [90m[1m_update_scan_actions[22m | pressed_application_background_static.png[39m[0m
[  35% ] [90m[1m_update_scan_actions[22m | progressbar_indeterminate1.png[39m[0m
[  35% ] [90m[1m_update_scan_actions[22m | progressbar_indeterminate2.png[39m[0m
[  35% ] [90m[1m_update_scan_actions[22m | progressbar_indeterminate3.png[39m[0m
[  35% ] [90m[1m_update_scan_actions[22m | radiobutton_off_background.png[39m[0m
[  35% ] [90m[1m_update_scan_actions[22m | radiobutton_on_background.png[39m[0m
[  35% ] [90m[1m_update_scan_actions[22m | rate_star_big_half.png[39m[0m
[  35% ] [90m[1m_update_scan_actions[22m | rate_star_big_off.png[39m[0m
[  35% ] [90m[1m_update_scan_actions[22m | rate_star_big_on.png[39m[0m
[  35% ] [90m[1m_update_scan_actions[22m | rate_star_med_half.png[39m[0m
[  35% ] [90m[1m_update_scan_actions[22m | rate_star_med_off.png[39m[0m
[  35% ] [90m[1m_update_scan_actions[22m | rate_star_med_on.png[39m[0m
[  35% ] [90m[1m_update_scan_actions[22m | rate_star_small_half.png[39m[0m
[  35% ] [90m[1m_update_scan_actions[22m | rate_star_small_off.png[39m[0m
[  35% ] [90m[1m_update_scan_actions[22m | rate_star_small_on.png[39m[0m
[  35% ] [90m[1m_update_scan_actions[22m | recent_dialog_background.9.png[39m[0m
[  35% ] [90m[1m_update_scan_actions[22m | reticle.png[39m[0m
[  35% ] [90m[1m_update_scan_actions[22m | scrollbar_handle_accelerated_anim2.9.png[39m[0m
[  35% ] [90m[1m_update_scan_actions[22m | scrollbar_handle_horizontal.9.png[39m[0m
[  35% ] [90m[1m_update_scan_actions[22m | scrollbar_handle_vertical.9.png[39m[0m
[  35% ] [90m[1m_update_scan_actions[22m | search_dropdown_background.9.png[39m[0m
[  35% ] [90m[1m_update_scan_actions[22m | search_plate.9.png[39m[0m
[  35% ] [90m[1m_update_scan_actions[22m | search_plate_global.9.png[39m[0m
[  35% ] [90m[1m_update_scan_actions[22m | seek_thumb_normal.png[39m[0m
[  35% ] [90m[1m_update_scan_actions[22m | seek_thumb_pressed.png[39m[0m
[  35% ] [90m[1m_update_scan_actions[22m | seek_thumb_selected.png[39m[0m
[  36% ] [90m[1m_update_scan_actions[22m | settings_header_raw.9.png[39m[0m
[  36% ] [90m[1m_update_scan_actions[22m | spinner_black_16.png[39m[0m
[  36% ] [90m[1m_update_scan_actions[22m | spinner_black_20.png[39m[0m
[  36% ] [90m[1m_update_scan_actions[22m | spinner_black_48.png[39m[0m
[  36% ] [90m[1m_update_scan_actions[22m | spinner_black_76.png[39m[0m
[  36% ] [90m[1m_update_scan_actions[22m | spinner_dropdown_background_down.9.png[39m[0m
[  36% ] [90m[1m_update_scan_actions[22m | spinner_dropdown_background_up.9.png[39m[0m
[  36% ] [90m[1m_update_scan_actions[22m | spinner_normal.9.png[39m[0m
[  36% ] [90m[1m_update_scan_actions[22m | spinner_press.9.png[39m[0m
[  36% ] [90m[1m_update_scan_actions[22m | spinner_select.9.png[39m[0m
[  36% ] [90m[1m_update_scan_actions[22m | spinner_white_16.png[39m[0m
[  36% ] [90m[1m_update_scan_actions[22m | spinner_white_48.png[39m[0m
[  36% ] [90m[1m_update_scan_actions[22m | spinner_white_76.png[39m[0m
[  36% ] [90m[1m_update_scan_actions[22m | star_big_off.png[39m[0m
[  36% ] [90m[1m_update_scan_actions[22m | star_big_on.png[39m[0m
[  36% ] [90m[1m_update_scan_actions[22m | star_off.png[39m[0m
[  36% ] [90m[1m_update_scan_actions[22m | star_on.png[39m[0m
[  36% ] [90m[1m_update_scan_actions[22m | status_bar_background.png[39m[0m
[  36% ] [90m[1m_update_scan_actions[22m | status_bar_header_background.9.png[39m[0m
[  36% ] [90m[1m_update_scan_actions[22m | status_bar_item_app_background_normal.9.png[39m[0m
[  36% ] [90m[1m_update_scan_actions[22m | status_bar_item_background_focus.9.png[39m[0m
[  36% ] [90m[1m_update_scan_actions[22m | status_bar_item_background_normal.9.png[39m[0m
[  36% ] [90m[1m_update_scan_actions[22m | status_bar_item_background_pressed.9.png[39m[0m
[  36% ] [90m[1m_update_scan_actions[22m | stat_ecb_mode.png[39m[0m
[  36% ] [90m[1m_update_scan_actions[22m | stat_notify_car_mode.png[39m[0m
[  36% ] [90m[1m_update_scan_actions[22m | stat_notify_chat.png[39m[0m
[  36% ] [90m[1m_update_scan_actions[22m | stat_notify_disk_full.png[39m[0m
[  36% ] [90m[1m_update_scan_actions[22m | stat_notify_email_generic.png[39m[0m
[  36% ] [90m[1m_update_scan_actions[22m | stat_notify_error.png[39m[0m
[  36% ] [90m[1m_update_scan_actions[22m | stat_notify_gmail.png[39m[0m
[  36% ] [90m[1m_update_scan_actions[22m | stat_notify_missed_call.png[39m[0m
[  36% ] [90m[1m_update_scan_actions[22m | stat_notify_more.png[39m[0m
[  36% ] [90m[1m_update_scan_actions[22m | stat_notify_sdcard.png[39m[0m
[  36% ] [90m[1m_update_scan_actions[22m | stat_notify_sdcard_prepare.png[39m[0m
[  36% ] [90m[1m_update_scan_actions[22m | stat_notify_sdcard_usb.png[39m[0m
[  36% ] [90m[1m_update_scan_actions[22m | stat_notify_sim_toolkit.png[39m[0m
[  36% ] [90m[1m_update_scan_actions[22m | stat_notify_sync.png[39m[0m
[  36% ] [90m[1m_update_scan_actions[22m | stat_notify_sync_anim0.png[39m[0m
[  36% ] [90m[1m_update_scan_actions[22m | stat_notify_sync_error.png[39m[0m
[  36% ] [90m[1m_update_scan_actions[22m | stat_notify_voicemail.png[39m[0m
[  36% ] [90m[1m_update_scan_actions[22m | stat_sys_battery_0.png[39m[0m
[  36% ] [90m[1m_update_scan_actions[22m | stat_sys_battery_10.png[39m[0m
[  36% ] [90m[1m_update_scan_actions[22m | stat_sys_battery_20.png[39m[0m
[  36% ] [90m[1m_update_scan_actions[22m | stat_sys_battery_40.png[39m[0m
[  36% ] [90m[1m_update_scan_actions[22m | stat_sys_battery_60.png[39m[0m
[  36% ] [90m[1m_update_scan_actions[22m | stat_sys_battery_80.png[39m[0m
[  36% ] [90m[1m_update_scan_actions[22m | stat_sys_battery_100.png[39m[0m
[  36% ] [90m[1m_update_scan_actions[22m | stat_sys_battery_charge_anim0.png[39m[0m
[  36% ] [90m[1m_update_scan_actions[22m | stat_sys_battery_charge_anim1.png[39m[0m
[  36% ] [90m[1m_update_scan_actions[22m | stat_sys_battery_charge_anim2.png[39m[0m
[  36% ] [90m[1m_update_scan_actions[22m | stat_sys_battery_charge_anim3.png[39m[0m
[  36% ] [90m[1m_update_scan_actions[22m | stat_sys_battery_charge_anim4.png[39m[0m
[  36% ] [90m[1m_update_scan_actions[22m | stat_sys_battery_charge_anim5.png[39m[0m
[  36% ] [90m[1m_update_scan_actions[22m | stat_sys_battery_unknown.png[39m[0m
[  36% ] [90m[1m_update_scan_actions[22m | stat_sys_data_bluetooth.png[39m[0m
[  36% ] [90m[1m_update_scan_actions[22m | stat_sys_data_usb.png[39m[0m
[  36% ] [90m[1m_update_scan_actions[22m | stat_sys_download_anim0.png[39m[0m
[  36% ] [90m[1m_update_scan_actions[22m | stat_sys_download_anim1.png[39m[0m
[  36% ] [90m[1m_update_scan_actions[22m | stat_sys_download_anim2.png[39m[0m
[  36% ] [90m[1m_update_scan_actions[22m | stat_sys_download_anim3.png[39m[0m
[  36% ] [90m[1m_update_scan_actions[22m | stat_sys_download_anim4.png[39m[0m
[  36% ] [90m[1m_update_scan_actions[22m | stat_sys_download_anim5.png[39m[0m
[  36% ] [90m[1m_update_scan_actions[22m | stat_sys_gps_on.png[39m[0m
[  36% ] [90m[1m_update_scan_actions[22m | stat_sys_headset.png[39m[0m
[  36% ] [90m[1m_update_scan_actions[22m | stat_sys_phone_call.png[39m[0m
[  36% ] [90m[1m_update_scan_actions[22m | stat_sys_phone_call_forward.png[39m[0m
[  36% ] [90m[1m_update_scan_actions[22m | stat_sys_phone_call_on_hold.png[39m[0m
[  36% ] [90m[1m_update_scan_actions[22m | stat_sys_ra_signal_0_cdma.png[39m[0m
[  37% ] [90m[1m_update_scan_actions[22m | stat_sys_ra_signal_1_cdma.png[39m[0m
[  37% ] [90m[1m_update_scan_actions[22m | stat_sys_ra_signal_2_cdma.png[39m[0m
[  37% ] [90m[1m_update_scan_actions[22m | stat_sys_ra_signal_3_cdma.png[39m[0m
[  37% ] [90m[1m_update_scan_actions[22m | stat_sys_ra_signal_4_cdma.png[39m[0m
[  37% ] [90m[1m_update_scan_actions[22m | stat_sys_r_signal_0_cdma.png[39m[0m
[  37% ] [90m[1m_update_scan_actions[22m | stat_sys_r_signal_1_cdma.png[39m[0m
[  37% ] [90m[1m_update_scan_actions[22m | stat_sys_r_signal_2_cdma.png[39m[0m
[  37% ] [90m[1m_update_scan_actions[22m | stat_sys_r_signal_3_cdma.png[39m[0m
[  37% ] [90m[1m_update_scan_actions[22m | stat_sys_r_signal_4_cdma.png[39m[0m
[  37% ] [90m[1m_update_scan_actions[22m | stat_sys_signal_0_cdma.png[39m[0m
[  37% ] [90m[1m_update_scan_actions[22m | stat_sys_signal_1_cdma.png[39m[0m
[  37% ] [90m[1m_update_scan_actions[22m | stat_sys_signal_2_cdma.png[39m[0m
[  37% ] [90m[1m_update_scan_actions[22m | stat_sys_signal_3_cdma.png[39m[0m
[  37% ] [90m[1m_update_scan_actions[22m | stat_sys_signal_4_cdma.png[39m[0m
[  37% ] [90m[1m_update_scan_actions[22m | stat_sys_signal_evdo_0.png[39m[0m
[  37% ] [90m[1m_update_scan_actions[22m | stat_sys_signal_evdo_1.png[39m[0m
[  37% ] [90m[1m_update_scan_actions[22m | stat_sys_signal_evdo_2.png[39m[0m
[  37% ] [90m[1m_update_scan_actions[22m | stat_sys_signal_evdo_3.png[39m[0m
[  37% ] [90m[1m_update_scan_actions[22m | stat_sys_signal_evdo_4.png[39m[0m
[  37% ] [90m[1m_update_scan_actions[22m | stat_sys_throttled.png[39m[0m
[  37% ] [90m[1m_update_scan_actions[22m | stat_sys_upload_anim0.png[39m[0m
[  37% ] [90m[1m_update_scan_actions[22m | stat_sys_upload_anim1.png[39m[0m
[  37% ] [90m[1m_update_scan_actions[22m | stat_sys_upload_anim2.png[39m[0m
[  37% ] [90m[1m_update_scan_actions[22m | stat_sys_upload_anim3.png[39m[0m
[  37% ] [90m[1m_update_scan_actions[22m | stat_sys_upload_anim4.png[39m[0m
[  37% ] [90m[1m_update_scan_actions[22m | stat_sys_upload_anim5.png[39m[0m
[  37% ] [90m[1m_update_scan_actions[22m | stat_sys_vp_phone_call.png[39m[0m
[  37% ] [90m[1m_update_scan_actions[22m | stat_sys_vp_phone_call_on_hold.png[39m[0m
[  37% ] [90m[1m_update_scan_actions[22m | stat_sys_warning.png[39m[0m
[  37% ] [90m[1m_update_scan_actions[22m | submenu_arrow_nofocus.png[39m[0m
[  37% ] [90m[1m_update_scan_actions[22m | sym_action_add.png[39m[0m
[  37% ] [90m[1m_update_scan_actions[22m | sym_action_call.png[39m[0m
[  37% ] [90m[1m_update_scan_actions[22m | sym_action_chat.png[39m[0m
[  37% ] [90m[1m_update_scan_actions[22m | sym_action_email.png[39m[0m
[  37% ] [90m[1m_update_scan_actions[22m | sym_call_incoming.png[39m[0m
[  37% ] [90m[1m_update_scan_actions[22m | sym_call_missed.png[39m[0m
[  37% ] [90m[1m_update_scan_actions[22m | sym_call_outgoing.png[39m[0m
[  37% ] [90m[1m_update_scan_actions[22m | sym_contact_card.png[39m[0m
[  37% ] [90m[1m_update_scan_actions[22m | sym_keyboard_delete.png[39m[0m
[  37% ] [90m[1m_update_scan_actions[22m | sym_keyboard_delete_dim.png[39m[0m
[  37% ] [90m[1m_update_scan_actions[22m | sym_keyboard_feedback_delete.png[39m[0m
[  37% ] [90m[1m_update_scan_actions[22m | sym_keyboard_feedback_ok.png[39m[0m
[  37% ] [90m[1m_update_scan_actions[22m | sym_keyboard_feedback_return.png[39m[0m
[  37% ] [90m[1m_update_scan_actions[22m | sym_keyboard_feedback_shift.png[39m[0m
[  37% ] [90m[1m_update_scan_actions[22m | sym_keyboard_feedback_shift_locked.png[39m[0m
[  37% ] [90m[1m_update_scan_actions[22m | sym_keyboard_feedback_space.png[39m[0m
[  37% ] [90m[1m_update_scan_actions[22m | sym_keyboard_num0_no_plus.png[39m[0m
[  37% ] [90m[1m_update_scan_actions[22m | sym_keyboard_num1.png[39m[0m
[  37% ] [90m[1m_update_scan_actions[22m | sym_keyboard_num2.png[39m[0m
[  37% ] [90m[1m_update_scan_actions[22m | sym_keyboard_num3.png[39m[0m
[  37% ] [90m[1m_update_scan_actions[22m | sym_keyboard_num4.png[39m[0m
[  37% ] [90m[1m_update_scan_actions[22m | sym_keyboard_num5.png[39m[0m
[  37% ] [90m[1m_update_scan_actions[22m | sym_keyboard_num6.png[39m[0m
[  37% ] [90m[1m_update_scan_actions[22m | sym_keyboard_num7.png[39m[0m
[  37% ] [90m[1m_update_scan_actions[22m | sym_keyboard_num8.png[39m[0m
[  37% ] [90m[1m_update_scan_actions[22m | sym_keyboard_num9.png[39m[0m
[  37% ] [90m[1m_update_scan_actions[22m | sym_keyboard_ok.png[39m[0m
[  37% ] [90m[1m_update_scan_actions[22m | sym_keyboard_ok_dim.png[39m[0m
[  37% ] [90m[1m_update_scan_actions[22m | sym_keyboard_return.png[39m[0m
[  37% ] [90m[1m_update_scan_actions[22m | sym_keyboard_shift.png[39m[0m
[  37% ] [90m[1m_update_scan_actions[22m | sym_keyboard_shift_locked.png[39m[0m
[  37% ] [90m[1m_update_scan_actions[22m | sym_keyboard_space.png[39m[0m
[  37% ] [90m[1m_update_scan_actions[22m | tab_focus.9.png[39m[0m
[  37% ] [90m[1m_update_scan_actions[22m | tab_focus_bar_left.9.png[39m[0m
[  37% ] [90m[1m_update_scan_actions[22m | tab_focus_bar_right.9.png[39m[0m
[  37% ] [90m[1m_update_scan_actions[22m | tab_press.9.png[39m[0m
[  37% ] [90m[1m_update_scan_actions[22m | tab_press_bar_left.9.png[39m[0m
[  37% ] [90m[1m_update_scan_actions[22m | tab_press_bar_right.9.png[39m[0m
[  37% ] [90m[1m_update_scan_actions[22m | tab_selected.9.png[39m[0m
[  38% ] [90m[1m_update_scan_actions[22m | tab_selected_bar_left.9.png[39m[0m
[  38% ] [90m[1m_update_scan_actions[22m | tab_selected_bar_left_v4.9.png[39m[0m
[  38% ] [90m[1m_update_scan_actions[22m | tab_selected_bar_right.9.png[39m[0m
[  38% ] [90m[1m_update_scan_actions[22m | tab_selected_bar_right_v4.9.png[39m[0m
[  38% ] [90m[1m_update_scan_actions[22m | tab_selected_v4.9.png[39m[0m
[  38% ] [90m[1m_update_scan_actions[22m | tab_unselected.9.png[39m[0m
[  38% ] [90m[1m_update_scan_actions[22m | tab_unselected_v4.9.png[39m[0m
[  38% ] [90m[1m_update_scan_actions[22m | textfield_default.9.png[39m[0m
[  38% ] [90m[1m_update_scan_actions[22m | textfield_disabled.9.png[39m[0m
[  38% ] [90m[1m_update_scan_actions[22m | textfield_disabled_selected.9.png[39m[0m
[  38% ] [90m[1m_update_scan_actions[22m | textfield_search_default.9.png[39m[0m
[  38% ] [90m[1m_update_scan_actions[22m | textfield_search_empty_default.9.png[39m[0m
[  38% ] [90m[1m_update_scan_actions[22m | textfield_search_empty_pressed.9.png[39m[0m
[  38% ] [90m[1m_update_scan_actions[22m | textfield_search_empty_selected.9.png[39m[0m
[  38% ] [90m[1m_update_scan_actions[22m | textfield_search_pressed.9.png[39m[0m
[  38% ] [90m[1m_update_scan_actions[22m | textfield_search_selected.9.png[39m[0m
[  38% ] [90m[1m_update_scan_actions[22m | textfield_selected.9.png[39m[0m
[  38% ] [90m[1m_update_scan_actions[22m | title_bar_medium.9.png[39m[0m
[  38% ] [90m[1m_update_scan_actions[22m | title_bar_portrait.9.png[39m[0m
[  38% ] [90m[1m_update_scan_actions[22m | title_bar_tall.9.png[39m[0m
[  38% ] [90m[1m_update_scan_actions[22m | unknown_image.png[39m[0m
[  38% ] [90m[1m_update_scan_actions[22m | vpn_connected.png[39m[0m
[  38% ] [90m[1m_update_scan_actions[22m | vpn_disconnected.png[39m[0m
[  38% ] [90m[1m_update_scan_actions[22m | zoom_plate.9.png[39m[0m
[  38% ] [90m[1m_update_scan_actions[22m | ab_bottom_solid_dark_holo.9.png[39m[0m
[  38% ] [90m[1m_update_scan_actions[22m | ab_bottom_solid_inverse_holo.9.png[39m[0m
[  38% ] [90m[1m_update_scan_actions[22m | ab_bottom_solid_light_holo.9.png[39m[0m
[  38% ] [90m[1m_update_scan_actions[22m | ab_bottom_transparent_dark_holo.9.png[39m[0m
[  38% ] [90m[1m_update_scan_actions[22m | ab_bottom_transparent_light_holo.9.png[39m[0m
[  38% ] [90m[1m_update_scan_actions[22m | ab_share_pack_holo_dark.9.png[39m[0m
[  38% ] [90m[1m_update_scan_actions[22m | ab_share_pack_holo_light.9.png[39m[0m
[  38% ] [90m[1m_update_scan_actions[22m | ab_share_pack_mtrl_alpha.9.png[39m[0m
[  38% ] [90m[1m_update_scan_actions[22m | ab_solid_dark_holo.9.png[39m[0m
[  38% ] [90m[1m_update_scan_actions[22m | ab_solid_light_holo.9.png[39m[0m
[  38% ] [90m[1m_update_scan_actions[22m | ab_solid_shadow_holo.9.png[39m[0m
[  38% ] [90m[1m_update_scan_actions[22m | ab_solid_shadow_mtrl_alpha.9.png[39m[0m
[  38% ] [90m[1m_update_scan_actions[22m | ab_stacked_solid_dark_holo.9.png[39m[0m
[  38% ] [90m[1m_update_scan_actions[22m | ab_stacked_solid_inverse_holo.9.png[39m[0m
[  38% ] [90m[1m_update_scan_actions[22m | ab_stacked_solid_light_holo.9.png[39m[0m
[  38% ] [90m[1m_update_scan_actions[22m | ab_stacked_transparent_dark_holo.9.png[39m[0m
[  38% ] [90m[1m_update_scan_actions[22m | ab_stacked_transparent_light_holo.9.png[39m[0m
[  38% ] [90m[1m_update_scan_actions[22m | ab_transparent_dark_holo.9.png[39m[0m
[  38% ] [90m[1m_update_scan_actions[22m | ab_transparent_light_holo.9.png[39m[0m
[  38% ] [90m[1m_update_scan_actions[22m | activity_title_bar.9.png[39m[0m
[  38% ] [90m[1m_update_scan_actions[22m | arrow_down_float.png[39m[0m
[  38% ] [90m[1m_update_scan_actions[22m | arrow_up_float.png[39m[0m
[  38% ] [90m[1m_update_scan_actions[22m | battery_charge_background.png[39m[0m
[  38% ] [90m[1m_update_scan_actions[22m | bottom_bar.png[39m[0m
[  38% ] [90m[1m_update_scan_actions[22m | btn_cab_done_default_holo_dark.9.png[39m[0m
[  38% ] [90m[1m_update_scan_actions[22m | btn_cab_done_default_holo_light.9.png[39m[0m
[  38% ] [90m[1m_update_scan_actions[22m | btn_cab_done_focused_holo_dark.9.png[39m[0m
[  38% ] [90m[1m_update_scan_actions[22m | btn_cab_done_focused_holo_light.9.png[39m[0m
[  38% ] [90m[1m_update_scan_actions[22m | btn_cab_done_pressed_holo_dark.9.png[39m[0m
[  38% ] [90m[1m_update_scan_actions[22m | btn_cab_done_pressed_holo_light.9.png[39m[0m
[  38% ] [90m[1m_update_scan_actions[22m | btn_check_buttonless_off.png[39m[0m
[  38% ] [90m[1m_update_scan_actions[22m | btn_check_buttonless_on.png[39m[0m
[  38% ] [90m[1m_update_scan_actions[22m | btn_check_label_background.9.png[39m[0m
[  38% ] [90m[1m_update_scan_actions[22m | btn_check_off.png[39m[0m
[  38% ] [90m[1m_update_scan_actions[22m | btn_check_off_disable.png[39m[0m
[  38% ] [90m[1m_update_scan_actions[22m | btn_check_off_disabled_focused_holo_dark.png[39m[0m
[  38% ] [90m[1m_update_scan_actions[22m | btn_check_off_disabled_focused_holo_light.png[39m[0m
[  38% ] [90m[1m_update_scan_actions[22m | btn_check_off_disabled_holo_dark.png[39m[0m
[  38% ] [90m[1m_update_scan_actions[22m | btn_check_off_disabled_holo_light.png[39m[0m
[  38% ] [90m[1m_update_scan_actions[22m | btn_check_off_disable_focused.png[39m[0m
[  38% ] [90m[1m_update_scan_actions[22m | btn_check_off_disable_focused_holo_dark.png[39m[0m
[  38% ] [90m[1m_update_scan_actions[22m | btn_check_off_disable_focused_holo_light.png[39m[0m
[  38% ] [90m[1m_update_scan_actions[22m | btn_check_off_disable_holo_dark.png[39m[0m
[  38% ] [90m[1m_update_scan_actions[22m | btn_check_off_disable_holo_light.png[39m[0m
[  39% ] [90m[1m_update_scan_actions[22m | btn_check_off_focused_holo_dark.png[39m[0m
[  39% ] [90m[1m_update_scan_actions[22m | btn_check_off_focused_holo_light.png[39m[0m
[  39% ] [90m[1m_update_scan_actions[22m | btn_check_off_holo.png[39m[0m
[  39% ] [90m[1m_update_scan_actions[22m | btn_check_off_holo_dark.png[39m[0m
[  39% ] [90m[1m_update_scan_actions[22m | btn_check_off_holo_light.png[39m[0m
[  39% ] [90m[1m_update_scan_actions[22m | btn_check_off_normal_holo_dark.png[39m[0m
[  39% ] [90m[1m_update_scan_actions[22m | btn_check_off_normal_holo_light.png[39m[0m
[  39% ] [90m[1m_update_scan_actions[22m | btn_check_off_pressed.png[39m[0m
[  39% ] [90m[1m_update_scan_actions[22m | btn_check_off_pressed_holo_dark.png[39m[0m
[  39% ] [90m[1m_update_scan_actions[22m | btn_check_off_pressed_holo_light.png[39m[0m
[  39% ] [90m[1m_update_scan_actions[22m | btn_check_off_selected.png[39m[0m
[  39% ] [90m[1m_update_scan_actions[22m | btn_check_on.png[39m[0m
[  39% ] [90m[1m_update_scan_actions[22m | btn_check_on_disable.png[39m[0m
[  39% ] [90m[1m_update_scan_actions[22m | btn_check_on_disabled_focused_holo_dark.png[39m[0m
[  39% ] [90m[1m_update_scan_actions[22m | btn_check_on_disabled_focused_holo_light.png[39m[0m
[  39% ] [90m[1m_update_scan_actions[22m | btn_check_on_disabled_holo_dark.png[39m[0m
[  39% ] [90m[1m_update_scan_actions[22m | btn_check_on_disabled_holo_light.png[39m[0m
[  39% ] [90m[1m_update_scan_actions[22m | btn_check_on_disable_focused.png[39m[0m
[  39% ] [90m[1m_update_scan_actions[22m | btn_check_on_disable_focused_holo_light.png[39m[0m
[  39% ] [90m[1m_update_scan_actions[22m | btn_check_on_disable_holo_dark.png[39m[0m
[  39% ] [90m[1m_update_scan_actions[22m | btn_check_on_disable_holo_light.png[39m[0m
[  39% ] [90m[1m_update_scan_actions[22m | btn_check_on_focused_holo_dark.png[39m[0m
[  39% ] [90m[1m_update_scan_actions[22m | btn_check_on_focused_holo_light.png[39m[0m
[  39% ] [90m[1m_update_scan_actions[22m | btn_check_on_holo.png[39m[0m
[  39% ] [90m[1m_update_scan_actions[22m | btn_check_on_holo_dark.png[39m[0m
[  39% ] [90m[1m_update_scan_actions[22m | btn_check_on_holo_light.png[39m[0m
[  39% ] [90m[1m_update_scan_actions[22m | btn_check_on_pressed.png[39m[0m
[  39% ] [90m[1m_update_scan_actions[22m | btn_check_on_pressed_holo_dark.png[39m[0m
[  39% ] [90m[1m_update_scan_actions[22m | btn_check_on_pressed_holo_light.png[39m[0m
[  39% ] [90m[1m_update_scan_actions[22m | btn_check_on_selected.png[39m[0m
[  39% ] [90m[1m_update_scan_actions[22m | btn_circle_disable.png[39m[0m
[  39% ] [90m[1m_update_scan_actions[22m | btn_circle_disable_focused.png[39m[0m
[  39% ] [90m[1m_update_scan_actions[22m | btn_circle_normal.png[39m[0m
[  39% ] [90m[1m_update_scan_actions[22m | btn_circle_pressed.png[39m[0m
[  39% ] [90m[1m_update_scan_actions[22m | btn_circle_selected.png[39m[0m
[  39% ] [90m[1m_update_scan_actions[22m | btn_close_normal.png[39m[0m
[  39% ] [90m[1m_update_scan_actions[22m | btn_close_pressed.png[39m[0m
[  39% ] [90m[1m_update_scan_actions[22m | btn_close_selected.png[39m[0m
[  39% ] [90m[1m_update_scan_actions[22m | btn_default_disabled_focused_holo_dark.9.png[39m[0m
[  39% ] [90m[1m_update_scan_actions[22m | btn_default_disabled_focused_holo_light.9.png[39m[0m
[  39% ] [90m[1m_update_scan_actions[22m | btn_default_disabled_holo.9.png[39m[0m
[  39% ] [90m[1m_update_scan_actions[22m | btn_default_disabled_holo_dark.9.png[39m[0m
[  39% ] [90m[1m_update_scan_actions[22m | btn_default_disabled_holo_light.9.png[39m[0m
[  39% ] [90m[1m_update_scan_actions[22m | btn_default_focused_holo.9.png[39m[0m
[  39% ] [90m[1m_update_scan_actions[22m | btn_default_focused_holo_dark.9.png[39m[0m
[  39% ] [90m[1m_update_scan_actions[22m | btn_default_focused_holo_light.9.png[39m[0m
[  39% ] [90m[1m_update_scan_actions[22m | btn_default_normal.9.png[39m[0m
[  39% ] [90m[1m_update_scan_actions[22m | btn_default_normal_disable.9.png[39m[0m
[  39% ] [90m[1m_update_scan_actions[22m | btn_default_normal_disable_focused.9.png[39m[0m
[  39% ] [90m[1m_update_scan_actions[22m | btn_default_normal_holo.9.png[39m[0m
[  39% ] [90m[1m_update_scan_actions[22m | btn_default_normal_holo_dark.9.png[39m[0m
[  39% ] [90m[1m_update_scan_actions[22m | btn_default_normal_holo_light.9.png[39m[0m
[  39% ] [90m[1m_update_scan_actions[22m | btn_default_pressed.9.png[39m[0m
[  39% ] [90m[1m_update_scan_actions[22m | btn_default_pressed_holo.9.png[39m[0m
[  39% ] [90m[1m_update_scan_actions[22m | btn_default_pressed_holo_dark.9.png[39m[0m
[  39% ] [90m[1m_update_scan_actions[22m | btn_default_pressed_holo_light.9.png[39m[0m
[  39% ] [90m[1m_update_scan_actions[22m | btn_default_selected.9.png[39m[0m
[  39% ] [90m[1m_update_scan_actions[22m | btn_default_small_normal.9.png[39m[0m
[  39% ] [90m[1m_update_scan_actions[22m | btn_default_small_normal_disable.9.png[39m[0m
[  39% ] [90m[1m_update_scan_actions[22m | btn_default_small_normal_disable_focused.9.png[39m[0m
[  39% ] [90m[1m_update_scan_actions[22m | btn_default_small_pressed.9.png[39m[0m
[  39% ] [90m[1m_update_scan_actions[22m | btn_default_small_selected.9.png[39m[0m
[  39% ] [90m[1m_update_scan_actions[22m | btn_default_transparent_normal.9.png[39m[0m
[  39% ] [90m[1m_update_scan_actions[22m | btn_dialog_disable.png[39m[0m
[  39% ] [90m[1m_update_scan_actions[22m | btn_dialog_normal.png[39m[0m
[  39% ] [90m[1m_update_scan_actions[22m | btn_dialog_pressed.png[39m[0m
[  39% ] [90m[1m_update_scan_actions[22m | btn_dialog_selected.png[39m[0m
[  39% ] [90m[1m_update_scan_actions[22m | btn_dropdown_disabled.9.png[39m[0m
[  40% ] [90m[1m_update_scan_actions[22m | btn_dropdown_disabled_focused.9.png[39m[0m
[  40% ] [90m[1m_update_scan_actions[22m | btn_dropdown_normal.9.png[39m[0m
[  40% ] [90m[1m_update_scan_actions[22m | btn_dropdown_pressed.9.png[39m[0m
[  40% ] [90m[1m_update_scan_actions[22m | btn_dropdown_selected.9.png[39m[0m
[  40% ] [90m[1m_update_scan_actions[22m | btn_erase_default.9.png[39m[0m
[  40% ] [90m[1m_update_scan_actions[22m | btn_erase_pressed.9.png[39m[0m
[  40% ] [90m[1m_update_scan_actions[22m | btn_erase_selected.9.png[39m[0m
[  40% ] [90m[1m_update_scan_actions[22m | btn_global_search_normal.9.png[39m[0m
[  40% ] [90m[1m_update_scan_actions[22m | btn_group_disabled_holo_dark.9.png[39m[0m
[  40% ] [90m[1m_update_scan_actions[22m | btn_group_disabled_holo_light.9.png[39m[0m
[  40% ] [90m[1m_update_scan_actions[22m | btn_group_focused_holo_dark.9.png[39m[0m
[  40% ] [90m[1m_update_scan_actions[22m | btn_group_focused_holo_light.9.png[39m[0m
[  40% ] [90m[1m_update_scan_actions[22m | btn_group_normal_holo_dark.9.png[39m[0m
[  40% ] [90m[1m_update_scan_actions[22m | btn_group_normal_holo_light.9.png[39m[0m
[  40% ] [90m[1m_update_scan_actions[22m | btn_group_pressed_holo_dark.9.png[39m[0m
[  40% ] [90m[1m_update_scan_actions[22m | btn_group_pressed_holo_light.9.png[39m[0m
[  40% ] [90m[1m_update_scan_actions[22m | btn_keyboard_key_dark_normal_holo.9.png[39m[0m
[  40% ] [90m[1m_update_scan_actions[22m | btn_keyboard_key_dark_normal_off_holo.9.png[39m[0m
[  40% ] [90m[1m_update_scan_actions[22m | btn_keyboard_key_dark_normal_on_holo.9.png[39m[0m
[  40% ] [90m[1m_update_scan_actions[22m | btn_keyboard_key_dark_pressed_holo.9.png[39m[0m
[  40% ] [90m[1m_update_scan_actions[22m | btn_keyboard_key_dark_pressed_off_holo.9.png[39m[0m
[  40% ] [90m[1m_update_scan_actions[22m | btn_keyboard_key_dark_pressed_on_holo.9.png[39m[0m
[  40% ] [90m[1m_update_scan_actions[22m | btn_keyboard_key_fulltrans_normal.9.png[39m[0m
[  40% ] [90m[1m_update_scan_actions[22m | btn_keyboard_key_fulltrans_normal_off.9.png[39m[0m
[  40% ] [90m[1m_update_scan_actions[22m | btn_keyboard_key_fulltrans_normal_on.9.png[39m[0m
[  40% ] [90m[1m_update_scan_actions[22m | btn_keyboard_key_fulltrans_pressed.9.png[39m[0m
[  40% ] [90m[1m_update_scan_actions[22m | btn_keyboard_key_fulltrans_pressed_off.9.png[39m[0m
[  40% ] [90m[1m_update_scan_actions[22m | btn_keyboard_key_fulltrans_pressed_on.9.png[39m[0m
[  40% ] [90m[1m_update_scan_actions[22m | btn_keyboard_key_light_normal_holo.9.png[39m[0m
[  40% ] [90m[1m_update_scan_actions[22m | btn_keyboard_key_light_pressed_holo.9.png[39m[0m
[  40% ] [90m[1m_update_scan_actions[22m | btn_keyboard_key_normal.9.png[39m[0m
[  40% ] [90m[1m_update_scan_actions[22m | btn_keyboard_key_normal_off.9.png[39m[0m
[  40% ] [90m[1m_update_scan_actions[22m | btn_keyboard_key_normal_on.9.png[39m[0m
[  40% ] [90m[1m_update_scan_actions[22m | btn_keyboard_key_pressed.9.png[39m[0m
[  40% ] [90m[1m_update_scan_actions[22m | btn_keyboard_key_pressed_off.9.png[39m[0m
[  40% ] [90m[1m_update_scan_actions[22m | btn_keyboard_key_pressed_on.9.png[39m[0m
[  40% ] [90m[1m_update_scan_actions[22m | btn_keyboard_key_trans_normal.9.png[39m[0m
[  40% ] [90m[1m_update_scan_actions[22m | btn_keyboard_key_trans_normal_off.9.png[39m[0m
[  40% ] [90m[1m_update_scan_actions[22m | btn_keyboard_key_trans_normal_on.9.png[39m[0m
[  40% ] [90m[1m_update_scan_actions[22m | btn_keyboard_key_trans_pressed.9.png[39m[0m
[  40% ] [90m[1m_update_scan_actions[22m | btn_keyboard_key_trans_pressed_off.9.png[39m[0m
[  40% ] [90m[1m_update_scan_actions[22m | btn_keyboard_key_trans_pressed_on.9.png[39m[0m
[  40% ] [90m[1m_update_scan_actions[22m | btn_keyboard_key_trans_selected.9.png[39m[0m
[  40% ] [90m[1m_update_scan_actions[22m | btn_media_player.9.png[39m[0m
[  40% ] [90m[1m_update_scan_actions[22m | btn_media_player_disabled.9.png[39m[0m
[  40% ] [90m[1m_update_scan_actions[22m | btn_media_player_disabled_selected.9.png[39m[0m
[  40% ] [90m[1m_update_scan_actions[22m | btn_media_player_pressed.9.png[39m[0m
[  40% ] [90m[1m_update_scan_actions[22m | btn_media_player_selected.9.png[39m[0m
[  40% ] [90m[1m_update_scan_actions[22m | btn_minus_default.png[39m[0m
[  40% ] [90m[1m_update_scan_actions[22m | btn_minus_disable.png[39m[0m
[  40% ] [90m[1m_update_scan_actions[22m | btn_minus_disable_focused.png[39m[0m
[  40% ] [90m[1m_update_scan_actions[22m | btn_minus_pressed.png[39m[0m
[  40% ] [90m[1m_update_scan_actions[22m | btn_minus_selected.png[39m[0m
[  40% ] [90m[1m_update_scan_actions[22m | btn_plus_default.png[39m[0m
[  40% ] [90m[1m_update_scan_actions[22m | btn_plus_disable.png[39m[0m
[  40% ] [90m[1m_update_scan_actions[22m | btn_plus_disable_focused.png[39m[0m
[  40% ] [90m[1m_update_scan_actions[22m | btn_plus_pressed.png[39m[0m
[  40% ] [90m[1m_update_scan_actions[22m | btn_plus_selected.png[39m[0m
[  40% ] [90m[1m_update_scan_actions[22m | btn_radio_label_background.9.png[39m[0m
[  40% ] [90m[1m_update_scan_actions[22m | btn_radio_off.png[39m[0m
[  40% ] [90m[1m_update_scan_actions[22m | btn_radio_off_disabled_focused_holo_dark.png[39m[0m
[  40% ] [90m[1m_update_scan_actions[22m | btn_radio_off_disabled_focused_holo_light.png[39m[0m
[  40% ] [90m[1m_update_scan_actions[22m | btn_radio_off_disabled_holo_dark.png[39m[0m
[  40% ] [90m[1m_update_scan_actions[22m | btn_radio_off_disabled_holo_light.png[39m[0m
[  40% ] [90m[1m_update_scan_actions[22m | btn_radio_off_focused_holo_dark.png[39m[0m
[  40% ] [90m[1m_update_scan_actions[22m | btn_radio_off_focused_holo_light.png[39m[0m
[  40% ] [90m[1m_update_scan_actions[22m | btn_radio_off_holo.png[39m[0m
[  40% ] [90m[1m_update_scan_actions[22m | btn_radio_off_holo_dark.png[39m[0m
[  40% ] [90m[1m_update_scan_actions[22m | btn_radio_off_holo_light.png[39m[0m
[  41% ] [90m[1m_update_scan_actions[22m | btn_radio_off_pressed.png[39m[0m
[  41% ] [90m[1m_update_scan_actions[22m | btn_radio_off_pressed_holo_dark.png[39m[0m
[  41% ] [90m[1m_update_scan_actions[22m | btn_radio_off_pressed_holo_light.png[39m[0m
[  41% ] [90m[1m_update_scan_actions[22m | btn_radio_off_selected.png[39m[0m
[  41% ] [90m[1m_update_scan_actions[22m | btn_radio_on.png[39m[0m
[  41% ] [90m[1m_update_scan_actions[22m | btn_radio_on_disabled_focused_holo_dark.png[39m[0m
[  41% ] [90m[1m_update_scan_actions[22m | btn_radio_on_disabled_focused_holo_light.png[39m[0m
[  41% ] [90m[1m_update_scan_actions[22m | btn_radio_on_disabled_holo_dark.png[39m[0m
[  41% ] [90m[1m_update_scan_actions[22m | btn_radio_on_disabled_holo_light.png[39m[0m
[  41% ] [90m[1m_update_scan_actions[22m | btn_radio_on_focused_holo_dark.png[39m[0m
[  41% ] [90m[1m_update_scan_actions[22m | btn_radio_on_focused_holo_light.png[39m[0m
[  41% ] [90m[1m_update_scan_actions[22m | btn_radio_on_holo.png[39m[0m
[  41% ] [90m[1m_update_scan_actions[22m | btn_radio_on_holo_dark.png[39m[0m
[  41% ] [90m[1m_update_scan_actions[22m | btn_radio_on_holo_light.png[39m[0m
[  41% ] [90m[1m_update_scan_actions[22m | btn_radio_on_mtrl_alpha.png[39m[0m
[  41% ] [90m[1m_update_scan_actions[22m | btn_radio_on_pressed.png[39m[0m
[  41% ] [90m[1m_update_scan_actions[22m | btn_radio_on_pressed_holo_dark.png[39m[0m
[  41% ] [90m[1m_update_scan_actions[22m | btn_radio_on_pressed_holo_light.png[39m[0m
[  41% ] [90m[1m_update_scan_actions[22m | btn_radio_on_pressed_mtrl_alpha.png[39m[0m
[  41% ] [90m[1m_update_scan_actions[22m | btn_radio_on_selected.png[39m[0m
[  41% ] [90m[1m_update_scan_actions[22m | btn_rating_star_off_disabled_focused_holo_dark.png[39m[0m
[  41% ] [90m[1m_update_scan_actions[22m | btn_rating_star_off_disabled_focused_holo_light.png[39m[0m
[  41% ] [90m[1m_update_scan_actions[22m | btn_rating_star_off_disabled_holo_dark.png[39m[0m
[  41% ] [90m[1m_update_scan_actions[22m | btn_rating_star_off_disabled_holo_light.png[39m[0m
[  41% ] [90m[1m_update_scan_actions[22m | btn_rating_star_off_focused_holo_dark.png[39m[0m
[  41% ] [90m[1m_update_scan_actions[22m | btn_rating_star_off_focused_holo_light.png[39m[0m
[  41% ] [90m[1m_update_scan_actions[22m | btn_rating_star_off_mtrl_alpha.png[39m[0m
[  41% ] [90m[1m_update_scan_actions[22m | btn_rating_star_off_normal.png[39m[0m
[  41% ] [90m[1m_update_scan_actions[22m | btn_rating_star_off_normal_holo_dark.png[39m[0m
[  41% ] [90m[1m_update_scan_actions[22m | btn_rating_star_off_normal_holo_light.png[39m[0m
[  41% ] [90m[1m_update_scan_actions[22m | btn_rating_star_off_pressed.png[39m[0m
[  41% ] [90m[1m_update_scan_actions[22m | btn_rating_star_off_pressed_holo_dark.png[39m[0m
[  41% ] [90m[1m_update_scan_actions[22m | btn_rating_star_off_pressed_holo_light.png[39m[0m
[  41% ] [90m[1m_update_scan_actions[22m | btn_rating_star_off_selected.png[39m[0m
[  41% ] [90m[1m_update_scan_actions[22m | btn_rating_star_on_disabled_focused_holo_dark.png[39m[0m
[  41% ] [90m[1m_update_scan_actions[22m | btn_rating_star_on_disabled_focused_holo_light.png[39m[0m
[  41% ] [90m[1m_update_scan_actions[22m | btn_rating_star_on_disabled_holo_dark.png[39m[0m
[  41% ] [90m[1m_update_scan_actions[22m | btn_rating_star_on_disabled_holo_light.png[39m[0m
[  41% ] [90m[1m_update_scan_actions[22m | btn_rating_star_on_focused_holo_dark.png[39m[0m
[  41% ] [90m[1m_update_scan_actions[22m | btn_rating_star_on_focused_holo_light.png[39m[0m
[  41% ] [90m[1m_update_scan_actions[22m | btn_rating_star_on_mtrl_alpha.png[39m[0m
[  41% ] [90m[1m_update_scan_actions[22m | btn_rating_star_on_normal.png[39m[0m
[  41% ] [90m[1m_update_scan_actions[22m | btn_rating_star_on_normal_holo_dark.png[39m[0m
[  41% ] [90m[1m_update_scan_actions[22m | btn_rating_star_on_normal_holo_light.png[39m[0m
[  41% ] [90m[1m_update_scan_actions[22m | btn_rating_star_on_pressed.png[39m[0m
[  41% ] [90m[1m_update_scan_actions[22m | btn_rating_star_on_pressed_holo_dark.png[39m[0m
[  41% ] [90m[1m_update_scan_actions[22m | btn_rating_star_on_pressed_holo_light.png[39m[0m
[  41% ] [90m[1m_update_scan_actions[22m | btn_rating_star_on_selected.png[39m[0m
[  41% ] [90m[1m_update_scan_actions[22m | btn_search_dialog_default.9.png[39m[0m
[  41% ] [90m[1m_update_scan_actions[22m | btn_search_dialog_pressed.9.png[39m[0m
[  41% ] [90m[1m_update_scan_actions[22m | btn_search_dialog_selected.9.png[39m[0m
[  41% ] [90m[1m_update_scan_actions[22m | btn_search_dialog_voice_default.9.png[39m[0m
[  41% ] [90m[1m_update_scan_actions[22m | btn_search_dialog_voice_pressed.9.png[39m[0m
[  41% ] [90m[1m_update_scan_actions[22m | btn_search_dialog_voice_selected.9.png[39m[0m
[  41% ] [90m[1m_update_scan_actions[22m | btn_square_overlay_disabled.png[39m[0m
[  41% ] [90m[1m_update_scan_actions[22m | btn_square_overlay_disabled_focused.png[39m[0m
[  41% ] [90m[1m_update_scan_actions[22m | btn_square_overlay_normal.png[39m[0m
[  41% ] [90m[1m_update_scan_actions[22m | btn_square_overlay_pressed.png[39m[0m
[  41% ] [90m[1m_update_scan_actions[22m | btn_square_overlay_selected.png[39m[0m
[  41% ] [90m[1m_update_scan_actions[22m | btn_star_big_off.png[39m[0m
[  41% ] [90m[1m_update_scan_actions[22m | btn_star_big_off_disable.png[39m[0m
[  41% ] [90m[1m_update_scan_actions[22m | btn_star_big_off_disable_focused.png[39m[0m
[  41% ] [90m[1m_update_scan_actions[22m | btn_star_big_off_pressed.png[39m[0m
[  41% ] [90m[1m_update_scan_actions[22m | btn_star_big_off_selected.png[39m[0m
[  41% ] [90m[1m_update_scan_actions[22m | btn_star_big_on.png[39m[0m
[  41% ] [90m[1m_update_scan_actions[22m | btn_star_big_on_disable.png[39m[0m
[  41% ] [90m[1m_update_scan_actions[22m | btn_star_big_on_disable_focused.png[39m[0m
[  41% ] [90m[1m_update_scan_actions[22m | btn_star_big_on_pressed.png[39m[0m
[  42% ] [90m[1m_update_scan_actions[22m | btn_star_big_on_selected.png[39m[0m
[  42% ] [90m[1m_update_scan_actions[22m | btn_star_label_background.9.png[39m[0m
[  42% ] [90m[1m_update_scan_actions[22m | btn_star_mtrl_alpha.png[39m[0m
[  42% ] [90m[1m_update_scan_actions[22m | btn_star_off_disabled_focused_holo_dark.png[39m[0m
[  42% ] [90m[1m_update_scan_actions[22m | btn_star_off_disabled_focused_holo_light.png[39m[0m
[  42% ] [90m[1m_update_scan_actions[22m | btn_star_off_disabled_holo_dark.png[39m[0m
[  42% ] [90m[1m_update_scan_actions[22m | btn_star_off_disabled_holo_light.png[39m[0m
[  42% ] [90m[1m_update_scan_actions[22m | btn_star_off_focused_holo_dark.png[39m[0m
[  42% ] [90m[1m_update_scan_actions[22m | btn_star_off_focused_holo_light.png[39m[0m
[  42% ] [90m[1m_update_scan_actions[22m | btn_star_off_normal_holo_dark.png[39m[0m
[  42% ] [90m[1m_update_scan_actions[22m | btn_star_off_normal_holo_light.png[39m[0m
[  42% ] [90m[1m_update_scan_actions[22m | btn_star_off_pressed_holo_dark.png[39m[0m
[  42% ] [90m[1m_update_scan_actions[22m | btn_star_off_pressed_holo_light.png[39m[0m
[  42% ] [90m[1m_update_scan_actions[22m | btn_star_on_disabled_focused_holo_dark.png[39m[0m
[  42% ] [90m[1m_update_scan_actions[22m | btn_star_on_disabled_focused_holo_light.png[39m[0m
[  42% ] [90m[1m_update_scan_actions[22m | btn_star_on_disabled_holo_dark.png[39m[0m
[  42% ] [90m[1m_update_scan_actions[22m | btn_star_on_disabled_holo_light.png[39m[0m
[  42% ] [90m[1m_update_scan_actions[22m | btn_star_on_focused_holo_dark.png[39m[0m
[  42% ] [90m[1m_update_scan_actions[22m | btn_star_on_focused_holo_light.png[39m[0m
[  42% ] [90m[1m_update_scan_actions[22m | btn_star_on_normal_holo_dark.png[39m[0m
[  42% ] [90m[1m_update_scan_actions[22m | btn_star_on_normal_holo_light.png[39m[0m
[  42% ] [90m[1m_update_scan_actions[22m | btn_star_on_pressed_holo_dark.png[39m[0m
[  42% ] [90m[1m_update_scan_actions[22m | btn_star_on_pressed_holo_light.png[39m[0m
[  42% ] [90m[1m_update_scan_actions[22m | btn_switch_to_off_mtrl_00001.9.png[39m[0m
[  42% ] [90m[1m_update_scan_actions[22m | btn_switch_to_off_mtrl_00002.9.png[39m[0m
[  42% ] [90m[1m_update_scan_actions[22m | btn_switch_to_off_mtrl_00003.9.png[39m[0m
[  42% ] [90m[1m_update_scan_actions[22m | btn_switch_to_off_mtrl_00004.9.png[39m[0m
[  42% ] [90m[1m_update_scan_actions[22m | btn_switch_to_off_mtrl_00005.9.png[39m[0m
[  42% ] [90m[1m_update_scan_actions[22m | btn_switch_to_off_mtrl_00006.9.png[39m[0m
[  42% ] [90m[1m_update_scan_actions[22m | btn_switch_to_off_mtrl_00007.9.png[39m[0m
[  42% ] [90m[1m_update_scan_actions[22m | btn_switch_to_off_mtrl_00008.9.png[39m[0m
[  42% ] [90m[1m_update_scan_actions[22m | btn_switch_to_off_mtrl_00009.9.png[39m[0m
[  42% ] [90m[1m_update_scan_actions[22m | btn_switch_to_off_mtrl_00010.9.png[39m[0m
[  42% ] [90m[1m_update_scan_actions[22m | btn_switch_to_off_mtrl_00011.9.png[39m[0m
[  42% ] [90m[1m_update_scan_actions[22m | btn_switch_to_off_mtrl_00012.9.png[39m[0m
[  42% ] [90m[1m_update_scan_actions[22m | btn_switch_to_on_mtrl_00001.9.png[39m[0m
[  42% ] [90m[1m_update_scan_actions[22m | btn_switch_to_on_mtrl_00002.9.png[39m[0m
[  42% ] [90m[1m_update_scan_actions[22m | btn_switch_to_on_mtrl_00003.9.png[39m[0m
[  42% ] [90m[1m_update_scan_actions[22m | btn_switch_to_on_mtrl_00004.9.png[39m[0m
[  42% ] [90m[1m_update_scan_actions[22m | btn_switch_to_on_mtrl_00005.9.png[39m[0m
[  42% ] [90m[1m_update_scan_actions[22m | btn_switch_to_on_mtrl_00006.9.png[39m[0m
[  42% ] [90m[1m_update_scan_actions[22m | btn_switch_to_on_mtrl_00007.9.png[39m[0m
[  42% ] [90m[1m_update_scan_actions[22m | btn_switch_to_on_mtrl_00008.9.png[39m[0m
[  42% ] [90m[1m_update_scan_actions[22m | btn_switch_to_on_mtrl_00009.9.png[39m[0m
[  42% ] [90m[1m_update_scan_actions[22m | btn_switch_to_on_mtrl_00010.9.png[39m[0m
[  42% ] [90m[1m_update_scan_actions[22m | btn_switch_to_on_mtrl_00011.9.png[39m[0m
[  42% ] [90m[1m_update_scan_actions[22m | btn_switch_to_on_mtrl_00012.9.png[39m[0m
[  42% ] [90m[1m_update_scan_actions[22m | btn_toggle_off.9.png[39m[0m
[  42% ] [90m[1m_update_scan_actions[22m | btn_toggle_off_disabled_focused_holo_dark.9.png[39m[0m
[  42% ] [90m[1m_update_scan_actions[22m | btn_toggle_off_disabled_focused_holo_light.9.png[39m[0m
[  42% ] [90m[1m_update_scan_actions[22m | btn_toggle_off_disabled_holo_dark.9.png[39m[0m
[  42% ] [90m[1m_update_scan_actions[22m | btn_toggle_off_disabled_holo_light.9.png[39m[0m
[  42% ] [90m[1m_update_scan_actions[22m | btn_toggle_off_focused_holo_dark.9.png[39m[0m
[  42% ] [90m[1m_update_scan_actions[22m | btn_toggle_off_focused_holo_light.9.png[39m[0m
[  42% ] [90m[1m_update_scan_actions[22m | btn_toggle_off_normal_holo_dark.9.png[39m[0m
[  42% ] [90m[1m_update_scan_actions[22m | btn_toggle_off_normal_holo_light.9.png[39m[0m
[  42% ] [90m[1m_update_scan_actions[22m | btn_toggle_off_pressed_holo_dark.9.png[39m[0m
[  42% ] [90m[1m_update_scan_actions[22m | btn_toggle_off_pressed_holo_light.9.png[39m[0m
[  42% ] [90m[1m_update_scan_actions[22m | btn_toggle_on.9.png[39m[0m
[  42% ] [90m[1m_update_scan_actions[22m | btn_toggle_on_disabled_focused_holo_dark.9.png[39m[0m
[  42% ] [90m[1m_update_scan_actions[22m | btn_toggle_on_disabled_focused_holo_light.9.png[39m[0m
[  42% ] [90m[1m_update_scan_actions[22m | btn_toggle_on_disabled_holo_dark.9.png[39m[0m
[  42% ] [90m[1m_update_scan_actions[22m | btn_toggle_on_disabled_holo_light.9.png[39m[0m
[  42% ] [90m[1m_update_scan_actions[22m | btn_toggle_on_focused_holo_dark.9.png[39m[0m
[  42% ] [90m[1m_update_scan_actions[22m | btn_toggle_on_focused_holo_light.9.png[39m[0m
[  42% ] [90m[1m_update_scan_actions[22m | btn_toggle_on_normal_holo_dark.9.png[39m[0m
[  42% ] [90m[1m_update_scan_actions[22m | btn_toggle_on_normal_holo_light.9.png[39m[0m
[  42% ] [90m[1m_update_scan_actions[22m | btn_toggle_on_pressed_holo_dark.9.png[39m[0m
[  42% ] [90m[1m_update_scan_actions[22m | btn_toggle_on_pressed_holo_light.9.png[39m[0m
[  43% ] [90m[1m_update_scan_actions[22m | btn_zoom_down_disabled.9.png[39m[0m
[  43% ] [90m[1m_update_scan_actions[22m | btn_zoom_down_disabled_focused.9.png[39m[0m
[  43% ] [90m[1m_update_scan_actions[22m | btn_zoom_down_normal.9.png[39m[0m
[  43% ] [90m[1m_update_scan_actions[22m | btn_zoom_down_pressed.9.png[39m[0m
[  43% ] [90m[1m_update_scan_actions[22m | btn_zoom_down_selected.9.png[39m[0m
[  43% ] [90m[1m_update_scan_actions[22m | btn_zoom_page_normal.png[39m[0m
[  43% ] [90m[1m_update_scan_actions[22m | btn_zoom_page_press.png[39m[0m
[  43% ] [90m[1m_update_scan_actions[22m | btn_zoom_up_disabled.9.png[39m[0m
[  43% ] [90m[1m_update_scan_actions[22m | btn_zoom_up_disabled_focused.9.png[39m[0m
[  43% ] [90m[1m_update_scan_actions[22m | btn_zoom_up_normal.9.png[39m[0m
[  43% ] [90m[1m_update_scan_actions[22m | btn_zoom_up_pressed.9.png[39m[0m
[  43% ] [90m[1m_update_scan_actions[22m | btn_zoom_up_selected.9.png[39m[0m
[  43% ] [90m[1m_update_scan_actions[22m | button_onoff_indicator_off.png[39m[0m
[  43% ] [90m[1m_update_scan_actions[22m | button_onoff_indicator_on.png[39m[0m
[  43% ] [90m[1m_update_scan_actions[22m | cab_background_bottom_holo_dark.9.png[39m[0m
[  43% ] [90m[1m_update_scan_actions[22m | cab_background_bottom_holo_light.9.png[39m[0m
[  43% ] [90m[1m_update_scan_actions[22m | cab_background_bottom_mtrl_alpha.9.png[39m[0m
[  43% ] [90m[1m_update_scan_actions[22m | cab_background_top_holo_dark.9.png[39m[0m
[  43% ] [90m[1m_update_scan_actions[22m | cab_background_top_holo_light.9.png[39m[0m
[  43% ] [90m[1m_update_scan_actions[22m | cab_background_top_mtrl_alpha.9.png[39m[0m
[  43% ] [90m[1m_update_scan_actions[22m | call_contact.png[39m[0m
[  43% ] [90m[1m_update_scan_actions[22m | checkbox_off_background.png[39m[0m
[  43% ] [90m[1m_update_scan_actions[22m | checkbox_on_background.png[39m[0m
[  43% ] [90m[1m_update_scan_actions[22m | cling_arrow_up.png[39m[0m
[  43% ] [90m[1m_update_scan_actions[22m | cling_bg.9.png[39m[0m
[  43% ] [90m[1m_update_scan_actions[22m | cling_button_normal.9.png[39m[0m
[  43% ] [90m[1m_update_scan_actions[22m | cling_button_pressed.9.png[39m[0m
[  43% ] [90m[1m_update_scan_actions[22m | code_lock_bottom.9.png[39m[0m
[  43% ] [90m[1m_update_scan_actions[22m | code_lock_left.9.png[39m[0m
[  43% ] [90m[1m_update_scan_actions[22m | code_lock_top.9.png[39m[0m
[  43% ] [90m[1m_update_scan_actions[22m | combobox_disabled.png[39m[0m
[  43% ] [90m[1m_update_scan_actions[22m | combobox_nohighlight.png[39m[0m
[  43% ] [90m[1m_update_scan_actions[22m | compass_arrow.png[39m[0m
[  43% ] [90m[1m_update_scan_actions[22m | compass_base.png[39m[0m
[  43% ] [90m[1m_update_scan_actions[22m | contact_header_bg.9.png[39m[0m
[  43% ] [90m[1m_update_scan_actions[22m | create_contact.png[39m[0m
[  43% ] [90m[1m_update_scan_actions[22m | dark_header.9.png[39m[0m
[  43% ] [90m[1m_update_scan_actions[22m | day_picker_week_view_dayline_holo.9.png[39m[0m
[  43% ] [90m[1m_update_scan_actions[22m | dialog_bottom_holo_dark.9.png[39m[0m
[  43% ] [90m[1m_update_scan_actions[22m | dialog_bottom_holo_light.9.png[39m[0m
[  43% ] [90m[1m_update_scan_actions[22m | dialog_divider_horizontal_holo_dark.9.png[39m[0m
[  43% ] [90m[1m_update_scan_actions[22m | dialog_divider_horizontal_holo_light.9.png[39m[0m
[  43% ] [90m[1m_update_scan_actions[22m | dialog_divider_horizontal_light.9.png[39m[0m
[  43% ] [90m[1m_update_scan_actions[22m | dialog_full_holo_dark.9.png[39m[0m
[  43% ] [90m[1m_update_scan_actions[22m | dialog_full_holo_light.9.png[39m[0m
[  43% ] [90m[1m_update_scan_actions[22m | dialog_ic_close_focused_holo_dark.png[39m[0m
[  43% ] [90m[1m_update_scan_actions[22m | dialog_ic_close_focused_holo_light.png[39m[0m
[  43% ] [90m[1m_update_scan_actions[22m | dialog_ic_close_normal_holo_dark.png[39m[0m
[  43% ] [90m[1m_update_scan_actions[22m | dialog_ic_close_normal_holo_light.png[39m[0m
[  43% ] [90m[1m_update_scan_actions[22m | dialog_ic_close_pressed_holo_dark.png[39m[0m
[  43% ] [90m[1m_update_scan_actions[22m | dialog_ic_close_pressed_holo_light.png[39m[0m
[  43% ] [90m[1m_update_scan_actions[22m | dialog_middle_holo.9.png[39m[0m
[  43% ] [90m[1m_update_scan_actions[22m | dialog_middle_holo_dark.9.png[39m[0m
[  43% ] [90m[1m_update_scan_actions[22m | dialog_middle_holo_light.9.png[39m[0m
[  43% ] [90m[1m_update_scan_actions[22m | dialog_top_holo_dark.9.png[39m[0m
[  43% ] [90m[1m_update_scan_actions[22m | dialog_top_holo_light.9.png[39m[0m
[  43% ] [90m[1m_update_scan_actions[22m | divider_horizontal_bright.9.png[39m[0m
[  43% ] [90m[1m_update_scan_actions[22m | divider_horizontal_bright_opaque.9.png[39m[0m
[  43% ] [90m[1m_update_scan_actions[22m | divider_horizontal_dark.9.png[39m[0m
[  43% ] [90m[1m_update_scan_actions[22m | divider_horizontal_dark_opaque.9.png[39m[0m
[  43% ] [90m[1m_update_scan_actions[22m | divider_horizontal_dim_dark.9.png[39m[0m
[  43% ] [90m[1m_update_scan_actions[22m | divider_horizontal_holo_dark.9.png[39m[0m
[  43% ] [90m[1m_update_scan_actions[22m | divider_horizontal_holo_light.9.png[39m[0m
[  43% ] [90m[1m_update_scan_actions[22m | divider_horizontal_textfield.9.png[39m[0m
[  43% ] [90m[1m_update_scan_actions[22m | divider_strong_holo.9.png[39m[0m
[  43% ] [90m[1m_update_scan_actions[22m | divider_vertical_bright.9.png[39m[0m
[  43% ] [90m[1m_update_scan_actions[22m | divider_vertical_bright_opaque.9.png[39m[0m
[  43% ] [90m[1m_update_scan_actions[22m | divider_vertical_dark.9.png[39m[0m
[  44% ] [90m[1m_update_scan_actions[22m | divider_vertical_dark_opaque.9.png[39m[0m
[  44% ] [90m[1m_update_scan_actions[22m | divider_vertical_holo_dark.9.png[39m[0m
[  44% ] [90m[1m_update_scan_actions[22m | divider_vertical_holo_light.9.png[39m[0m
[  44% ] [90m[1m_update_scan_actions[22m | dropdown_disabled_focused_holo_dark.9.png[39m[0m
[  44% ] [90m[1m_update_scan_actions[22m | dropdown_disabled_focused_holo_light.9.png[39m[0m
[  44% ] [90m[1m_update_scan_actions[22m | dropdown_disabled_holo_dark.9.png[39m[0m
[  44% ] [90m[1m_update_scan_actions[22m | dropdown_disabled_holo_light.9.png[39m[0m
[  44% ] [90m[1m_update_scan_actions[22m | dropdown_focused_holo_dark.9.png[39m[0m
[  44% ] [90m[1m_update_scan_actions[22m | dropdown_focused_holo_light.9.png[39m[0m
[  44% ] [90m[1m_update_scan_actions[22m | dropdown_ic_arrow_disabled_focused_holo_dark.png[39m[0m
[  44% ] [90m[1m_update_scan_actions[22m | dropdown_ic_arrow_disabled_focused_holo_light.png[39m[0m
[  44% ] [90m[1m_update_scan_actions[22m | dropdown_ic_arrow_disabled_holo_dark.png[39m[0m
[  44% ] [90m[1m_update_scan_actions[22m | dropdown_ic_arrow_disabled_holo_light.png[39m[0m
[  44% ] [90m[1m_update_scan_actions[22m | dropdown_ic_arrow_focused_holo_dark.png[39m[0m
[  44% ] [90m[1m_update_scan_actions[22m | dropdown_ic_arrow_focused_holo_light.png[39m[0m
[  44% ] [90m[1m_update_scan_actions[22m | dropdown_ic_arrow_normal_holo_dark.png[39m[0m
[  44% ] [90m[1m_update_scan_actions[22m | dropdown_ic_arrow_normal_holo_light.png[39m[0m
[  44% ] [90m[1m_update_scan_actions[22m | dropdown_ic_arrow_pressed_holo_dark.png[39m[0m
[  44% ] [90m[1m_update_scan_actions[22m | dropdown_ic_arrow_pressed_holo_light.png[39m[0m
[  44% ] [90m[1m_update_scan_actions[22m | dropdown_normal_holo_dark.9.png[39m[0m
[  44% ] [90m[1m_update_scan_actions[22m | dropdown_normal_holo_light.9.png[39m[0m
[  44% ] [90m[1m_update_scan_actions[22m | dropdown_pressed_holo_dark.9.png[39m[0m
[  44% ] [90m[1m_update_scan_actions[22m | dropdown_pressed_holo_light.9.png[39m[0m
[  44% ] [90m[1m_update_scan_actions[22m | editbox_background_focus_yellow.9.png[39m[0m
[  44% ] [90m[1m_update_scan_actions[22m | editbox_background_normal.9.png[39m[0m
[  44% ] [90m[1m_update_scan_actions[22m | editbox_dropdown_background.9.png[39m[0m
[  44% ] [90m[1m_update_scan_actions[22m | editbox_dropdown_background_dark.9.png[39m[0m
[  44% ] [90m[1m_update_scan_actions[22m | edit_query.png[39m[0m
[  44% ] [90m[1m_update_scan_actions[22m | edit_query_background_normal.9.png[39m[0m
[  44% ] [90m[1m_update_scan_actions[22m | edit_query_background_pressed.9.png[39m[0m
[  44% ] [90m[1m_update_scan_actions[22m | edit_query_background_selected.9.png[39m[0m
[  44% ] [90m[1m_update_scan_actions[22m | emo_im_angel.png[39m[0m
[  44% ] [90m[1m_update_scan_actions[22m | emo_im_cool.png[39m[0m
[  44% ] [90m[1m_update_scan_actions[22m | emo_im_crying.png[39m[0m
[  44% ] [90m[1m_update_scan_actions[22m | emo_im_embarrassed.png[39m[0m
[  44% ] [90m[1m_update_scan_actions[22m | emo_im_foot_in_mouth.png[39m[0m
[  44% ] [90m[1m_update_scan_actions[22m | emo_im_happy.png[39m[0m
[  44% ] [90m[1m_update_scan_actions[22m | emo_im_kissing.png[39m[0m
[  44% ] [90m[1m_update_scan_actions[22m | emo_im_laughing.png[39m[0m
[  44% ] [90m[1m_update_scan_actions[22m | emo_im_lips_are_sealed.png[39m[0m
[  44% ] [90m[1m_update_scan_actions[22m | emo_im_money_mouth.png[39m[0m
[  44% ] [90m[1m_update_scan_actions[22m | emo_im_sad.png[39m[0m
[  44% ] [90m[1m_update_scan_actions[22m | emo_im_surprised.png[39m[0m
[  44% ] [90m[1m_update_scan_actions[22m | emo_im_tongue_sticking_out.png[39m[0m
[  44% ] [90m[1m_update_scan_actions[22m | emo_im_undecided.png[39m[0m
[  44% ] [90m[1m_update_scan_actions[22m | emo_im_winking.png[39m[0m
[  44% ] [90m[1m_update_scan_actions[22m | emo_im_wtf.png[39m[0m
[  44% ] [90m[1m_update_scan_actions[22m | emo_im_yelling.png[39m[0m
[  44% ] [90m[1m_update_scan_actions[22m | expander_close_holo_dark.9.png[39m[0m
[  44% ] [90m[1m_update_scan_actions[22m | expander_close_holo_light.9.png[39m[0m
[  44% ] [90m[1m_update_scan_actions[22m | expander_close_mtrl_alpha.9.png[39m[0m
[  44% ] [90m[1m_update_scan_actions[22m | expander_ic_maximized.9.png[39m[0m
[  44% ] [90m[1m_update_scan_actions[22m | expander_ic_minimized.9.png[39m[0m
[  44% ] [90m[1m_update_scan_actions[22m | expander_open_holo_dark.9.png[39m[0m
[  44% ] [90m[1m_update_scan_actions[22m | expander_open_holo_light.9.png[39m[0m
[  44% ] [90m[1m_update_scan_actions[22m | expander_open_mtrl_alpha.9.png[39m[0m
[  44% ] [90m[1m_update_scan_actions[22m | fastscroll_label_left_holo_dark.9.png[39m[0m
[  44% ] [90m[1m_update_scan_actions[22m | fastscroll_label_left_holo_light.9.png[39m[0m
[  44% ] [90m[1m_update_scan_actions[22m | fastscroll_label_right_holo_dark.9.png[39m[0m
[  44% ] [90m[1m_update_scan_actions[22m | fastscroll_label_right_holo_light.9.png[39m[0m
[  44% ] [90m[1m_update_scan_actions[22m | fastscroll_thumb_default_holo.png[39m[0m
[  44% ] [90m[1m_update_scan_actions[22m | fastscroll_thumb_pressed_holo.png[39m[0m
[  44% ] [90m[1m_update_scan_actions[22m | fastscroll_track_default_holo_dark.9.png[39m[0m
[  44% ] [90m[1m_update_scan_actions[22m | fastscroll_track_default_holo_light.9.png[39m[0m
[  44% ] [90m[1m_update_scan_actions[22m | fastscroll_track_pressed_holo_dark.9.png[39m[0m
[  44% ] [90m[1m_update_scan_actions[22m | fastscroll_track_pressed_holo_light.9.png[39m[0m
[  44% ] [90m[1m_update_scan_actions[22m | focused_application_background_static.png[39m[0m
[  44% ] [90m[1m_update_scan_actions[22m | frame_gallery_thumb.9.png[39m[0m
[  45% ] [90m[1m_update_scan_actions[22m | frame_gallery_thumb_pressed.9.png[39m[0m
[  45% ] [90m[1m_update_scan_actions[22m | frame_gallery_thumb_selected.9.png[39m[0m
[  45% ] [90m[1m_update_scan_actions[22m | gallery_selected_default.9.png[39m[0m
[  45% ] [90m[1m_update_scan_actions[22m | gallery_selected_focused.9.png[39m[0m
[  45% ] [90m[1m_update_scan_actions[22m | gallery_selected_pressed.9.png[39m[0m
[  45% ] [90m[1m_update_scan_actions[22m | gallery_unselected_default.9.png[39m[0m
[  45% ] [90m[1m_update_scan_actions[22m | gallery_unselected_pressed.9.png[39m[0m
[  45% ] [90m[1m_update_scan_actions[22m | grid_selector_background_focus.9.png[39m[0m
[  45% ] [90m[1m_update_scan_actions[22m | grid_selector_background_pressed.9.png[39m[0m
[  45% ] [90m[1m_update_scan_actions[22m | highlight_disabled.9.png[39m[0m
[  45% ] [90m[1m_update_scan_actions[22m | highlight_pressed.9.png[39m[0m
[  45% ] [90m[1m_update_scan_actions[22m | highlight_selected.9.png[39m[0m
[  45% ] [90m[1m_update_scan_actions[22m | icon_highlight_rectangle.9.png[39m[0m
[  45% ] [90m[1m_update_scan_actions[22m | icon_highlight_square.9.png[39m[0m
[  45% ] [90m[1m_update_scan_actions[22m | ic_ab_back_holo_dark_am.png[39m[0m
[  45% ] [90m[1m_update_scan_actions[22m | ic_ab_back_holo_light_am.png[39m[0m
[  45% ] [90m[1m_update_scan_actions[22m | ic_action_assist_focused.png[39m[0m
[  45% ] [90m[1m_update_scan_actions[22m | ic_aggregated.png[39m[0m
[  45% ] [90m[1m_update_scan_actions[22m | ic_audio_notification_am_alpha.png[39m[0m
[  45% ] [90m[1m_update_scan_actions[22m | ic_audio_notification_mute_am_alpha.png[39m[0m
[  45% ] [90m[1m_update_scan_actions[22m | ic_btn_round_more_disabled.png[39m[0m
[  45% ] [90m[1m_update_scan_actions[22m | ic_btn_round_more_normal.png[39m[0m
[  45% ] [90m[1m_update_scan_actions[22m | ic_btn_search_go.png[39m[0m
[  45% ] [90m[1m_update_scan_actions[22m | ic_btn_speak_now.png[39m[0m
[  45% ] [90m[1m_update_scan_actions[22m | ic_btn_square_browser_zoom_fit_page_disabled.png[39m[0m
[  45% ] [90m[1m_update_scan_actions[22m | ic_btn_square_browser_zoom_fit_page_normal.png[39m[0m
[  45% ] [90m[1m_update_scan_actions[22m | ic_btn_square_browser_zoom_page_overview_disabled.png[39m[0m
[  45% ] [90m[1m_update_scan_actions[22m | ic_btn_square_browser_zoom_page_overview_normal.png[39m[0m
[  45% ] [90m[1m_update_scan_actions[22m | ic_bullet_key_permission.png[39m[0m
[  45% ] [90m[1m_update_scan_actions[22m | ic_cab_done_holo.png[39m[0m
[  45% ] [90m[1m_update_scan_actions[22m | ic_cab_done_holo_dark.png[39m[0m
[  45% ] [90m[1m_update_scan_actions[22m | ic_cab_done_holo_light.png[39m[0m
[  45% ] [90m[1m_update_scan_actions[22m | ic_cab_done_mtrl_alpha.png[39m[0m
[  45% ] [90m[1m_update_scan_actions[22m | ic_checkmark_holo_light.png[39m[0m
[  45% ] [90m[1m_update_scan_actions[22m | ic_clear_disabled.png[39m[0m
[  45% ] [90m[1m_update_scan_actions[22m | ic_clear_normal.png[39m[0m
[  45% ] [90m[1m_update_scan_actions[22m | ic_clear_search_api_disabled_holo_dark.png[39m[0m
[  45% ] [90m[1m_update_scan_actions[22m | ic_clear_search_api_disabled_holo_light.png[39m[0m
[  45% ] [90m[1m_update_scan_actions[22m | ic_clear_search_api_holo_dark.png[39m[0m
[  45% ] [90m[1m_update_scan_actions[22m | ic_clear_search_api_holo_light.png[39m[0m
[  45% ] [90m[1m_update_scan_actions[22m | ic_coins_l.png[39m[0m
[  45% ] [90m[1m_update_scan_actions[22m | ic_coins_s.png[39m[0m
[  45% ] [90m[1m_update_scan_actions[22m | ic_commit.png[39m[0m
[  45% ] [90m[1m_update_scan_actions[22m | ic_commit_search_api_holo_dark.png[39m[0m
[  45% ] [90m[1m_update_scan_actions[22m | ic_commit_search_api_holo_light.png[39m[0m
[  45% ] [90m[1m_update_scan_actions[22m | ic_commit_search_api_mtrl_alpha.png[39m[0m
[  45% ] [90m[1m_update_scan_actions[22m | ic_contact_picture.png[39m[0m
[  45% ] [90m[1m_update_scan_actions[22m | ic_contact_picture_2.png[39m[0m
[  45% ] [90m[1m_update_scan_actions[22m | ic_contact_picture_3.png[39m[0m
[  45% ] [90m[1m_update_scan_actions[22m | ic_delete.png[39m[0m
[  45% ] [90m[1m_update_scan_actions[22m | ic_dialog_alert.png[39m[0m
[  45% ] [90m[1m_update_scan_actions[22m | ic_dialog_alert_holo_dark.png[39m[0m
[  45% ] [90m[1m_update_scan_actions[22m | ic_dialog_alert_holo_light.png[39m[0m
[  45% ] [90m[1m_update_scan_actions[22m | ic_dialog_close_normal_holo.png[39m[0m
[  45% ] [90m[1m_update_scan_actions[22m | ic_dialog_close_pressed_holo.png[39m[0m
[  45% ] [90m[1m_update_scan_actions[22m | ic_dialog_dialer.png[39m[0m
[  45% ] [90m[1m_update_scan_actions[22m | ic_dialog_email.png[39m[0m
[  45% ] [90m[1m_update_scan_actions[22m | ic_dialog_focused_holo.png[39m[0m
[  45% ] [90m[1m_update_scan_actions[22m | ic_dialog_info.png[39m[0m
[  45% ] [90m[1m_update_scan_actions[22m | ic_dialog_map.png[39m[0m
[  45% ] [90m[1m_update_scan_actions[22m | ic_dialog_time.png[39m[0m
[  45% ] [90m[1m_update_scan_actions[22m | ic_dialog_usb.png[39m[0m
[  45% ] [90m[1m_update_scan_actions[22m | ic_emergency.png[39m[0m
[  45% ] [90m[1m_update_scan_actions[22m | ic_find_next_holo_dark.png[39m[0m
[  45% ] [90m[1m_update_scan_actions[22m | ic_find_next_holo_light.png[39m[0m
[  45% ] [90m[1m_update_scan_actions[22m | ic_find_next_mtrl_alpha.png[39m[0m
[  45% ] [90m[1m_update_scan_actions[22m | ic_find_previous_holo_dark.png[39m[0m
[  45% ] [90m[1m_update_scan_actions[22m | ic_find_previous_holo_light.png[39m[0m
[  45% ] [90m[1m_update_scan_actions[22m | ic_find_previous_mtrl_alpha.png[39m[0m
[  46% ] [90m[1m_update_scan_actions[22m | ic_go.png[39m[0m
[  46% ] [90m[1m_update_scan_actions[22m | ic_go_search_api_holo_dark.png[39m[0m
[  46% ] [90m[1m_update_scan_actions[22m | ic_go_search_api_holo_light.png[39m[0m
[  46% ] [90m[1m_update_scan_actions[22m | ic_input_add.png[39m[0m
[  46% ] [90m[1m_update_scan_actions[22m | ic_input_delete.png[39m[0m
[  46% ] [90m[1m_update_scan_actions[22m | ic_input_get.png[39m[0m
[  46% ] [90m[1m_update_scan_actions[22m | ic_jog_dial_answer.png[39m[0m
[  46% ] [90m[1m_update_scan_actions[22m | ic_jog_dial_answer_and_end.png[39m[0m
[  46% ] [90m[1m_update_scan_actions[22m | ic_jog_dial_answer_and_hold.png[39m[0m
[  46% ] [90m[1m_update_scan_actions[22m | ic_jog_dial_decline.png[39m[0m
[  46% ] [90m[1m_update_scan_actions[22m | ic_jog_dial_sound_off.png[39m[0m
[  46% ] [90m[1m_update_scan_actions[22m | ic_jog_dial_sound_on.png[39m[0m
[  46% ] [90m[1m_update_scan_actions[22m | ic_jog_dial_unlock.png[39m[0m
[  46% ] [90m[1m_update_scan_actions[22m | ic_jog_dial_vibrate_on.png[39m[0m
[  46% ] [90m[1m_update_scan_actions[22m | ic_launcher_android.png[39m[0m
[  46% ] [90m[1m_update_scan_actions[22m | ic_lockscreen_handle_pressed.png[39m[0m
[  46% ] [90m[1m_update_scan_actions[22m | ic_lock_airplane_mode_alpha.png[39m[0m
[  46% ] [90m[1m_update_scan_actions[22m | ic_lock_airplane_mode_off_am_alpha.png[39m[0m
[  46% ] [90m[1m_update_scan_actions[22m | ic_lock_idle_alarm_alpha.png[39m[0m
[  46% ] [90m[1m_update_scan_actions[22m | ic_lock_idle_charging.png[39m[0m
[  46% ] [90m[1m_update_scan_actions[22m | ic_lock_idle_lock.png[39m[0m
[  46% ] [90m[1m_update_scan_actions[22m | ic_lock_idle_low_battery.png[39m[0m
[  46% ] [90m[1m_update_scan_actions[22m | ic_lock_lock_alpha.png[39m[0m
[  46% ] [90m[1m_update_scan_actions[22m | ic_lock_open_wht_24dp.png[39m[0m
[  46% ] [90m[1m_update_scan_actions[22m | ic_lock_outline_wht_24dp.png[39m[0m
[  46% ] [90m[1m_update_scan_actions[22m | ic_lock_power_off_alpha.png[39m[0m
[  46% ] [90m[1m_update_scan_actions[22m | ic_lock_ringer_off_alpha.png[39m[0m
[  46% ] [90m[1m_update_scan_actions[22m | ic_lock_ringer_on_alpha.png[39m[0m
[  46% ] [90m[1m_update_scan_actions[22m | ic_lock_silent_mode.png[39m[0m
[  46% ] [90m[1m_update_scan_actions[22m | ic_lock_silent_mode_off.png[39m[0m
[  46% ] [90m[1m_update_scan_actions[22m | ic_lock_silent_mode_vibrate.png[39m[0m
[  46% ] [90m[1m_update_scan_actions[22m | ic_maps_indicator_current_position.png[39m[0m
[  46% ] [90m[1m_update_scan_actions[22m | ic_maps_indicator_current_position_anim1.png[39m[0m
[  46% ] [90m[1m_update_scan_actions[22m | ic_maps_indicator_current_position_anim2.png[39m[0m
[  46% ] [90m[1m_update_scan_actions[22m | ic_maps_indicator_current_position_anim3.png[39m[0m
[  46% ] [90m[1m_update_scan_actions[22m | ic_media_embed_play.png[39m[0m
[  46% ] [90m[1m_update_scan_actions[22m | ic_media_ff.png[39m[0m
[  46% ] [90m[1m_update_scan_actions[22m | ic_media_fullscreen.png[39m[0m
[  46% ] [90m[1m_update_scan_actions[22m | ic_media_next.png[39m[0m
[  46% ] [90m[1m_update_scan_actions[22m | ic_media_pause.png[39m[0m
[  46% ] [90m[1m_update_scan_actions[22m | ic_media_play.png[39m[0m
[  46% ] [90m[1m_update_scan_actions[22m | ic_media_previous.png[39m[0m
[  46% ] [90m[1m_update_scan_actions[22m | ic_media_rew.png[39m[0m
[  46% ] [90m[1m_update_scan_actions[22m | ic_media_route_connected_dark_00_mtrl.png[39m[0m
[  46% ] [90m[1m_update_scan_actions[22m | ic_media_route_connected_dark_01_mtrl.png[39m[0m
[  46% ] [90m[1m_update_scan_actions[22m | ic_media_route_connected_dark_02_mtrl.png[39m[0m
[  46% ] [90m[1m_update_scan_actions[22m | ic_media_route_connected_dark_03_mtrl.png[39m[0m
[  46% ] [90m[1m_update_scan_actions[22m | ic_media_route_connected_dark_04_mtrl.png[39m[0m
[  46% ] [90m[1m_update_scan_actions[22m | ic_media_route_connected_dark_05_mtrl.png[39m[0m
[  46% ] [90m[1m_update_scan_actions[22m | ic_media_route_connected_dark_06_mtrl.png[39m[0m
[  46% ] [90m[1m_update_scan_actions[22m | ic_media_route_connected_dark_07_mtrl.png[39m[0m
[  46% ] [90m[1m_update_scan_actions[22m | ic_media_route_connected_dark_08_mtrl.png[39m[0m
[  46% ] [90m[1m_update_scan_actions[22m | ic_media_route_connected_dark_09_mtrl.png[39m[0m
[  46% ] [90m[1m_update_scan_actions[22m | ic_media_route_connected_dark_10_mtrl.png[39m[0m
[  46% ] [90m[1m_update_scan_actions[22m | ic_media_route_connected_dark_11_mtrl.png[39m[0m
[  46% ] [90m[1m_update_scan_actions[22m | ic_media_route_connected_dark_12_mtrl.png[39m[0m
[  46% ] [90m[1m_update_scan_actions[22m | ic_media_route_connected_dark_13_mtrl.png[39m[0m
[  46% ] [90m[1m_update_scan_actions[22m | ic_media_route_connected_dark_14_mtrl.png[39m[0m
[  46% ] [90m[1m_update_scan_actions[22m | ic_media_route_connected_dark_15_mtrl.png[39m[0m
[  46% ] [90m[1m_update_scan_actions[22m | ic_media_route_connected_dark_16_mtrl.png[39m[0m
[  46% ] [90m[1m_update_scan_actions[22m | ic_media_route_connected_dark_17_mtrl.png[39m[0m
[  46% ] [90m[1m_update_scan_actions[22m | ic_media_route_connected_dark_18_mtrl.png[39m[0m
[  46% ] [90m[1m_update_scan_actions[22m | ic_media_route_connected_dark_19_mtrl.png[39m[0m
[  46% ] [90m[1m_update_scan_actions[22m | ic_media_route_connected_dark_20_mtrl.png[39m[0m
[  46% ] [90m[1m_update_scan_actions[22m | ic_media_route_connected_dark_21_mtrl.png[39m[0m
[  46% ] [90m[1m_update_scan_actions[22m | ic_media_route_connected_dark_22_mtrl.png[39m[0m
[  46% ] [90m[1m_update_scan_actions[22m | ic_media_route_connected_dark_23_mtrl.png[39m[0m
[  46% ] [90m[1m_update_scan_actions[22m | ic_media_route_connected_dark_24_mtrl.png[39m[0m
[  47% ] [90m[1m_update_scan_actions[22m | ic_media_route_connected_dark_25_mtrl.png[39m[0m
[  47% ] [90m[1m_update_scan_actions[22m | ic_media_route_connected_dark_26_mtrl.png[39m[0m
[  47% ] [90m[1m_update_scan_actions[22m | ic_media_route_connected_dark_27_mtrl.png[39m[0m
[  47% ] [90m[1m_update_scan_actions[22m | ic_media_route_connected_dark_28_mtrl.png[39m[0m
[  47% ] [90m[1m_update_scan_actions[22m | ic_media_route_connected_dark_29_mtrl.png[39m[0m
[  47% ] [90m[1m_update_scan_actions[22m | ic_media_route_connected_dark_30_mtrl.png[39m[0m
[  47% ] [90m[1m_update_scan_actions[22m | ic_media_route_connected_light_00_mtrl.png[39m[0m
[  47% ] [90m[1m_update_scan_actions[22m | ic_media_route_connected_light_01_mtrl.png[39m[0m
[  47% ] [90m[1m_update_scan_actions[22m | ic_media_route_connected_light_02_mtrl.png[39m[0m
[  47% ] [90m[1m_update_scan_actions[22m | ic_media_route_connected_light_03_mtrl.png[39m[0m
[  47% ] [90m[1m_update_scan_actions[22m | ic_media_route_connected_light_04_mtrl.png[39m[0m
[  47% ] [90m[1m_update_scan_actions[22m | ic_media_route_connected_light_05_mtrl.png[39m[0m
[  47% ] [90m[1m_update_scan_actions[22m | ic_media_route_connected_light_06_mtrl.png[39m[0m
[  47% ] [90m[1m_update_scan_actions[22m | ic_media_route_connected_light_07_mtrl.png[39m[0m
[  47% ] [90m[1m_update_scan_actions[22m | ic_media_route_connected_light_08_mtrl.png[39m[0m
[  47% ] [90m[1m_update_scan_actions[22m | ic_media_route_connected_light_09_mtrl.png[39m[0m
[  47% ] [90m[1m_update_scan_actions[22m | ic_media_route_connected_light_10_mtrl.png[39m[0m
[  47% ] [90m[1m_update_scan_actions[22m | ic_media_route_connected_light_11_mtrl.png[39m[0m
[  47% ] [90m[1m_update_scan_actions[22m | ic_media_route_connected_light_12_mtrl.png[39m[0m
[  47% ] [90m[1m_update_scan_actions[22m | ic_media_route_connected_light_13_mtrl.png[39m[0m
[  47% ] [90m[1m_update_scan_actions[22m | ic_media_route_connected_light_14_mtrl.png[39m[0m
[  47% ] [90m[1m_update_scan_actions[22m | ic_media_route_connected_light_15_mtrl.png[39m[0m
[  47% ] [90m[1m_update_scan_actions[22m | ic_media_route_connected_light_16_mtrl.png[39m[0m
[  47% ] [90m[1m_update_scan_actions[22m | ic_media_route_connected_light_17_mtrl.png[39m[0m
[  47% ] [90m[1m_update_scan_actions[22m | ic_media_route_connected_light_18_mtrl.png[39m[0m
[  47% ] [90m[1m_update_scan_actions[22m | ic_media_route_connected_light_19_mtrl.png[39m[0m
[  47% ] [90m[1m_update_scan_actions[22m | ic_media_route_connected_light_20_mtrl.png[39m[0m
[  47% ] [90m[1m_update_scan_actions[22m | ic_media_route_connected_light_21_mtrl.png[39m[0m
[  47% ] [90m[1m_update_scan_actions[22m | ic_media_route_connected_light_22_mtrl.png[39m[0m
[  47% ] [90m[1m_update_scan_actions[22m | ic_media_route_connected_light_23_mtrl.png[39m[0m
[  47% ] [90m[1m_update_scan_actions[22m | ic_media_route_connected_light_24_mtrl.png[39m[0m
[  47% ] [90m[1m_update_scan_actions[22m | ic_media_route_connected_light_25_mtrl.png[39m[0m
[  47% ] [90m[1m_update_scan_actions[22m | ic_media_route_connected_light_26_mtrl.png[39m[0m
[  47% ] [90m[1m_update_scan_actions[22m | ic_media_route_connected_light_27_mtrl.png[39m[0m
[  47% ] [90m[1m_update_scan_actions[22m | ic_media_route_connected_light_28_mtrl.png[39m[0m
[  47% ] [90m[1m_update_scan_actions[22m | ic_media_route_connected_light_29_mtrl.png[39m[0m
[  47% ] [90m[1m_update_scan_actions[22m | ic_media_route_connected_light_30_mtrl.png[39m[0m
[  47% ] [90m[1m_update_scan_actions[22m | ic_media_route_connecting_dark_00_mtrl.png[39m[0m
[  47% ] [90m[1m_update_scan_actions[22m | ic_media_route_connecting_dark_01_mtrl.png[39m[0m
[  47% ] [90m[1m_update_scan_actions[22m | ic_media_route_connecting_dark_02_mtrl.png[39m[0m
[  47% ] [90m[1m_update_scan_actions[22m | ic_media_route_connecting_dark_03_mtrl.png[39m[0m
[  47% ] [90m[1m_update_scan_actions[22m | ic_media_route_connecting_dark_04_mtrl.png[39m[0m
[  47% ] [90m[1m_update_scan_actions[22m | ic_media_route_connecting_dark_05_mtrl.png[39m[0m
[  47% ] [90m[1m_update_scan_actions[22m | ic_media_route_connecting_dark_06_mtrl.png[39m[0m
[  47% ] [90m[1m_update_scan_actions[22m | ic_media_route_connecting_dark_07_mtrl.png[39m[0m
[  47% ] [90m[1m_update_scan_actions[22m | ic_media_route_connecting_dark_08_mtrl.png[39m[0m
[  47% ] [90m[1m_update_scan_actions[22m | ic_media_route_connecting_dark_09_mtrl.png[39m[0m
[  47% ] [90m[1m_update_scan_actions[22m | ic_media_route_connecting_dark_10_mtrl.png[39m[0m
[  47% ] [90m[1m_update_scan_actions[22m | ic_media_route_connecting_dark_11_mtrl.png[39m[0m
[  47% ] [90m[1m_update_scan_actions[22m | ic_media_route_connecting_dark_12_mtrl.png[39m[0m
[  47% ] [90m[1m_update_scan_actions[22m | ic_media_route_connecting_dark_13_mtrl.png[39m[0m
[  47% ] [90m[1m_update_scan_actions[22m | ic_media_route_connecting_dark_14_mtrl.png[39m[0m
[  47% ] [90m[1m_update_scan_actions[22m | ic_media_route_connecting_dark_15_mtrl.png[39m[0m
[  47% ] [90m[1m_update_scan_actions[22m | ic_media_route_connecting_dark_16_mtrl.png[39m[0m
[  47% ] [90m[1m_update_scan_actions[22m | ic_media_route_connecting_dark_17_mtrl.png[39m[0m
[  47% ] [90m[1m_update_scan_actions[22m | ic_media_route_connecting_dark_18_mtrl.png[39m[0m
[  47% ] [90m[1m_update_scan_actions[22m | ic_media_route_connecting_dark_19_mtrl.png[39m[0m
[  47% ] [90m[1m_update_scan_actions[22m | ic_media_route_connecting_dark_20_mtrl.png[39m[0m
[  47% ] [90m[1m_update_scan_actions[22m | ic_media_route_connecting_dark_21_mtrl.png[39m[0m
[  47% ] [90m[1m_update_scan_actions[22m | ic_media_route_connecting_dark_22_mtrl.png[39m[0m
[  47% ] [90m[1m_update_scan_actions[22m | ic_media_route_connecting_dark_23_mtrl.png[39m[0m
[  47% ] [90m[1m_update_scan_actions[22m | ic_media_route_connecting_dark_24_mtrl.png[39m[0m
[  47% ] [90m[1m_update_scan_actions[22m | ic_media_route_connecting_dark_25_mtrl.png[39m[0m
[  47% ] [90m[1m_update_scan_actions[22m | ic_media_route_connecting_dark_26_mtrl.png[39m[0m
[  47% ] [90m[1m_update_scan_actions[22m | ic_media_route_connecting_dark_27_mtrl.png[39m[0m
[  47% ] [90m[1m_update_scan_actions[22m | ic_media_route_connecting_dark_28_mtrl.png[39m[0m
[  47% ] [90m[1m_update_scan_actions[22m | ic_media_route_connecting_dark_29_mtrl.png[39m[0m
[  47% ] [90m[1m_update_scan_actions[22m | ic_media_route_connecting_dark_30_mtrl.png[39m[0m
[  47% ] [90m[1m_update_scan_actions[22m | ic_media_route_connecting_light_00_mtrl.png[39m[0m
[  48% ] [90m[1m_update_scan_actions[22m | ic_media_route_connecting_light_01_mtrl.png[39m[0m
[  48% ] [90m[1m_update_scan_actions[22m | ic_media_route_connecting_light_02_mtrl.png[39m[0m
[  48% ] [90m[1m_update_scan_actions[22m | ic_media_route_connecting_light_03_mtrl.png[39m[0m
[  48% ] [90m[1m_update_scan_actions[22m | ic_media_route_connecting_light_04_mtrl.png[39m[0m
[  48% ] [90m[1m_update_scan_actions[22m | ic_media_route_connecting_light_05_mtrl.png[39m[0m
[  48% ] [90m[1m_update_scan_actions[22m | ic_media_route_connecting_light_06_mtrl.png[39m[0m
[  48% ] [90m[1m_update_scan_actions[22m | ic_media_route_connecting_light_07_mtrl.png[39m[0m
[  48% ] [90m[1m_update_scan_actions[22m | ic_media_route_connecting_light_08_mtrl.png[39m[0m
[  48% ] [90m[1m_update_scan_actions[22m | ic_media_route_connecting_light_09_mtrl.png[39m[0m
[  48% ] [90m[1m_update_scan_actions[22m | ic_media_route_connecting_light_10_mtrl.png[39m[0m
[  48% ] [90m[1m_update_scan_actions[22m | ic_media_route_connecting_light_11_mtrl.png[39m[0m
[  48% ] [90m[1m_update_scan_actions[22m | ic_media_route_connecting_light_12_mtrl.png[39m[0m
[  48% ] [90m[1m_update_scan_actions[22m | ic_media_route_connecting_light_13_mtrl.png[39m[0m
[  48% ] [90m[1m_update_scan_actions[22m | ic_media_route_connecting_light_14_mtrl.png[39m[0m
[  48% ] [90m[1m_update_scan_actions[22m | ic_media_route_connecting_light_15_mtrl.png[39m[0m
[  48% ] [90m[1m_update_scan_actions[22m | ic_media_route_connecting_light_16_mtrl.png[39m[0m
[  48% ] [90m[1m_update_scan_actions[22m | ic_media_route_connecting_light_17_mtrl.png[39m[0m
[  48% ] [90m[1m_update_scan_actions[22m | ic_media_route_connecting_light_18_mtrl.png[39m[0m
[  48% ] [90m[1m_update_scan_actions[22m | ic_media_route_connecting_light_19_mtrl.png[39m[0m
[  48% ] [90m[1m_update_scan_actions[22m | ic_media_route_connecting_light_20_mtrl.png[39m[0m
[  48% ] [90m[1m_update_scan_actions[22m | ic_media_route_connecting_light_21_mtrl.png[39m[0m
[  48% ] [90m[1m_update_scan_actions[22m | ic_media_route_connecting_light_22_mtrl.png[39m[0m
[  48% ] [90m[1m_update_scan_actions[22m | ic_media_route_connecting_light_23_mtrl.png[39m[0m
[  48% ] [90m[1m_update_scan_actions[22m | ic_media_route_connecting_light_24_mtrl.png[39m[0m
[  48% ] [90m[1m_update_scan_actions[22m | ic_media_route_connecting_light_25_mtrl.png[39m[0m
[  48% ] [90m[1m_update_scan_actions[22m | ic_media_route_connecting_light_26_mtrl.png[39m[0m
[  48% ] [90m[1m_update_scan_actions[22m | ic_media_route_connecting_light_27_mtrl.png[39m[0m
[  48% ] [90m[1m_update_scan_actions[22m | ic_media_route_connecting_light_28_mtrl.png[39m[0m
[  48% ] [90m[1m_update_scan_actions[22m | ic_media_route_connecting_light_29_mtrl.png[39m[0m
[  48% ] [90m[1m_update_scan_actions[22m | ic_media_route_connecting_light_30_mtrl.png[39m[0m
[  48% ] [90m[1m_update_scan_actions[22m | ic_media_route_disabled_holo_dark.png[39m[0m
[  48% ] [90m[1m_update_scan_actions[22m | ic_media_route_disabled_holo_light.png[39m[0m
[  48% ] [90m[1m_update_scan_actions[22m | ic_media_route_disabled_mtrl_alpha.png[39m[0m
[  48% ] [90m[1m_update_scan_actions[22m | ic_media_route_off_dark_mtrl.png[39m[0m
[  48% ] [90m[1m_update_scan_actions[22m | ic_media_route_off_holo_dark.png[39m[0m
[  48% ] [90m[1m_update_scan_actions[22m | ic_media_route_off_holo_light.png[39m[0m
[  48% ] [90m[1m_update_scan_actions[22m | ic_media_route_off_light_mtrl.png[39m[0m
[  48% ] [90m[1m_update_scan_actions[22m | ic_media_route_on_0_holo_dark.png[39m[0m
[  48% ] [90m[1m_update_scan_actions[22m | ic_media_route_on_0_holo_light.png[39m[0m
[  48% ] [90m[1m_update_scan_actions[22m | ic_media_route_on_1_holo_dark.png[39m[0m
[  48% ] [90m[1m_update_scan_actions[22m | ic_media_route_on_1_holo_light.png[39m[0m
[  48% ] [90m[1m_update_scan_actions[22m | ic_media_route_on_2_holo_dark.png[39m[0m
[  48% ] [90m[1m_update_scan_actions[22m | ic_media_route_on_2_holo_light.png[39m[0m
[  48% ] [90m[1m_update_scan_actions[22m | ic_media_route_on_holo_dark.png[39m[0m
[  48% ] [90m[1m_update_scan_actions[22m | ic_media_route_on_holo_light.png[39m[0m
[  48% ] [90m[1m_update_scan_actions[22m | ic_media_stop.png[39m[0m
[  48% ] [90m[1m_update_scan_actions[22m | ic_media_video_poster.png[39m[0m
[  48% ] [90m[1m_update_scan_actions[22m | ic_menu_account_list.png[39m[0m
[  48% ] [90m[1m_update_scan_actions[22m | ic_menu_add.png[39m[0m
[  48% ] [90m[1m_update_scan_actions[22m | ic_menu_agenda.png[39m[0m
[  48% ] [90m[1m_update_scan_actions[22m | ic_menu_allfriends.png[39m[0m
[  48% ] [90m[1m_update_scan_actions[22m | ic_menu_always_landscape_portrait.png[39m[0m
[  48% ] [90m[1m_update_scan_actions[22m | ic_menu_archive.png[39m[0m
[  48% ] [90m[1m_update_scan_actions[22m | ic_menu_attachment.png[39m[0m
[  48% ] [90m[1m_update_scan_actions[22m | ic_menu_back.png[39m[0m
[  48% ] [90m[1m_update_scan_actions[22m | ic_menu_block.png[39m[0m
[  48% ] [90m[1m_update_scan_actions[22m | ic_menu_blocked_user.png[39m[0m
[  48% ] [90m[1m_update_scan_actions[22m | ic_menu_btn_add.png[39m[0m
[  48% ] [90m[1m_update_scan_actions[22m | ic_menu_call.png[39m[0m
[  48% ] [90m[1m_update_scan_actions[22m | ic_menu_camera.png[39m[0m
[  48% ] [90m[1m_update_scan_actions[22m | ic_menu_cc_am.png[39m[0m
[  48% ] [90m[1m_update_scan_actions[22m | ic_menu_chat_dashboard.png[39m[0m
[  48% ] [90m[1m_update_scan_actions[22m | ic_menu_clear_playlist.png[39m[0m
[  48% ] [90m[1m_update_scan_actions[22m | ic_menu_close_clear_cancel.png[39m[0m
[  48% ] [90m[1m_update_scan_actions[22m | ic_menu_compass.png[39m[0m
[  48% ] [90m[1m_update_scan_actions[22m | ic_menu_compose.png[39m[0m
[  48% ] [90m[1m_update_scan_actions[22m | ic_menu_copy.png[39m[0m
[  48% ] [90m[1m_update_scan_actions[22m | ic_menu_copy_holo_dark.png[39m[0m
[  49% ] [90m[1m_update_scan_actions[22m | ic_menu_copy_holo_light.png[39m[0m
[  49% ] [90m[1m_update_scan_actions[22m | ic_menu_crop.png[39m[0m
[  49% ] [90m[1m_update_scan_actions[22m | ic_menu_cut.png[39m[0m
[  49% ] [90m[1m_update_scan_actions[22m | ic_menu_cut_holo_dark.png[39m[0m
[  49% ] [90m[1m_update_scan_actions[22m | ic_menu_cut_holo_light.png[39m[0m
[  49% ] [90m[1m_update_scan_actions[22m | ic_menu_day.png[39m[0m
[  49% ] [90m[1m_update_scan_actions[22m | ic_menu_delete.png[39m[0m
[  49% ] [90m[1m_update_scan_actions[22m | ic_menu_directions.png[39m[0m
[  49% ] [90m[1m_update_scan_actions[22m | ic_menu_edit.png[39m[0m
[  49% ] [90m[1m_update_scan_actions[22m | ic_menu_emoticons.png[39m[0m
[  49% ] [90m[1m_update_scan_actions[22m | ic_menu_end_conversation.png[39m[0m
[  49% ] [90m[1m_update_scan_actions[22m | ic_menu_find.png[39m[0m
[  49% ] [90m[1m_update_scan_actions[22m | ic_menu_find_holo_dark.png[39m[0m
[  49% ] [90m[1m_update_scan_actions[22m | ic_menu_find_holo_light.png[39m[0m
[  49% ] [90m[1m_update_scan_actions[22m | ic_menu_find_mtrl_alpha.png[39m[0m
[  49% ] [90m[1m_update_scan_actions[22m | ic_menu_forward.png[39m[0m
[  49% ] [90m[1m_update_scan_actions[22m | ic_menu_friendslist.png[39m[0m
[  49% ] [90m[1m_update_scan_actions[22m | ic_menu_gallery.png[39m[0m
[  49% ] [90m[1m_update_scan_actions[22m | ic_menu_goto.png[39m[0m
[  49% ] [90m[1m_update_scan_actions[22m | ic_menu_help.png[39m[0m
[  49% ] [90m[1m_update_scan_actions[22m | ic_menu_help_holo_light.png[39m[0m
[  49% ] [90m[1m_update_scan_actions[22m | ic_menu_home.png[39m[0m
[  49% ] [90m[1m_update_scan_actions[22m | ic_menu_info_details.png[39m[0m
[  49% ] [90m[1m_update_scan_actions[22m | ic_menu_invite.png[39m[0m
[  49% ] [90m[1m_update_scan_actions[22m | ic_menu_login.png[39m[0m
[  49% ] [90m[1m_update_scan_actions[22m | ic_menu_manage.png[39m[0m
[  49% ] [90m[1m_update_scan_actions[22m | ic_menu_mapmode.png[39m[0m
[  49% ] [90m[1m_update_scan_actions[22m | ic_menu_mark.png[39m[0m
[  49% ] [90m[1m_update_scan_actions[22m | ic_menu_month.png[39m[0m
[  49% ] [90m[1m_update_scan_actions[22m | ic_menu_more.png[39m[0m
[  49% ] [90m[1m_update_scan_actions[22m | ic_menu_moreoverflow.png[39m[0m
[  49% ] [90m[1m_update_scan_actions[22m | ic_menu_moreoverflow_focused_holo_dark.png[39m[0m
[  49% ] [90m[1m_update_scan_actions[22m | ic_menu_moreoverflow_focused_holo_light.png[39m[0m
[  49% ] [90m[1m_update_scan_actions[22m | ic_menu_moreoverflow_normal_holo_dark.png[39m[0m
[  49% ] [90m[1m_update_scan_actions[22m | ic_menu_moreoverflow_normal_holo_light.png[39m[0m
[  49% ] [90m[1m_update_scan_actions[22m | ic_menu_mylocation.png[39m[0m
[  49% ] [90m[1m_update_scan_actions[22m | ic_menu_myplaces.png[39m[0m
[  49% ] [90m[1m_update_scan_actions[22m | ic_menu_my_calendar.png[39m[0m
[  49% ] [90m[1m_update_scan_actions[22m | ic_menu_notifications.png[39m[0m
[  49% ] [90m[1m_update_scan_actions[22m | ic_menu_paste.png[39m[0m
[  49% ] [90m[1m_update_scan_actions[22m | ic_menu_paste_holo_dark.png[39m[0m
[  49% ] [90m[1m_update_scan_actions[22m | ic_menu_paste_holo_light.png[39m[0m
[  49% ] [90m[1m_update_scan_actions[22m | ic_menu_play_clip.png[39m[0m
[  49% ] [90m[1m_update_scan_actions[22m | ic_menu_preferences.png[39m[0m
[  49% ] [90m[1m_update_scan_actions[22m | ic_menu_recent_history.png[39m[0m
[  49% ] [90m[1m_update_scan_actions[22m | ic_menu_report_image.png[39m[0m
[  49% ] [90m[1m_update_scan_actions[22m | ic_menu_revert.png[39m[0m
[  49% ] [90m[1m_update_scan_actions[22m | ic_menu_rotate.png[39m[0m
[  49% ] [90m[1m_update_scan_actions[22m | ic_menu_save.png[39m[0m
[  49% ] [90m[1m_update_scan_actions[22m | ic_menu_search.png[39m[0m
[  49% ] [90m[1m_update_scan_actions[22m | ic_menu_search_holo_dark.png[39m[0m
[  49% ] [90m[1m_update_scan_actions[22m | ic_menu_search_holo_light.png[39m[0m
[  49% ] [90m[1m_update_scan_actions[22m | ic_menu_search_mtrl_alpha.png[39m[0m
[  49% ] [90m[1m_update_scan_actions[22m | ic_menu_selectall_holo_dark.png[39m[0m
[  49% ] [90m[1m_update_scan_actions[22m | ic_menu_selectall_holo_light.png[39m[0m
[  49% ] [90m[1m_update_scan_actions[22m | ic_menu_send.png[39m[0m
[  49% ] [90m[1m_update_scan_actions[22m | ic_menu_settings_holo_light.png[39m[0m
[  49% ] [90m[1m_update_scan_actions[22m | ic_menu_set_as.png[39m[0m
[  49% ] [90m[1m_update_scan_actions[22m | ic_menu_share.png[39m[0m
[  49% ] [90m[1m_update_scan_actions[22m | ic_menu_share_holo_dark.png[39m[0m
[  49% ] [90m[1m_update_scan_actions[22m | ic_menu_share_holo_light.png[39m[0m
[  49% ] [90m[1m_update_scan_actions[22m | ic_menu_slideshow.png[39m[0m
[  49% ] [90m[1m_update_scan_actions[22m | ic_menu_sort_alphabetically.png[39m[0m
[  49% ] [90m[1m_update_scan_actions[22m | ic_menu_sort_by_size.png[39m[0m
[  49% ] [90m[1m_update_scan_actions[22m | ic_menu_star.png[39m[0m
[  49% ] [90m[1m_update_scan_actions[22m | ic_menu_start_conversation.png[39m[0m
[  49% ] [90m[1m_update_scan_actions[22m | ic_menu_stop.png[39m[0m
[  49% ] [90m[1m_update_scan_actions[22m | ic_menu_today.png[39m[0m
[  50% ] [90m[1m_update_scan_actions[22m | ic_menu_upload.png[39m[0m
[  50% ] [90m[1m_update_scan_actions[22m | ic_menu_upload_you_tube.png[39m[0m
[  50% ] [90m[1m_update_scan_actions[22m | ic_menu_view.png[39m[0m
[  50% ] [90m[1m_update_scan_actions[22m | ic_menu_week.png[39m[0m
[  50% ] [90m[1m_update_scan_actions[22m | ic_menu_zoom.png[39m[0m
[  50% ] [90m[1m_update_scan_actions[22m | ic_notification_cast_0.png[39m[0m
[  50% ] [90m[1m_update_scan_actions[22m | ic_notification_cast_1.png[39m[0m
[  50% ] [90m[1m_update_scan_actions[22m | ic_notification_cast_2.png[39m[0m
[  50% ] [90m[1m_update_scan_actions[22m | ic_notification_clear_all.png[39m[0m
[  50% ] [90m[1m_update_scan_actions[22m | ic_notification_overlay.9.png[39m[0m
[  50% ] [90m[1m_update_scan_actions[22m | ic_partial_secure.png[39m[0m
[  50% ] [90m[1m_update_scan_actions[22m | ic_popup_disk_full.png[39m[0m
[  50% ] [90m[1m_update_scan_actions[22m | ic_popup_reminder.png[39m[0m
[  50% ] [90m[1m_update_scan_actions[22m | ic_popup_sync_1.png[39m[0m
[  50% ] [90m[1m_update_scan_actions[22m | ic_popup_sync_2.png[39m[0m
[  50% ] [90m[1m_update_scan_actions[22m | ic_popup_sync_3.png[39m[0m
[  50% ] [90m[1m_update_scan_actions[22m | ic_popup_sync_4.png[39m[0m
[  50% ] [90m[1m_update_scan_actions[22m | ic_popup_sync_5.png[39m[0m
[  50% ] [90m[1m_update_scan_actions[22m | ic_popup_sync_6.png[39m[0m
[  50% ] [90m[1m_update_scan_actions[22m | ic_search.png[39m[0m
[  50% ] [90m[1m_update_scan_actions[22m | ic_search_api_holo_dark.png[39m[0m
[  50% ] [90m[1m_update_scan_actions[22m | ic_search_api_holo_light.png[39m[0m
[  50% ] [90m[1m_update_scan_actions[22m | ic_search_category_default.png[39m[0m
[  50% ] [90m[1m_update_scan_actions[22m | ic_secure.png[39m[0m
[  50% ] [90m[1m_update_scan_actions[22m | ic_settings.png[39m[0m
[  50% ] [90m[1m_update_scan_actions[22m | ic_settings_language.png[39m[0m
[  50% ] [90m[1m_update_scan_actions[22m | ic_sim_card_multi_24px_clr.png[39m[0m
[  50% ] [90m[1m_update_scan_actions[22m | ic_sim_card_multi_48px_clr.png[39m[0m
[  50% ] [90m[1m_update_scan_actions[22m | ic_star_black_16dp.png[39m[0m
[  50% ] [90m[1m_update_scan_actions[22m | ic_star_black_36dp.png[39m[0m
[  50% ] [90m[1m_update_scan_actions[22m | ic_star_black_48dp.png[39m[0m
[  50% ] [90m[1m_update_scan_actions[22m | ic_star_half_black_16dp.png[39m[0m
[  50% ] [90m[1m_update_scan_actions[22m | ic_star_half_black_36dp.png[39m[0m
[  50% ] [90m[1m_update_scan_actions[22m | ic_star_half_black_48dp.png[39m[0m
[  50% ] [90m[1m_update_scan_actions[22m | ic_sysbar_quicksettings.png[39m[0m
[  50% ] [90m[1m_update_scan_actions[22m | ic_vibrate.png[39m[0m
[  50% ] [90m[1m_update_scan_actions[22m | ic_vibrate_small.png[39m[0m
[  50% ] [90m[1m_update_scan_actions[22m | ic_voice_search.png[39m[0m
[  50% ] [90m[1m_update_scan_actions[22m | ic_voice_search_api_holo_dark.png[39m[0m
[  50% ] [90m[1m_update_scan_actions[22m | ic_voice_search_api_holo_light.png[39m[0m
[  50% ] [90m[1m_update_scan_actions[22m | ic_volume.png[39m[0m
[  50% ] [90m[1m_update_scan_actions[22m | ic_volume_bluetooth_ad2p.png[39m[0m
[  50% ] [90m[1m_update_scan_actions[22m | ic_volume_bluetooth_in_call.png[39m[0m
[  50% ] [90m[1m_update_scan_actions[22m | ic_volume_off.png[39m[0m
[  50% ] [90m[1m_update_scan_actions[22m | ic_volume_off_small.png[39m[0m
[  50% ] [90m[1m_update_scan_actions[22m | ic_volume_small.png[39m[0m
[  50% ] [90m[1m_update_scan_actions[22m | ime_qwerty.png[39m[0m
[  50% ] [90m[1m_update_scan_actions[22m | indicator_input_error.png[39m[0m
[  50% ] [90m[1m_update_scan_actions[22m | jog_dial_arrow_long_left_green.png[39m[0m
[  50% ] [90m[1m_update_scan_actions[22m | jog_dial_arrow_long_left_yellow.png[39m[0m
[  50% ] [90m[1m_update_scan_actions[22m | jog_dial_arrow_long_middle_yellow.png[39m[0m
[  50% ] [90m[1m_update_scan_actions[22m | jog_dial_arrow_long_right_red.png[39m[0m
[  50% ] [90m[1m_update_scan_actions[22m | jog_dial_arrow_long_right_yellow.png[39m[0m
[  50% ] [90m[1m_update_scan_actions[22m | jog_dial_arrow_short_left.png[39m[0m
[  50% ] [90m[1m_update_scan_actions[22m | jog_dial_arrow_short_left_and_right.png[39m[0m
[  50% ] [90m[1m_update_scan_actions[22m | jog_dial_arrow_short_right.png[39m[0m
[  50% ] [90m[1m_update_scan_actions[22m | jog_dial_bg.png[39m[0m
[  50% ] [90m[1m_update_scan_actions[22m | jog_dial_dimple.png[39m[0m
[  50% ] [90m[1m_update_scan_actions[22m | jog_dial_dimple_dim.png[39m[0m
[  50% ] [90m[1m_update_scan_actions[22m | jog_tab_bar_left_end_confirm_gray.9.png[39m[0m
[  50% ] [90m[1m_update_scan_actions[22m | jog_tab_bar_left_end_confirm_green.9.png[39m[0m
[  50% ] [90m[1m_update_scan_actions[22m | jog_tab_bar_left_end_confirm_red.9.png[39m[0m
[  50% ] [90m[1m_update_scan_actions[22m | jog_tab_bar_left_end_confirm_yellow.9.png[39m[0m
[  50% ] [90m[1m_update_scan_actions[22m | jog_tab_bar_left_end_normal.9.png[39m[0m
[  50% ] [90m[1m_update_scan_actions[22m | jog_tab_bar_left_end_pressed.9.png[39m[0m
[  50% ] [90m[1m_update_scan_actions[22m | jog_tab_bar_right_end_confirm_gray.9.png[39m[0m
[  50% ] [90m[1m_update_scan_actions[22m | jog_tab_bar_right_end_confirm_green.9.png[39m[0m
[  50% ] [90m[1m_update_scan_actions[22m | jog_tab_bar_right_end_confirm_red.9.png[39m[0m
[  50% ] [90m[1m_update_scan_actions[22m | jog_tab_bar_right_end_confirm_yellow.9.png[39m[0m
[  51% ] [90m[1m_update_scan_actions[22m | jog_tab_bar_right_end_normal.9.png[39m[0m
[  51% ] [90m[1m_update_scan_actions[22m | jog_tab_bar_right_end_pressed.9.png[39m[0m
[  51% ] [90m[1m_update_scan_actions[22m | jog_tab_left_confirm_gray.png[39m[0m
[  51% ] [90m[1m_update_scan_actions[22m | jog_tab_left_confirm_green.png[39m[0m
[  51% ] [90m[1m_update_scan_actions[22m | jog_tab_left_confirm_red.png[39m[0m
[  51% ] [90m[1m_update_scan_actions[22m | jog_tab_left_confirm_yellow.png[39m[0m
[  51% ] [90m[1m_update_scan_actions[22m | jog_tab_left_normal.png[39m[0m
[  51% ] [90m[1m_update_scan_actions[22m | jog_tab_left_pressed.png[39m[0m
[  51% ] [90m[1m_update_scan_actions[22m | jog_tab_right_confirm_gray.png[39m[0m
[  51% ] [90m[1m_update_scan_actions[22m | jog_tab_right_confirm_green.png[39m[0m
[  51% ] [90m[1m_update_scan_actions[22m | jog_tab_right_confirm_red.png[39m[0m
[  51% ] [90m[1m_update_scan_actions[22m | jog_tab_right_confirm_yellow.png[39m[0m
[  51% ] [90m[1m_update_scan_actions[22m | jog_tab_right_normal.png[39m[0m
[  51% ] [90m[1m_update_scan_actions[22m | jog_tab_right_pressed.png[39m[0m
[  51% ] [90m[1m_update_scan_actions[22m | jog_tab_target_gray.png[39m[0m
[  51% ] [90m[1m_update_scan_actions[22m | jog_tab_target_green.png[39m[0m
[  51% ] [90m[1m_update_scan_actions[22m | jog_tab_target_red.png[39m[0m
[  51% ] [90m[1m_update_scan_actions[22m | jog_tab_target_yellow.png[39m[0m
[  51% ] [90m[1m_update_scan_actions[22m | keyboard_accessory_bg_landscape.9.png[39m[0m
[  51% ] [90m[1m_update_scan_actions[22m | keyboard_background.9.png[39m[0m
[  51% ] [90m[1m_update_scan_actions[22m | keyboard_key_feedback_background.9.png[39m[0m
[  51% ] [90m[1m_update_scan_actions[22m | keyboard_key_feedback_more_background.9.png[39m[0m
[  51% ] [90m[1m_update_scan_actions[22m | keyboard_popup_panel_background.9.png[39m[0m
[  51% ] [90m[1m_update_scan_actions[22m | keyboard_popup_panel_trans_background.9.png[39m[0m
[  51% ] [90m[1m_update_scan_actions[22m | light_header.9.png[39m[0m
[  51% ] [90m[1m_update_scan_actions[22m | list_activated_holo.9.png[39m[0m
[  51% ] [90m[1m_update_scan_actions[22m | list_divider_holo_dark.9.png[39m[0m
[  51% ] [90m[1m_update_scan_actions[22m | list_divider_holo_light.9.png[39m[0m
[  51% ] [90m[1m_update_scan_actions[22m | list_divider_horizontal_holo_dark.9.png[39m[0m
[  51% ] [90m[1m_update_scan_actions[22m | list_focused_holo.9.png[39m[0m
[  51% ] [90m[1m_update_scan_actions[22m | list_longpressed_holo.9.png[39m[0m
[  51% ] [90m[1m_update_scan_actions[22m | list_longpressed_holo_dark.9.png[39m[0m
[  51% ] [90m[1m_update_scan_actions[22m | list_longpressed_holo_light.9.png[39m[0m
[  51% ] [90m[1m_update_scan_actions[22m | list_pressed_holo_dark.9.png[39m[0m
[  51% ] [90m[1m_update_scan_actions[22m | list_pressed_holo_light.9.png[39m[0m
[  51% ] [90m[1m_update_scan_actions[22m | list_section_divider_holo_dark.9.png[39m[0m
[  51% ] [90m[1m_update_scan_actions[22m | list_section_divider_holo_light.9.png[39m[0m
[  51% ] [90m[1m_update_scan_actions[22m | list_section_divider_mtrl_alpha.9.png[39m[0m
[  51% ] [90m[1m_update_scan_actions[22m | list_section_header_holo_dark.9.png[39m[0m
[  51% ] [90m[1m_update_scan_actions[22m | list_section_header_holo_light.9.png[39m[0m
[  51% ] [90m[1m_update_scan_actions[22m | list_selected_holo_dark.9.png[39m[0m
[  51% ] [90m[1m_update_scan_actions[22m | list_selected_holo_light.9.png[39m[0m
[  51% ] [90m[1m_update_scan_actions[22m | list_selector_activated_holo_dark.9.png[39m[0m
[  51% ] [90m[1m_update_scan_actions[22m | list_selector_activated_holo_light.9.png[39m[0m
[  51% ] [90m[1m_update_scan_actions[22m | list_selector_background_default.9.png[39m[0m
[  51% ] [90m[1m_update_scan_actions[22m | list_selector_background_default_light.9.png[39m[0m
[  51% ] [90m[1m_update_scan_actions[22m | list_selector_background_disabled.9.png[39m[0m
[  51% ] [90m[1m_update_scan_actions[22m | list_selector_background_disabled_light.9.png[39m[0m
[  51% ] [90m[1m_update_scan_actions[22m | list_selector_background_focus.9.png[39m[0m
[  51% ] [90m[1m_update_scan_actions[22m | list_selector_background_focused.9.png[39m[0m
[  51% ] [90m[1m_update_scan_actions[22m | list_selector_background_focused_light.9.png[39m[0m
[  51% ] [90m[1m_update_scan_actions[22m | list_selector_background_focused_selected.9.png[39m[0m
[  51% ] [90m[1m_update_scan_actions[22m | list_selector_background_longpress.9.png[39m[0m
[  51% ] [90m[1m_update_scan_actions[22m | list_selector_background_longpress_light.9.png[39m[0m
[  51% ] [90m[1m_update_scan_actions[22m | list_selector_background_pressed.9.png[39m[0m
[  51% ] [90m[1m_update_scan_actions[22m | list_selector_background_pressed_light.9.png[39m[0m
[  51% ] [90m[1m_update_scan_actions[22m | list_selector_background_selected.9.png[39m[0m
[  51% ] [90m[1m_update_scan_actions[22m | list_selector_background_selected_light.9.png[39m[0m
[  51% ] [90m[1m_update_scan_actions[22m | list_selector_disabled_holo_dark.9.png[39m[0m
[  51% ] [90m[1m_update_scan_actions[22m | list_selector_disabled_holo_light.9.png[39m[0m
[  51% ] [90m[1m_update_scan_actions[22m | list_selector_focused_holo_dark.9.png[39m[0m
[  51% ] [90m[1m_update_scan_actions[22m | list_selector_focused_holo_light.9.png[39m[0m
[  51% ] [90m[1m_update_scan_actions[22m | list_selector_multiselect_holo_dark.9.png[39m[0m
[  51% ] [90m[1m_update_scan_actions[22m | list_selector_multiselect_holo_light.9.png[39m[0m
[  51% ] [90m[1m_update_scan_actions[22m | list_selector_pressed_holo_dark.9.png[39m[0m
[  51% ] [90m[1m_update_scan_actions[22m | list_selector_pressed_holo_light.9.png[39m[0m
[  51% ] [90m[1m_update_scan_actions[22m | magnified_region_frame.9.png[39m[0m
[  51% ] [90m[1m_update_scan_actions[22m | maps_google_logo.png[39m[0m
[  52% ] [90m[1m_update_scan_actions[22m | menuitem_background_focus.9.png[39m[0m
[  52% ] [90m[1m_update_scan_actions[22m | menuitem_background_pressed.9.png[39m[0m
[  52% ] [90m[1m_update_scan_actions[22m | menuitem_background_solid_focused.9.png[39m[0m
[  52% ] [90m[1m_update_scan_actions[22m | menuitem_background_solid_pressed.9.png[39m[0m
[  52% ] [90m[1m_update_scan_actions[22m | menuitem_checkbox_on.png[39m[0m
[  52% ] [90m[1m_update_scan_actions[22m | menu_background.9.png[39m[0m
[  52% ] [90m[1m_update_scan_actions[22m | menu_background_fill_parent_width.9.png[39m[0m
[  52% ] [90m[1m_update_scan_actions[22m | menu_dropdown_panel_holo_dark.9.png[39m[0m
[  52% ] [90m[1m_update_scan_actions[22m | menu_dropdown_panel_holo_light.9.png[39m[0m
[  52% ] [90m[1m_update_scan_actions[22m | menu_hardkey_panel_holo_dark.9.png[39m[0m
[  52% ] [90m[1m_update_scan_actions[22m | menu_hardkey_panel_holo_light.9.png[39m[0m
[  52% ] [90m[1m_update_scan_actions[22m | menu_popup_panel_holo_dark.9.png[39m[0m
[  52% ] [90m[1m_update_scan_actions[22m | menu_popup_panel_holo_light.9.png[39m[0m
[  52% ] [90m[1m_update_scan_actions[22m | menu_separator.9.png[39m[0m
[  52% ] [90m[1m_update_scan_actions[22m | menu_submenu_background.9.png[39m[0m
[  52% ] [90m[1m_update_scan_actions[22m | minitab_lt_focus.9.png[39m[0m
[  52% ] [90m[1m_update_scan_actions[22m | minitab_lt_press.9.png[39m[0m
[  52% ] [90m[1m_update_scan_actions[22m | minitab_lt_selected.9.png[39m[0m
[  52% ] [90m[1m_update_scan_actions[22m | minitab_lt_unselected.9.png[39m[0m
[  52% ] [90m[1m_update_scan_actions[22m | minitab_lt_unselected_press.9.png[39m[0m
[  52% ] [90m[1m_update_scan_actions[22m | numberpicker_down_disabled.9.png[39m[0m
[  52% ] [90m[1m_update_scan_actions[22m | numberpicker_down_disabled_focused.9.png[39m[0m
[  52% ] [90m[1m_update_scan_actions[22m | numberpicker_down_normal.9.png[39m[0m
[  52% ] [90m[1m_update_scan_actions[22m | numberpicker_down_pressed.9.png[39m[0m
[  52% ] [90m[1m_update_scan_actions[22m | numberpicker_down_selected.9.png[39m[0m
[  52% ] [90m[1m_update_scan_actions[22m | numberpicker_input_disabled.9.png[39m[0m
[  52% ] [90m[1m_update_scan_actions[22m | numberpicker_input_normal.9.png[39m[0m
[  52% ] [90m[1m_update_scan_actions[22m | numberpicker_input_pressed.9.png[39m[0m
[  52% ] [90m[1m_update_scan_actions[22m | numberpicker_input_selected.9.png[39m[0m
[  52% ] [90m[1m_update_scan_actions[22m | numberpicker_selection_divider.9.png[39m[0m
[  52% ] [90m[1m_update_scan_actions[22m | numberpicker_up_disabled.9.png[39m[0m
[  52% ] [90m[1m_update_scan_actions[22m | numberpicker_up_disabled_focused.9.png[39m[0m
[  52% ] [90m[1m_update_scan_actions[22m | numberpicker_up_normal.9.png[39m[0m
[  52% ] [90m[1m_update_scan_actions[22m | numberpicker_up_pressed.9.png[39m[0m
[  52% ] [90m[1m_update_scan_actions[22m | numberpicker_up_selected.9.png[39m[0m
[  52% ] [90m[1m_update_scan_actions[22m | panel_background.9.png[39m[0m
[  52% ] [90m[1m_update_scan_actions[22m | panel_bg_holo_dark.9.png[39m[0m
[  52% ] [90m[1m_update_scan_actions[22m | panel_bg_holo_light.9.png[39m[0m
[  52% ] [90m[1m_update_scan_actions[22m | panel_picture_frame_bg_focus_blue.9.png[39m[0m
[  52% ] [90m[1m_update_scan_actions[22m | panel_picture_frame_bg_normal.9.png[39m[0m
[  52% ] [90m[1m_update_scan_actions[22m | panel_picture_frame_bg_pressed_blue.9.png[39m[0m
[  52% ] [90m[1m_update_scan_actions[22m | password_field_default.9.png[39m[0m
[  52% ] [90m[1m_update_scan_actions[22m | password_keyboard_background_holo.9.png[39m[0m
[  52% ] [90m[1m_update_scan_actions[22m | perm_group_accessibility_features.png[39m[0m
[  52% ] [90m[1m_update_scan_actions[22m | perm_group_affects_battery.png[39m[0m
[  52% ] [90m[1m_update_scan_actions[22m | perm_group_app_info.png[39m[0m
[  52% ] [90m[1m_update_scan_actions[22m | perm_group_audio_settings.png[39m[0m
[  52% ] [90m[1m_update_scan_actions[22m | perm_group_bluetooth.png[39m[0m
[  52% ] [90m[1m_update_scan_actions[22m | perm_group_bookmarks.png[39m[0m
[  52% ] [90m[1m_update_scan_actions[22m | perm_group_device_alarms.png[39m[0m
[  52% ] [90m[1m_update_scan_actions[22m | perm_group_display.png[39m[0m
[  52% ] [90m[1m_update_scan_actions[22m | perm_group_network.png[39m[0m
[  52% ] [90m[1m_update_scan_actions[22m | perm_group_personal_info.png[39m[0m
[  52% ] [90m[1m_update_scan_actions[22m | perm_group_screenlock.png[39m[0m
[  52% ] [90m[1m_update_scan_actions[22m | perm_group_shortrange_network.png[39m[0m
[  52% ] [90m[1m_update_scan_actions[22m | perm_group_status_bar.png[39m[0m
[  52% ] [90m[1m_update_scan_actions[22m | perm_group_sync_settings.png[39m[0m
[  52% ] [90m[1m_update_scan_actions[22m | perm_group_system_clock.png[39m[0m
[  52% ] [90m[1m_update_scan_actions[22m | perm_group_system_tools.png[39m[0m
[  52% ] [90m[1m_update_scan_actions[22m | perm_group_voicemail.png[39m[0m
[  52% ] [90m[1m_update_scan_actions[22m | perm_group_wallpaper.png[39m[0m
[  52% ] [90m[1m_update_scan_actions[22m | picture_emergency.png[39m[0m
[  52% ] [90m[1m_update_scan_actions[22m | picture_frame.9.png[39m[0m
[  52% ] [90m[1m_update_scan_actions[22m | pointer_alias.png[39m[0m
[  52% ] [90m[1m_update_scan_actions[22m | pointer_alias_large.png[39m[0m
[  52% ] [90m[1m_update_scan_actions[22m | pointer_all_scroll.png[39m[0m
[  52% ] [90m[1m_update_scan_actions[22m | pointer_all_scroll_large.png[39m[0m
[  52% ] [90m[1m_update_scan_actions[22m | pointer_arrow.png[39m[0m
[  52% ] [90m[1m_update_scan_actions[22m | pointer_arrow_large.png[39m[0m
[  53% ] [90m[1m_update_scan_actions[22m | pointer_cell.png[39m[0m
[  53% ] [90m[1m_update_scan_actions[22m | pointer_cell_large.png[39m[0m
[  53% ] [90m[1m_update_scan_actions[22m | pointer_context_menu.png[39m[0m
[  53% ] [90m[1m_update_scan_actions[22m | pointer_context_menu_large.png[39m[0m
[  53% ] [90m[1m_update_scan_actions[22m | pointer_copy.png[39m[0m
[  53% ] [90m[1m_update_scan_actions[22m | pointer_copy_large.png[39m[0m
[  53% ] [90m[1m_update_scan_actions[22m | pointer_crosshair.png[39m[0m
[  53% ] [90m[1m_update_scan_actions[22m | pointer_crosshair_large.png[39m[0m
[  53% ] [90m[1m_update_scan_actions[22m | pointer_grab.png[39m[0m
[  53% ] [90m[1m_update_scan_actions[22m | pointer_grabbing.png[39m[0m
[  53% ] [90m[1m_update_scan_actions[22m | pointer_grabbing_large.png[39m[0m
[  53% ] [90m[1m_update_scan_actions[22m | pointer_grab_large.png[39m[0m
[  53% ] [90m[1m_update_scan_actions[22m | pointer_hand.png[39m[0m
[  53% ] [90m[1m_update_scan_actions[22m | pointer_handwriting.png[39m[0m
[  53% ] [90m[1m_update_scan_actions[22m | pointer_hand_large.png[39m[0m
[  53% ] [90m[1m_update_scan_actions[22m | pointer_help.png[39m[0m
[  53% ] [90m[1m_update_scan_actions[22m | pointer_help_large.png[39m[0m
[  53% ] [90m[1m_update_scan_actions[22m | pointer_horizontal_double_arrow.png[39m[0m
[  53% ] [90m[1m_update_scan_actions[22m | pointer_horizontal_double_arrow_large.png[39m[0m
[  53% ] [90m[1m_update_scan_actions[22m | pointer_nodrop.png[39m[0m
[  53% ] [90m[1m_update_scan_actions[22m | pointer_nodrop_large.png[39m[0m
[  53% ] [90m[1m_update_scan_actions[22m | pointer_spot_anchor.png[39m[0m
[  53% ] [90m[1m_update_scan_actions[22m | pointer_spot_hover.png[39m[0m
[  53% ] [90m[1m_update_scan_actions[22m | pointer_spot_touch.png[39m[0m
[  53% ] [90m[1m_update_scan_actions[22m | pointer_text.png[39m[0m
[  53% ] [90m[1m_update_scan_actions[22m | pointer_text_large.png[39m[0m
[  53% ] [90m[1m_update_scan_actions[22m | pointer_top_left_diagonal_double_arrow.png[39m[0m
[  53% ] [90m[1m_update_scan_actions[22m | pointer_top_left_diagonal_double_arrow_large.png[39m[0m
[  53% ] [90m[1m_update_scan_actions[22m | pointer_top_right_diagonal_double_arrow.png[39m[0m
[  53% ] [90m[1m_update_scan_actions[22m | pointer_top_right_diagonal_double_arrow_large.png[39m[0m
[  53% ] [90m[1m_update_scan_actions[22m | pointer_vertical_double_arrow.png[39m[0m
[  53% ] [90m[1m_update_scan_actions[22m | pointer_vertical_double_arrow_large.png[39m[0m
[  53% ] [90m[1m_update_scan_actions[22m | pointer_vertical_text.png[39m[0m
[  53% ] [90m[1m_update_scan_actions[22m | pointer_vertical_text_large.png[39m[0m
[  53% ] [90m[1m_update_scan_actions[22m | pointer_wait_0.png[39m[0m
[  53% ] [90m[1m_update_scan_actions[22m | pointer_wait_1.png[39m[0m
[  53% ] [90m[1m_update_scan_actions[22m | pointer_wait_2.png[39m[0m
[  53% ] [90m[1m_update_scan_actions[22m | pointer_wait_3.png[39m[0m
[  53% ] [90m[1m_update_scan_actions[22m | pointer_wait_4.png[39m[0m
[  53% ] [90m[1m_update_scan_actions[22m | pointer_wait_5.png[39m[0m
[  53% ] [90m[1m_update_scan_actions[22m | pointer_wait_6.png[39m[0m
[  53% ] [90m[1m_update_scan_actions[22m | pointer_wait_7.png[39m[0m
[  53% ] [90m[1m_update_scan_actions[22m | pointer_wait_8.png[39m[0m
[  53% ] [90m[1m_update_scan_actions[22m | pointer_wait_9.png[39m[0m
[  53% ] [90m[1m_update_scan_actions[22m | pointer_wait_10.png[39m[0m
[  53% ] [90m[1m_update_scan_actions[22m | pointer_wait_11.png[39m[0m
[  53% ] [90m[1m_update_scan_actions[22m | pointer_wait_12.png[39m[0m
[  53% ] [90m[1m_update_scan_actions[22m | pointer_wait_13.png[39m[0m
[  53% ] [90m[1m_update_scan_actions[22m | pointer_wait_14.png[39m[0m
[  53% ] [90m[1m_update_scan_actions[22m | pointer_wait_15.png[39m[0m
[  53% ] [90m[1m_update_scan_actions[22m | pointer_wait_16.png[39m[0m
[  53% ] [90m[1m_update_scan_actions[22m | pointer_wait_17.png[39m[0m
[  53% ] [90m[1m_update_scan_actions[22m | pointer_wait_18.png[39m[0m
[  53% ] [90m[1m_update_scan_actions[22m | pointer_wait_19.png[39m[0m
[  53% ] [90m[1m_update_scan_actions[22m | pointer_wait_20.png[39m[0m
[  53% ] [90m[1m_update_scan_actions[22m | pointer_wait_21.png[39m[0m
[  53% ] [90m[1m_update_scan_actions[22m | pointer_wait_22.png[39m[0m
[  53% ] [90m[1m_update_scan_actions[22m | pointer_wait_23.png[39m[0m
[  53% ] [90m[1m_update_scan_actions[22m | pointer_wait_24.png[39m[0m
[  53% ] [90m[1m_update_scan_actions[22m | pointer_wait_25.png[39m[0m
[  53% ] [90m[1m_update_scan_actions[22m | pointer_wait_26.png[39m[0m
[  53% ] [90m[1m_update_scan_actions[22m | pointer_wait_27.png[39m[0m
[  53% ] [90m[1m_update_scan_actions[22m | pointer_wait_28.png[39m[0m
[  53% ] [90m[1m_update_scan_actions[22m | pointer_wait_29.png[39m[0m
[  53% ] [90m[1m_update_scan_actions[22m | pointer_wait_30.png[39m[0m
[  53% ] [90m[1m_update_scan_actions[22m | pointer_wait_31.png[39m[0m
[  53% ] [90m[1m_update_scan_actions[22m | pointer_wait_32.png[39m[0m
[  53% ] [90m[1m_update_scan_actions[22m | pointer_wait_33.png[39m[0m
[  54% ] [90m[1m_update_scan_actions[22m | pointer_wait_34.png[39m[0m
[  54% ] [90m[1m_update_scan_actions[22m | pointer_wait_35.png[39m[0m
[  54% ] [90m[1m_update_scan_actions[22m | pointer_wait_36.png[39m[0m
[  54% ] [90m[1m_update_scan_actions[22m | pointer_wait_37.png[39m[0m
[  54% ] [90m[1m_update_scan_actions[22m | pointer_wait_38.png[39m[0m
[  54% ] [90m[1m_update_scan_actions[22m | pointer_wait_39.png[39m[0m
[  54% ] [90m[1m_update_scan_actions[22m | pointer_wait_40.png[39m[0m
[  54% ] [90m[1m_update_scan_actions[22m | pointer_wait_41.png[39m[0m
[  54% ] [90m[1m_update_scan_actions[22m | pointer_wait_42.png[39m[0m
[  54% ] [90m[1m_update_scan_actions[22m | pointer_wait_43.png[39m[0m
[  54% ] [90m[1m_update_scan_actions[22m | pointer_wait_44.png[39m[0m
[  54% ] [90m[1m_update_scan_actions[22m | pointer_wait_45.png[39m[0m
[  54% ] [90m[1m_update_scan_actions[22m | pointer_wait_46.png[39m[0m
[  54% ] [90m[1m_update_scan_actions[22m | pointer_wait_47.png[39m[0m
[  54% ] [90m[1m_update_scan_actions[22m | pointer_wait_48.png[39m[0m
[  54% ] [90m[1m_update_scan_actions[22m | pointer_wait_49.png[39m[0m
[  54% ] [90m[1m_update_scan_actions[22m | pointer_wait_50.png[39m[0m
[  54% ] [90m[1m_update_scan_actions[22m | pointer_wait_51.png[39m[0m
[  54% ] [90m[1m_update_scan_actions[22m | pointer_wait_52.png[39m[0m
[  54% ] [90m[1m_update_scan_actions[22m | pointer_wait_53.png[39m[0m
[  54% ] [90m[1m_update_scan_actions[22m | pointer_wait_54.png[39m[0m
[  54% ] [90m[1m_update_scan_actions[22m | pointer_wait_55.png[39m[0m
[  54% ] [90m[1m_update_scan_actions[22m | pointer_wait_56.png[39m[0m
[  54% ] [90m[1m_update_scan_actions[22m | pointer_wait_57.png[39m[0m
[  54% ] [90m[1m_update_scan_actions[22m | pointer_wait_58.png[39m[0m
[  54% ] [90m[1m_update_scan_actions[22m | pointer_wait_59.png[39m[0m
[  54% ] [90m[1m_update_scan_actions[22m | pointer_wait_60.png[39m[0m
[  54% ] [90m[1m_update_scan_actions[22m | pointer_wait_61.png[39m[0m
[  54% ] [90m[1m_update_scan_actions[22m | pointer_wait_62.png[39m[0m
[  54% ] [90m[1m_update_scan_actions[22m | pointer_wait_63.png[39m[0m
[  54% ] [90m[1m_update_scan_actions[22m | pointer_wait_64.png[39m[0m
[  54% ] [90m[1m_update_scan_actions[22m | pointer_wait_65.png[39m[0m
[  54% ] [90m[1m_update_scan_actions[22m | pointer_wait_66.png[39m[0m
[  54% ] [90m[1m_update_scan_actions[22m | pointer_wait_67.png[39m[0m
[  54% ] [90m[1m_update_scan_actions[22m | pointer_wait_68.png[39m[0m
[  54% ] [90m[1m_update_scan_actions[22m | pointer_wait_69.png[39m[0m
[  54% ] [90m[1m_update_scan_actions[22m | pointer_wait_70.png[39m[0m
[  54% ] [90m[1m_update_scan_actions[22m | pointer_wait_71.png[39m[0m
[  54% ] [90m[1m_update_scan_actions[22m | pointer_wait_72.png[39m[0m
[  54% ] [90m[1m_update_scan_actions[22m | pointer_wait_73.png[39m[0m
[  54% ] [90m[1m_update_scan_actions[22m | pointer_wait_74.png[39m[0m
[  54% ] [90m[1m_update_scan_actions[22m | pointer_wait_75.png[39m[0m
[  54% ] [90m[1m_update_scan_actions[22m | pointer_wait_76.png[39m[0m
[  54% ] [90m[1m_update_scan_actions[22m | pointer_wait_77.png[39m[0m
[  54% ] [90m[1m_update_scan_actions[22m | pointer_wait_78.png[39m[0m
[  54% ] [90m[1m_update_scan_actions[22m | pointer_wait_79.png[39m[0m
[  54% ] [90m[1m_update_scan_actions[22m | pointer_wait_80.png[39m[0m
[  54% ] [90m[1m_update_scan_actions[22m | pointer_zoom_in.png[39m[0m
[  54% ] [90m[1m_update_scan_actions[22m | pointer_zoom_in_large.png[39m[0m
[  54% ] [90m[1m_update_scan_actions[22m | pointer_zoom_out.png[39m[0m
[  54% ] [90m[1m_update_scan_actions[22m | pointer_zoom_out_large.png[39m[0m
[  54% ] [90m[1m_update_scan_actions[22m | popup_background_mtrl_mult.9.png[39m[0m
[  54% ] [90m[1m_update_scan_actions[22m | popup_bottom_bright.9.png[39m[0m
[  54% ] [90m[1m_update_scan_actions[22m | popup_bottom_dark.9.png[39m[0m
[  54% ] [90m[1m_update_scan_actions[22m | popup_bottom_medium.9.png[39m[0m
[  54% ] [90m[1m_update_scan_actions[22m | popup_center_bright.9.png[39m[0m
[  54% ] [90m[1m_update_scan_actions[22m | popup_center_dark.9.png[39m[0m
[  54% ] [90m[1m_update_scan_actions[22m | popup_center_medium.9.png[39m[0m
[  54% ] [90m[1m_update_scan_actions[22m | popup_full_bright.9.png[39m[0m
[  54% ] [90m[1m_update_scan_actions[22m | popup_full_dark.9.png[39m[0m
[  54% ] [90m[1m_update_scan_actions[22m | popup_inline_error_above_am.9.png[39m[0m
[  54% ] [90m[1m_update_scan_actions[22m | popup_inline_error_above_holo_dark_am.9.png[39m[0m
[  54% ] [90m[1m_update_scan_actions[22m | popup_inline_error_above_holo_light_am.9.png[39m[0m
[  54% ] [90m[1m_update_scan_actions[22m | popup_inline_error_am.9.png[39m[0m
[  54% ] [90m[1m_update_scan_actions[22m | popup_inline_error_holo_dark_am.9.png[39m[0m
[  54% ] [90m[1m_update_scan_actions[22m | popup_inline_error_holo_light_am.9.png[39m[0m
[  54% ] [90m[1m_update_scan_actions[22m | popup_top_bright.9.png[39m[0m
[  54% ] [90m[1m_update_scan_actions[22m | popup_top_dark.9.png[39m[0m
[  55% ] [90m[1m_update_scan_actions[22m | presence_audio_away.png[39m[0m
[  55% ] [90m[1m_update_scan_actions[22m | presence_audio_busy.png[39m[0m
[  55% ] [90m[1m_update_scan_actions[22m | presence_audio_online.png[39m[0m
[  55% ] [90m[1m_update_scan_actions[22m | presence_away.png[39m[0m
[  55% ] [90m[1m_update_scan_actions[22m | presence_busy.png[39m[0m
[  55% ] [90m[1m_update_scan_actions[22m | presence_invisible.png[39m[0m
[  55% ] [90m[1m_update_scan_actions[22m | presence_offline.png[39m[0m
[  55% ] [90m[1m_update_scan_actions[22m | presence_online.png[39m[0m
[  55% ] [90m[1m_update_scan_actions[22m | presence_video_away.png[39m[0m
[  55% ] [90m[1m_update_scan_actions[22m | presence_video_busy.png[39m[0m
[  55% ] [90m[1m_update_scan_actions[22m | presence_video_online.png[39m[0m
[  55% ] [90m[1m_update_scan_actions[22m | pressed_application_background_static.png[39m[0m
[  55% ] [90m[1m_update_scan_actions[22m | progressbar_indeterminate1.png[39m[0m
[  55% ] [90m[1m_update_scan_actions[22m | progressbar_indeterminate2.png[39m[0m
[  55% ] [90m[1m_update_scan_actions[22m | progressbar_indeterminate3.png[39m[0m
[  55% ] [90m[1m_update_scan_actions[22m | progressbar_indeterminate_holo1.png[39m[0m
[  55% ] [90m[1m_update_scan_actions[22m | progressbar_indeterminate_holo2.png[39m[0m
[  55% ] [90m[1m_update_scan_actions[22m | progressbar_indeterminate_holo3.png[39m[0m
[  55% ] [90m[1m_update_scan_actions[22m | progressbar_indeterminate_holo4.png[39m[0m
[  55% ] [90m[1m_update_scan_actions[22m | progressbar_indeterminate_holo5.png[39m[0m
[  55% ] [90m[1m_update_scan_actions[22m | progressbar_indeterminate_holo6.png[39m[0m
[  55% ] [90m[1m_update_scan_actions[22m | progressbar_indeterminate_holo7.png[39m[0m
[  55% ] [90m[1m_update_scan_actions[22m | progressbar_indeterminate_holo8.png[39m[0m
[  55% ] [90m[1m_update_scan_actions[22m | progress_bg_holo_dark.9.png[39m[0m
[  55% ] [90m[1m_update_scan_actions[22m | progress_bg_holo_light.9.png[39m[0m
[  55% ] [90m[1m_update_scan_actions[22m | progress_primary_holo_dark.9.png[39m[0m
[  55% ] [90m[1m_update_scan_actions[22m | progress_primary_holo_light.9.png[39m[0m
[  55% ] [90m[1m_update_scan_actions[22m | progress_secondary_holo_dark.9.png[39m[0m
[  55% ] [90m[1m_update_scan_actions[22m | progress_secondary_holo_light.9.png[39m[0m
[  55% ] [90m[1m_update_scan_actions[22m | quickactions_arrowdown_left_holo_dark.9.png[39m[0m
[  55% ] [90m[1m_update_scan_actions[22m | quickactions_arrowdown_left_holo_light.9.png[39m[0m
[  55% ] [90m[1m_update_scan_actions[22m | quickactions_arrowdown_right_holo_dark.9.png[39m[0m
[  55% ] [90m[1m_update_scan_actions[22m | quickactions_arrowdown_right_holo_light.9.png[39m[0m
[  55% ] [90m[1m_update_scan_actions[22m | quickactions_arrowup_left_holo_dark.9.png[39m[0m
[  55% ] [90m[1m_update_scan_actions[22m | quickactions_arrowup_left_holo_light.9.png[39m[0m
[  55% ] [90m[1m_update_scan_actions[22m | quickactions_arrowup_left_right_holo_dark.9.png[39m[0m
[  55% ] [90m[1m_update_scan_actions[22m | quickactions_arrowup_right_holo_light.9.png[39m[0m
[  55% ] [90m[1m_update_scan_actions[22m | quickcontact_badge_overlay_focused_dark_am.9.png[39m[0m
[  55% ] [90m[1m_update_scan_actions[22m | quickcontact_badge_overlay_focused_light_am.9.png[39m[0m
[  55% ] [90m[1m_update_scan_actions[22m | quickcontact_badge_overlay_normal_dark_am.9.png[39m[0m
[  55% ] [90m[1m_update_scan_actions[22m | quickcontact_badge_overlay_normal_light_am.9.png[39m[0m
[  55% ] [90m[1m_update_scan_actions[22m | quickcontact_badge_overlay_pressed_dark_am.9.png[39m[0m
[  55% ] [90m[1m_update_scan_actions[22m | quickcontact_badge_overlay_pressed_light_am.9.png[39m[0m
[  55% ] [90m[1m_update_scan_actions[22m | radiobutton_off_background.png[39m[0m
[  55% ] [90m[1m_update_scan_actions[22m | radiobutton_on_background.png[39m[0m
[  55% ] [90m[1m_update_scan_actions[22m | rate_star_big_half.png[39m[0m
[  55% ] [90m[1m_update_scan_actions[22m | rate_star_big_half_holo_dark.png[39m[0m
[  55% ] [90m[1m_update_scan_actions[22m | rate_star_big_half_holo_light.png[39m[0m
[  55% ] [90m[1m_update_scan_actions[22m | rate_star_big_off.png[39m[0m
[  55% ] [90m[1m_update_scan_actions[22m | rate_star_big_off_holo_dark.png[39m[0m
[  55% ] [90m[1m_update_scan_actions[22m | rate_star_big_off_holo_light.png[39m[0m
[  55% ] [90m[1m_update_scan_actions[22m | rate_star_big_on.png[39m[0m
[  55% ] [90m[1m_update_scan_actions[22m | rate_star_big_on_holo_dark.png[39m[0m
[  55% ] [90m[1m_update_scan_actions[22m | rate_star_big_on_holo_light.png[39m[0m
[  55% ] [90m[1m_update_scan_actions[22m | rate_star_med_half.png[39m[0m
[  55% ] [90m[1m_update_scan_actions[22m | rate_star_med_half_holo_dark.png[39m[0m
[  55% ] [90m[1m_update_scan_actions[22m | rate_star_med_half_holo_light.png[39m[0m
[  55% ] [90m[1m_update_scan_actions[22m | rate_star_med_off.png[39m[0m
[  55% ] [90m[1m_update_scan_actions[22m | rate_star_med_off_holo_dark.png[39m[0m
[  55% ] [90m[1m_update_scan_actions[22m | rate_star_med_off_holo_light.png[39m[0m
[  55% ] [90m[1m_update_scan_actions[22m | rate_star_med_on.png[39m[0m
[  55% ] [90m[1m_update_scan_actions[22m | rate_star_med_on_holo_dark.png[39m[0m
[  55% ] [90m[1m_update_scan_actions[22m | rate_star_med_on_holo_light.png[39m[0m
[  55% ] [90m[1m_update_scan_actions[22m | rate_star_small_half.png[39m[0m
[  55% ] [90m[1m_update_scan_actions[22m | rate_star_small_half_holo_dark.png[39m[0m
[  55% ] [90m[1m_update_scan_actions[22m | rate_star_small_half_holo_light.png[39m[0m
[  55% ] [90m[1m_update_scan_actions[22m | rate_star_small_off.png[39m[0m
[  55% ] [90m[1m_update_scan_actions[22m | rate_star_small_off_holo_dark.png[39m[0m
[  55% ] [90m[1m_update_scan_actions[22m | rate_star_small_off_holo_light.png[39m[0m
[  56% ] [90m[1m_update_scan_actions[22m | rate_star_small_on.png[39m[0m
[  56% ] [90m[1m_update_scan_actions[22m | rate_star_small_on_holo_dark.png[39m[0m
[  56% ] [90m[1m_update_scan_actions[22m | rate_star_small_on_holo_light.png[39m[0m
[  56% ] [90m[1m_update_scan_actions[22m | recent_dialog_background.9.png[39m[0m
[  56% ] [90m[1m_update_scan_actions[22m | reticle.png[39m[0m
[  56% ] [90m[1m_update_scan_actions[22m | scrollbar_handle_accelerated_anim2.9.png[39m[0m
[  56% ] [90m[1m_update_scan_actions[22m | scrollbar_handle_holo_dark.9.png[39m[0m
[  56% ] [90m[1m_update_scan_actions[22m | scrollbar_handle_holo_light.9.png[39m[0m
[  56% ] [90m[1m_update_scan_actions[22m | scrollbar_handle_horizontal.9.png[39m[0m
[  56% ] [90m[1m_update_scan_actions[22m | scrollbar_handle_vertical.9.png[39m[0m
[  56% ] [90m[1m_update_scan_actions[22m | scrubber_control_disabled_holo.png[39m[0m
[  56% ] [90m[1m_update_scan_actions[22m | scrubber_control_focused_holo.png[39m[0m
[  56% ] [90m[1m_update_scan_actions[22m | scrubber_control_normal_holo.png[39m[0m
[  56% ] [90m[1m_update_scan_actions[22m | scrubber_control_on_mtrl_alpha.png[39m[0m
[  56% ] [90m[1m_update_scan_actions[22m | scrubber_control_on_pressed_mtrl_alpha.png[39m[0m
[  56% ] [90m[1m_update_scan_actions[22m | scrubber_control_pressed_holo.png[39m[0m
[  56% ] [90m[1m_update_scan_actions[22m | scrubber_primary_holo.9.png[39m[0m
[  56% ] [90m[1m_update_scan_actions[22m | scrubber_primary_mtrl_alpha.9.png[39m[0m
[  56% ] [90m[1m_update_scan_actions[22m | scrubber_secondary_holo.9.png[39m[0m
[  56% ] [90m[1m_update_scan_actions[22m | scrubber_track_holo_dark.9.png[39m[0m
[  56% ] [90m[1m_update_scan_actions[22m | scrubber_track_holo_light.9.png[39m[0m
[  56% ] [90m[1m_update_scan_actions[22m | scrubber_track_mtrl_alpha.9.png[39m[0m
[  56% ] [90m[1m_update_scan_actions[22m | search_dropdown_background.9.png[39m[0m
[  56% ] [90m[1m_update_scan_actions[22m | search_plate.9.png[39m[0m
[  56% ] [90m[1m_update_scan_actions[22m | search_plate_global.9.png[39m[0m
[  56% ] [90m[1m_update_scan_actions[22m | seek_thumb_normal.png[39m[0m
[  56% ] [90m[1m_update_scan_actions[22m | seek_thumb_pressed.png[39m[0m
[  56% ] [90m[1m_update_scan_actions[22m | seek_thumb_selected.png[39m[0m
[  56% ] [90m[1m_update_scan_actions[22m | settings_header_raw.9.png[39m[0m
[  56% ] [90m[1m_update_scan_actions[22m | sim_dark_blue.9.png[39m[0m
[  56% ] [90m[1m_update_scan_actions[22m | sim_dark_green.9.png[39m[0m
[  56% ] [90m[1m_update_scan_actions[22m | sim_dark_orange.9.png[39m[0m
[  56% ] [90m[1m_update_scan_actions[22m | sim_dark_purple.9.png[39m[0m
[  56% ] [90m[1m_update_scan_actions[22m | sim_light_blue.9.png[39m[0m
[  56% ] [90m[1m_update_scan_actions[22m | sim_light_green.9.png[39m[0m
[  56% ] [90m[1m_update_scan_actions[22m | sim_light_orange.9.png[39m[0m
[  56% ] [90m[1m_update_scan_actions[22m | sim_light_purple.9.png[39m[0m
[  56% ] [90m[1m_update_scan_actions[22m | spinner_16_inner_holo.png[39m[0m
[  56% ] [90m[1m_update_scan_actions[22m | spinner_16_outer_holo.png[39m[0m
[  56% ] [90m[1m_update_scan_actions[22m | spinner_48_inner_holo.png[39m[0m
[  56% ] [90m[1m_update_scan_actions[22m | spinner_48_outer_holo.png[39m[0m
[  56% ] [90m[1m_update_scan_actions[22m | spinner_76_inner_holo.png[39m[0m
[  56% ] [90m[1m_update_scan_actions[22m | spinner_76_outer_holo.png[39m[0m
[  56% ] [90m[1m_update_scan_actions[22m | spinner_ab_default_holo_dark_am.9.png[39m[0m
[  56% ] [90m[1m_update_scan_actions[22m | spinner_ab_default_holo_light_am.9.png[39m[0m
[  56% ] [90m[1m_update_scan_actions[22m | spinner_ab_disabled_holo_dark_am.9.png[39m[0m
[  56% ] [90m[1m_update_scan_actions[22m | spinner_ab_disabled_holo_light_am.9.png[39m[0m
[  56% ] [90m[1m_update_scan_actions[22m | spinner_ab_focused_holo_dark_am.9.png[39m[0m
[  56% ] [90m[1m_update_scan_actions[22m | spinner_ab_focused_holo_light_am.9.png[39m[0m
[  56% ] [90m[1m_update_scan_actions[22m | spinner_ab_pressed_holo_dark_am.9.png[39m[0m
[  56% ] [90m[1m_update_scan_actions[22m | spinner_ab_pressed_holo_light_am.9.png[39m[0m
[  56% ] [90m[1m_update_scan_actions[22m | spinner_black_16.png[39m[0m
[  56% ] [90m[1m_update_scan_actions[22m | spinner_black_20.png[39m[0m
[  56% ] [90m[1m_update_scan_actions[22m | spinner_black_48.png[39m[0m
[  56% ] [90m[1m_update_scan_actions[22m | spinner_black_76.png[39m[0m
[  56% ] [90m[1m_update_scan_actions[22m | spinner_default_holo_dark_am.9.png[39m[0m
[  56% ] [90m[1m_update_scan_actions[22m | spinner_default_holo_light_am.9.png[39m[0m
[  56% ] [90m[1m_update_scan_actions[22m | spinner_disabled_holo_dark_am.9.png[39m[0m
[  56% ] [90m[1m_update_scan_actions[22m | spinner_disabled_holo_light_am.9.png[39m[0m
[  56% ] [90m[1m_update_scan_actions[22m | spinner_dropdown_background_down.9.png[39m[0m
[  56% ] [90m[1m_update_scan_actions[22m | spinner_dropdown_background_up.9.png[39m[0m
[  56% ] [90m[1m_update_scan_actions[22m | spinner_focused_holo_dark_am.9.png[39m[0m
[  56% ] [90m[1m_update_scan_actions[22m | spinner_focused_holo_light_am.9.png[39m[0m
[  56% ] [90m[1m_update_scan_actions[22m | spinner_normal.9.png[39m[0m
[  56% ] [90m[1m_update_scan_actions[22m | spinner_press.9.png[39m[0m
[  56% ] [90m[1m_update_scan_actions[22m | spinner_pressed_holo_dark_am.9.png[39m[0m
[  56% ] [90m[1m_update_scan_actions[22m | spinner_pressed_holo_light_am.9.png[39m[0m
[  56% ] [90m[1m_update_scan_actions[22m | spinner_select.9.png[39m[0m
[  57% ] [90m[1m_update_scan_actions[22m | spinner_white_16.png[39m[0m
[  57% ] [90m[1m_update_scan_actions[22m | spinner_white_48.png[39m[0m
[  57% ] [90m[1m_update_scan_actions[22m | spinner_white_76.png[39m[0m
[  57% ] [90m[1m_update_scan_actions[22m | star_big_off.png[39m[0m
[  57% ] [90m[1m_update_scan_actions[22m | star_big_on.png[39m[0m
[  57% ] [90m[1m_update_scan_actions[22m | star_off.png[39m[0m
[  57% ] [90m[1m_update_scan_actions[22m | star_on.png[39m[0m
[  57% ] [90m[1m_update_scan_actions[22m | statusbar_background.9.png[39m[0m
[  57% ] [90m[1m_update_scan_actions[22m | status_bar_background.png[39m[0m
[  57% ] [90m[1m_update_scan_actions[22m | status_bar_header_background.9.png[39m[0m
[  57% ] [90m[1m_update_scan_actions[22m | status_bar_item_app_background_normal.9.png[39m[0m
[  57% ] [90m[1m_update_scan_actions[22m | status_bar_item_background_focus.9.png[39m[0m
[  57% ] [90m[1m_update_scan_actions[22m | status_bar_item_background_normal.9.png[39m[0m
[  57% ] [90m[1m_update_scan_actions[22m | status_bar_item_background_pressed.9.png[39m[0m
[  57% ] [90m[1m_update_scan_actions[22m | stat_ecb_mode.png[39m[0m
[  57% ] [90m[1m_update_scan_actions[22m | stat_notify_car_mode.png[39m[0m
[  57% ] [90m[1m_update_scan_actions[22m | stat_notify_chat.png[39m[0m
[  57% ] [90m[1m_update_scan_actions[22m | stat_notify_disk_full.png[39m[0m
[  57% ] [90m[1m_update_scan_actions[22m | stat_notify_email_generic.png[39m[0m
[  57% ] [90m[1m_update_scan_actions[22m | stat_notify_error.png[39m[0m
[  57% ] [90m[1m_update_scan_actions[22m | stat_notify_gmail.png[39m[0m
[  57% ] [90m[1m_update_scan_actions[22m | stat_notify_missed_call.png[39m[0m
[  57% ] [90m[1m_update_scan_actions[22m | stat_notify_more.png[39m[0m
[  57% ] [90m[1m_update_scan_actions[22m | stat_notify_rssi_in_range.png[39m[0m
[  57% ] [90m[1m_update_scan_actions[22m | stat_notify_sdcard.png[39m[0m
[  57% ] [90m[1m_update_scan_actions[22m | stat_notify_sdcard_prepare.png[39m[0m
[  57% ] [90m[1m_update_scan_actions[22m | stat_notify_sdcard_usb.png[39m[0m
[  57% ] [90m[1m_update_scan_actions[22m | stat_notify_sim_toolkit.png[39m[0m
[  57% ] [90m[1m_update_scan_actions[22m | stat_notify_sync.png[39m[0m
[  57% ] [90m[1m_update_scan_actions[22m | stat_notify_sync_anim0.png[39m[0m
[  57% ] [90m[1m_update_scan_actions[22m | stat_notify_sync_error.png[39m[0m
[  57% ] [90m[1m_update_scan_actions[22m | stat_notify_voicemail.png[39m[0m
[  57% ] [90m[1m_update_scan_actions[22m | stat_sys_battery_0.png[39m[0m
[  57% ] [90m[1m_update_scan_actions[22m | stat_sys_battery_15.png[39m[0m
[  57% ] [90m[1m_update_scan_actions[22m | stat_sys_battery_28.png[39m[0m
[  57% ] [90m[1m_update_scan_actions[22m | stat_sys_battery_43.png[39m[0m
[  57% ] [90m[1m_update_scan_actions[22m | stat_sys_battery_57.png[39m[0m
[  57% ] [90m[1m_update_scan_actions[22m | stat_sys_battery_71.png[39m[0m
[  57% ] [90m[1m_update_scan_actions[22m | stat_sys_battery_85.png[39m[0m
[  57% ] [90m[1m_update_scan_actions[22m | stat_sys_battery_100.png[39m[0m
[  57% ] [90m[1m_update_scan_actions[22m | stat_sys_battery_charge_anim0.png[39m[0m
[  57% ] [90m[1m_update_scan_actions[22m | stat_sys_battery_charge_anim15.png[39m[0m
[  57% ] [90m[1m_update_scan_actions[22m | stat_sys_battery_charge_anim28.png[39m[0m
[  57% ] [90m[1m_update_scan_actions[22m | stat_sys_battery_charge_anim43.png[39m[0m
[  57% ] [90m[1m_update_scan_actions[22m | stat_sys_battery_charge_anim57.png[39m[0m
[  57% ] [90m[1m_update_scan_actions[22m | stat_sys_battery_charge_anim71.png[39m[0m
[  57% ] [90m[1m_update_scan_actions[22m | stat_sys_battery_charge_anim85.png[39m[0m
[  57% ] [90m[1m_update_scan_actions[22m | stat_sys_battery_charge_anim100.png[39m[0m
[  57% ] [90m[1m_update_scan_actions[22m | stat_sys_battery_unknown.png[39m[0m
[  57% ] [90m[1m_update_scan_actions[22m | stat_sys_certificate_info.png[39m[0m
[  57% ] [90m[1m_update_scan_actions[22m | stat_sys_data_bluetooth.png[39m[0m
[  57% ] [90m[1m_update_scan_actions[22m | stat_sys_data_usb.png[39m[0m
[  57% ] [90m[1m_update_scan_actions[22m | stat_sys_data_wimax_signal_3_fully.png[39m[0m
[  57% ] [90m[1m_update_scan_actions[22m | stat_sys_data_wimax_signal_disconnected.png[39m[0m
[  57% ] [90m[1m_update_scan_actions[22m | stat_sys_download_anim0.png[39m[0m
[  57% ] [90m[1m_update_scan_actions[22m | stat_sys_download_anim1.png[39m[0m
[  57% ] [90m[1m_update_scan_actions[22m | stat_sys_download_anim2.png[39m[0m
[  57% ] [90m[1m_update_scan_actions[22m | stat_sys_download_anim3.png[39m[0m
[  57% ] [90m[1m_update_scan_actions[22m | stat_sys_download_anim4.png[39m[0m
[  57% ] [90m[1m_update_scan_actions[22m | stat_sys_download_anim5.png[39m[0m
[  57% ] [90m[1m_update_scan_actions[22m | stat_sys_gps_on.png[39m[0m
[  57% ] [90m[1m_update_scan_actions[22m | stat_sys_headset.png[39m[0m
[  57% ] [90m[1m_update_scan_actions[22m | stat_sys_phone_call.png[39m[0m
[  57% ] [90m[1m_update_scan_actions[22m | stat_sys_phone_call_forward.png[39m[0m
[  57% ] [90m[1m_update_scan_actions[22m | stat_sys_phone_call_on_hold.png[39m[0m
[  57% ] [90m[1m_update_scan_actions[22m | stat_sys_ra_signal_0_cdma.png[39m[0m
[  57% ] [90m[1m_update_scan_actions[22m | stat_sys_ra_signal_1_cdma.png[39m[0m
[  57% ] [90m[1m_update_scan_actions[22m | stat_sys_ra_signal_2_cdma.png[39m[0m
[  57% ] [90m[1m_update_scan_actions[22m | stat_sys_ra_signal_3_cdma.png[39m[0m
[  58% ] [90m[1m_update_scan_actions[22m | stat_sys_ra_signal_4_cdma.png[39m[0m
[  58% ] [90m[1m_update_scan_actions[22m | stat_sys_r_signal_0_cdma.png[39m[0m
[  58% ] [90m[1m_update_scan_actions[22m | stat_sys_r_signal_1_cdma.png[39m[0m
[  58% ] [90m[1m_update_scan_actions[22m | stat_sys_r_signal_2_cdma.png[39m[0m
[  58% ] [90m[1m_update_scan_actions[22m | stat_sys_r_signal_3_cdma.png[39m[0m
[  58% ] [90m[1m_update_scan_actions[22m | stat_sys_r_signal_4_cdma.png[39m[0m
[  58% ] [90m[1m_update_scan_actions[22m | stat_sys_signal_0_cdma.png[39m[0m
[  58% ] [90m[1m_update_scan_actions[22m | stat_sys_signal_1_cdma.png[39m[0m
[  58% ] [90m[1m_update_scan_actions[22m | stat_sys_signal_2_cdma.png[39m[0m
[  58% ] [90m[1m_update_scan_actions[22m | stat_sys_signal_3_cdma.png[39m[0m
[  58% ] [90m[1m_update_scan_actions[22m | stat_sys_signal_4_cdma.png[39m[0m
[  58% ] [90m[1m_update_scan_actions[22m | stat_sys_signal_evdo_0.png[39m[0m
[  58% ] [90m[1m_update_scan_actions[22m | stat_sys_signal_evdo_1.png[39m[0m
[  58% ] [90m[1m_update_scan_actions[22m | stat_sys_signal_evdo_2.png[39m[0m
[  58% ] [90m[1m_update_scan_actions[22m | stat_sys_signal_evdo_3.png[39m[0m
[  58% ] [90m[1m_update_scan_actions[22m | stat_sys_signal_evdo_4.png[39m[0m
[  58% ] [90m[1m_update_scan_actions[22m | stat_sys_throttled.png[39m[0m
[  58% ] [90m[1m_update_scan_actions[22m | stat_sys_upload_anim0.png[39m[0m
[  58% ] [90m[1m_update_scan_actions[22m | stat_sys_upload_anim1.png[39m[0m
[  58% ] [90m[1m_update_scan_actions[22m | stat_sys_upload_anim2.png[39m[0m
[  58% ] [90m[1m_update_scan_actions[22m | stat_sys_upload_anim3.png[39m[0m
[  58% ] [90m[1m_update_scan_actions[22m | stat_sys_upload_anim4.png[39m[0m
[  58% ] [90m[1m_update_scan_actions[22m | stat_sys_upload_anim5.png[39m[0m
[  58% ] [90m[1m_update_scan_actions[22m | stat_sys_vp_phone_call.png[39m[0m
[  58% ] [90m[1m_update_scan_actions[22m | stat_sys_vp_phone_call_on_hold.png[39m[0m
[  58% ] [90m[1m_update_scan_actions[22m | stat_sys_warning.png[39m[0m
[  58% ] [90m[1m_update_scan_actions[22m | submenu_arrow_nofocus.png[39m[0m
[  58% ] [90m[1m_update_scan_actions[22m | switch_bg_disabled_holo_dark.9.png[39m[0m
[  58% ] [90m[1m_update_scan_actions[22m | switch_bg_disabled_holo_light.9.png[39m[0m
[  58% ] [90m[1m_update_scan_actions[22m | switch_bg_focused_holo_dark.9.png[39m[0m
[  58% ] [90m[1m_update_scan_actions[22m | switch_bg_focused_holo_light.9.png[39m[0m
[  58% ] [90m[1m_update_scan_actions[22m | switch_bg_holo_dark.9.png[39m[0m
[  58% ] [90m[1m_update_scan_actions[22m | switch_bg_holo_light.9.png[39m[0m
[  58% ] [90m[1m_update_scan_actions[22m | switch_thumb_activated_holo_dark.9.png[39m[0m
[  58% ] [90m[1m_update_scan_actions[22m | switch_thumb_activated_holo_light.9.png[39m[0m
[  58% ] [90m[1m_update_scan_actions[22m | switch_thumb_disabled_holo_dark.9.png[39m[0m
[  58% ] [90m[1m_update_scan_actions[22m | switch_thumb_disabled_holo_light.9.png[39m[0m
[  58% ] [90m[1m_update_scan_actions[22m | switch_thumb_holo_dark.9.png[39m[0m
[  58% ] [90m[1m_update_scan_actions[22m | switch_thumb_holo_light.9.png[39m[0m
[  58% ] [90m[1m_update_scan_actions[22m | switch_thumb_pressed_holo_dark.9.png[39m[0m
[  58% ] [90m[1m_update_scan_actions[22m | switch_thumb_pressed_holo_light.9.png[39m[0m
[  58% ] [90m[1m_update_scan_actions[22m | sym_action_add.png[39m[0m
[  58% ] [90m[1m_update_scan_actions[22m | sym_action_call.png[39m[0m
[  58% ] [90m[1m_update_scan_actions[22m | sym_action_chat.png[39m[0m
[  58% ] [90m[1m_update_scan_actions[22m | sym_action_email.png[39m[0m
[  58% ] [90m[1m_update_scan_actions[22m | sym_call_incoming.png[39m[0m
[  58% ] [90m[1m_update_scan_actions[22m | sym_call_missed.png[39m[0m
[  58% ] [90m[1m_update_scan_actions[22m | sym_call_outgoing.png[39m[0m
[  58% ] [90m[1m_update_scan_actions[22m | sym_contact_card.png[39m[0m
[  58% ] [90m[1m_update_scan_actions[22m | sym_keyboard_delete.png[39m[0m
[  58% ] [90m[1m_update_scan_actions[22m | sym_keyboard_delete_dim.png[39m[0m
[  58% ] [90m[1m_update_scan_actions[22m | sym_keyboard_delete_holo.png[39m[0m
[  58% ] [90m[1m_update_scan_actions[22m | sym_keyboard_enter.png[39m[0m
[  58% ] [90m[1m_update_scan_actions[22m | sym_keyboard_feedback_delete.png[39m[0m
[  58% ] [90m[1m_update_scan_actions[22m | sym_keyboard_feedback_ok.png[39m[0m
[  58% ] [90m[1m_update_scan_actions[22m | sym_keyboard_feedback_return.png[39m[0m
[  58% ] [90m[1m_update_scan_actions[22m | sym_keyboard_feedback_shift.png[39m[0m
[  58% ] [90m[1m_update_scan_actions[22m | sym_keyboard_feedback_shift_locked.png[39m[0m
[  58% ] [90m[1m_update_scan_actions[22m | sym_keyboard_feedback_space.png[39m[0m
[  58% ] [90m[1m_update_scan_actions[22m | sym_keyboard_num0_no_plus.png[39m[0m
[  58% ] [90m[1m_update_scan_actions[22m | sym_keyboard_num1.png[39m[0m
[  58% ] [90m[1m_update_scan_actions[22m | sym_keyboard_num2.png[39m[0m
[  58% ] [90m[1m_update_scan_actions[22m | sym_keyboard_num3.png[39m[0m
[  58% ] [90m[1m_update_scan_actions[22m | sym_keyboard_num4.png[39m[0m
[  58% ] [90m[1m_update_scan_actions[22m | sym_keyboard_num5.png[39m[0m
[  58% ] [90m[1m_update_scan_actions[22m | sym_keyboard_num6.png[39m[0m
[  58% ] [90m[1m_update_scan_actions[22m | sym_keyboard_num7.png[39m[0m
[  58% ] [90m[1m_update_scan_actions[22m | sym_keyboard_num8.png[39m[0m
[  59% ] [90m[1m_update_scan_actions[22m | sym_keyboard_num9.png[39m[0m
[  59% ] [90m[1m_update_scan_actions[22m | sym_keyboard_ok.png[39m[0m
[  59% ] [90m[1m_update_scan_actions[22m | sym_keyboard_ok_dim.png[39m[0m
[  59% ] [90m[1m_update_scan_actions[22m | sym_keyboard_return.png[39m[0m
[  59% ] [90m[1m_update_scan_actions[22m | sym_keyboard_shift.png[39m[0m
[  59% ] [90m[1m_update_scan_actions[22m | sym_keyboard_shift_locked.png[39m[0m
[  59% ] [90m[1m_update_scan_actions[22m | sym_keyboard_space.png[39m[0m
[  59% ] [90m[1m_update_scan_actions[22m | tab_bottom_holo.9.png[39m[0m
[  59% ] [90m[1m_update_scan_actions[22m | tab_focus.9.png[39m[0m
[  59% ] [90m[1m_update_scan_actions[22m | tab_focus_bar_left.9.png[39m[0m
[  59% ] [90m[1m_update_scan_actions[22m | tab_focus_bar_right.9.png[39m[0m
[  59% ] [90m[1m_update_scan_actions[22m | tab_indicator_mtrl_alpha.9.png[39m[0m
[  59% ] [90m[1m_update_scan_actions[22m | tab_press.9.png[39m[0m
[  59% ] [90m[1m_update_scan_actions[22m | tab_pressed_holo.9.png[39m[0m
[  59% ] [90m[1m_update_scan_actions[22m | tab_press_bar_left.9.png[39m[0m
[  59% ] [90m[1m_update_scan_actions[22m | tab_press_bar_right.9.png[39m[0m
[  59% ] [90m[1m_update_scan_actions[22m | tab_selected.9.png[39m[0m
[  59% ] [90m[1m_update_scan_actions[22m | tab_selected_bar_left.9.png[39m[0m
[  59% ] [90m[1m_update_scan_actions[22m | tab_selected_bar_left_v4.9.png[39m[0m
[  59% ] [90m[1m_update_scan_actions[22m | tab_selected_bar_right.9.png[39m[0m
[  59% ] [90m[1m_update_scan_actions[22m | tab_selected_bar_right_v4.9.png[39m[0m
[  59% ] [90m[1m_update_scan_actions[22m | tab_selected_focused_holo.9.png[39m[0m
[  59% ] [90m[1m_update_scan_actions[22m | tab_selected_holo.9.png[39m[0m
[  59% ] [90m[1m_update_scan_actions[22m | tab_selected_pressed_holo.9.png[39m[0m
[  59% ] [90m[1m_update_scan_actions[22m | tab_selected_v4.9.png[39m[0m
[  59% ] [90m[1m_update_scan_actions[22m | tab_unselected.9.png[39m[0m
[  59% ] [90m[1m_update_scan_actions[22m | tab_unselected_focused_holo.9.png[39m[0m
[  59% ] [90m[1m_update_scan_actions[22m | tab_unselected_holo.9.png[39m[0m
[  59% ] [90m[1m_update_scan_actions[22m | tab_unselected_pressed_holo.9.png[39m[0m
[  59% ] [90m[1m_update_scan_actions[22m | tab_unselected_v4.9.png[39m[0m
[  59% ] [90m[1m_update_scan_actions[22m | textfield_activated_holo_dark.9.png[39m[0m
[  59% ] [90m[1m_update_scan_actions[22m | textfield_activated_holo_light.9.png[39m[0m
[  59% ] [90m[1m_update_scan_actions[22m | textfield_activated_mtrl_alpha.9.png[39m[0m
[  59% ] [90m[1m_update_scan_actions[22m | textfield_bg_activated_holo_dark.9.png[39m[0m
[  59% ] [90m[1m_update_scan_actions[22m | textfield_bg_default_holo_dark.9.png[39m[0m
[  59% ] [90m[1m_update_scan_actions[22m | textfield_bg_disabled_focused_holo_dark.9.png[39m[0m
[  59% ] [90m[1m_update_scan_actions[22m | textfield_bg_disabled_holo_dark.9.png[39m[0m
[  59% ] [90m[1m_update_scan_actions[22m | textfield_bg_focused_holo_dark.9.png[39m[0m
[  59% ] [90m[1m_update_scan_actions[22m | textfield_default.9.png[39m[0m
[  59% ] [90m[1m_update_scan_actions[22m | textfield_default_holo_dark.9.png[39m[0m
[  59% ] [90m[1m_update_scan_actions[22m | textfield_default_holo_light.9.png[39m[0m
[  59% ] [90m[1m_update_scan_actions[22m | textfield_default_mtrl_alpha.9.png[39m[0m
[  59% ] [90m[1m_update_scan_actions[22m | textfield_disabled.9.png[39m[0m
[  59% ] [90m[1m_update_scan_actions[22m | textfield_disabled_focused_holo_dark.9.png[39m[0m
[  59% ] [90m[1m_update_scan_actions[22m | textfield_disabled_focused_holo_light.9.png[39m[0m
[  59% ] [90m[1m_update_scan_actions[22m | textfield_disabled_holo_dark.9.png[39m[0m
[  59% ] [90m[1m_update_scan_actions[22m | textfield_disabled_holo_light.9.png[39m[0m
[  59% ] [90m[1m_update_scan_actions[22m | textfield_disabled_selected.9.png[39m[0m
[  59% ] [90m[1m_update_scan_actions[22m | textfield_focused_holo_dark.9.png[39m[0m
[  59% ] [90m[1m_update_scan_actions[22m | textfield_focused_holo_light.9.png[39m[0m
[  59% ] [90m[1m_update_scan_actions[22m | textfield_longpress_holo.9.png[39m[0m
[  59% ] [90m[1m_update_scan_actions[22m | textfield_multiline_activated_holo_dark.9.png[39m[0m
[  59% ] [90m[1m_update_scan_actions[22m | textfield_multiline_activated_holo_light.9.png[39m[0m
[  59% ] [90m[1m_update_scan_actions[22m | textfield_multiline_default_holo_dark.9.png[39m[0m
[  59% ] [90m[1m_update_scan_actions[22m | textfield_multiline_default_holo_light.9.png[39m[0m
[  59% ] [90m[1m_update_scan_actions[22m | textfield_multiline_disabled_focused_holo_dark.9.png[39m[0m
[  59% ] [90m[1m_update_scan_actions[22m | textfield_multiline_disabled_focused_holo_light.9.png[39m[0m
[  59% ] [90m[1m_update_scan_actions[22m | textfield_multiline_disabled_holo_dark.9.png[39m[0m
[  59% ] [90m[1m_update_scan_actions[22m | textfield_multiline_disabled_holo_light.9.png[39m[0m
[  59% ] [90m[1m_update_scan_actions[22m | textfield_multiline_focused_holo_dark.9.png[39m[0m
[  59% ] [90m[1m_update_scan_actions[22m | textfield_multiline_focused_holo_light.9.png[39m[0m
[  59% ] [90m[1m_update_scan_actions[22m | textfield_pressed_holo.9.png[39m[0m
[  59% ] [90m[1m_update_scan_actions[22m | textfield_search_activated_mtrl_alpha.9.png[39m[0m
[  59% ] [90m[1m_update_scan_actions[22m | textfield_search_default.9.png[39m[0m
[  59% ] [90m[1m_update_scan_actions[22m | textfield_search_default_holo_dark.9.png[39m[0m
[  59% ] [90m[1m_update_scan_actions[22m | textfield_search_default_holo_light.9.png[39m[0m
[  59% ] [90m[1m_update_scan_actions[22m | textfield_search_default_mtrl_alpha.9.png[39m[0m
[  59% ] [90m[1m_update_scan_actions[22m | textfield_search_empty_default.9.png[39m[0m
[  60% ] [90m[1m_update_scan_actions[22m | textfield_search_empty_pressed.9.png[39m[0m
[  60% ] [90m[1m_update_scan_actions[22m | textfield_search_empty_selected.9.png[39m[0m
[  60% ] [90m[1m_update_scan_actions[22m | textfield_search_pressed.9.png[39m[0m
[  60% ] [90m[1m_update_scan_actions[22m | textfield_search_right_default_holo_dark.9.png[39m[0m
[  60% ] [90m[1m_update_scan_actions[22m | textfield_search_right_default_holo_light.9.png[39m[0m
[  60% ] [90m[1m_update_scan_actions[22m | textfield_search_right_selected_holo_dark.9.png[39m[0m
[  60% ] [90m[1m_update_scan_actions[22m | textfield_search_right_selected_holo_light.9.png[39m[0m
[  60% ] [90m[1m_update_scan_actions[22m | textfield_search_selected.9.png[39m[0m
[  60% ] [90m[1m_update_scan_actions[22m | textfield_search_selected_holo_dark.9.png[39m[0m
[  60% ] [90m[1m_update_scan_actions[22m | textfield_search_selected_holo_light.9.png[39m[0m
[  60% ] [90m[1m_update_scan_actions[22m | textfield_selected.9.png[39m[0m
[  60% ] [90m[1m_update_scan_actions[22m | text_edit_paste_window.9.png[39m[0m
[  60% ] [90m[1m_update_scan_actions[22m | text_edit_side_paste_window.9.png[39m[0m
[  60% ] [90m[1m_update_scan_actions[22m | text_edit_suggestions_window.9.png[39m[0m
[  60% ] [90m[1m_update_scan_actions[22m | text_select_handle_left_mtrl_alpha.png[39m[0m
[  60% ] [90m[1m_update_scan_actions[22m | text_select_handle_middle_mtrl_alpha.png[39m[0m
[  60% ] [90m[1m_update_scan_actions[22m | text_select_handle_right_mtrl_alpha.png[39m[0m
[  60% ] [90m[1m_update_scan_actions[22m | title_bar_medium.9.png[39m[0m
[  60% ] [90m[1m_update_scan_actions[22m | title_bar_portrait.9.png[39m[0m
[  60% ] [90m[1m_update_scan_actions[22m | title_bar_tall.9.png[39m[0m
[  60% ] [90m[1m_update_scan_actions[22m | transportcontrol_bg.9.png[39m[0m
[  60% ] [90m[1m_update_scan_actions[22m | unknown_image.png[39m[0m
[  60% ] [90m[1m_update_scan_actions[22m | vpn_connected.png[39m[0m
[  60% ] [90m[1m_update_scan_actions[22m | vpn_disconnected.png[39m[0m
[  60% ] [90m[1m_update_scan_actions[22m | zoom_plate.9.png[39m[0m
[  60% ] [90m[1m_update_scan_actions[22m | blank_tile.png[39m[0m
[  60% ] [90m[1m_update_scan_actions[22m | default_wallpaper.png[39m[0m
[  60% ] [90m[1m_update_scan_actions[22m | loading_tile.png[39m[0m
[  60% ] [90m[1m_update_scan_actions[22m | loading_tile_android.png[39m[0m
[  60% ] [90m[1m_update_scan_actions[22m | no_tile_128.png[39m[0m
[  60% ] [90m[1m_update_scan_actions[22m | no_tile_256.png[39m[0m
[  60% ] [90m[1m_update_scan_actions[22m | text_cursor_holo_dark.9.png[39m[0m
[  60% ] [90m[1m_update_scan_actions[22m | text_cursor_holo_light.9.png[39m[0m
[  60% ] [90m[1m_update_scan_actions[22m | ic_lockscreen_handle_pressed.png[39m[0m
[  60% ] [90m[1m_update_scan_actions[22m | sym_keyboard_return_holo.png[39m[0m
[  60% ] [90m[1m_update_scan_actions[22m | unlock_default.png[39m[0m
[  60% ] [90m[1m_update_scan_actions[22m | unlock_halo.png[39m[0m
[  60% ] [90m[1m_update_scan_actions[22m | unlock_ring.png[39m[0m
[  60% ] [90m[1m_update_scan_actions[22m | unlock_wave.png[39m[0m
[  60% ] [90m[1m_update_scan_actions[22m | ic_lockscreen_handle_pressed.png[39m[0m
[  60% ] [90m[1m_update_scan_actions[22m | sym_keyboard_return_holo.png[39m[0m
[  60% ] [90m[1m_update_scan_actions[22m | unlock_default.png[39m[0m
[  60% ] [90m[1m_update_scan_actions[22m | unlock_halo.png[39m[0m
[  60% ] [90m[1m_update_scan_actions[22m | unlock_ring.png[39m[0m
[  60% ] [90m[1m_update_scan_actions[22m | unlock_wave.png[39m[0m
[  60% ] [90m[1m_update_scan_actions[22m | default_wallpaper.png[39m[0m
[  60% ] [90m[1m_update_scan_actions[22m | ic_lockscreen_handle_pressed.png[39m[0m
[  60% ] [90m[1m_update_scan_actions[22m | sym_keyboard_return_holo.png[39m[0m
[  60% ] [90m[1m_update_scan_actions[22m | unlock_default.png[39m[0m
[  60% ] [90m[1m_update_scan_actions[22m | unlock_halo.png[39m[0m
[  60% ] [90m[1m_update_scan_actions[22m | unlock_ring.png[39m[0m
[  60% ] [90m[1m_update_scan_actions[22m | unlock_wave.png[39m[0m
[  60% ] [90m[1m_update_scan_actions[22m | default_wallpaper.png[39m[0m
[  60% ] [90m[1m_update_scan_actions[22m | ab_bottom_solid_dark_holo.9.png[39m[0m
[  60% ] [90m[1m_update_scan_actions[22m | ab_bottom_solid_inverse_holo.9.png[39m[0m
[  60% ] [90m[1m_update_scan_actions[22m | ab_bottom_solid_light_holo.9.png[39m[0m
[  60% ] [90m[1m_update_scan_actions[22m | ab_bottom_transparent_dark_holo.9.png[39m[0m
[  60% ] [90m[1m_update_scan_actions[22m | ab_bottom_transparent_light_holo.9.png[39m[0m
[  60% ] [90m[1m_update_scan_actions[22m | ab_share_pack_holo_dark.9.png[39m[0m
[  60% ] [90m[1m_update_scan_actions[22m | ab_share_pack_holo_light.9.png[39m[0m
[  60% ] [90m[1m_update_scan_actions[22m | ab_share_pack_mtrl_alpha.9.png[39m[0m
[  60% ] [90m[1m_update_scan_actions[22m | ab_solid_dark_holo.9.png[39m[0m
[  60% ] [90m[1m_update_scan_actions[22m | ab_solid_light_holo.9.png[39m[0m
[  60% ] [90m[1m_update_scan_actions[22m | ab_solid_shadow_holo.9.png[39m[0m
[  60% ] [90m[1m_update_scan_actions[22m | ab_solid_shadow_mtrl_alpha.9.png[39m[0m
[  60% ] [90m[1m_update_scan_actions[22m | ab_stacked_solid_dark_holo.9.png[39m[0m
[  60% ] [90m[1m_update_scan_actions[22m | ab_stacked_solid_inverse_holo.9.png[39m[0m
[  60% ] [90m[1m_update_scan_actions[22m | ab_stacked_solid_light_holo.9.png[39m[0m
[  60% ] [90m[1m_update_scan_actions[22m | ab_stacked_transparent_dark_holo.9.png[39m[0m
[  61% ] [90m[1m_update_scan_actions[22m | ab_stacked_transparent_light_holo.9.png[39m[0m
[  61% ] [90m[1m_update_scan_actions[22m | ab_transparent_dark_holo.9.png[39m[0m
[  61% ] [90m[1m_update_scan_actions[22m | ab_transparent_light_holo.9.png[39m[0m
[  61% ] [90m[1m_update_scan_actions[22m | activity_title_bar.9.png[39m[0m
[  61% ] [90m[1m_update_scan_actions[22m | arrow_down_float.png[39m[0m
[  61% ] [90m[1m_update_scan_actions[22m | arrow_up_float.png[39m[0m
[  61% ] [90m[1m_update_scan_actions[22m | battery_charge_background.png[39m[0m
[  61% ] [90m[1m_update_scan_actions[22m | bottom_bar.png[39m[0m
[  61% ] [90m[1m_update_scan_actions[22m | btn_cab_done_default_holo_dark.9.png[39m[0m
[  61% ] [90m[1m_update_scan_actions[22m | btn_cab_done_default_holo_light.9.png[39m[0m
[  61% ] [90m[1m_update_scan_actions[22m | btn_cab_done_focused_holo_dark.9.png[39m[0m
[  61% ] [90m[1m_update_scan_actions[22m | btn_cab_done_focused_holo_light.9.png[39m[0m
[  61% ] [90m[1m_update_scan_actions[22m | btn_cab_done_pressed_holo_dark.9.png[39m[0m
[  61% ] [90m[1m_update_scan_actions[22m | btn_cab_done_pressed_holo_light.9.png[39m[0m
[  61% ] [90m[1m_update_scan_actions[22m | btn_check_buttonless_off.png[39m[0m
[  61% ] [90m[1m_update_scan_actions[22m | btn_check_buttonless_on.png[39m[0m
[  61% ] [90m[1m_update_scan_actions[22m | btn_check_label_background.9.png[39m[0m
[  61% ] [90m[1m_update_scan_actions[22m | btn_check_off.png[39m[0m
[  61% ] [90m[1m_update_scan_actions[22m | btn_check_off_disable.png[39m[0m
[  61% ] [90m[1m_update_scan_actions[22m | btn_check_off_disabled_focused_holo_dark.png[39m[0m
[  61% ] [90m[1m_update_scan_actions[22m | btn_check_off_disabled_focused_holo_light.png[39m[0m
[  61% ] [90m[1m_update_scan_actions[22m | btn_check_off_disabled_holo_dark.png[39m[0m
[  61% ] [90m[1m_update_scan_actions[22m | btn_check_off_disabled_holo_light.png[39m[0m
[  61% ] [90m[1m_update_scan_actions[22m | btn_check_off_disable_focused.png[39m[0m
[  61% ] [90m[1m_update_scan_actions[22m | btn_check_off_disable_focused_holo_dark.png[39m[0m
[  61% ] [90m[1m_update_scan_actions[22m | btn_check_off_disable_focused_holo_light.png[39m[0m
[  61% ] [90m[1m_update_scan_actions[22m | btn_check_off_disable_holo_dark.png[39m[0m
[  61% ] [90m[1m_update_scan_actions[22m | btn_check_off_disable_holo_light.png[39m[0m
[  61% ] [90m[1m_update_scan_actions[22m | btn_check_off_focused_holo_dark.png[39m[0m
[  61% ] [90m[1m_update_scan_actions[22m | btn_check_off_focused_holo_light.png[39m[0m
[  61% ] [90m[1m_update_scan_actions[22m | btn_check_off_holo.png[39m[0m
[  61% ] [90m[1m_update_scan_actions[22m | btn_check_off_holo_dark.png[39m[0m
[  61% ] [90m[1m_update_scan_actions[22m | btn_check_off_holo_light.png[39m[0m
[  61% ] [90m[1m_update_scan_actions[22m | btn_check_off_normal_holo_dark.png[39m[0m
[  61% ] [90m[1m_update_scan_actions[22m | btn_check_off_normal_holo_light.png[39m[0m
[  61% ] [90m[1m_update_scan_actions[22m | btn_check_off_pressed.png[39m[0m
[  61% ] [90m[1m_update_scan_actions[22m | btn_check_off_pressed_holo_dark.png[39m[0m
[  61% ] [90m[1m_update_scan_actions[22m | btn_check_off_pressed_holo_light.png[39m[0m
[  61% ] [90m[1m_update_scan_actions[22m | btn_check_off_selected.png[39m[0m
[  61% ] [90m[1m_update_scan_actions[22m | btn_check_on.png[39m[0m
[  61% ] [90m[1m_update_scan_actions[22m | btn_check_on_disable.png[39m[0m
[  61% ] [90m[1m_update_scan_actions[22m | btn_check_on_disabled_focused_holo_dark.png[39m[0m
[  61% ] [90m[1m_update_scan_actions[22m | btn_check_on_disabled_focused_holo_light.png[39m[0m
[  61% ] [90m[1m_update_scan_actions[22m | btn_check_on_disabled_holo_dark.png[39m[0m
[  61% ] [90m[1m_update_scan_actions[22m | btn_check_on_disabled_holo_light.png[39m[0m
[  61% ] [90m[1m_update_scan_actions[22m | btn_check_on_focused_holo_dark.png[39m[0m
[  61% ] [90m[1m_update_scan_actions[22m | btn_check_on_focused_holo_light.png[39m[0m
[  61% ] [90m[1m_update_scan_actions[22m | btn_check_on_holo.png[39m[0m
[  61% ] [90m[1m_update_scan_actions[22m | btn_check_on_holo_dark.png[39m[0m
[  61% ] [90m[1m_update_scan_actions[22m | btn_check_on_holo_light.png[39m[0m
[  61% ] [90m[1m_update_scan_actions[22m | btn_check_on_pressed.png[39m[0m
[  61% ] [90m[1m_update_scan_actions[22m | btn_check_on_pressed_holo_dark.png[39m[0m
[  61% ] [90m[1m_update_scan_actions[22m | btn_check_on_pressed_holo_light.png[39m[0m
[  61% ] [90m[1m_update_scan_actions[22m | btn_check_on_selected.png[39m[0m
[  61% ] [90m[1m_update_scan_actions[22m | btn_circle_disable.png[39m[0m
[  61% ] [90m[1m_update_scan_actions[22m | btn_circle_disable_focused.png[39m[0m
[  61% ] [90m[1m_update_scan_actions[22m | btn_circle_normal.png[39m[0m
[  61% ] [90m[1m_update_scan_actions[22m | btn_circle_pressed.png[39m[0m
[  61% ] [90m[1m_update_scan_actions[22m | btn_circle_selected.png[39m[0m
[  61% ] [90m[1m_update_scan_actions[22m | btn_close_normal.png[39m[0m
[  61% ] [90m[1m_update_scan_actions[22m | btn_close_pressed.png[39m[0m
[  61% ] [90m[1m_update_scan_actions[22m | btn_close_selected.png[39m[0m
[  61% ] [90m[1m_update_scan_actions[22m | btn_default_disabled_focused_holo_dark.9.png[39m[0m
[  61% ] [90m[1m_update_scan_actions[22m | btn_default_disabled_focused_holo_light.9.png[39m[0m
[  61% ] [90m[1m_update_scan_actions[22m | btn_default_disabled_holo.9.png[39m[0m
[  61% ] [90m[1m_update_scan_actions[22m | btn_default_disabled_holo_dark.9.png[39m[0m
[  61% ] [90m[1m_update_scan_actions[22m | btn_default_disabled_holo_light.9.png[39m[0m
[  61% ] [90m[1m_update_scan_actions[22m | btn_default_focused_holo.9.png[39m[0m
[  62% ] [90m[1m_update_scan_actions[22m | btn_default_focused_holo_dark.9.png[39m[0m
[  62% ] [90m[1m_update_scan_actions[22m | btn_default_focused_holo_light.9.png[39m[0m
[  62% ] [90m[1m_update_scan_actions[22m | btn_default_normal.9.png[39m[0m
[  62% ] [90m[1m_update_scan_actions[22m | btn_default_normal_disable.9.png[39m[0m
[  62% ] [90m[1m_update_scan_actions[22m | btn_default_normal_disable_focused.9.png[39m[0m
[  62% ] [90m[1m_update_scan_actions[22m | btn_default_normal_holo.9.png[39m[0m
[  62% ] [90m[1m_update_scan_actions[22m | btn_default_normal_holo_dark.9.png[39m[0m
[  62% ] [90m[1m_update_scan_actions[22m | btn_default_normal_holo_light.9.png[39m[0m
[  62% ] [90m[1m_update_scan_actions[22m | btn_default_pressed.9.png[39m[0m
[  62% ] [90m[1m_update_scan_actions[22m | btn_default_pressed_holo.9.png[39m[0m
[  62% ] [90m[1m_update_scan_actions[22m | btn_default_pressed_holo_dark.9.png[39m[0m
[  62% ] [90m[1m_update_scan_actions[22m | btn_default_pressed_holo_light.9.png[39m[0m
[  62% ] [90m[1m_update_scan_actions[22m | btn_default_selected.9.png[39m[0m
[  62% ] [90m[1m_update_scan_actions[22m | btn_default_small_normal.9.png[39m[0m
[  62% ] [90m[1m_update_scan_actions[22m | btn_default_small_normal_disable.9.png[39m[0m
[  62% ] [90m[1m_update_scan_actions[22m | btn_default_small_normal_disable_focused.9.png[39m[0m
[  62% ] [90m[1m_update_scan_actions[22m | btn_default_small_pressed.9.png[39m[0m
[  62% ] [90m[1m_update_scan_actions[22m | btn_default_small_selected.9.png[39m[0m
[  62% ] [90m[1m_update_scan_actions[22m | btn_default_transparent_normal.9.png[39m[0m
[  62% ] [90m[1m_update_scan_actions[22m | btn_dialog_disable.png[39m[0m
[  62% ] [90m[1m_update_scan_actions[22m | btn_dialog_normal.png[39m[0m
[  62% ] [90m[1m_update_scan_actions[22m | btn_dialog_pressed.png[39m[0m
[  62% ] [90m[1m_update_scan_actions[22m | btn_dialog_selected.png[39m[0m
[  62% ] [90m[1m_update_scan_actions[22m | btn_dropdown_disabled.9.png[39m[0m
[  62% ] [90m[1m_update_scan_actions[22m | btn_dropdown_disabled_focused.9.png[39m[0m
[  62% ] [90m[1m_update_scan_actions[22m | btn_dropdown_normal.9.png[39m[0m
[  62% ] [90m[1m_update_scan_actions[22m | btn_dropdown_pressed.9.png[39m[0m
[  62% ] [90m[1m_update_scan_actions[22m | btn_dropdown_selected.9.png[39m[0m
[  62% ] [90m[1m_update_scan_actions[22m | btn_erase_default.9.png[39m[0m
[  62% ] [90m[1m_update_scan_actions[22m | btn_erase_pressed.9.png[39m[0m
[  62% ] [90m[1m_update_scan_actions[22m | btn_erase_selected.9.png[39m[0m
[  62% ] [90m[1m_update_scan_actions[22m | btn_global_search_normal.9.png[39m[0m
[  62% ] [90m[1m_update_scan_actions[22m | btn_group_disabled_holo_dark.9.png[39m[0m
[  62% ] [90m[1m_update_scan_actions[22m | btn_group_disabled_holo_light.9.png[39m[0m
[  62% ] [90m[1m_update_scan_actions[22m | btn_group_focused_holo_dark.9.png[39m[0m
[  62% ] [90m[1m_update_scan_actions[22m | btn_group_focused_holo_light.9.png[39m[0m
[  62% ] [90m[1m_update_scan_actions[22m | btn_group_normal_holo_dark.9.png[39m[0m
[  62% ] [90m[1m_update_scan_actions[22m | btn_group_normal_holo_light.9.png[39m[0m
[  62% ] [90m[1m_update_scan_actions[22m | btn_group_pressed_holo_dark.9.png[39m[0m
[  62% ] [90m[1m_update_scan_actions[22m | btn_group_pressed_holo_light.9.png[39m[0m
[  62% ] [90m[1m_update_scan_actions[22m | btn_keyboard_key_dark_normal_holo.9.png[39m[0m
[  62% ] [90m[1m_update_scan_actions[22m | btn_keyboard_key_dark_normal_off_holo.9.png[39m[0m
[  62% ] [90m[1m_update_scan_actions[22m | btn_keyboard_key_dark_normal_on_holo.9.png[39m[0m
[  62% ] [90m[1m_update_scan_actions[22m | btn_keyboard_key_dark_pressed_holo.9.png[39m[0m
[  62% ] [90m[1m_update_scan_actions[22m | btn_keyboard_key_dark_pressed_off_holo.9.png[39m[0m
[  62% ] [90m[1m_update_scan_actions[22m | btn_keyboard_key_dark_pressed_on_holo.9.png[39m[0m
[  62% ] [90m[1m_update_scan_actions[22m | btn_keyboard_key_fulltrans_normal.9.png[39m[0m
[  62% ] [90m[1m_update_scan_actions[22m | btn_keyboard_key_fulltrans_normal_off.9.png[39m[0m
[  62% ] [90m[1m_update_scan_actions[22m | btn_keyboard_key_fulltrans_normal_on.9.png[39m[0m
[  62% ] [90m[1m_update_scan_actions[22m | btn_keyboard_key_fulltrans_pressed.9.png[39m[0m
[  62% ] [90m[1m_update_scan_actions[22m | btn_keyboard_key_fulltrans_pressed_off.9.png[39m[0m
[  62% ] [90m[1m_update_scan_actions[22m | btn_keyboard_key_fulltrans_pressed_on.9.png[39m[0m
[  62% ] [90m[1m_update_scan_actions[22m | btn_keyboard_key_light_normal_holo.9.png[39m[0m
[  62% ] [90m[1m_update_scan_actions[22m | btn_keyboard_key_light_pressed_holo.9.png[39m[0m
[  62% ] [90m[1m_update_scan_actions[22m | btn_keyboard_key_normal.9.png[39m[0m
[  62% ] [90m[1m_update_scan_actions[22m | btn_keyboard_key_normal_off.9.png[39m[0m
[  62% ] [90m[1m_update_scan_actions[22m | btn_keyboard_key_normal_on.9.png[39m[0m
[  62% ] [90m[1m_update_scan_actions[22m | btn_keyboard_key_pressed.9.png[39m[0m
[  62% ] [90m[1m_update_scan_actions[22m | btn_keyboard_key_pressed_off.9.png[39m[0m
[  62% ] [90m[1m_update_scan_actions[22m | btn_keyboard_key_pressed_on.9.png[39m[0m
[  62% ] [90m[1m_update_scan_actions[22m | btn_keyboard_key_trans_normal.9.png[39m[0m
[  62% ] [90m[1m_update_scan_actions[22m | btn_keyboard_key_trans_normal_off.9.png[39m[0m
[  62% ] [90m[1m_update_scan_actions[22m | btn_keyboard_key_trans_normal_on.9.png[39m[0m
[  62% ] [90m[1m_update_scan_actions[22m | btn_keyboard_key_trans_pressed.9.png[39m[0m
[  62% ] [90m[1m_update_scan_actions[22m | btn_keyboard_key_trans_pressed_off.9.png[39m[0m
[  62% ] [90m[1m_update_scan_actions[22m | btn_keyboard_key_trans_pressed_on.9.png[39m[0m
[  62% ] [90m[1m_update_scan_actions[22m | btn_keyboard_key_trans_selected.9.png[39m[0m
[  62% ] [90m[1m_update_scan_actions[22m | btn_media_player.9.png[39m[0m
[  62% ] [90m[1m_update_scan_actions[22m | btn_media_player_disabled.9.png[39m[0m
[  63% ] [90m[1m_update_scan_actions[22m | btn_media_player_disabled_selected.9.png[39m[0m
[  63% ] [90m[1m_update_scan_actions[22m | btn_media_player_pressed.9.png[39m[0m
[  63% ] [90m[1m_update_scan_actions[22m | btn_media_player_selected.9.png[39m[0m
[  63% ] [90m[1m_update_scan_actions[22m | btn_minus_default.png[39m[0m
[  63% ] [90m[1m_update_scan_actions[22m | btn_minus_disable.png[39m[0m
[  63% ] [90m[1m_update_scan_actions[22m | btn_minus_disable_focused.png[39m[0m
[  63% ] [90m[1m_update_scan_actions[22m | btn_minus_pressed.png[39m[0m
[  63% ] [90m[1m_update_scan_actions[22m | btn_minus_selected.png[39m[0m
[  63% ] [90m[1m_update_scan_actions[22m | btn_plus_default.png[39m[0m
[  63% ] [90m[1m_update_scan_actions[22m | btn_plus_disable.png[39m[0m
[  63% ] [90m[1m_update_scan_actions[22m | btn_plus_disable_focused.png[39m[0m
[  63% ] [90m[1m_update_scan_actions[22m | btn_plus_pressed.png[39m[0m
[  63% ] [90m[1m_update_scan_actions[22m | btn_plus_selected.png[39m[0m
[  63% ] [90m[1m_update_scan_actions[22m | btn_radio_label_background.9.png[39m[0m
[  63% ] [90m[1m_update_scan_actions[22m | btn_radio_off.png[39m[0m
[  63% ] [90m[1m_update_scan_actions[22m | btn_radio_off_disabled_focused_holo_dark.png[39m[0m
[  63% ] [90m[1m_update_scan_actions[22m | btn_radio_off_disabled_focused_holo_light.png[39m[0m
[  63% ] [90m[1m_update_scan_actions[22m | btn_radio_off_disabled_holo_dark.png[39m[0m
[  63% ] [90m[1m_update_scan_actions[22m | btn_radio_off_disabled_holo_light.png[39m[0m
[  63% ] [90m[1m_update_scan_actions[22m | btn_radio_off_focused_holo_dark.png[39m[0m
[  63% ] [90m[1m_update_scan_actions[22m | btn_radio_off_focused_holo_light.png[39m[0m
[  63% ] [90m[1m_update_scan_actions[22m | btn_radio_off_holo.png[39m[0m
[  63% ] [90m[1m_update_scan_actions[22m | btn_radio_off_holo_dark.png[39m[0m
[  63% ] [90m[1m_update_scan_actions[22m | btn_radio_off_holo_light.png[39m[0m
[  63% ] [90m[1m_update_scan_actions[22m | btn_radio_off_pressed.png[39m[0m
[  63% ] [90m[1m_update_scan_actions[22m | btn_radio_off_pressed_holo_dark.png[39m[0m
[  63% ] [90m[1m_update_scan_actions[22m | btn_radio_off_pressed_holo_light.png[39m[0m
[  63% ] [90m[1m_update_scan_actions[22m | btn_radio_off_selected.png[39m[0m
[  63% ] [90m[1m_update_scan_actions[22m | btn_radio_on.png[39m[0m
[  63% ] [90m[1m_update_scan_actions[22m | btn_radio_on_disabled_focused_holo_dark.png[39m[0m
[  63% ] [90m[1m_update_scan_actions[22m | btn_radio_on_disabled_focused_holo_light.png[39m[0m
[  63% ] [90m[1m_update_scan_actions[22m | btn_radio_on_disabled_holo_dark.png[39m[0m
[  63% ] [90m[1m_update_scan_actions[22m | btn_radio_on_disabled_holo_light.png[39m[0m
[  63% ] [90m[1m_update_scan_actions[22m | btn_radio_on_focused_holo_dark.png[39m[0m
[  63% ] [90m[1m_update_scan_actions[22m | btn_radio_on_focused_holo_light.png[39m[0m
[  63% ] [90m[1m_update_scan_actions[22m | btn_radio_on_holo.png[39m[0m
[  63% ] [90m[1m_update_scan_actions[22m | btn_radio_on_holo_dark.png[39m[0m
[  63% ] [90m[1m_update_scan_actions[22m | btn_radio_on_holo_light.png[39m[0m
[  63% ] [90m[1m_update_scan_actions[22m | btn_radio_on_mtrl_alpha.png[39m[0m
[  63% ] [90m[1m_update_scan_actions[22m | btn_radio_on_pressed.png[39m[0m
[  63% ] [90m[1m_update_scan_actions[22m | btn_radio_on_pressed_holo_dark.png[39m[0m
[  63% ] [90m[1m_update_scan_actions[22m | btn_radio_on_pressed_holo_light.png[39m[0m
[  63% ] [90m[1m_update_scan_actions[22m | btn_radio_on_pressed_mtrl_alpha.png[39m[0m
[  63% ] [90m[1m_update_scan_actions[22m | btn_radio_on_selected.png[39m[0m
[  63% ] [90m[1m_update_scan_actions[22m | btn_rating_star_off_disabled_focused_holo_dark.png[39m[0m
[  63% ] [90m[1m_update_scan_actions[22m | btn_rating_star_off_disabled_focused_holo_light.png[39m[0m
[  63% ] [90m[1m_update_scan_actions[22m | btn_rating_star_off_disabled_holo_dark.png[39m[0m
[  63% ] [90m[1m_update_scan_actions[22m | btn_rating_star_off_disabled_holo_light.png[39m[0m
[  63% ] [90m[1m_update_scan_actions[22m | btn_rating_star_off_focused_holo_dark.png[39m[0m
[  63% ] [90m[1m_update_scan_actions[22m | btn_rating_star_off_focused_holo_light.png[39m[0m
[  63% ] [90m[1m_update_scan_actions[22m | btn_rating_star_off_mtrl_alpha.png[39m[0m
[  63% ] [90m[1m_update_scan_actions[22m | btn_rating_star_off_normal.png[39m[0m
[  63% ] [90m[1m_update_scan_actions[22m | btn_rating_star_off_normal_holo_dark.png[39m[0m
[  63% ] [90m[1m_update_scan_actions[22m | btn_rating_star_off_normal_holo_light.png[39m[0m
[  63% ] [90m[1m_update_scan_actions[22m | btn_rating_star_off_pressed.png[39m[0m
[  63% ] [90m[1m_update_scan_actions[22m | btn_rating_star_off_pressed_holo_dark.png[39m[0m
[  63% ] [90m[1m_update_scan_actions[22m | btn_rating_star_off_pressed_holo_light.png[39m[0m
[  63% ] [90m[1m_update_scan_actions[22m | btn_rating_star_off_selected.png[39m[0m
[  63% ] [90m[1m_update_scan_actions[22m | btn_rating_star_on_disabled_focused_holo_dark.png[39m[0m
[  63% ] [90m[1m_update_scan_actions[22m | btn_rating_star_on_disabled_focused_holo_light.png[39m[0m
[  63% ] [90m[1m_update_scan_actions[22m | btn_rating_star_on_disabled_holo_dark.png[39m[0m
[  63% ] [90m[1m_update_scan_actions[22m | btn_rating_star_on_disabled_holo_light.png[39m[0m
[  63% ] [90m[1m_update_scan_actions[22m | btn_rating_star_on_focused_holo_dark.png[39m[0m
[  63% ] [90m[1m_update_scan_actions[22m | btn_rating_star_on_focused_holo_light.png[39m[0m
[  63% ] [90m[1m_update_scan_actions[22m | btn_rating_star_on_mtrl_alpha.png[39m[0m
[  63% ] [90m[1m_update_scan_actions[22m | btn_rating_star_on_normal.png[39m[0m
[  63% ] [90m[1m_update_scan_actions[22m | btn_rating_star_on_normal_holo_dark.png[39m[0m
[  63% ] [90m[1m_update_scan_actions[22m | btn_rating_star_on_normal_holo_light.png[39m[0m
[  64% ] [90m[1m_update_scan_actions[22m | btn_rating_star_on_pressed.png[39m[0m
[  64% ] [90m[1m_update_scan_actions[22m | btn_rating_star_on_pressed_holo_dark.png[39m[0m
[  64% ] [90m[1m_update_scan_actions[22m | btn_rating_star_on_pressed_holo_light.png[39m[0m
[  64% ] [90m[1m_update_scan_actions[22m | btn_rating_star_on_selected.png[39m[0m
[  64% ] [90m[1m_update_scan_actions[22m | btn_search_dialog_default.9.png[39m[0m
[  64% ] [90m[1m_update_scan_actions[22m | btn_search_dialog_pressed.9.png[39m[0m
[  64% ] [90m[1m_update_scan_actions[22m | btn_search_dialog_selected.9.png[39m[0m
[  64% ] [90m[1m_update_scan_actions[22m | btn_search_dialog_voice_default.9.png[39m[0m
[  64% ] [90m[1m_update_scan_actions[22m | btn_search_dialog_voice_pressed.9.png[39m[0m
[  64% ] [90m[1m_update_scan_actions[22m | btn_search_dialog_voice_selected.9.png[39m[0m
[  64% ] [90m[1m_update_scan_actions[22m | btn_square_overlay_disabled.png[39m[0m
[  64% ] [90m[1m_update_scan_actions[22m | btn_square_overlay_disabled_focused.png[39m[0m
[  64% ] [90m[1m_update_scan_actions[22m | btn_square_overlay_normal.png[39m[0m
[  64% ] [90m[1m_update_scan_actions[22m | btn_square_overlay_pressed.png[39m[0m
[  64% ] [90m[1m_update_scan_actions[22m | btn_square_overlay_selected.png[39m[0m
[  64% ] [90m[1m_update_scan_actions[22m | btn_star_big_off.png[39m[0m
[  64% ] [90m[1m_update_scan_actions[22m | btn_star_big_off_disable.png[39m[0m
[  64% ] [90m[1m_update_scan_actions[22m | btn_star_big_off_disable_focused.png[39m[0m
[  64% ] [90m[1m_update_scan_actions[22m | btn_star_big_off_pressed.png[39m[0m
[  64% ] [90m[1m_update_scan_actions[22m | btn_star_big_off_selected.png[39m[0m
[  64% ] [90m[1m_update_scan_actions[22m | btn_star_big_on.png[39m[0m
[  64% ] [90m[1m_update_scan_actions[22m | btn_star_big_on_disable.png[39m[0m
[  64% ] [90m[1m_update_scan_actions[22m | btn_star_big_on_disable_focused.png[39m[0m
[  64% ] [90m[1m_update_scan_actions[22m | btn_star_big_on_pressed.png[39m[0m
[  64% ] [90m[1m_update_scan_actions[22m | btn_star_big_on_selected.png[39m[0m
[  64% ] [90m[1m_update_scan_actions[22m | btn_star_label_background.9.png[39m[0m
[  64% ] [90m[1m_update_scan_actions[22m | btn_star_mtrl_alpha.png[39m[0m
[  64% ] [90m[1m_update_scan_actions[22m | btn_star_off_disabled_focused_holo_dark.png[39m[0m
[  64% ] [90m[1m_update_scan_actions[22m | btn_star_off_disabled_focused_holo_light.png[39m[0m
[  64% ] [90m[1m_update_scan_actions[22m | btn_star_off_disabled_holo_dark.png[39m[0m
[  64% ] [90m[1m_update_scan_actions[22m | btn_star_off_disabled_holo_light.png[39m[0m
[  64% ] [90m[1m_update_scan_actions[22m | btn_star_off_focused_holo_dark.png[39m[0m
[  64% ] [90m[1m_update_scan_actions[22m | btn_star_off_focused_holo_light.png[39m[0m
[  64% ] [90m[1m_update_scan_actions[22m | btn_star_off_normal_holo_dark.png[39m[0m
[  64% ] [90m[1m_update_scan_actions[22m | btn_star_off_normal_holo_light.png[39m[0m
[  64% ] [90m[1m_update_scan_actions[22m | btn_star_off_pressed_holo_dark.png[39m[0m
[  64% ] [90m[1m_update_scan_actions[22m | btn_star_off_pressed_holo_light.png[39m[0m
[  64% ] [90m[1m_update_scan_actions[22m | btn_star_on_disabled_focused_holo_dark.png[39m[0m
[  64% ] [90m[1m_update_scan_actions[22m | btn_star_on_disabled_focused_holo_light.png[39m[0m
[  64% ] [90m[1m_update_scan_actions[22m | btn_star_on_disabled_holo_dark.png[39m[0m
[  64% ] [90m[1m_update_scan_actions[22m | btn_star_on_disabled_holo_light.png[39m[0m
[  64% ] [90m[1m_update_scan_actions[22m | btn_star_on_focused_holo_dark.png[39m[0m
[  64% ] [90m[1m_update_scan_actions[22m | btn_star_on_focused_holo_light.png[39m[0m
[  64% ] [90m[1m_update_scan_actions[22m | btn_star_on_normal_holo_dark.png[39m[0m
[  64% ] [90m[1m_update_scan_actions[22m | btn_star_on_normal_holo_light.png[39m[0m
[  64% ] [90m[1m_update_scan_actions[22m | btn_star_on_pressed_holo_dark.png[39m[0m
[  64% ] [90m[1m_update_scan_actions[22m | btn_star_on_pressed_holo_light.png[39m[0m
[  64% ] [90m[1m_update_scan_actions[22m | btn_switch_to_off_mtrl_00001.9.png[39m[0m
[  64% ] [90m[1m_update_scan_actions[22m | btn_switch_to_off_mtrl_00002.9.png[39m[0m
[  64% ] [90m[1m_update_scan_actions[22m | btn_switch_to_off_mtrl_00003.9.png[39m[0m
[  64% ] [90m[1m_update_scan_actions[22m | btn_switch_to_off_mtrl_00004.9.png[39m[0m
[  64% ] [90m[1m_update_scan_actions[22m | btn_switch_to_off_mtrl_00005.9.png[39m[0m
[  64% ] [90m[1m_update_scan_actions[22m | btn_switch_to_off_mtrl_00006.9.png[39m[0m
[  64% ] [90m[1m_update_scan_actions[22m | btn_switch_to_off_mtrl_00007.9.png[39m[0m
[  64% ] [90m[1m_update_scan_actions[22m | btn_switch_to_off_mtrl_00008.9.png[39m[0m
[  64% ] [90m[1m_update_scan_actions[22m | btn_switch_to_off_mtrl_00009.9.png[39m[0m
[  64% ] [90m[1m_update_scan_actions[22m | btn_switch_to_off_mtrl_00010.9.png[39m[0m
[  64% ] [90m[1m_update_scan_actions[22m | btn_switch_to_off_mtrl_00011.9.png[39m[0m
[  64% ] [90m[1m_update_scan_actions[22m | btn_switch_to_off_mtrl_00012.9.png[39m[0m
[  64% ] [90m[1m_update_scan_actions[22m | btn_switch_to_on_mtrl_00001.9.png[39m[0m
[  64% ] [90m[1m_update_scan_actions[22m | btn_switch_to_on_mtrl_00002.9.png[39m[0m
[  64% ] [90m[1m_update_scan_actions[22m | btn_switch_to_on_mtrl_00003.9.png[39m[0m
[  64% ] [90m[1m_update_scan_actions[22m | btn_switch_to_on_mtrl_00004.9.png[39m[0m
[  64% ] [90m[1m_update_scan_actions[22m | btn_switch_to_on_mtrl_00005.9.png[39m[0m
[  64% ] [90m[1m_update_scan_actions[22m | btn_switch_to_on_mtrl_00006.9.png[39m[0m
[  64% ] [90m[1m_update_scan_actions[22m | btn_switch_to_on_mtrl_00007.9.png[39m[0m
[  64% ] [90m[1m_update_scan_actions[22m | btn_switch_to_on_mtrl_00008.9.png[39m[0m
[  64% ] [90m[1m_update_scan_actions[22m | btn_switch_to_on_mtrl_00009.9.png[39m[0m
[  65% ] [90m[1m_update_scan_actions[22m | btn_switch_to_on_mtrl_00010.9.png[39m[0m
[  65% ] [90m[1m_update_scan_actions[22m | btn_switch_to_on_mtrl_00011.9.png[39m[0m
[  65% ] [90m[1m_update_scan_actions[22m | btn_switch_to_on_mtrl_00012.9.png[39m[0m
[  65% ] [90m[1m_update_scan_actions[22m | btn_toggle_off.9.png[39m[0m
[  65% ] [90m[1m_update_scan_actions[22m | btn_toggle_off_disabled_focused_holo_dark.9.png[39m[0m
[  65% ] [90m[1m_update_scan_actions[22m | btn_toggle_off_disabled_focused_holo_light.9.png[39m[0m
[  65% ] [90m[1m_update_scan_actions[22m | btn_toggle_off_disabled_holo_dark.9.png[39m[0m
[  65% ] [90m[1m_update_scan_actions[22m | btn_toggle_off_disabled_holo_light.9.png[39m[0m
[  65% ] [90m[1m_update_scan_actions[22m | btn_toggle_off_focused_holo_dark.9.png[39m[0m
[  65% ] [90m[1m_update_scan_actions[22m | btn_toggle_off_focused_holo_light.9.png[39m[0m
[  65% ] [90m[1m_update_scan_actions[22m | btn_toggle_off_normal_holo_dark.9.png[39m[0m
[  65% ] [90m[1m_update_scan_actions[22m | btn_toggle_off_normal_holo_light.9.png[39m[0m
[  65% ] [90m[1m_update_scan_actions[22m | btn_toggle_off_pressed_holo_dark.9.png[39m[0m
[  65% ] [90m[1m_update_scan_actions[22m | btn_toggle_off_pressed_holo_light.9.png[39m[0m
[  65% ] [90m[1m_update_scan_actions[22m | btn_toggle_on.9.png[39m[0m
[  65% ] [90m[1m_update_scan_actions[22m | btn_toggle_on_disabled_focused_holo_dark.9.png[39m[0m
[  65% ] [90m[1m_update_scan_actions[22m | btn_toggle_on_disabled_focused_holo_light.9.png[39m[0m
[  65% ] [90m[1m_update_scan_actions[22m | btn_toggle_on_disabled_holo_dark.9.png[39m[0m
[  65% ] [90m[1m_update_scan_actions[22m | btn_toggle_on_disabled_holo_light.9.png[39m[0m
[  65% ] [90m[1m_update_scan_actions[22m | btn_toggle_on_focused_holo_dark.9.png[39m[0m
[  65% ] [90m[1m_update_scan_actions[22m | btn_toggle_on_focused_holo_light.9.png[39m[0m
[  65% ] [90m[1m_update_scan_actions[22m | btn_toggle_on_normal_holo_dark.9.png[39m[0m
[  65% ] [90m[1m_update_scan_actions[22m | btn_toggle_on_normal_holo_light.9.png[39m[0m
[  65% ] [90m[1m_update_scan_actions[22m | btn_toggle_on_pressed_holo_dark.9.png[39m[0m
[  65% ] [90m[1m_update_scan_actions[22m | btn_toggle_on_pressed_holo_light.9.png[39m[0m
[  65% ] [90m[1m_update_scan_actions[22m | btn_zoom_down_disabled.9.png[39m[0m
[  65% ] [90m[1m_update_scan_actions[22m | btn_zoom_down_disabled_focused.9.png[39m[0m
[  65% ] [90m[1m_update_scan_actions[22m | btn_zoom_down_normal.9.png[39m[0m
[  65% ] [90m[1m_update_scan_actions[22m | btn_zoom_down_pressed.9.png[39m[0m
[  65% ] [90m[1m_update_scan_actions[22m | btn_zoom_down_selected.9.png[39m[0m
[  65% ] [90m[1m_update_scan_actions[22m | btn_zoom_page_normal.png[39m[0m
[  65% ] [90m[1m_update_scan_actions[22m | btn_zoom_page_press.png[39m[0m
[  65% ] [90m[1m_update_scan_actions[22m | btn_zoom_up_disabled.9.png[39m[0m
[  65% ] [90m[1m_update_scan_actions[22m | btn_zoom_up_disabled_focused.9.png[39m[0m
[  65% ] [90m[1m_update_scan_actions[22m | btn_zoom_up_normal.9.png[39m[0m
[  65% ] [90m[1m_update_scan_actions[22m | btn_zoom_up_pressed.9.png[39m[0m
[  65% ] [90m[1m_update_scan_actions[22m | btn_zoom_up_selected.9.png[39m[0m
[  65% ] [90m[1m_update_scan_actions[22m | button_onoff_indicator_off.png[39m[0m
[  65% ] [90m[1m_update_scan_actions[22m | button_onoff_indicator_on.png[39m[0m
[  65% ] [90m[1m_update_scan_actions[22m | cab_background_bottom_holo_dark.9.png[39m[0m
[  65% ] [90m[1m_update_scan_actions[22m | cab_background_bottom_holo_light.9.png[39m[0m
[  65% ] [90m[1m_update_scan_actions[22m | cab_background_bottom_mtrl_alpha.9.png[39m[0m
[  65% ] [90m[1m_update_scan_actions[22m | cab_background_top_holo_dark.9.png[39m[0m
[  65% ] [90m[1m_update_scan_actions[22m | cab_background_top_holo_light.9.png[39m[0m
[  65% ] [90m[1m_update_scan_actions[22m | cab_background_top_mtrl_alpha.9.png[39m[0m
[  65% ] [90m[1m_update_scan_actions[22m | call_contact.png[39m[0m
[  65% ] [90m[1m_update_scan_actions[22m | checkbox_off_background.png[39m[0m
[  65% ] [90m[1m_update_scan_actions[22m | checkbox_on_background.png[39m[0m
[  65% ] [90m[1m_update_scan_actions[22m | cling_arrow_up.png[39m[0m
[  65% ] [90m[1m_update_scan_actions[22m | cling_bg.9.png[39m[0m
[  65% ] [90m[1m_update_scan_actions[22m | cling_button_normal.9.png[39m[0m
[  65% ] [90m[1m_update_scan_actions[22m | cling_button_pressed.9.png[39m[0m
[  65% ] [90m[1m_update_scan_actions[22m | code_lock_bottom.9.png[39m[0m
[  65% ] [90m[1m_update_scan_actions[22m | code_lock_left.9.png[39m[0m
[  65% ] [90m[1m_update_scan_actions[22m | code_lock_top.9.png[39m[0m
[  65% ] [90m[1m_update_scan_actions[22m | combobox_disabled.png[39m[0m
[  65% ] [90m[1m_update_scan_actions[22m | combobox_nohighlight.png[39m[0m
[  65% ] [90m[1m_update_scan_actions[22m | compass_arrow.png[39m[0m
[  65% ] [90m[1m_update_scan_actions[22m | compass_base.png[39m[0m
[  65% ] [90m[1m_update_scan_actions[22m | contact_header_bg.9.png[39m[0m
[  65% ] [90m[1m_update_scan_actions[22m | create_contact.png[39m[0m
[  65% ] [90m[1m_update_scan_actions[22m | dark_header.9.png[39m[0m
[  65% ] [90m[1m_update_scan_actions[22m | day_picker_week_view_dayline_holo.9.png[39m[0m
[  65% ] [90m[1m_update_scan_actions[22m | dialog_bottom_holo_dark.9.png[39m[0m
[  65% ] [90m[1m_update_scan_actions[22m | dialog_bottom_holo_light.9.png[39m[0m
[  65% ] [90m[1m_update_scan_actions[22m | dialog_divider_horizontal_holo_dark.9.png[39m[0m
[  65% ] [90m[1m_update_scan_actions[22m | dialog_divider_horizontal_holo_light.9.png[39m[0m
[  65% ] [90m[1m_update_scan_actions[22m | dialog_divider_horizontal_light.9.png[39m[0m
[  65% ] [90m[1m_update_scan_actions[22m | dialog_full_holo_dark.9.png[39m[0m
[  66% ] [90m[1m_update_scan_actions[22m | dialog_full_holo_light.9.png[39m[0m
[  66% ] [90m[1m_update_scan_actions[22m | dialog_ic_close_focused_holo_dark.png[39m[0m
[  66% ] [90m[1m_update_scan_actions[22m | dialog_ic_close_focused_holo_light.png[39m[0m
[  66% ] [90m[1m_update_scan_actions[22m | dialog_ic_close_normal_holo_dark.png[39m[0m
[  66% ] [90m[1m_update_scan_actions[22m | dialog_ic_close_normal_holo_light.png[39m[0m
[  66% ] [90m[1m_update_scan_actions[22m | dialog_ic_close_pressed_holo_dark.png[39m[0m
[  66% ] [90m[1m_update_scan_actions[22m | dialog_ic_close_pressed_holo_light.png[39m[0m
[  66% ] [90m[1m_update_scan_actions[22m | dialog_middle_holo_dark.9.png[39m[0m
[  66% ] [90m[1m_update_scan_actions[22m | dialog_middle_holo_light.9.png[39m[0m
[  66% ] [90m[1m_update_scan_actions[22m | dialog_top_holo_dark.9.png[39m[0m
[  66% ] [90m[1m_update_scan_actions[22m | dialog_top_holo_light.9.png[39m[0m
[  66% ] [90m[1m_update_scan_actions[22m | divider_horizontal_bright.9.png[39m[0m
[  66% ] [90m[1m_update_scan_actions[22m | divider_horizontal_bright_opaque.9.png[39m[0m
[  66% ] [90m[1m_update_scan_actions[22m | divider_horizontal_dark.9.png[39m[0m
[  66% ] [90m[1m_update_scan_actions[22m | divider_horizontal_dark_opaque.9.png[39m[0m
[  66% ] [90m[1m_update_scan_actions[22m | divider_horizontal_dim_dark.9.png[39m[0m
[  66% ] [90m[1m_update_scan_actions[22m | divider_horizontal_holo_dark.9.png[39m[0m
[  66% ] [90m[1m_update_scan_actions[22m | divider_horizontal_holo_light.9.png[39m[0m
[  66% ] [90m[1m_update_scan_actions[22m | divider_horizontal_textfield.9.png[39m[0m
[  66% ] [90m[1m_update_scan_actions[22m | divider_vertical_bright.9.png[39m[0m
[  66% ] [90m[1m_update_scan_actions[22m | divider_vertical_bright_opaque.9.png[39m[0m
[  66% ] [90m[1m_update_scan_actions[22m | divider_vertical_dark.9.png[39m[0m
[  66% ] [90m[1m_update_scan_actions[22m | divider_vertical_dark_opaque.9.png[39m[0m
[  66% ] [90m[1m_update_scan_actions[22m | divider_vertical_holo_dark.9.png[39m[0m
[  66% ] [90m[1m_update_scan_actions[22m | divider_vertical_holo_light.9.png[39m[0m
[  66% ] [90m[1m_update_scan_actions[22m | dropdown_disabled_focused_holo_dark.9.png[39m[0m
[  66% ] [90m[1m_update_scan_actions[22m | dropdown_disabled_focused_holo_light.9.png[39m[0m
[  66% ] [90m[1m_update_scan_actions[22m | dropdown_disabled_holo_dark.9.png[39m[0m
[  66% ] [90m[1m_update_scan_actions[22m | dropdown_disabled_holo_light.9.png[39m[0m
[  66% ] [90m[1m_update_scan_actions[22m | dropdown_focused_holo_dark.9.png[39m[0m
[  66% ] [90m[1m_update_scan_actions[22m | dropdown_focused_holo_light.9.png[39m[0m
[  66% ] [90m[1m_update_scan_actions[22m | dropdown_ic_arrow_disabled_focused_holo_dark.png[39m[0m
[  66% ] [90m[1m_update_scan_actions[22m | dropdown_ic_arrow_disabled_focused_holo_light.png[39m[0m
[  66% ] [90m[1m_update_scan_actions[22m | dropdown_ic_arrow_disabled_holo_dark.png[39m[0m
[  66% ] [90m[1m_update_scan_actions[22m | dropdown_ic_arrow_disabled_holo_light.png[39m[0m
[  66% ] [90m[1m_update_scan_actions[22m | dropdown_ic_arrow_focused_holo_light.png[39m[0m
[  66% ] [90m[1m_update_scan_actions[22m | dropdown_ic_arrow_normal_holo_dark.png[39m[0m
[  66% ] [90m[1m_update_scan_actions[22m | dropdown_ic_arrow_normal_holo_light.png[39m[0m
[  66% ] [90m[1m_update_scan_actions[22m | dropdown_ic_arrow_pressed_holo_light.png[39m[0m
[  66% ] [90m[1m_update_scan_actions[22m | dropdown_normal_holo_dark.9.png[39m[0m
[  66% ] [90m[1m_update_scan_actions[22m | dropdown_normal_holo_light.9.png[39m[0m
[  66% ] [90m[1m_update_scan_actions[22m | dropdown_pressed_holo_dark.9.png[39m[0m
[  66% ] [90m[1m_update_scan_actions[22m | dropdown_pressed_holo_light.9.png[39m[0m
[  66% ] [90m[1m_update_scan_actions[22m | editbox_background_focus_yellow.9.png[39m[0m
[  66% ] [90m[1m_update_scan_actions[22m | editbox_background_normal.9.png[39m[0m
[  66% ] [90m[1m_update_scan_actions[22m | editbox_dropdown_background.9.png[39m[0m
[  66% ] [90m[1m_update_scan_actions[22m | editbox_dropdown_background_dark.9.png[39m[0m
[  66% ] [90m[1m_update_scan_actions[22m | edit_query.png[39m[0m
[  66% ] [90m[1m_update_scan_actions[22m | edit_query_background_normal.9.png[39m[0m
[  66% ] [90m[1m_update_scan_actions[22m | edit_query_background_pressed.9.png[39m[0m
[  66% ] [90m[1m_update_scan_actions[22m | edit_query_background_selected.9.png[39m[0m
[  66% ] [90m[1m_update_scan_actions[22m | emo_im_angel.png[39m[0m
[  66% ] [90m[1m_update_scan_actions[22m | emo_im_cool.png[39m[0m
[  66% ] [90m[1m_update_scan_actions[22m | emo_im_crying.png[39m[0m
[  66% ] [90m[1m_update_scan_actions[22m | emo_im_embarrassed.png[39m[0m
[  66% ] [90m[1m_update_scan_actions[22m | emo_im_foot_in_mouth.png[39m[0m
[  66% ] [90m[1m_update_scan_actions[22m | emo_im_happy.png[39m[0m
[  66% ] [90m[1m_update_scan_actions[22m | emo_im_kissing.png[39m[0m
[  66% ] [90m[1m_update_scan_actions[22m | emo_im_laughing.png[39m[0m
[  66% ] [90m[1m_update_scan_actions[22m | emo_im_lips_are_sealed.png[39m[0m
[  66% ] [90m[1m_update_scan_actions[22m | emo_im_money_mouth.png[39m[0m
[  66% ] [90m[1m_update_scan_actions[22m | emo_im_sad.png[39m[0m
[  66% ] [90m[1m_update_scan_actions[22m | emo_im_surprised.png[39m[0m
[  66% ] [90m[1m_update_scan_actions[22m | emo_im_tongue_sticking_out.png[39m[0m
[  66% ] [90m[1m_update_scan_actions[22m | emo_im_undecided.png[39m[0m
[  66% ] [90m[1m_update_scan_actions[22m | emo_im_winking.png[39m[0m
[  66% ] [90m[1m_update_scan_actions[22m | emo_im_wtf.png[39m[0m
[  66% ] [90m[1m_update_scan_actions[22m | emo_im_yelling.png[39m[0m
[  67% ] [90m[1m_update_scan_actions[22m | expander_close_holo_dark.9.png[39m[0m
[  67% ] [90m[1m_update_scan_actions[22m | expander_close_holo_light.9.png[39m[0m
[  67% ] [90m[1m_update_scan_actions[22m | expander_close_mtrl_alpha.9.png[39m[0m
[  67% ] [90m[1m_update_scan_actions[22m | expander_ic_maximized.9.png[39m[0m
[  67% ] [90m[1m_update_scan_actions[22m | expander_ic_minimized.9.png[39m[0m
[  67% ] [90m[1m_update_scan_actions[22m | expander_open_holo_dark.9.png[39m[0m
[  67% ] [90m[1m_update_scan_actions[22m | expander_open_holo_light.9.png[39m[0m
[  67% ] [90m[1m_update_scan_actions[22m | expander_open_mtrl_alpha.9.png[39m[0m
[  67% ] [90m[1m_update_scan_actions[22m | fastscroll_label_left_holo_dark.9.png[39m[0m
[  67% ] [90m[1m_update_scan_actions[22m | fastscroll_label_left_holo_light.9.png[39m[0m
[  67% ] [90m[1m_update_scan_actions[22m | fastscroll_label_right_holo_dark.9.png[39m[0m
[  67% ] [90m[1m_update_scan_actions[22m | fastscroll_label_right_holo_light.9.png[39m[0m
[  67% ] [90m[1m_update_scan_actions[22m | fastscroll_thumb_default_holo.png[39m[0m
[  67% ] [90m[1m_update_scan_actions[22m | fastscroll_thumb_pressed_holo.png[39m[0m
[  67% ] [90m[1m_update_scan_actions[22m | fastscroll_track_default_holo_dark.9.png[39m[0m
[  67% ] [90m[1m_update_scan_actions[22m | fastscroll_track_default_holo_light.9.png[39m[0m
[  67% ] [90m[1m_update_scan_actions[22m | fastscroll_track_pressed_holo_dark.9.png[39m[0m
[  67% ] [90m[1m_update_scan_actions[22m | fastscroll_track_pressed_holo_light.9.png[39m[0m
[  67% ] [90m[1m_update_scan_actions[22m | focused_application_background_static.png[39m[0m
[  67% ] [90m[1m_update_scan_actions[22m | frame_gallery_thumb.9.png[39m[0m
[  67% ] [90m[1m_update_scan_actions[22m | frame_gallery_thumb_pressed.9.png[39m[0m
[  67% ] [90m[1m_update_scan_actions[22m | frame_gallery_thumb_selected.9.png[39m[0m
[  67% ] [90m[1m_update_scan_actions[22m | gallery_selected_default.9.png[39m[0m
[  67% ] [90m[1m_update_scan_actions[22m | gallery_selected_focused.9.png[39m[0m
[  67% ] [90m[1m_update_scan_actions[22m | gallery_selected_pressed.9.png[39m[0m
[  67% ] [90m[1m_update_scan_actions[22m | gallery_unselected_default.9.png[39m[0m
[  67% ] [90m[1m_update_scan_actions[22m | gallery_unselected_pressed.9.png[39m[0m
[  67% ] [90m[1m_update_scan_actions[22m | grid_selector_background_focus.9.png[39m[0m
[  67% ] [90m[1m_update_scan_actions[22m | grid_selector_background_pressed.9.png[39m[0m
[  67% ] [90m[1m_update_scan_actions[22m | highlight_disabled.9.png[39m[0m
[  67% ] [90m[1m_update_scan_actions[22m | highlight_pressed.9.png[39m[0m
[  67% ] [90m[1m_update_scan_actions[22m | highlight_selected.9.png[39m[0m
[  67% ] [90m[1m_update_scan_actions[22m | icon_highlight_rectangle.9.png[39m[0m
[  67% ] [90m[1m_update_scan_actions[22m | icon_highlight_square.9.png[39m[0m
[  67% ] [90m[1m_update_scan_actions[22m | ic_ab_back_holo_dark_am.png[39m[0m
[  67% ] [90m[1m_update_scan_actions[22m | ic_ab_back_holo_light_am.png[39m[0m
[  67% ] [90m[1m_update_scan_actions[22m | ic_aggregated.png[39m[0m
[  67% ] [90m[1m_update_scan_actions[22m | ic_audio_notification_am_alpha.png[39m[0m
[  67% ] [90m[1m_update_scan_actions[22m | ic_audio_notification_mute_am_alpha.png[39m[0m
[  67% ] [90m[1m_update_scan_actions[22m | ic_btn_round_more_disabled.png[39m[0m
[  67% ] [90m[1m_update_scan_actions[22m | ic_btn_round_more_normal.png[39m[0m
[  67% ] [90m[1m_update_scan_actions[22m | ic_btn_search_go.png[39m[0m
[  67% ] [90m[1m_update_scan_actions[22m | ic_btn_speak_now.png[39m[0m
[  67% ] [90m[1m_update_scan_actions[22m | ic_btn_square_browser_zoom_fit_page_disabled.png[39m[0m
[  67% ] [90m[1m_update_scan_actions[22m | ic_btn_square_browser_zoom_fit_page_normal.png[39m[0m
[  67% ] [90m[1m_update_scan_actions[22m | ic_btn_square_browser_zoom_page_overview_disabled.png[39m[0m
[  67% ] [90m[1m_update_scan_actions[22m | ic_btn_square_browser_zoom_page_overview_normal.png[39m[0m
[  67% ] [90m[1m_update_scan_actions[22m | ic_bullet_key_permission.png[39m[0m
[  67% ] [90m[1m_update_scan_actions[22m | ic_cab_done_holo.png[39m[0m
[  67% ] [90m[1m_update_scan_actions[22m | ic_cab_done_holo_dark.png[39m[0m
[  67% ] [90m[1m_update_scan_actions[22m | ic_cab_done_holo_light.png[39m[0m
[  67% ] [90m[1m_update_scan_actions[22m | ic_cab_done_mtrl_alpha.png[39m[0m
[  67% ] [90m[1m_update_scan_actions[22m | ic_checkmark_holo_light.png[39m[0m
[  67% ] [90m[1m_update_scan_actions[22m | ic_clear_disabled.png[39m[0m
[  67% ] [90m[1m_update_scan_actions[22m | ic_clear_search_api_disabled_holo_dark.png[39m[0m
[  67% ] [90m[1m_update_scan_actions[22m | ic_clear_search_api_disabled_holo_light.png[39m[0m
[  67% ] [90m[1m_update_scan_actions[22m | ic_clear_search_api_holo_dark.png[39m[0m
[  67% ] [90m[1m_update_scan_actions[22m | ic_clear_search_api_holo_light.png[39m[0m
[  67% ] [90m[1m_update_scan_actions[22m | ic_coins_l.png[39m[0m
[  67% ] [90m[1m_update_scan_actions[22m | ic_coins_s.png[39m[0m
[  67% ] [90m[1m_update_scan_actions[22m | ic_commit.png[39m[0m
[  67% ] [90m[1m_update_scan_actions[22m | ic_commit_search_api_holo_dark.png[39m[0m
[  67% ] [90m[1m_update_scan_actions[22m | ic_commit_search_api_holo_light.png[39m[0m
[  67% ] [90m[1m_update_scan_actions[22m | ic_commit_search_api_mtrl_alpha.png[39m[0m
[  67% ] [90m[1m_update_scan_actions[22m | ic_contact_picture.png[39m[0m
[  67% ] [90m[1m_update_scan_actions[22m | ic_contact_picture_2.png[39m[0m
[  67% ] [90m[1m_update_scan_actions[22m | ic_contact_picture_3.png[39m[0m
[  67% ] [90m[1m_update_scan_actions[22m | ic_delete.png[39m[0m
[  67% ] [90m[1m_update_scan_actions[22m | ic_dialog_alert.png[39m[0m
[  68% ] [90m[1m_update_scan_actions[22m | ic_dialog_alert_holo_dark.png[39m[0m
[  68% ] [90m[1m_update_scan_actions[22m | ic_dialog_alert_holo_light.png[39m[0m
[  68% ] [90m[1m_update_scan_actions[22m | ic_dialog_close_normal_holo.png[39m[0m
[  68% ] [90m[1m_update_scan_actions[22m | ic_dialog_close_pressed_holo.png[39m[0m
[  68% ] [90m[1m_update_scan_actions[22m | ic_dialog_dialer.png[39m[0m
[  68% ] [90m[1m_update_scan_actions[22m | ic_dialog_email.png[39m[0m
[  68% ] [90m[1m_update_scan_actions[22m | ic_dialog_focused_holo.png[39m[0m
[  68% ] [90m[1m_update_scan_actions[22m | ic_dialog_info.png[39m[0m
[  68% ] [90m[1m_update_scan_actions[22m | ic_dialog_map.png[39m[0m
[  68% ] [90m[1m_update_scan_actions[22m | ic_dialog_time.png[39m[0m
[  68% ] [90m[1m_update_scan_actions[22m | ic_dialog_usb.png[39m[0m
[  68% ] [90m[1m_update_scan_actions[22m | ic_emergency.png[39m[0m
[  68% ] [90m[1m_update_scan_actions[22m | ic_find_next_holo_dark.png[39m[0m
[  68% ] [90m[1m_update_scan_actions[22m | ic_find_next_holo_light.png[39m[0m
[  68% ] [90m[1m_update_scan_actions[22m | ic_find_next_mtrl_alpha.png[39m[0m
[  68% ] [90m[1m_update_scan_actions[22m | ic_find_previous_holo_dark.png[39m[0m
[  68% ] [90m[1m_update_scan_actions[22m | ic_find_previous_holo_light.png[39m[0m
[  68% ] [90m[1m_update_scan_actions[22m | ic_find_previous_mtrl_alpha.png[39m[0m
[  68% ] [90m[1m_update_scan_actions[22m | ic_go.png[39m[0m
[  68% ] [90m[1m_update_scan_actions[22m | ic_go_search_api_holo_dark.png[39m[0m
[  68% ] [90m[1m_update_scan_actions[22m | ic_go_search_api_holo_light.png[39m[0m
[  68% ] [90m[1m_update_scan_actions[22m | ic_input_add.png[39m[0m
[  68% ] [90m[1m_update_scan_actions[22m | ic_input_delete.png[39m[0m
[  68% ] [90m[1m_update_scan_actions[22m | ic_input_get.png[39m[0m
[  68% ] [90m[1m_update_scan_actions[22m | ic_jog_dial_answer.png[39m[0m
[  68% ] [90m[1m_update_scan_actions[22m | ic_jog_dial_answer_and_end.png[39m[0m
[  68% ] [90m[1m_update_scan_actions[22m | ic_jog_dial_answer_and_hold.png[39m[0m
[  68% ] [90m[1m_update_scan_actions[22m | ic_jog_dial_decline.png[39m[0m
[  68% ] [90m[1m_update_scan_actions[22m | ic_jog_dial_sound_off.png[39m[0m
[  68% ] [90m[1m_update_scan_actions[22m | ic_jog_dial_sound_on.png[39m[0m
[  68% ] [90m[1m_update_scan_actions[22m | ic_jog_dial_unlock.png[39m[0m
[  68% ] [90m[1m_update_scan_actions[22m | ic_jog_dial_vibrate_on.png[39m[0m
[  68% ] [90m[1m_update_scan_actions[22m | ic_launcher_android.png[39m[0m
[  68% ] [90m[1m_update_scan_actions[22m | ic_lockscreen_handle_pressed.png[39m[0m
[  68% ] [90m[1m_update_scan_actions[22m | ic_lock_airplane_mode_alpha.png[39m[0m
[  68% ] [90m[1m_update_scan_actions[22m | ic_lock_airplane_mode_off_am_alpha.png[39m[0m
[  68% ] [90m[1m_update_scan_actions[22m | ic_lock_idle_alarm_alpha.png[39m[0m
[  68% ] [90m[1m_update_scan_actions[22m | ic_lock_idle_charging.png[39m[0m
[  68% ] [90m[1m_update_scan_actions[22m | ic_lock_idle_lock.png[39m[0m
[  68% ] [90m[1m_update_scan_actions[22m | ic_lock_idle_low_battery.png[39m[0m
[  68% ] [90m[1m_update_scan_actions[22m | ic_lock_lock_alpha.png[39m[0m
[  68% ] [90m[1m_update_scan_actions[22m | ic_lock_open_wht_24dp.png[39m[0m
[  68% ] [90m[1m_update_scan_actions[22m | ic_lock_outline_wht_24dp.png[39m[0m
[  68% ] [90m[1m_update_scan_actions[22m | ic_lock_power_off_alpha.png[39m[0m
[  68% ] [90m[1m_update_scan_actions[22m | ic_lock_ringer_off_alpha.png[39m[0m
[  68% ] [90m[1m_update_scan_actions[22m | ic_lock_ringer_on_alpha.png[39m[0m
[  68% ] [90m[1m_update_scan_actions[22m | ic_lock_silent_mode.png[39m[0m
[  68% ] [90m[1m_update_scan_actions[22m | ic_lock_silent_mode_off.png[39m[0m
[  68% ] [90m[1m_update_scan_actions[22m | ic_lock_silent_mode_vibrate.png[39m[0m
[  68% ] [90m[1m_update_scan_actions[22m | ic_maps_indicator_current_position.png[39m[0m
[  68% ] [90m[1m_update_scan_actions[22m | ic_maps_indicator_current_position_anim1.png[39m[0m
[  68% ] [90m[1m_update_scan_actions[22m | ic_maps_indicator_current_position_anim2.png[39m[0m
[  68% ] [90m[1m_update_scan_actions[22m | ic_maps_indicator_current_position_anim3.png[39m[0m
[  68% ] [90m[1m_update_scan_actions[22m | ic_media_embed_play.png[39m[0m
[  68% ] [90m[1m_update_scan_actions[22m | ic_media_ff.png[39m[0m
[  68% ] [90m[1m_update_scan_actions[22m | ic_media_fullscreen.png[39m[0m
[  68% ] [90m[1m_update_scan_actions[22m | ic_media_next.png[39m[0m
[  68% ] [90m[1m_update_scan_actions[22m | ic_media_pause.png[39m[0m
[  68% ] [90m[1m_update_scan_actions[22m | ic_media_play.png[39m[0m
[  68% ] [90m[1m_update_scan_actions[22m | ic_media_previous.png[39m[0m
[  68% ] [90m[1m_update_scan_actions[22m | ic_media_rew.png[39m[0m
[  68% ] [90m[1m_update_scan_actions[22m | ic_media_route_connected_dark_00_mtrl.png[39m[0m
[  68% ] [90m[1m_update_scan_actions[22m | ic_media_route_connected_dark_01_mtrl.png[39m[0m
[  68% ] [90m[1m_update_scan_actions[22m | ic_media_route_connected_dark_02_mtrl.png[39m[0m
[  68% ] [90m[1m_update_scan_actions[22m | ic_media_route_connected_dark_03_mtrl.png[39m[0m
[  68% ] [90m[1m_update_scan_actions[22m | ic_media_route_connected_dark_04_mtrl.png[39m[0m
[  68% ] [90m[1m_update_scan_actions[22m | ic_media_route_connected_dark_05_mtrl.png[39m[0m
[  68% ] [90m[1m_update_scan_actions[22m | ic_media_route_connected_dark_06_mtrl.png[39m[0m
[  69% ] [90m[1m_update_scan_actions[22m | ic_media_route_connected_dark_07_mtrl.png[39m[0m
[  69% ] [90m[1m_update_scan_actions[22m | ic_media_route_connected_dark_08_mtrl.png[39m[0m
[  69% ] [90m[1m_update_scan_actions[22m | ic_media_route_connected_dark_09_mtrl.png[39m[0m
[  69% ] [90m[1m_update_scan_actions[22m | ic_media_route_connected_dark_10_mtrl.png[39m[0m
[  69% ] [90m[1m_update_scan_actions[22m | ic_media_route_connected_dark_11_mtrl.png[39m[0m
[  69% ] [90m[1m_update_scan_actions[22m | ic_media_route_connected_dark_12_mtrl.png[39m[0m
[  69% ] [90m[1m_update_scan_actions[22m | ic_media_route_connected_dark_13_mtrl.png[39m[0m
[  69% ] [90m[1m_update_scan_actions[22m | ic_media_route_connected_dark_14_mtrl.png[39m[0m
[  69% ] [90m[1m_update_scan_actions[22m | ic_media_route_connected_dark_15_mtrl.png[39m[0m
[  69% ] [90m[1m_update_scan_actions[22m | ic_media_route_connected_dark_16_mtrl.png[39m[0m
[  69% ] [90m[1m_update_scan_actions[22m | ic_media_route_connected_dark_17_mtrl.png[39m[0m
[  69% ] [90m[1m_update_scan_actions[22m | ic_media_route_connected_dark_18_mtrl.png[39m[0m
[  69% ] [90m[1m_update_scan_actions[22m | ic_media_route_connected_dark_19_mtrl.png[39m[0m
[  69% ] [90m[1m_update_scan_actions[22m | ic_media_route_connected_dark_20_mtrl.png[39m[0m
[  69% ] [90m[1m_update_scan_actions[22m | ic_media_route_connected_dark_21_mtrl.png[39m[0m
[  69% ] [90m[1m_update_scan_actions[22m | ic_media_route_connected_dark_22_mtrl.png[39m[0m
[  69% ] [90m[1m_update_scan_actions[22m | ic_media_route_connected_dark_23_mtrl.png[39m[0m
[  69% ] [90m[1m_update_scan_actions[22m | ic_media_route_connected_dark_24_mtrl.png[39m[0m
[  69% ] [90m[1m_update_scan_actions[22m | ic_media_route_connected_dark_25_mtrl.png[39m[0m
[  69% ] [90m[1m_update_scan_actions[22m | ic_media_route_connected_dark_26_mtrl.png[39m[0m
[  69% ] [90m[1m_update_scan_actions[22m | ic_media_route_connected_dark_27_mtrl.png[39m[0m
[  69% ] [90m[1m_update_scan_actions[22m | ic_media_route_connected_dark_28_mtrl.png[39m[0m
[  69% ] [90m[1m_update_scan_actions[22m | ic_media_route_connected_dark_29_mtrl.png[39m[0m
[  69% ] [90m[1m_update_scan_actions[22m | ic_media_route_connected_dark_30_mtrl.png[39m[0m
[  69% ] [90m[1m_update_scan_actions[22m | ic_media_route_connected_light_00_mtrl.png[39m[0m
[  69% ] [90m[1m_update_scan_actions[22m | ic_media_route_connected_light_01_mtrl.png[39m[0m
[  69% ] [90m[1m_update_scan_actions[22m | ic_media_route_connected_light_02_mtrl.png[39m[0m
[  69% ] [90m[1m_update_scan_actions[22m | ic_media_route_connected_light_03_mtrl.png[39m[0m
[  69% ] [90m[1m_update_scan_actions[22m | ic_media_route_connected_light_04_mtrl.png[39m[0m
[  69% ] [90m[1m_update_scan_actions[22m | ic_media_route_connected_light_05_mtrl.png[39m[0m
[  69% ] [90m[1m_update_scan_actions[22m | ic_media_route_connected_light_06_mtrl.png[39m[0m
[  69% ] [90m[1m_update_scan_actions[22m | ic_media_route_connected_light_07_mtrl.png[39m[0m
[  69% ] [90m[1m_update_scan_actions[22m | ic_media_route_connected_light_08_mtrl.png[39m[0m
[  69% ] [90m[1m_update_scan_actions[22m | ic_media_route_connected_light_09_mtrl.png[39m[0m
[  69% ] [90m[1m_update_scan_actions[22m | ic_media_route_connected_light_10_mtrl.png[39m[0m
[  69% ] [90m[1m_update_scan_actions[22m | ic_media_route_connected_light_11_mtrl.png[39m[0m
[  69% ] [90m[1m_update_scan_actions[22m | ic_media_route_connected_light_12_mtrl.png[39m[0m
[  69% ] [90m[1m_update_scan_actions[22m | ic_media_route_connected_light_13_mtrl.png[39m[0m
[  69% ] [90m[1m_update_scan_actions[22m | ic_media_route_connected_light_14_mtrl.png[39m[0m
[  69% ] [90m[1m_update_scan_actions[22m | ic_media_route_connected_light_15_mtrl.png[39m[0m
[  69% ] [90m[1m_update_scan_actions[22m | ic_media_route_connected_light_16_mtrl.png[39m[0m
[  69% ] [90m[1m_update_scan_actions[22m | ic_media_route_connected_light_17_mtrl.png[39m[0m
[  69% ] [90m[1m_update_scan_actions[22m | ic_media_route_connected_light_18_mtrl.png[39m[0m
[  69% ] [90m[1m_update_scan_actions[22m | ic_media_route_connected_light_19_mtrl.png[39m[0m
[  69% ] [90m[1m_update_scan_actions[22m | ic_media_route_connected_light_20_mtrl.png[39m[0m
[  69% ] [90m[1m_update_scan_actions[22m | ic_media_route_connected_light_21_mtrl.png[39m[0m
[  69% ] [90m[1m_update_scan_actions[22m | ic_media_route_connected_light_22_mtrl.png[39m[0m
[  69% ] [90m[1m_update_scan_actions[22m | ic_media_route_connected_light_23_mtrl.png[39m[0m
[  69% ] [90m[1m_update_scan_actions[22m | ic_media_route_connected_light_24_mtrl.png[39m[0m
[  69% ] [90m[1m_update_scan_actions[22m | ic_media_route_connected_light_25_mtrl.png[39m[0m
[  69% ] [90m[1m_update_scan_actions[22m | ic_media_route_connected_light_26_mtrl.png[39m[0m
[  69% ] [90m[1m_update_scan_actions[22m | ic_media_route_connected_light_27_mtrl.png[39m[0m
[  69% ] [90m[1m_update_scan_actions[22m | ic_media_route_connected_light_28_mtrl.png[39m[0m
[  69% ] [90m[1m_update_scan_actions[22m | ic_media_route_connected_light_29_mtrl.png[39m[0m
[  69% ] [90m[1m_update_scan_actions[22m | ic_media_route_connected_light_30_mtrl.png[39m[0m
[  69% ] [90m[1m_update_scan_actions[22m | ic_media_route_connecting_dark_00_mtrl.png[39m[0m
[  69% ] [90m[1m_update_scan_actions[22m | ic_media_route_connecting_dark_01_mtrl.png[39m[0m
[  69% ] [90m[1m_update_scan_actions[22m | ic_media_route_connecting_dark_02_mtrl.png[39m[0m
[  69% ] [90m[1m_update_scan_actions[22m | ic_media_route_connecting_dark_03_mtrl.png[39m[0m
[  69% ] [90m[1m_update_scan_actions[22m | ic_media_route_connecting_dark_04_mtrl.png[39m[0m
[  69% ] [90m[1m_update_scan_actions[22m | ic_media_route_connecting_dark_05_mtrl.png[39m[0m
[  69% ] [90m[1m_update_scan_actions[22m | ic_media_route_connecting_dark_06_mtrl.png[39m[0m
[  69% ] [90m[1m_update_scan_actions[22m | ic_media_route_connecting_dark_07_mtrl.png[39m[0m
[  69% ] [90m[1m_update_scan_actions[22m | ic_media_route_connecting_dark_08_mtrl.png[39m[0m
[  69% ] [90m[1m_update_scan_actions[22m | ic_media_route_connecting_dark_09_mtrl.png[39m[0m
[  69% ] [90m[1m_update_scan_actions[22m | ic_media_route_connecting_dark_10_mtrl.png[39m[0m
[  69% ] [90m[1m_update_scan_actions[22m | ic_media_route_connecting_dark_11_mtrl.png[39m[0m
[  69% ] [90m[1m_update_scan_actions[22m | ic_media_route_connecting_dark_12_mtrl.png[39m[0m
[  70% ] [90m[1m_update_scan_actions[22m | ic_media_route_connecting_dark_13_mtrl.png[39m[0m
[  70% ] [90m[1m_update_scan_actions[22m | ic_media_route_connecting_dark_14_mtrl.png[39m[0m
[  70% ] [90m[1m_update_scan_actions[22m | ic_media_route_connecting_dark_15_mtrl.png[39m[0m
[  70% ] [90m[1m_update_scan_actions[22m | ic_media_route_connecting_dark_16_mtrl.png[39m[0m
[  70% ] [90m[1m_update_scan_actions[22m | ic_media_route_connecting_dark_17_mtrl.png[39m[0m
[  70% ] [90m[1m_update_scan_actions[22m | ic_media_route_connecting_dark_18_mtrl.png[39m[0m
[  70% ] [90m[1m_update_scan_actions[22m | ic_media_route_connecting_dark_19_mtrl.png[39m[0m
[  70% ] [90m[1m_update_scan_actions[22m | ic_media_route_connecting_dark_20_mtrl.png[39m[0m
[  70% ] [90m[1m_update_scan_actions[22m | ic_media_route_connecting_dark_21_mtrl.png[39m[0m
[  70% ] [90m[1m_update_scan_actions[22m | ic_media_route_connecting_dark_22_mtrl.png[39m[0m
[  70% ] [90m[1m_update_scan_actions[22m | ic_media_route_connecting_dark_23_mtrl.png[39m[0m
[  70% ] [90m[1m_update_scan_actions[22m | ic_media_route_connecting_dark_24_mtrl.png[39m[0m
[  70% ] [90m[1m_update_scan_actions[22m | ic_media_route_connecting_dark_25_mtrl.png[39m[0m
[  70% ] [90m[1m_update_scan_actions[22m | ic_media_route_connecting_dark_26_mtrl.png[39m[0m
[  70% ] [90m[1m_update_scan_actions[22m | ic_media_route_connecting_dark_27_mtrl.png[39m[0m
[  70% ] [90m[1m_update_scan_actions[22m | ic_media_route_connecting_dark_28_mtrl.png[39m[0m
[  70% ] [90m[1m_update_scan_actions[22m | ic_media_route_connecting_dark_29_mtrl.png[39m[0m
[  70% ] [90m[1m_update_scan_actions[22m | ic_media_route_connecting_dark_30_mtrl.png[39m[0m
[  70% ] [90m[1m_update_scan_actions[22m | ic_media_route_connecting_light_00_mtrl.png[39m[0m
[  70% ] [90m[1m_update_scan_actions[22m | ic_media_route_connecting_light_01_mtrl.png[39m[0m
[  70% ] [90m[1m_update_scan_actions[22m | ic_media_route_connecting_light_02_mtrl.png[39m[0m
[  70% ] [90m[1m_update_scan_actions[22m | ic_media_route_connecting_light_03_mtrl.png[39m[0m
[  70% ] [90m[1m_update_scan_actions[22m | ic_media_route_connecting_light_04_mtrl.png[39m[0m
[  70% ] [90m[1m_update_scan_actions[22m | ic_media_route_connecting_light_05_mtrl.png[39m[0m
[  70% ] [90m[1m_update_scan_actions[22m | ic_media_route_connecting_light_06_mtrl.png[39m[0m
[  70% ] [90m[1m_update_scan_actions[22m | ic_media_route_connecting_light_07_mtrl.png[39m[0m
[  70% ] [90m[1m_update_scan_actions[22m | ic_media_route_connecting_light_08_mtrl.png[39m[0m
[  70% ] [90m[1m_update_scan_actions[22m | ic_media_route_connecting_light_09_mtrl.png[39m[0m
[  70% ] [90m[1m_update_scan_actions[22m | ic_media_route_connecting_light_10_mtrl.png[39m[0m
[  70% ] [90m[1m_update_scan_actions[22m | ic_media_route_connecting_light_11_mtrl.png[39m[0m
[  70% ] [90m[1m_update_scan_actions[22m | ic_media_route_connecting_light_12_mtrl.png[39m[0m
[  70% ] [90m[1m_update_scan_actions[22m | ic_media_route_connecting_light_13_mtrl.png[39m[0m
[  70% ] [90m[1m_update_scan_actions[22m | ic_media_route_connecting_light_14_mtrl.png[39m[0m
[  70% ] [90m[1m_update_scan_actions[22m | ic_media_route_connecting_light_15_mtrl.png[39m[0m
[  70% ] [90m[1m_update_scan_actions[22m | ic_media_route_connecting_light_16_mtrl.png[39m[0m
[  70% ] [90m[1m_update_scan_actions[22m | ic_media_route_connecting_light_17_mtrl.png[39m[0m
[  70% ] [90m[1m_update_scan_actions[22m | ic_media_route_connecting_light_18_mtrl.png[39m[0m
[  70% ] [90m[1m_update_scan_actions[22m | ic_media_route_connecting_light_19_mtrl.png[39m[0m
[  70% ] [90m[1m_update_scan_actions[22m | ic_media_route_connecting_light_20_mtrl.png[39m[0m
[  70% ] [90m[1m_update_scan_actions[22m | ic_media_route_connecting_light_21_mtrl.png[39m[0m
[  70% ] [90m[1m_update_scan_actions[22m | ic_media_route_connecting_light_22_mtrl.png[39m[0m
[  70% ] [90m[1m_update_scan_actions[22m | ic_media_route_connecting_light_23_mtrl.png[39m[0m
[  70% ] [90m[1m_update_scan_actions[22m | ic_media_route_connecting_light_24_mtrl.png[39m[0m
[  70% ] [90m[1m_update_scan_actions[22m | ic_media_route_connecting_light_25_mtrl.png[39m[0m
[  70% ] [90m[1m_update_scan_actions[22m | ic_media_route_connecting_light_26_mtrl.png[39m[0m
[  70% ] [90m[1m_update_scan_actions[22m | ic_media_route_connecting_light_27_mtrl.png[39m[0m
[  70% ] [90m[1m_update_scan_actions[22m | ic_media_route_connecting_light_28_mtrl.png[39m[0m
[  70% ] [90m[1m_update_scan_actions[22m | ic_media_route_connecting_light_29_mtrl.png[39m[0m
[  70% ] [90m[1m_update_scan_actions[22m | ic_media_route_connecting_light_30_mtrl.png[39m[0m
[  70% ] [90m[1m_update_scan_actions[22m | ic_media_route_disabled_holo_dark.png[39m[0m
[  70% ] [90m[1m_update_scan_actions[22m | ic_media_route_disabled_holo_light.png[39m[0m
[  70% ] [90m[1m_update_scan_actions[22m | ic_media_route_disabled_mtrl_alpha.png[39m[0m
[  70% ] [90m[1m_update_scan_actions[22m | ic_media_route_off_dark_mtrl.png[39m[0m
[  70% ] [90m[1m_update_scan_actions[22m | ic_media_route_off_holo_dark.png[39m[0m
[  70% ] [90m[1m_update_scan_actions[22m | ic_media_route_off_holo_light.png[39m[0m
[  70% ] [90m[1m_update_scan_actions[22m | ic_media_route_off_light_mtrl.png[39m[0m
[  70% ] [90m[1m_update_scan_actions[22m | ic_media_route_on_0_holo_dark.png[39m[0m
[  70% ] [90m[1m_update_scan_actions[22m | ic_media_route_on_0_holo_light.png[39m[0m
[  70% ] [90m[1m_update_scan_actions[22m | ic_media_route_on_1_holo_dark.png[39m[0m
[  70% ] [90m[1m_update_scan_actions[22m | ic_media_route_on_1_holo_light.png[39m[0m
[  70% ] [90m[1m_update_scan_actions[22m | ic_media_route_on_2_holo_dark.png[39m[0m
[  70% ] [90m[1m_update_scan_actions[22m | ic_media_route_on_2_holo_light.png[39m[0m
[  70% ] [90m[1m_update_scan_actions[22m | ic_media_route_on_holo_dark.png[39m[0m
[  70% ] [90m[1m_update_scan_actions[22m | ic_media_route_on_holo_light.png[39m[0m
[  70% ] [90m[1m_update_scan_actions[22m | ic_media_stop.png[39m[0m
[  70% ] [90m[1m_update_scan_actions[22m | ic_media_video_poster.png[39m[0m
[  70% ] [90m[1m_update_scan_actions[22m | ic_menu_account_list.png[39m[0m
[  70% ] [90m[1m_update_scan_actions[22m | ic_menu_add.png[39m[0m
[  70% ] [90m[1m_update_scan_actions[22m | ic_menu_agenda.png[39m[0m
[  71% ] [90m[1m_update_scan_actions[22m | ic_menu_allfriends.png[39m[0m
[  71% ] [90m[1m_update_scan_actions[22m | ic_menu_always_landscape_portrait.png[39m[0m
[  71% ] [90m[1m_update_scan_actions[22m | ic_menu_archive.png[39m[0m
[  71% ] [90m[1m_update_scan_actions[22m | ic_menu_attachment.png[39m[0m
[  71% ] [90m[1m_update_scan_actions[22m | ic_menu_back.png[39m[0m
[  71% ] [90m[1m_update_scan_actions[22m | ic_menu_block.png[39m[0m
[  71% ] [90m[1m_update_scan_actions[22m | ic_menu_blocked_user.png[39m[0m
[  71% ] [90m[1m_update_scan_actions[22m | ic_menu_btn_add.png[39m[0m
[  71% ] [90m[1m_update_scan_actions[22m | ic_menu_call.png[39m[0m
[  71% ] [90m[1m_update_scan_actions[22m | ic_menu_camera.png[39m[0m
[  71% ] [90m[1m_update_scan_actions[22m | ic_menu_cc_am.png[39m[0m
[  71% ] [90m[1m_update_scan_actions[22m | ic_menu_chat_dashboard.png[39m[0m
[  71% ] [90m[1m_update_scan_actions[22m | ic_menu_clear_playlist.png[39m[0m
[  71% ] [90m[1m_update_scan_actions[22m | ic_menu_close_clear_cancel.png[39m[0m
[  71% ] [90m[1m_update_scan_actions[22m | ic_menu_compass.png[39m[0m
[  71% ] [90m[1m_update_scan_actions[22m | ic_menu_compose.png[39m[0m
[  71% ] [90m[1m_update_scan_actions[22m | ic_menu_copy.png[39m[0m
[  71% ] [90m[1m_update_scan_actions[22m | ic_menu_copy_holo_dark.png[39m[0m
[  71% ] [90m[1m_update_scan_actions[22m | ic_menu_copy_holo_light.png[39m[0m
[  71% ] [90m[1m_update_scan_actions[22m | ic_menu_crop.png[39m[0m
[  71% ] [90m[1m_update_scan_actions[22m | ic_menu_cut.png[39m[0m
[  71% ] [90m[1m_update_scan_actions[22m | ic_menu_cut_holo_dark.png[39m[0m
[  71% ] [90m[1m_update_scan_actions[22m | ic_menu_cut_holo_light.png[39m[0m
[  71% ] [90m[1m_update_scan_actions[22m | ic_menu_day.png[39m[0m
[  71% ] [90m[1m_update_scan_actions[22m | ic_menu_delete.png[39m[0m
[  71% ] [90m[1m_update_scan_actions[22m | ic_menu_directions.png[39m[0m
[  71% ] [90m[1m_update_scan_actions[22m | ic_menu_edit.png[39m[0m
[  71% ] [90m[1m_update_scan_actions[22m | ic_menu_emoticons.png[39m[0m
[  71% ] [90m[1m_update_scan_actions[22m | ic_menu_end_conversation.png[39m[0m
[  71% ] [90m[1m_update_scan_actions[22m | ic_menu_find.png[39m[0m
[  71% ] [90m[1m_update_scan_actions[22m | ic_menu_find_holo_dark.png[39m[0m
[  71% ] [90m[1m_update_scan_actions[22m | ic_menu_find_holo_light.png[39m[0m
[  71% ] [90m[1m_update_scan_actions[22m | ic_menu_find_mtrl_alpha.png[39m[0m
[  71% ] [90m[1m_update_scan_actions[22m | ic_menu_forward.png[39m[0m
[  71% ] [90m[1m_update_scan_actions[22m | ic_menu_friendslist.png[39m[0m
[  71% ] [90m[1m_update_scan_actions[22m | ic_menu_gallery.png[39m[0m
[  71% ] [90m[1m_update_scan_actions[22m | ic_menu_goto.png[39m[0m
[  71% ] [90m[1m_update_scan_actions[22m | ic_menu_help.png[39m[0m
[  71% ] [90m[1m_update_scan_actions[22m | ic_menu_help_holo_light.png[39m[0m
[  71% ] [90m[1m_update_scan_actions[22m | ic_menu_home.png[39m[0m
[  71% ] [90m[1m_update_scan_actions[22m | ic_menu_info_details.png[39m[0m
[  71% ] [90m[1m_update_scan_actions[22m | ic_menu_invite.png[39m[0m
[  71% ] [90m[1m_update_scan_actions[22m | ic_menu_login.png[39m[0m
[  71% ] [90m[1m_update_scan_actions[22m | ic_menu_manage.png[39m[0m
[  71% ] [90m[1m_update_scan_actions[22m | ic_menu_mapmode.png[39m[0m
[  71% ] [90m[1m_update_scan_actions[22m | ic_menu_mark.png[39m[0m
[  71% ] [90m[1m_update_scan_actions[22m | ic_menu_month.png[39m[0m
[  71% ] [90m[1m_update_scan_actions[22m | ic_menu_more.png[39m[0m
[  71% ] [90m[1m_update_scan_actions[22m | ic_menu_moreoverflow.png[39m[0m
[  71% ] [90m[1m_update_scan_actions[22m | ic_menu_moreoverflow_focused_holo_dark.png[39m[0m
[  71% ] [90m[1m_update_scan_actions[22m | ic_menu_moreoverflow_focused_holo_light.png[39m[0m
[  71% ] [90m[1m_update_scan_actions[22m | ic_menu_moreoverflow_normal_holo_dark.png[39m[0m
[  71% ] [90m[1m_update_scan_actions[22m | ic_menu_moreoverflow_normal_holo_light.png[39m[0m
[  71% ] [90m[1m_update_scan_actions[22m | ic_menu_mylocation.png[39m[0m
[  71% ] [90m[1m_update_scan_actions[22m | ic_menu_myplaces.png[39m[0m
[  71% ] [90m[1m_update_scan_actions[22m | ic_menu_my_calendar.png[39m[0m
[  71% ] [90m[1m_update_scan_actions[22m | ic_menu_notifications.png[39m[0m
[  71% ] [90m[1m_update_scan_actions[22m | ic_menu_paste.png[39m[0m
[  71% ] [90m[1m_update_scan_actions[22m | ic_menu_paste_holo_dark.png[39m[0m
[  71% ] [90m[1m_update_scan_actions[22m | ic_menu_paste_holo_light.png[39m[0m
[  71% ] [90m[1m_update_scan_actions[22m | ic_menu_play_clip.png[39m[0m
[  71% ] [90m[1m_update_scan_actions[22m | ic_menu_preferences.png[39m[0m
[  71% ] [90m[1m_update_scan_actions[22m | ic_menu_recent_history.png[39m[0m
[  71% ] [90m[1m_update_scan_actions[22m | ic_menu_report_image.png[39m[0m
[  71% ] [90m[1m_update_scan_actions[22m | ic_menu_revert.png[39m[0m
[  71% ] [90m[1m_update_scan_actions[22m | ic_menu_rotate.png[39m[0m
[  71% ] [90m[1m_update_scan_actions[22m | ic_menu_save.png[39m[0m
[  71% ] [90m[1m_update_scan_actions[22m | ic_menu_search.png[39m[0m
[  72% ] [90m[1m_update_scan_actions[22m | ic_menu_search_holo_dark.png[39m[0m
[  72% ] [90m[1m_update_scan_actions[22m | ic_menu_search_holo_light.png[39m[0m
[  72% ] [90m[1m_update_scan_actions[22m | ic_menu_search_mtrl_alpha.png[39m[0m
[  72% ] [90m[1m_update_scan_actions[22m | ic_menu_selectall_holo_dark.png[39m[0m
[  72% ] [90m[1m_update_scan_actions[22m | ic_menu_selectall_holo_light.png[39m[0m
[  72% ] [90m[1m_update_scan_actions[22m | ic_menu_send.png[39m[0m
[  72% ] [90m[1m_update_scan_actions[22m | ic_menu_settings_holo_light.png[39m[0m
[  72% ] [90m[1m_update_scan_actions[22m | ic_menu_set_as.png[39m[0m
[  72% ] [90m[1m_update_scan_actions[22m | ic_menu_share.png[39m[0m
[  72% ] [90m[1m_update_scan_actions[22m | ic_menu_share_holo_dark.png[39m[0m
[  72% ] [90m[1m_update_scan_actions[22m | ic_menu_share_holo_light.png[39m[0m
[  72% ] [90m[1m_update_scan_actions[22m | ic_menu_slideshow.png[39m[0m
[  72% ] [90m[1m_update_scan_actions[22m | ic_menu_sort_alphabetically.png[39m[0m
[  72% ] [90m[1m_update_scan_actions[22m | ic_menu_sort_by_size.png[39m[0m
[  72% ] [90m[1m_update_scan_actions[22m | ic_menu_star.png[39m[0m
[  72% ] [90m[1m_update_scan_actions[22m | ic_menu_start_conversation.png[39m[0m
[  72% ] [90m[1m_update_scan_actions[22m | ic_menu_stop.png[39m[0m
[  72% ] [90m[1m_update_scan_actions[22m | ic_menu_today.png[39m[0m
[  72% ] [90m[1m_update_scan_actions[22m | ic_menu_upload.png[39m[0m
[  72% ] [90m[1m_update_scan_actions[22m | ic_menu_upload_you_tube.png[39m[0m
[  72% ] [90m[1m_update_scan_actions[22m | ic_menu_view.png[39m[0m
[  72% ] [90m[1m_update_scan_actions[22m | ic_menu_week.png[39m[0m
[  72% ] [90m[1m_update_scan_actions[22m | ic_menu_zoom.png[39m[0m
[  72% ] [90m[1m_update_scan_actions[22m | ic_notification_cast_0.png[39m[0m
[  72% ] [90m[1m_update_scan_actions[22m | ic_notification_cast_1.png[39m[0m
[  72% ] [90m[1m_update_scan_actions[22m | ic_notification_cast_2.png[39m[0m
[  72% ] [90m[1m_update_scan_actions[22m | ic_notification_clear_all.png[39m[0m
[  72% ] [90m[1m_update_scan_actions[22m | ic_notification_overlay.9.png[39m[0m
[  72% ] [90m[1m_update_scan_actions[22m | ic_partial_secure.png[39m[0m
[  72% ] [90m[1m_update_scan_actions[22m | ic_popup_disk_full.png[39m[0m
[  72% ] [90m[1m_update_scan_actions[22m | ic_popup_reminder.png[39m[0m
[  72% ] [90m[1m_update_scan_actions[22m | ic_popup_sync_1.png[39m[0m
[  72% ] [90m[1m_update_scan_actions[22m | ic_popup_sync_2.png[39m[0m
[  72% ] [90m[1m_update_scan_actions[22m | ic_popup_sync_3.png[39m[0m
[  72% ] [90m[1m_update_scan_actions[22m | ic_popup_sync_4.png[39m[0m
[  72% ] [90m[1m_update_scan_actions[22m | ic_popup_sync_5.png[39m[0m
[  72% ] [90m[1m_update_scan_actions[22m | ic_popup_sync_6.png[39m[0m
[  72% ] [90m[1m_update_scan_actions[22m | ic_search.png[39m[0m
[  72% ] [90m[1m_update_scan_actions[22m | ic_search_api_holo_dark.png[39m[0m
[  72% ] [90m[1m_update_scan_actions[22m | ic_search_api_holo_light.png[39m[0m
[  72% ] [90m[1m_update_scan_actions[22m | ic_search_category_default.png[39m[0m
[  72% ] [90m[1m_update_scan_actions[22m | ic_secure.png[39m[0m
[  72% ] [90m[1m_update_scan_actions[22m | ic_settings.png[39m[0m
[  72% ] [90m[1m_update_scan_actions[22m | ic_settings_language.png[39m[0m
[  72% ] [90m[1m_update_scan_actions[22m | ic_sim_card_multi_24px_clr.png[39m[0m
[  72% ] [90m[1m_update_scan_actions[22m | ic_sim_card_multi_48px_clr.png[39m[0m
[  72% ] [90m[1m_update_scan_actions[22m | ic_star_black_16dp.png[39m[0m
[  72% ] [90m[1m_update_scan_actions[22m | ic_star_black_36dp.png[39m[0m
[  72% ] [90m[1m_update_scan_actions[22m | ic_star_black_48dp.png[39m[0m
[  72% ] [90m[1m_update_scan_actions[22m | ic_star_half_black_16dp.png[39m[0m
[  72% ] [90m[1m_update_scan_actions[22m | ic_star_half_black_36dp.png[39m[0m
[  72% ] [90m[1m_update_scan_actions[22m | ic_star_half_black_48dp.png[39m[0m
[  72% ] [90m[1m_update_scan_actions[22m | ic_vibrate.png[39m[0m
[  72% ] [90m[1m_update_scan_actions[22m | ic_vibrate_small.png[39m[0m
[  72% ] [90m[1m_update_scan_actions[22m | ic_voice_search.png[39m[0m
[  72% ] [90m[1m_update_scan_actions[22m | ic_voice_search_api_holo_dark.png[39m[0m
[  72% ] [90m[1m_update_scan_actions[22m | ic_voice_search_api_holo_light.png[39m[0m
[  72% ] [90m[1m_update_scan_actions[22m | ic_volume.png[39m[0m
[  72% ] [90m[1m_update_scan_actions[22m | ic_volume_bluetooth_ad2p.png[39m[0m
[  72% ] [90m[1m_update_scan_actions[22m | ic_volume_bluetooth_in_call.png[39m[0m
[  72% ] [90m[1m_update_scan_actions[22m | ic_volume_off.png[39m[0m
[  72% ] [90m[1m_update_scan_actions[22m | ic_volume_off_small.png[39m[0m
[  72% ] [90m[1m_update_scan_actions[22m | ic_volume_small.png[39m[0m
[  72% ] [90m[1m_update_scan_actions[22m | ime_qwerty.png[39m[0m
[  72% ] [90m[1m_update_scan_actions[22m | indicator_input_error.png[39m[0m
[  72% ] [90m[1m_update_scan_actions[22m | jog_dial_arrow_long_left_green.png[39m[0m
[  72% ] [90m[1m_update_scan_actions[22m | jog_dial_arrow_long_left_yellow.png[39m[0m
[  72% ] [90m[1m_update_scan_actions[22m | jog_dial_arrow_long_middle_yellow.png[39m[0m
[  72% ] [90m[1m_update_scan_actions[22m | jog_dial_arrow_long_right_red.png[39m[0m
[  73% ] [90m[1m_update_scan_actions[22m | jog_dial_arrow_long_right_yellow.png[39m[0m
[  73% ] [90m[1m_update_scan_actions[22m | jog_dial_arrow_short_left.png[39m[0m
[  73% ] [90m[1m_update_scan_actions[22m | jog_dial_arrow_short_left_and_right.png[39m[0m
[  73% ] [90m[1m_update_scan_actions[22m | jog_dial_arrow_short_right.png[39m[0m
[  73% ] [90m[1m_update_scan_actions[22m | jog_dial_bg.png[39m[0m
[  73% ] [90m[1m_update_scan_actions[22m | jog_dial_dimple.png[39m[0m
[  73% ] [90m[1m_update_scan_actions[22m | jog_dial_dimple_dim.png[39m[0m
[  73% ] [90m[1m_update_scan_actions[22m | keyboard_accessory_bg_landscape.9.png[39m[0m
[  73% ] [90m[1m_update_scan_actions[22m | keyboard_background.9.png[39m[0m
[  73% ] [90m[1m_update_scan_actions[22m | keyboard_key_feedback_background.9.png[39m[0m
[  73% ] [90m[1m_update_scan_actions[22m | keyboard_key_feedback_more_background.9.png[39m[0m
[  73% ] [90m[1m_update_scan_actions[22m | keyboard_popup_panel_background.9.png[39m[0m
[  73% ] [90m[1m_update_scan_actions[22m | keyboard_popup_panel_trans_background.9.png[39m[0m
[  73% ] [90m[1m_update_scan_actions[22m | light_header.9.png[39m[0m
[  73% ] [90m[1m_update_scan_actions[22m | list_activated_holo.9.png[39m[0m
[  73% ] [90m[1m_update_scan_actions[22m | list_divider_holo_dark.9.png[39m[0m
[  73% ] [90m[1m_update_scan_actions[22m | list_divider_holo_light.9.png[39m[0m
[  73% ] [90m[1m_update_scan_actions[22m | list_divider_horizontal_holo_dark.9.png[39m[0m
[  73% ] [90m[1m_update_scan_actions[22m | list_focused_holo.9.png[39m[0m
[  73% ] [90m[1m_update_scan_actions[22m | list_longpressed_holo.9.png[39m[0m
[  73% ] [90m[1m_update_scan_actions[22m | list_longpressed_holo_dark.9.png[39m[0m
[  73% ] [90m[1m_update_scan_actions[22m | list_longpressed_holo_light.9.png[39m[0m
[  73% ] [90m[1m_update_scan_actions[22m | list_pressed_holo_dark.9.png[39m[0m
[  73% ] [90m[1m_update_scan_actions[22m | list_pressed_holo_light.9.png[39m[0m
[  73% ] [90m[1m_update_scan_actions[22m | list_section_divider_holo_dark.9.png[39m[0m
[  73% ] [90m[1m_update_scan_actions[22m | list_section_divider_holo_light.9.png[39m[0m
[  73% ] [90m[1m_update_scan_actions[22m | list_section_divider_mtrl_alpha.9.png[39m[0m
[  73% ] [90m[1m_update_scan_actions[22m | list_section_header_holo_dark.9.png[39m[0m
[  73% ] [90m[1m_update_scan_actions[22m | list_section_header_holo_light.9.png[39m[0m
[  73% ] [90m[1m_update_scan_actions[22m | list_selected_holo_dark.9.png[39m[0m
[  73% ] [90m[1m_update_scan_actions[22m | list_selected_holo_light.9.png[39m[0m
[  73% ] [90m[1m_update_scan_actions[22m | list_selector_activated_holo_dark.9.png[39m[0m
[  73% ] [90m[1m_update_scan_actions[22m | list_selector_activated_holo_light.9.png[39m[0m
[  73% ] [90m[1m_update_scan_actions[22m | list_selector_background_default.9.png[39m[0m
[  73% ] [90m[1m_update_scan_actions[22m | list_selector_background_default_light.9.png[39m[0m
[  73% ] [90m[1m_update_scan_actions[22m | list_selector_background_disabled.9.png[39m[0m
[  73% ] [90m[1m_update_scan_actions[22m | list_selector_background_disabled_light.9.png[39m[0m
[  73% ] [90m[1m_update_scan_actions[22m | list_selector_background_focus.9.png[39m[0m
[  73% ] [90m[1m_update_scan_actions[22m | list_selector_background_focused.9.png[39m[0m
[  73% ] [90m[1m_update_scan_actions[22m | list_selector_background_focused_light.9.png[39m[0m
[  73% ] [90m[1m_update_scan_actions[22m | list_selector_background_focused_selected.9.png[39m[0m
[  73% ] [90m[1m_update_scan_actions[22m | list_selector_background_longpress.9.png[39m[0m
[  73% ] [90m[1m_update_scan_actions[22m | list_selector_background_longpress_light.9.png[39m[0m
[  73% ] [90m[1m_update_scan_actions[22m | list_selector_background_pressed.9.png[39m[0m
[  73% ] [90m[1m_update_scan_actions[22m | list_selector_background_pressed_light.9.png[39m[0m
[  73% ] [90m[1m_update_scan_actions[22m | list_selector_background_selected.9.png[39m[0m
[  73% ] [90m[1m_update_scan_actions[22m | list_selector_background_selected_light.9.png[39m[0m
[  73% ] [90m[1m_update_scan_actions[22m | list_selector_disabled_holo_dark.9.png[39m[0m
[  73% ] [90m[1m_update_scan_actions[22m | list_selector_disabled_holo_light.9.png[39m[0m
[  73% ] [90m[1m_update_scan_actions[22m | list_selector_focused_holo_dark.9.png[39m[0m
[  73% ] [90m[1m_update_scan_actions[22m | list_selector_focused_holo_light.9.png[39m[0m
[  73% ] [90m[1m_update_scan_actions[22m | list_selector_multiselect_holo_dark.9.png[39m[0m
[  73% ] [90m[1m_update_scan_actions[22m | list_selector_multiselect_holo_light.9.png[39m[0m
[  73% ] [90m[1m_update_scan_actions[22m | list_selector_pressed_holo_dark.9.png[39m[0m
[  73% ] [90m[1m_update_scan_actions[22m | list_selector_pressed_holo_light.9.png[39m[0m
[  73% ] [90m[1m_update_scan_actions[22m | magnified_region_frame.9.png[39m[0m
[  73% ] [90m[1m_update_scan_actions[22m | maps_google_logo.png[39m[0m
[  73% ] [90m[1m_update_scan_actions[22m | menuitem_background_focus.9.png[39m[0m
[  73% ] [90m[1m_update_scan_actions[22m | menuitem_background_pressed.9.png[39m[0m
[  73% ] [90m[1m_update_scan_actions[22m | menuitem_background_solid_focused.9.png[39m[0m
[  73% ] [90m[1m_update_scan_actions[22m | menuitem_background_solid_pressed.9.png[39m[0m
[  73% ] [90m[1m_update_scan_actions[22m | menuitem_checkbox_on.png[39m[0m
[  73% ] [90m[1m_update_scan_actions[22m | menu_background.9.png[39m[0m
[  73% ] [90m[1m_update_scan_actions[22m | menu_background_fill_parent_width.9.png[39m[0m
[  73% ] [90m[1m_update_scan_actions[22m | menu_dropdown_panel_holo_dark.9.png[39m[0m
[  73% ] [90m[1m_update_scan_actions[22m | menu_dropdown_panel_holo_light.9.png[39m[0m
[  73% ] [90m[1m_update_scan_actions[22m | menu_hardkey_panel_holo_dark.9.png[39m[0m
[  73% ] [90m[1m_update_scan_actions[22m | menu_hardkey_panel_holo_light.9.png[39m[0m
[  74% ] [90m[1m_update_scan_actions[22m | menu_popup_panel_holo_dark.9.png[39m[0m
[  74% ] [90m[1m_update_scan_actions[22m | menu_popup_panel_holo_light.9.png[39m[0m
[  74% ] [90m[1m_update_scan_actions[22m | menu_separator.9.png[39m[0m
[  74% ] [90m[1m_update_scan_actions[22m | menu_submenu_background.9.png[39m[0m
[  74% ] [90m[1m_update_scan_actions[22m | minitab_lt_focus.9.png[39m[0m
[  74% ] [90m[1m_update_scan_actions[22m | minitab_lt_press.9.png[39m[0m
[  74% ] [90m[1m_update_scan_actions[22m | minitab_lt_selected.9.png[39m[0m
[  74% ] [90m[1m_update_scan_actions[22m | minitab_lt_unselected.9.png[39m[0m
[  74% ] [90m[1m_update_scan_actions[22m | minitab_lt_unselected_press.9.png[39m[0m
[  74% ] [90m[1m_update_scan_actions[22m | numberpicker_down_disabled.9.png[39m[0m
[  74% ] [90m[1m_update_scan_actions[22m | numberpicker_down_disabled_focused.9.png[39m[0m
[  74% ] [90m[1m_update_scan_actions[22m | numberpicker_down_normal.9.png[39m[0m
[  74% ] [90m[1m_update_scan_actions[22m | numberpicker_down_pressed.9.png[39m[0m
[  74% ] [90m[1m_update_scan_actions[22m | numberpicker_down_selected.9.png[39m[0m
[  74% ] [90m[1m_update_scan_actions[22m | numberpicker_input_disabled.9.png[39m[0m
[  74% ] [90m[1m_update_scan_actions[22m | numberpicker_input_normal.9.png[39m[0m
[  74% ] [90m[1m_update_scan_actions[22m | numberpicker_input_pressed.9.png[39m[0m
[  74% ] [90m[1m_update_scan_actions[22m | numberpicker_input_selected.9.png[39m[0m
[  74% ] [90m[1m_update_scan_actions[22m | numberpicker_selection_divider.9.png[39m[0m
[  74% ] [90m[1m_update_scan_actions[22m | numberpicker_up_disabled.9.png[39m[0m
[  74% ] [90m[1m_update_scan_actions[22m | numberpicker_up_disabled_focused.9.png[39m[0m
[  74% ] [90m[1m_update_scan_actions[22m | numberpicker_up_normal.9.png[39m[0m
[  74% ] [90m[1m_update_scan_actions[22m | numberpicker_up_pressed.9.png[39m[0m
[  74% ] [90m[1m_update_scan_actions[22m | numberpicker_up_selected.9.png[39m[0m
[  74% ] [90m[1m_update_scan_actions[22m | panel_background.9.png[39m[0m
[  74% ] [90m[1m_update_scan_actions[22m | panel_bg_holo_dark.9.png[39m[0m
[  74% ] [90m[1m_update_scan_actions[22m | panel_bg_holo_light.9.png[39m[0m
[  74% ] [90m[1m_update_scan_actions[22m | panel_picture_frame_bg_focus_blue.9.png[39m[0m
[  74% ] [90m[1m_update_scan_actions[22m | panel_picture_frame_bg_normal.9.png[39m[0m
[  74% ] [90m[1m_update_scan_actions[22m | panel_picture_frame_bg_pressed_blue.9.png[39m[0m
[  74% ] [90m[1m_update_scan_actions[22m | password_field_default.9.png[39m[0m
[  74% ] [90m[1m_update_scan_actions[22m | password_keyboard_background_holo.9.png[39m[0m
[  74% ] [90m[1m_update_scan_actions[22m | perm_group_accessibility_features.png[39m[0m
[  74% ] [90m[1m_update_scan_actions[22m | perm_group_affects_battery.png[39m[0m
[  74% ] [90m[1m_update_scan_actions[22m | perm_group_app_info.png[39m[0m
[  74% ] [90m[1m_update_scan_actions[22m | perm_group_audio_settings.png[39m[0m
[  74% ] [90m[1m_update_scan_actions[22m | perm_group_bluetooth.png[39m[0m
[  74% ] [90m[1m_update_scan_actions[22m | perm_group_bookmarks.png[39m[0m
[  74% ] [90m[1m_update_scan_actions[22m | perm_group_device_alarms.png[39m[0m
[  74% ] [90m[1m_update_scan_actions[22m | perm_group_display.png[39m[0m
[  74% ] [90m[1m_update_scan_actions[22m | perm_group_network.png[39m[0m
[  74% ] [90m[1m_update_scan_actions[22m | perm_group_personal_info.png[39m[0m
[  74% ] [90m[1m_update_scan_actions[22m | perm_group_screenlock.png[39m[0m
[  74% ] [90m[1m_update_scan_actions[22m | perm_group_shortrange_network.png[39m[0m
[  74% ] [90m[1m_update_scan_actions[22m | perm_group_status_bar.png[39m[0m
[  74% ] [90m[1m_update_scan_actions[22m | perm_group_sync_settings.png[39m[0m
[  74% ] [90m[1m_update_scan_actions[22m | perm_group_system_clock.png[39m[0m
[  74% ] [90m[1m_update_scan_actions[22m | perm_group_system_tools.png[39m[0m
[  74% ] [90m[1m_update_scan_actions[22m | perm_group_voicemail.png[39m[0m
[  74% ] [90m[1m_update_scan_actions[22m | perm_group_wallpaper.png[39m[0m
[  74% ] [90m[1m_update_scan_actions[22m | picture_emergency.png[39m[0m
[  74% ] [90m[1m_update_scan_actions[22m | picture_frame.9.png[39m[0m
[  74% ] [90m[1m_update_scan_actions[22m | pointer_alias.png[39m[0m
[  74% ] [90m[1m_update_scan_actions[22m | pointer_alias_large.png[39m[0m
[  74% ] [90m[1m_update_scan_actions[22m | pointer_all_scroll.png[39m[0m
[  74% ] [90m[1m_update_scan_actions[22m | pointer_all_scroll_large.png[39m[0m
[  74% ] [90m[1m_update_scan_actions[22m | pointer_arrow.png[39m[0m
[  74% ] [90m[1m_update_scan_actions[22m | pointer_arrow_large.png[39m[0m
[  74% ] [90m[1m_update_scan_actions[22m | pointer_cell.png[39m[0m
[  74% ] [90m[1m_update_scan_actions[22m | pointer_cell_large.png[39m[0m
[  74% ] [90m[1m_update_scan_actions[22m | pointer_context_menu.png[39m[0m
[  74% ] [90m[1m_update_scan_actions[22m | pointer_context_menu_large.png[39m[0m
[  74% ] [90m[1m_update_scan_actions[22m | pointer_copy.png[39m[0m
[  74% ] [90m[1m_update_scan_actions[22m | pointer_copy_large.png[39m[0m
[  74% ] [90m[1m_update_scan_actions[22m | pointer_crosshair.png[39m[0m
[  74% ] [90m[1m_update_scan_actions[22m | pointer_crosshair_large.png[39m[0m
[  74% ] [90m[1m_update_scan_actions[22m | pointer_grab.png[39m[0m
[  74% ] [90m[1m_update_scan_actions[22m | pointer_grabbing.png[39m[0m
[  75% ] [90m[1m_update_scan_actions[22m | pointer_grabbing_large.png[39m[0m
[  75% ] [90m[1m_update_scan_actions[22m | pointer_grab_large.png[39m[0m
[  75% ] [90m[1m_update_scan_actions[22m | pointer_hand.png[39m[0m
[  75% ] [90m[1m_update_scan_actions[22m | pointer_handwriting.png[39m[0m
[  75% ] [90m[1m_update_scan_actions[22m | pointer_hand_large.png[39m[0m
[  75% ] [90m[1m_update_scan_actions[22m | pointer_help.png[39m[0m
[  75% ] [90m[1m_update_scan_actions[22m | pointer_help_large.png[39m[0m
[  75% ] [90m[1m_update_scan_actions[22m | pointer_horizontal_double_arrow.png[39m[0m
[  75% ] [90m[1m_update_scan_actions[22m | pointer_horizontal_double_arrow_large.png[39m[0m
[  75% ] [90m[1m_update_scan_actions[22m | pointer_nodrop.png[39m[0m
[  75% ] [90m[1m_update_scan_actions[22m | pointer_nodrop_large.png[39m[0m
[  75% ] [90m[1m_update_scan_actions[22m | pointer_spot_anchor.png[39m[0m
[  75% ] [90m[1m_update_scan_actions[22m | pointer_spot_hover.png[39m[0m
[  75% ] [90m[1m_update_scan_actions[22m | pointer_spot_touch.png[39m[0m
[  75% ] [90m[1m_update_scan_actions[22m | pointer_text.png[39m[0m
[  75% ] [90m[1m_update_scan_actions[22m | pointer_text_large.png[39m[0m
[  75% ] [90m[1m_update_scan_actions[22m | pointer_top_left_diagonal_double_arrow.png[39m[0m
[  75% ] [90m[1m_update_scan_actions[22m | pointer_top_left_diagonal_double_arrow_large.png[39m[0m
[  75% ] [90m[1m_update_scan_actions[22m | pointer_top_right_diagonal_double_arrow.png[39m[0m
[  75% ] [90m[1m_update_scan_actions[22m | pointer_top_right_diagonal_double_arrow_large.png[39m[0m
[  75% ] [90m[1m_update_scan_actions[22m | pointer_vertical_double_arrow.png[39m[0m
[  75% ] [90m[1m_update_scan_actions[22m | pointer_vertical_double_arrow_large.png[39m[0m
[  75% ] [90m[1m_update_scan_actions[22m | pointer_vertical_text.png[39m[0m
[  75% ] [90m[1m_update_scan_actions[22m | pointer_vertical_text_large.png[39m[0m
[  75% ] [90m[1m_update_scan_actions[22m | pointer_wait_0.png[39m[0m
[  75% ] [90m[1m_update_scan_actions[22m | pointer_wait_1.png[39m[0m
[  75% ] [90m[1m_update_scan_actions[22m | pointer_wait_2.png[39m[0m
[  75% ] [90m[1m_update_scan_actions[22m | pointer_wait_3.png[39m[0m
[  75% ] [90m[1m_update_scan_actions[22m | pointer_wait_4.png[39m[0m
[  75% ] [90m[1m_update_scan_actions[22m | pointer_wait_5.png[39m[0m
[  75% ] [90m[1m_update_scan_actions[22m | pointer_wait_6.png[39m[0m
[  75% ] [90m[1m_update_scan_actions[22m | pointer_wait_7.png[39m[0m
[  75% ] [90m[1m_update_scan_actions[22m | pointer_wait_8.png[39m[0m
[  75% ] [90m[1m_update_scan_actions[22m | pointer_wait_9.png[39m[0m
[  75% ] [90m[1m_update_scan_actions[22m | pointer_wait_10.png[39m[0m
[  75% ] [90m[1m_update_scan_actions[22m | pointer_wait_11.png[39m[0m
[  75% ] [90m[1m_update_scan_actions[22m | pointer_wait_12.png[39m[0m
[  75% ] [90m[1m_update_scan_actions[22m | pointer_wait_13.png[39m[0m
[  75% ] [90m[1m_update_scan_actions[22m | pointer_wait_14.png[39m[0m
[  75% ] [90m[1m_update_scan_actions[22m | pointer_wait_15.png[39m[0m
[  75% ] [90m[1m_update_scan_actions[22m | pointer_wait_16.png[39m[0m
[  75% ] [90m[1m_update_scan_actions[22m | pointer_wait_17.png[39m[0m
[  75% ] [90m[1m_update_scan_actions[22m | pointer_wait_18.png[39m[0m
[  75% ] [90m[1m_update_scan_actions[22m | pointer_wait_19.png[39m[0m
[  75% ] [90m[1m_update_scan_actions[22m | pointer_wait_20.png[39m[0m
[  75% ] [90m[1m_update_scan_actions[22m | pointer_wait_21.png[39m[0m
[  75% ] [90m[1m_update_scan_actions[22m | pointer_wait_22.png[39m[0m
[  75% ] [90m[1m_update_scan_actions[22m | pointer_wait_23.png[39m[0m
[  75% ] [90m[1m_update_scan_actions[22m | pointer_wait_24.png[39m[0m
[  75% ] [90m[1m_update_scan_actions[22m | pointer_wait_25.png[39m[0m
[  75% ] [90m[1m_update_scan_actions[22m | pointer_wait_26.png[39m[0m
[  75% ] [90m[1m_update_scan_actions[22m | pointer_wait_27.png[39m[0m
[  75% ] [90m[1m_update_scan_actions[22m | pointer_wait_28.png[39m[0m
[  75% ] [90m[1m_update_scan_actions[22m | pointer_wait_29.png[39m[0m
[  75% ] [90m[1m_update_scan_actions[22m | pointer_wait_30.png[39m[0m
[  75% ] [90m[1m_update_scan_actions[22m | pointer_wait_31.png[39m[0m
[  75% ] [90m[1m_update_scan_actions[22m | pointer_wait_32.png[39m[0m
[  75% ] [90m[1m_update_scan_actions[22m | pointer_wait_33.png[39m[0m
[  75% ] [90m[1m_update_scan_actions[22m | pointer_wait_34.png[39m[0m
[  75% ] [90m[1m_update_scan_actions[22m | pointer_wait_35.png[39m[0m
[  75% ] [90m[1m_update_scan_actions[22m | pointer_wait_36.png[39m[0m
[  75% ] [90m[1m_update_scan_actions[22m | pointer_wait_37.png[39m[0m
[  75% ] [90m[1m_update_scan_actions[22m | pointer_wait_38.png[39m[0m
[  75% ] [90m[1m_update_scan_actions[22m | pointer_wait_39.png[39m[0m
[  75% ] [90m[1m_update_scan_actions[22m | pointer_wait_40.png[39m[0m
[  75% ] [90m[1m_update_scan_actions[22m | pointer_wait_41.png[39m[0m
[  75% ] [90m[1m_update_scan_actions[22m | pointer_wait_42.png[39m[0m
[  75% ] [90m[1m_update_scan_actions[22m | pointer_wait_43.png[39m[0m
[  75% ] [90m[1m_update_scan_actions[22m | pointer_wait_44.png[39m[0m
[  76% ] [90m[1m_update_scan_actions[22m | pointer_wait_45.png[39m[0m
[  76% ] [90m[1m_update_scan_actions[22m | pointer_wait_46.png[39m[0m
[  76% ] [90m[1m_update_scan_actions[22m | pointer_wait_47.png[39m[0m
[  76% ] [90m[1m_update_scan_actions[22m | pointer_wait_48.png[39m[0m
[  76% ] [90m[1m_update_scan_actions[22m | pointer_wait_49.png[39m[0m
[  76% ] [90m[1m_update_scan_actions[22m | pointer_wait_50.png[39m[0m
[  76% ] [90m[1m_update_scan_actions[22m | pointer_wait_51.png[39m[0m
[  76% ] [90m[1m_update_scan_actions[22m | pointer_wait_52.png[39m[0m
[  76% ] [90m[1m_update_scan_actions[22m | pointer_wait_53.png[39m[0m
[  76% ] [90m[1m_update_scan_actions[22m | pointer_wait_54.png[39m[0m
[  76% ] [90m[1m_update_scan_actions[22m | pointer_wait_55.png[39m[0m
[  76% ] [90m[1m_update_scan_actions[22m | pointer_wait_56.png[39m[0m
[  76% ] [90m[1m_update_scan_actions[22m | pointer_wait_57.png[39m[0m
[  76% ] [90m[1m_update_scan_actions[22m | pointer_wait_58.png[39m[0m
[  76% ] [90m[1m_update_scan_actions[22m | pointer_wait_59.png[39m[0m
[  76% ] [90m[1m_update_scan_actions[22m | pointer_wait_60.png[39m[0m
[  76% ] [90m[1m_update_scan_actions[22m | pointer_wait_61.png[39m[0m
[  76% ] [90m[1m_update_scan_actions[22m | pointer_wait_62.png[39m[0m
[  76% ] [90m[1m_update_scan_actions[22m | pointer_wait_63.png[39m[0m
[  76% ] [90m[1m_update_scan_actions[22m | pointer_wait_64.png[39m[0m
[  76% ] [90m[1m_update_scan_actions[22m | pointer_wait_65.png[39m[0m
[  76% ] [90m[1m_update_scan_actions[22m | pointer_wait_66.png[39m[0m
[  76% ] [90m[1m_update_scan_actions[22m | pointer_wait_67.png[39m[0m
[  76% ] [90m[1m_update_scan_actions[22m | pointer_wait_68.png[39m[0m
[  76% ] [90m[1m_update_scan_actions[22m | pointer_wait_69.png[39m[0m
[  76% ] [90m[1m_update_scan_actions[22m | pointer_wait_70.png[39m[0m
[  76% ] [90m[1m_update_scan_actions[22m | pointer_wait_71.png[39m[0m
[  76% ] [90m[1m_update_scan_actions[22m | pointer_wait_72.png[39m[0m
[  76% ] [90m[1m_update_scan_actions[22m | pointer_wait_73.png[39m[0m
[  76% ] [90m[1m_update_scan_actions[22m | pointer_wait_74.png[39m[0m
[  76% ] [90m[1m_update_scan_actions[22m | pointer_wait_75.png[39m[0m
[  76% ] [90m[1m_update_scan_actions[22m | pointer_wait_76.png[39m[0m
[  76% ] [90m[1m_update_scan_actions[22m | pointer_wait_77.png[39m[0m
[  76% ] [90m[1m_update_scan_actions[22m | pointer_wait_78.png[39m[0m
[  76% ] [90m[1m_update_scan_actions[22m | pointer_wait_79.png[39m[0m
[  76% ] [90m[1m_update_scan_actions[22m | pointer_wait_80.png[39m[0m
[  76% ] [90m[1m_update_scan_actions[22m | pointer_zoom_in.png[39m[0m
[  76% ] [90m[1m_update_scan_actions[22m | pointer_zoom_in_large.png[39m[0m
[  76% ] [90m[1m_update_scan_actions[22m | pointer_zoom_out.png[39m[0m
[  76% ] [90m[1m_update_scan_actions[22m | pointer_zoom_out_large.png[39m[0m
[  76% ] [90m[1m_update_scan_actions[22m | popup_background_mtrl_mult.9.png[39m[0m
[  76% ] [90m[1m_update_scan_actions[22m | popup_bottom_bright.9.png[39m[0m
[  76% ] [90m[1m_update_scan_actions[22m | popup_bottom_dark.9.png[39m[0m
[  76% ] [90m[1m_update_scan_actions[22m | popup_bottom_medium.9.png[39m[0m
[  76% ] [90m[1m_update_scan_actions[22m | popup_center_bright.9.png[39m[0m
[  76% ] [90m[1m_update_scan_actions[22m | popup_center_dark.9.png[39m[0m
[  76% ] [90m[1m_update_scan_actions[22m | popup_center_medium.9.png[39m[0m
[  76% ] [90m[1m_update_scan_actions[22m | popup_full_bright.9.png[39m[0m
[  76% ] [90m[1m_update_scan_actions[22m | popup_full_dark.9.png[39m[0m
[  76% ] [90m[1m_update_scan_actions[22m | popup_inline_error_above_am.9.png[39m[0m
[  76% ] [90m[1m_update_scan_actions[22m | popup_inline_error_above_holo_dark_am.9.png[39m[0m
[  76% ] [90m[1m_update_scan_actions[22m | popup_inline_error_above_holo_light_am.9.png[39m[0m
[  76% ] [90m[1m_update_scan_actions[22m | popup_inline_error_am.9.png[39m[0m
[  76% ] [90m[1m_update_scan_actions[22m | popup_inline_error_holo_dark_am.9.png[39m[0m
[  76% ] [90m[1m_update_scan_actions[22m | popup_inline_error_holo_light_am.9.png[39m[0m
[  76% ] [90m[1m_update_scan_actions[22m | popup_top_bright.9.png[39m[0m
[  76% ] [90m[1m_update_scan_actions[22m | popup_top_dark.9.png[39m[0m
[  76% ] [90m[1m_update_scan_actions[22m | presence_audio_away.png[39m[0m
[  76% ] [90m[1m_update_scan_actions[22m | presence_audio_busy.png[39m[0m
[  76% ] [90m[1m_update_scan_actions[22m | presence_audio_online.png[39m[0m
[  76% ] [90m[1m_update_scan_actions[22m | presence_away.png[39m[0m
[  76% ] [90m[1m_update_scan_actions[22m | presence_busy.png[39m[0m
[  76% ] [90m[1m_update_scan_actions[22m | presence_invisible.png[39m[0m
[  76% ] [90m[1m_update_scan_actions[22m | presence_offline.png[39m[0m
[  76% ] [90m[1m_update_scan_actions[22m | presence_online.png[39m[0m
[  76% ] [90m[1m_update_scan_actions[22m | presence_video_away.png[39m[0m
[  76% ] [90m[1m_update_scan_actions[22m | presence_video_busy.png[39m[0m
[  76% ] [90m[1m_update_scan_actions[22m | presence_video_online.png[39m[0m
[  77% ] [90m[1m_update_scan_actions[22m | pressed_application_background_static.png[39m[0m
[  77% ] [90m[1m_update_scan_actions[22m | progressbar_indeterminate1.png[39m[0m
[  77% ] [90m[1m_update_scan_actions[22m | progressbar_indeterminate2.png[39m[0m
[  77% ] [90m[1m_update_scan_actions[22m | progressbar_indeterminate3.png[39m[0m
[  77% ] [90m[1m_update_scan_actions[22m | progressbar_indeterminate_holo1.png[39m[0m
[  77% ] [90m[1m_update_scan_actions[22m | progressbar_indeterminate_holo2.png[39m[0m
[  77% ] [90m[1m_update_scan_actions[22m | progressbar_indeterminate_holo3.png[39m[0m
[  77% ] [90m[1m_update_scan_actions[22m | progressbar_indeterminate_holo4.png[39m[0m
[  77% ] [90m[1m_update_scan_actions[22m | progressbar_indeterminate_holo5.png[39m[0m
[  77% ] [90m[1m_update_scan_actions[22m | progressbar_indeterminate_holo6.png[39m[0m
[  77% ] [90m[1m_update_scan_actions[22m | progressbar_indeterminate_holo7.png[39m[0m
[  77% ] [90m[1m_update_scan_actions[22m | progressbar_indeterminate_holo8.png[39m[0m
[  77% ] [90m[1m_update_scan_actions[22m | progress_bg_holo_dark.9.png[39m[0m
[  77% ] [90m[1m_update_scan_actions[22m | progress_bg_holo_light.9.png[39m[0m
[  77% ] [90m[1m_update_scan_actions[22m | progress_primary_holo_dark.9.png[39m[0m
[  77% ] [90m[1m_update_scan_actions[22m | progress_primary_holo_light.9.png[39m[0m
[  77% ] [90m[1m_update_scan_actions[22m | progress_secondary_holo_dark.9.png[39m[0m
[  77% ] [90m[1m_update_scan_actions[22m | progress_secondary_holo_light.9.png[39m[0m
[  77% ] [90m[1m_update_scan_actions[22m | quickactions_arrowdown_left_holo_dark.9.png[39m[0m
[  77% ] [90m[1m_update_scan_actions[22m | quickactions_arrowdown_left_holo_light.9.png[39m[0m
[  77% ] [90m[1m_update_scan_actions[22m | quickactions_arrowdown_right_holo_dark.9.png[39m[0m
[  77% ] [90m[1m_update_scan_actions[22m | quickactions_arrowdown_right_holo_light.9.png[39m[0m
[  77% ] [90m[1m_update_scan_actions[22m | quickactions_arrowup_left_holo_dark.9.png[39m[0m
[  77% ] [90m[1m_update_scan_actions[22m | quickactions_arrowup_left_holo_light.9.png[39m[0m
[  77% ] [90m[1m_update_scan_actions[22m | quickactions_arrowup_left_right_holo_dark.9.png[39m[0m
[  77% ] [90m[1m_update_scan_actions[22m | quickactions_arrowup_right_holo_light.9.png[39m[0m
[  77% ] [90m[1m_update_scan_actions[22m | quickcontact_badge_overlay_focused_dark_am.9.png[39m[0m
[  77% ] [90m[1m_update_scan_actions[22m | quickcontact_badge_overlay_focused_light_am.9.png[39m[0m
[  77% ] [90m[1m_update_scan_actions[22m | quickcontact_badge_overlay_normal_dark_am.9.png[39m[0m
[  77% ] [90m[1m_update_scan_actions[22m | quickcontact_badge_overlay_normal_light_am.9.png[39m[0m
[  77% ] [90m[1m_update_scan_actions[22m | quickcontact_badge_overlay_pressed_dark_am.9.png[39m[0m
[  77% ] [90m[1m_update_scan_actions[22m | quickcontact_badge_overlay_pressed_light_am.9.png[39m[0m
[  77% ] [90m[1m_update_scan_actions[22m | radiobutton_off_background.png[39m[0m
[  77% ] [90m[1m_update_scan_actions[22m | radiobutton_on_background.png[39m[0m
[  77% ] [90m[1m_update_scan_actions[22m | rate_star_big_half.png[39m[0m
[  77% ] [90m[1m_update_scan_actions[22m | rate_star_big_half_holo_dark.png[39m[0m
[  77% ] [90m[1m_update_scan_actions[22m | rate_star_big_half_holo_light.png[39m[0m
[  77% ] [90m[1m_update_scan_actions[22m | rate_star_big_off.png[39m[0m
[  77% ] [90m[1m_update_scan_actions[22m | rate_star_big_off_holo_dark.png[39m[0m
[  77% ] [90m[1m_update_scan_actions[22m | rate_star_big_off_holo_light.png[39m[0m
[  77% ] [90m[1m_update_scan_actions[22m | rate_star_big_on.png[39m[0m
[  77% ] [90m[1m_update_scan_actions[22m | rate_star_big_on_holo_dark.png[39m[0m
[  77% ] [90m[1m_update_scan_actions[22m | rate_star_big_on_holo_light.png[39m[0m
[  77% ] [90m[1m_update_scan_actions[22m | rate_star_med_half.png[39m[0m
[  77% ] [90m[1m_update_scan_actions[22m | rate_star_med_half_holo_dark.png[39m[0m
[  77% ] [90m[1m_update_scan_actions[22m | rate_star_med_half_holo_light.png[39m[0m
[  77% ] [90m[1m_update_scan_actions[22m | rate_star_med_off.png[39m[0m
[  77% ] [90m[1m_update_scan_actions[22m | rate_star_med_off_holo_dark.png[39m[0m
[  77% ] [90m[1m_update_scan_actions[22m | rate_star_med_off_holo_light.png[39m[0m
[  77% ] [90m[1m_update_scan_actions[22m | rate_star_med_on.png[39m[0m
[  77% ] [90m[1m_update_scan_actions[22m | rate_star_med_on_holo_dark.png[39m[0m
[  77% ] [90m[1m_update_scan_actions[22m | rate_star_med_on_holo_light.png[39m[0m
[  77% ] [90m[1m_update_scan_actions[22m | rate_star_small_half.png[39m[0m
[  77% ] [90m[1m_update_scan_actions[22m | rate_star_small_half_holo_dark.png[39m[0m
[  77% ] [90m[1m_update_scan_actions[22m | rate_star_small_half_holo_light.png[39m[0m
[  77% ] [90m[1m_update_scan_actions[22m | rate_star_small_off.png[39m[0m
[  77% ] [90m[1m_update_scan_actions[22m | rate_star_small_off_holo_dark.png[39m[0m
[  77% ] [90m[1m_update_scan_actions[22m | rate_star_small_off_holo_light.png[39m[0m
[  77% ] [90m[1m_update_scan_actions[22m | rate_star_small_on.png[39m[0m
[  77% ] [90m[1m_update_scan_actions[22m | rate_star_small_on_holo_dark.png[39m[0m
[  77% ] [90m[1m_update_scan_actions[22m | rate_star_small_on_holo_light.png[39m[0m
[  77% ] [90m[1m_update_scan_actions[22m | recent_dialog_background.9.png[39m[0m
[  77% ] [90m[1m_update_scan_actions[22m | reticle.png[39m[0m
[  77% ] [90m[1m_update_scan_actions[22m | scrollbar_handle_accelerated_anim2.9.png[39m[0m
[  77% ] [90m[1m_update_scan_actions[22m | scrollbar_handle_holo_dark.9.png[39m[0m
[  77% ] [90m[1m_update_scan_actions[22m | scrollbar_handle_holo_light.9.png[39m[0m
[  77% ] [90m[1m_update_scan_actions[22m | scrollbar_handle_horizontal.9.png[39m[0m
[  77% ] [90m[1m_update_scan_actions[22m | scrollbar_handle_vertical.9.png[39m[0m
[  77% ] [90m[1m_update_scan_actions[22m | scrubber_control_disabled_holo.png[39m[0m
[  78% ] [90m[1m_update_scan_actions[22m | scrubber_control_focused_holo.png[39m[0m
[  78% ] [90m[1m_update_scan_actions[22m | scrubber_control_normal_holo.png[39m[0m
[  78% ] [90m[1m_update_scan_actions[22m | scrubber_control_on_mtrl_alpha.png[39m[0m
[  78% ] [90m[1m_update_scan_actions[22m | scrubber_control_on_pressed_mtrl_alpha.png[39m[0m
[  78% ] [90m[1m_update_scan_actions[22m | scrubber_control_pressed_holo.png[39m[0m
[  78% ] [90m[1m_update_scan_actions[22m | scrubber_primary_holo.9.png[39m[0m
[  78% ] [90m[1m_update_scan_actions[22m | scrubber_primary_mtrl_alpha.9.png[39m[0m
[  78% ] [90m[1m_update_scan_actions[22m | scrubber_secondary_holo.9.png[39m[0m
[  78% ] [90m[1m_update_scan_actions[22m | scrubber_track_holo_dark.9.png[39m[0m
[  78% ] [90m[1m_update_scan_actions[22m | scrubber_track_holo_light.9.png[39m[0m
[  78% ] [90m[1m_update_scan_actions[22m | scrubber_track_mtrl_alpha.9.png[39m[0m
[  78% ] [90m[1m_update_scan_actions[22m | search_dropdown_background.9.png[39m[0m
[  78% ] [90m[1m_update_scan_actions[22m | search_plate.9.png[39m[0m
[  78% ] [90m[1m_update_scan_actions[22m | search_plate_global.9.png[39m[0m
[  78% ] [90m[1m_update_scan_actions[22m | seek_thumb_normal.png[39m[0m
[  78% ] [90m[1m_update_scan_actions[22m | seek_thumb_pressed.png[39m[0m
[  78% ] [90m[1m_update_scan_actions[22m | seek_thumb_selected.png[39m[0m
[  78% ] [90m[1m_update_scan_actions[22m | settings_header_raw.9.png[39m[0m
[  78% ] [90m[1m_update_scan_actions[22m | spinner_16_inner_holo.png[39m[0m
[  78% ] [90m[1m_update_scan_actions[22m | spinner_16_outer_holo.png[39m[0m
[  78% ] [90m[1m_update_scan_actions[22m | spinner_48_inner_holo.png[39m[0m
[  78% ] [90m[1m_update_scan_actions[22m | spinner_48_outer_holo.png[39m[0m
[  78% ] [90m[1m_update_scan_actions[22m | spinner_76_inner_holo.png[39m[0m
[  78% ] [90m[1m_update_scan_actions[22m | spinner_76_outer_holo.png[39m[0m
[  78% ] [90m[1m_update_scan_actions[22m | spinner_ab_default_holo_dark_am.9.png[39m[0m
[  78% ] [90m[1m_update_scan_actions[22m | spinner_ab_default_holo_light_am.9.png[39m[0m
[  78% ] [90m[1m_update_scan_actions[22m | spinner_ab_disabled_holo_dark_am.9.png[39m[0m
[  78% ] [90m[1m_update_scan_actions[22m | spinner_ab_disabled_holo_light_am.9.png[39m[0m
[  78% ] [90m[1m_update_scan_actions[22m | spinner_ab_focused_holo_dark_am.9.png[39m[0m
[  78% ] [90m[1m_update_scan_actions[22m | spinner_ab_focused_holo_light_am.9.png[39m[0m
[  78% ] [90m[1m_update_scan_actions[22m | spinner_ab_pressed_holo_dark_am.9.png[39m[0m
[  78% ] [90m[1m_update_scan_actions[22m | spinner_ab_pressed_holo_light_am.9.png[39m[0m
[  78% ] [90m[1m_update_scan_actions[22m | spinner_black_16.png[39m[0m
[  78% ] [90m[1m_update_scan_actions[22m | spinner_black_20.png[39m[0m
[  78% ] [90m[1m_update_scan_actions[22m | spinner_black_48.png[39m[0m
[  78% ] [90m[1m_update_scan_actions[22m | spinner_black_76.png[39m[0m
[  78% ] [90m[1m_update_scan_actions[22m | spinner_default_holo_dark_am.9.png[39m[0m
[  78% ] [90m[1m_update_scan_actions[22m | spinner_default_holo_light_am.9.png[39m[0m
[  78% ] [90m[1m_update_scan_actions[22m | spinner_disabled_holo_dark_am.9.png[39m[0m
[  78% ] [90m[1m_update_scan_actions[22m | spinner_disabled_holo_light_am.9.png[39m[0m
[  78% ] [90m[1m_update_scan_actions[22m | spinner_dropdown_background_down.9.png[39m[0m
[  78% ] [90m[1m_update_scan_actions[22m | spinner_dropdown_background_up.9.png[39m[0m
[  78% ] [90m[1m_update_scan_actions[22m | spinner_focused_holo_dark_am.9.png[39m[0m
[  78% ] [90m[1m_update_scan_actions[22m | spinner_focused_holo_light_am.9.png[39m[0m
[  78% ] [90m[1m_update_scan_actions[22m | spinner_normal.9.png[39m[0m
[  78% ] [90m[1m_update_scan_actions[22m | spinner_press.9.png[39m[0m
[  78% ] [90m[1m_update_scan_actions[22m | spinner_pressed_holo_dark_am.9.png[39m[0m
[  78% ] [90m[1m_update_scan_actions[22m | spinner_pressed_holo_light_am.9.png[39m[0m
[  78% ] [90m[1m_update_scan_actions[22m | spinner_select.9.png[39m[0m
[  78% ] [90m[1m_update_scan_actions[22m | spinner_white_16.png[39m[0m
[  78% ] [90m[1m_update_scan_actions[22m | spinner_white_48.png[39m[0m
[  78% ] [90m[1m_update_scan_actions[22m | spinner_white_76.png[39m[0m
[  78% ] [90m[1m_update_scan_actions[22m | star_big_off.png[39m[0m
[  78% ] [90m[1m_update_scan_actions[22m | star_big_on.png[39m[0m
[  78% ] [90m[1m_update_scan_actions[22m | star_off.png[39m[0m
[  78% ] [90m[1m_update_scan_actions[22m | star_on.png[39m[0m
[  78% ] [90m[1m_update_scan_actions[22m | statusbar_background.9.png[39m[0m
[  78% ] [90m[1m_update_scan_actions[22m | status_bar_background.png[39m[0m
[  78% ] [90m[1m_update_scan_actions[22m | status_bar_header_background.9.png[39m[0m
[  78% ] [90m[1m_update_scan_actions[22m | status_bar_item_app_background_normal.9.png[39m[0m
[  78% ] [90m[1m_update_scan_actions[22m | status_bar_item_background_focus.9.png[39m[0m
[  78% ] [90m[1m_update_scan_actions[22m | status_bar_item_background_normal.9.png[39m[0m
[  78% ] [90m[1m_update_scan_actions[22m | status_bar_item_background_pressed.9.png[39m[0m
[  78% ] [90m[1m_update_scan_actions[22m | stat_ecb_mode.png[39m[0m
[  78% ] [90m[1m_update_scan_actions[22m | stat_notify_car_mode.png[39m[0m
[  78% ] [90m[1m_update_scan_actions[22m | stat_notify_chat.png[39m[0m
[  78% ] [90m[1m_update_scan_actions[22m | stat_notify_disk_full.png[39m[0m
[  78% ] [90m[1m_update_scan_actions[22m | stat_notify_email_generic.png[39m[0m
[  79% ] [90m[1m_update_scan_actions[22m | stat_notify_error.png[39m[0m
[  79% ] [90m[1m_update_scan_actions[22m | stat_notify_gmail.png[39m[0m
[  79% ] [90m[1m_update_scan_actions[22m | stat_notify_missed_call.png[39m[0m
[  79% ] [90m[1m_update_scan_actions[22m | stat_notify_mmcc_indication_icn.png[39m[0m
[  79% ] [90m[1m_update_scan_actions[22m | stat_notify_more.png[39m[0m
[  79% ] [90m[1m_update_scan_actions[22m | stat_notify_rssi_in_range.png[39m[0m
[  79% ] [90m[1m_update_scan_actions[22m | stat_notify_sdcard.png[39m[0m
[  79% ] [90m[1m_update_scan_actions[22m | stat_notify_sdcard_prepare.png[39m[0m
[  79% ] [90m[1m_update_scan_actions[22m | stat_notify_sdcard_usb.png[39m[0m
[  79% ] [90m[1m_update_scan_actions[22m | stat_notify_sim_toolkit.png[39m[0m
[  79% ] [90m[1m_update_scan_actions[22m | stat_notify_sync.png[39m[0m
[  79% ] [90m[1m_update_scan_actions[22m | stat_notify_sync_anim0.png[39m[0m
[  79% ] [90m[1m_update_scan_actions[22m | stat_notify_sync_error.png[39m[0m
[  79% ] [90m[1m_update_scan_actions[22m | stat_notify_voicemail.png[39m[0m
[  79% ] [90m[1m_update_scan_actions[22m | stat_sys_battery_0.png[39m[0m
[  79% ] [90m[1m_update_scan_actions[22m | stat_sys_battery_15.png[39m[0m
[  79% ] [90m[1m_update_scan_actions[22m | stat_sys_battery_28.png[39m[0m
[  79% ] [90m[1m_update_scan_actions[22m | stat_sys_battery_43.png[39m[0m
[  79% ] [90m[1m_update_scan_actions[22m | stat_sys_battery_57.png[39m[0m
[  79% ] [90m[1m_update_scan_actions[22m | stat_sys_battery_71.png[39m[0m
[  79% ] [90m[1m_update_scan_actions[22m | stat_sys_battery_85.png[39m[0m
[  79% ] [90m[1m_update_scan_actions[22m | stat_sys_battery_100.png[39m[0m
[  79% ] [90m[1m_update_scan_actions[22m | stat_sys_battery_charge_anim0.png[39m[0m
[  79% ] [90m[1m_update_scan_actions[22m | stat_sys_battery_charge_anim15.png[39m[0m
[  79% ] [90m[1m_update_scan_actions[22m | stat_sys_battery_charge_anim28.png[39m[0m
[  79% ] [90m[1m_update_scan_actions[22m | stat_sys_battery_charge_anim43.png[39m[0m
[  79% ] [90m[1m_update_scan_actions[22m | stat_sys_battery_charge_anim57.png[39m[0m
[  79% ] [90m[1m_update_scan_actions[22m | stat_sys_battery_charge_anim71.png[39m[0m
[  79% ] [90m[1m_update_scan_actions[22m | stat_sys_battery_charge_anim85.png[39m[0m
[  79% ] [90m[1m_update_scan_actions[22m | stat_sys_battery_charge_anim100.png[39m[0m
[  79% ] [90m[1m_update_scan_actions[22m | stat_sys_battery_unknown.png[39m[0m
[  79% ] [90m[1m_update_scan_actions[22m | stat_sys_certificate_info.png[39m[0m
[  79% ] [90m[1m_update_scan_actions[22m | stat_sys_data_bluetooth.png[39m[0m
[  79% ] [90m[1m_update_scan_actions[22m | stat_sys_data_usb.png[39m[0m
[  79% ] [90m[1m_update_scan_actions[22m | stat_sys_data_wimax_signal_3_fully.png[39m[0m
[  79% ] [90m[1m_update_scan_actions[22m | stat_sys_data_wimax_signal_disconnected.png[39m[0m
[  79% ] [90m[1m_update_scan_actions[22m | stat_sys_download_anim0.png[39m[0m
[  79% ] [90m[1m_update_scan_actions[22m | stat_sys_download_anim1.png[39m[0m
[  79% ] [90m[1m_update_scan_actions[22m | stat_sys_download_anim2.png[39m[0m
[  79% ] [90m[1m_update_scan_actions[22m | stat_sys_download_anim3.png[39m[0m
[  79% ] [90m[1m_update_scan_actions[22m | stat_sys_download_anim4.png[39m[0m
[  79% ] [90m[1m_update_scan_actions[22m | stat_sys_download_anim5.png[39m[0m
[  79% ] [90m[1m_update_scan_actions[22m | stat_sys_gps_on.png[39m[0m
[  79% ] [90m[1m_update_scan_actions[22m | stat_sys_headset.png[39m[0m
[  79% ] [90m[1m_update_scan_actions[22m | stat_sys_phone_call.png[39m[0m
[  79% ] [90m[1m_update_scan_actions[22m | stat_sys_phone_call_forward.png[39m[0m
[  79% ] [90m[1m_update_scan_actions[22m | stat_sys_phone_call_on_hold.png[39m[0m
[  79% ] [90m[1m_update_scan_actions[22m | stat_sys_ra_signal_0_cdma.png[39m[0m
[  79% ] [90m[1m_update_scan_actions[22m | stat_sys_ra_signal_1_cdma.png[39m[0m
[  79% ] [90m[1m_update_scan_actions[22m | stat_sys_ra_signal_2_cdma.png[39m[0m
[  79% ] [90m[1m_update_scan_actions[22m | stat_sys_ra_signal_3_cdma.png[39m[0m
[  79% ] [90m[1m_update_scan_actions[22m | stat_sys_ra_signal_4_cdma.png[39m[0m
[  79% ] [90m[1m_update_scan_actions[22m | stat_sys_r_signal_0_cdma.png[39m[0m
[  79% ] [90m[1m_update_scan_actions[22m | stat_sys_r_signal_1_cdma.png[39m[0m
[  79% ] [90m[1m_update_scan_actions[22m | stat_sys_r_signal_2_cdma.png[39m[0m
[  79% ] [90m[1m_update_scan_actions[22m | stat_sys_r_signal_3_cdma.png[39m[0m
[  79% ] [90m[1m_update_scan_actions[22m | stat_sys_r_signal_4_cdma.png[39m[0m
[  79% ] [90m[1m_update_scan_actions[22m | stat_sys_signal_0_cdma.png[39m[0m
[  79% ] [90m[1m_update_scan_actions[22m | stat_sys_signal_1_cdma.png[39m[0m
[  79% ] [90m[1m_update_scan_actions[22m | stat_sys_signal_2_cdma.png[39m[0m
[  79% ] [90m[1m_update_scan_actions[22m | stat_sys_signal_3_cdma.png[39m[0m
[  79% ] [90m[1m_update_scan_actions[22m | stat_sys_signal_4_cdma.png[39m[0m
[  79% ] [90m[1m_update_scan_actions[22m | stat_sys_signal_evdo_0.png[39m[0m
[  79% ] [90m[1m_update_scan_actions[22m | stat_sys_signal_evdo_1.png[39m[0m
[  79% ] [90m[1m_update_scan_actions[22m | stat_sys_signal_evdo_2.png[39m[0m
[  79% ] [90m[1m_update_scan_actions[22m | stat_sys_signal_evdo_3.png[39m[0m
[  79% ] [90m[1m_update_scan_actions[22m | stat_sys_signal_evdo_4.png[39m[0m
[  79% ] [90m[1m_update_scan_actions[22m | stat_sys_throttled.png[39m[0m
[  80% ] [90m[1m_update_scan_actions[22m | stat_sys_upload_anim0.png[39m[0m
[  80% ] [90m[1m_update_scan_actions[22m | stat_sys_upload_anim1.png[39m[0m
[  80% ] [90m[1m_update_scan_actions[22m | stat_sys_upload_anim2.png[39m[0m
[  80% ] [90m[1m_update_scan_actions[22m | stat_sys_upload_anim3.png[39m[0m
[  80% ] [90m[1m_update_scan_actions[22m | stat_sys_upload_anim4.png[39m[0m
[  80% ] [90m[1m_update_scan_actions[22m | stat_sys_upload_anim5.png[39m[0m
[  80% ] [90m[1m_update_scan_actions[22m | stat_sys_vp_phone_call.png[39m[0m
[  80% ] [90m[1m_update_scan_actions[22m | stat_sys_vp_phone_call_on_hold.png[39m[0m
[  80% ] [90m[1m_update_scan_actions[22m | stat_sys_warning.png[39m[0m
[  80% ] [90m[1m_update_scan_actions[22m | submenu_arrow_nofocus.png[39m[0m
[  80% ] [90m[1m_update_scan_actions[22m | switch_bg_disabled_holo_dark.9.png[39m[0m
[  80% ] [90m[1m_update_scan_actions[22m | switch_bg_disabled_holo_light.9.png[39m[0m
[  80% ] [90m[1m_update_scan_actions[22m | switch_bg_focused_holo_dark.9.png[39m[0m
[  80% ] [90m[1m_update_scan_actions[22m | switch_bg_focused_holo_light.9.png[39m[0m
[  80% ] [90m[1m_update_scan_actions[22m | switch_bg_holo_dark.9.png[39m[0m
[  80% ] [90m[1m_update_scan_actions[22m | switch_bg_holo_light.9.png[39m[0m
[  80% ] [90m[1m_update_scan_actions[22m | switch_thumb_activated_holo_dark.9.png[39m[0m
[  80% ] [90m[1m_update_scan_actions[22m | switch_thumb_activated_holo_light.9.png[39m[0m
[  80% ] [90m[1m_update_scan_actions[22m | switch_thumb_disabled_holo_dark.9.png[39m[0m
[  80% ] [90m[1m_update_scan_actions[22m | switch_thumb_disabled_holo_light.9.png[39m[0m
[  80% ] [90m[1m_update_scan_actions[22m | switch_thumb_holo_dark.9.png[39m[0m
[  80% ] [90m[1m_update_scan_actions[22m | switch_thumb_holo_light.9.png[39m[0m
[  80% ] [90m[1m_update_scan_actions[22m | switch_thumb_pressed_holo_dark.9.png[39m[0m
[  80% ] [90m[1m_update_scan_actions[22m | switch_thumb_pressed_holo_light.9.png[39m[0m
[  80% ] [90m[1m_update_scan_actions[22m | sym_action_add.png[39m[0m
[  80% ] [90m[1m_update_scan_actions[22m | sym_action_call.png[39m[0m
[  80% ] [90m[1m_update_scan_actions[22m | sym_action_chat.png[39m[0m
[  80% ] [90m[1m_update_scan_actions[22m | sym_action_email.png[39m[0m
[  80% ] [90m[1m_update_scan_actions[22m | sym_call_incoming.png[39m[0m
[  80% ] [90m[1m_update_scan_actions[22m | sym_call_missed.png[39m[0m
[  80% ] [90m[1m_update_scan_actions[22m | sym_call_outgoing.png[39m[0m
[  80% ] [90m[1m_update_scan_actions[22m | sym_contact_card.png[39m[0m
[  80% ] [90m[1m_update_scan_actions[22m | sym_keyboard_delete.png[39m[0m
[  80% ] [90m[1m_update_scan_actions[22m | sym_keyboard_delete_dim.png[39m[0m
[  80% ] [90m[1m_update_scan_actions[22m | sym_keyboard_enter.png[39m[0m
[  80% ] [90m[1m_update_scan_actions[22m | sym_keyboard_feedback_delete.png[39m[0m
[  80% ] [90m[1m_update_scan_actions[22m | sym_keyboard_feedback_ok.png[39m[0m
[  80% ] [90m[1m_update_scan_actions[22m | sym_keyboard_feedback_return.png[39m[0m
[  80% ] [90m[1m_update_scan_actions[22m | sym_keyboard_feedback_shift.png[39m[0m
[  80% ] [90m[1m_update_scan_actions[22m | sym_keyboard_feedback_shift_locked.png[39m[0m
[  80% ] [90m[1m_update_scan_actions[22m | sym_keyboard_feedback_space.png[39m[0m
[  80% ] [90m[1m_update_scan_actions[22m | sym_keyboard_num0_no_plus.png[39m[0m
[  80% ] [90m[1m_update_scan_actions[22m | sym_keyboard_num1.png[39m[0m
[  80% ] [90m[1m_update_scan_actions[22m | sym_keyboard_num2.png[39m[0m
[  80% ] [90m[1m_update_scan_actions[22m | sym_keyboard_num3.png[39m[0m
[  80% ] [90m[1m_update_scan_actions[22m | sym_keyboard_num4.png[39m[0m
[  80% ] [90m[1m_update_scan_actions[22m | sym_keyboard_num5.png[39m[0m
[  80% ] [90m[1m_update_scan_actions[22m | sym_keyboard_num6.png[39m[0m
[  80% ] [90m[1m_update_scan_actions[22m | sym_keyboard_num7.png[39m[0m
[  80% ] [90m[1m_update_scan_actions[22m | sym_keyboard_num8.png[39m[0m
[  80% ] [90m[1m_update_scan_actions[22m | sym_keyboard_num9.png[39m[0m
[  80% ] [90m[1m_update_scan_actions[22m | sym_keyboard_ok.png[39m[0m
[  80% ] [90m[1m_update_scan_actions[22m | sym_keyboard_ok_dim.png[39m[0m
[  80% ] [90m[1m_update_scan_actions[22m | sym_keyboard_return.png[39m[0m
[  80% ] [90m[1m_update_scan_actions[22m | sym_keyboard_shift.png[39m[0m
[  80% ] [90m[1m_update_scan_actions[22m | sym_keyboard_shift_locked.png[39m[0m
[  80% ] [90m[1m_update_scan_actions[22m | sym_keyboard_space.png[39m[0m
[  80% ] [90m[1m_update_scan_actions[22m | tab_bottom_holo.9.png[39m[0m
[  80% ] [90m[1m_update_scan_actions[22m | tab_focus.9.png[39m[0m
[  80% ] [90m[1m_update_scan_actions[22m | tab_focus_bar_left.9.png[39m[0m
[  80% ] [90m[1m_update_scan_actions[22m | tab_focus_bar_right.9.png[39m[0m
[  80% ] [90m[1m_update_scan_actions[22m | tab_indicator_mtrl_alpha.9.png[39m[0m
[  80% ] [90m[1m_update_scan_actions[22m | tab_press.9.png[39m[0m
[  80% ] [90m[1m_update_scan_actions[22m | tab_pressed_holo.9.png[39m[0m
[  80% ] [90m[1m_update_scan_actions[22m | tab_press_bar_left.9.png[39m[0m
[  80% ] [90m[1m_update_scan_actions[22m | tab_press_bar_right.9.png[39m[0m
[  80% ] [90m[1m_update_scan_actions[22m | tab_selected.9.png[39m[0m
[  80% ] [90m[1m_update_scan_actions[22m | tab_selected_bar_left.9.png[39m[0m
[  80% ] [90m[1m_update_scan_actions[22m | tab_selected_bar_left_v4.9.png[39m[0m
[  81% ] [90m[1m_update_scan_actions[22m | tab_selected_bar_right.9.png[39m[0m
[  81% ] [90m[1m_update_scan_actions[22m | tab_selected_bar_right_v4.9.png[39m[0m
[  81% ] [90m[1m_update_scan_actions[22m | tab_selected_focused_holo.9.png[39m[0m
[  81% ] [90m[1m_update_scan_actions[22m | tab_selected_holo.9.png[39m[0m
[  81% ] [90m[1m_update_scan_actions[22m | tab_selected_pressed_holo.9.png[39m[0m
[  81% ] [90m[1m_update_scan_actions[22m | tab_selected_v4.9.png[39m[0m
[  81% ] [90m[1m_update_scan_actions[22m | tab_unselected.9.png[39m[0m
[  81% ] [90m[1m_update_scan_actions[22m | tab_unselected_focused_holo.9.png[39m[0m
[  81% ] [90m[1m_update_scan_actions[22m | tab_unselected_holo.9.png[39m[0m
[  81% ] [90m[1m_update_scan_actions[22m | tab_unselected_pressed_holo.9.png[39m[0m
[  81% ] [90m[1m_update_scan_actions[22m | tab_unselected_v4.9.png[39m[0m
[  81% ] [90m[1m_update_scan_actions[22m | textfield_activated_holo_dark.9.png[39m[0m
[  81% ] [90m[1m_update_scan_actions[22m | textfield_activated_holo_light.9.png[39m[0m
[  81% ] [90m[1m_update_scan_actions[22m | textfield_activated_mtrl_alpha.9.png[39m[0m
[  81% ] [90m[1m_update_scan_actions[22m | textfield_default.9.png[39m[0m
[  81% ] [90m[1m_update_scan_actions[22m | textfield_default_holo_dark.9.png[39m[0m
[  81% ] [90m[1m_update_scan_actions[22m | textfield_default_holo_light.9.png[39m[0m
[  81% ] [90m[1m_update_scan_actions[22m | textfield_default_mtrl_alpha.9.png[39m[0m
[  81% ] [90m[1m_update_scan_actions[22m | textfield_disabled.9.png[39m[0m
[  81% ] [90m[1m_update_scan_actions[22m | textfield_disabled_focused_holo_dark.9.png[39m[0m
[  81% ] [90m[1m_update_scan_actions[22m | textfield_disabled_focused_holo_light.9.png[39m[0m
[  81% ] [90m[1m_update_scan_actions[22m | textfield_disabled_holo_dark.9.png[39m[0m
[  81% ] [90m[1m_update_scan_actions[22m | textfield_disabled_holo_light.9.png[39m[0m
[  81% ] [90m[1m_update_scan_actions[22m | textfield_disabled_selected.9.png[39m[0m
[  81% ] [90m[1m_update_scan_actions[22m | textfield_focused_holo_dark.9.png[39m[0m
[  81% ] [90m[1m_update_scan_actions[22m | textfield_focused_holo_light.9.png[39m[0m
[  81% ] [90m[1m_update_scan_actions[22m | textfield_multiline_activated_holo_dark.9.png[39m[0m
[  81% ] [90m[1m_update_scan_actions[22m | textfield_multiline_activated_holo_light.9.png[39m[0m
[  81% ] [90m[1m_update_scan_actions[22m | textfield_multiline_default_holo_dark.9.png[39m[0m
[  81% ] [90m[1m_update_scan_actions[22m | textfield_multiline_default_holo_light.9.png[39m[0m
[  81% ] [90m[1m_update_scan_actions[22m | textfield_multiline_disabled_focused_holo_dark.9.png[39m[0m
[  81% ] [90m[1m_update_scan_actions[22m | textfield_multiline_disabled_focused_holo_light.9.png[39m[0m
[  81% ] [90m[1m_update_scan_actions[22m | textfield_multiline_disabled_holo_dark.9.png[39m[0m
[  81% ] [90m[1m_update_scan_actions[22m | textfield_multiline_disabled_holo_light.9.png[39m[0m
[  81% ] [90m[1m_update_scan_actions[22m | textfield_multiline_focused_holo_dark.9.png[39m[0m
[  81% ] [90m[1m_update_scan_actions[22m | textfield_multiline_focused_holo_light.9.png[39m[0m
[  81% ] [90m[1m_update_scan_actions[22m | textfield_search_activated_mtrl_alpha.9.png[39m[0m
[  81% ] [90m[1m_update_scan_actions[22m | textfield_search_default.9.png[39m[0m
[  81% ] [90m[1m_update_scan_actions[22m | textfield_search_default_holo_dark.9.png[39m[0m
[  81% ] [90m[1m_update_scan_actions[22m | textfield_search_default_holo_light.9.png[39m[0m
[  81% ] [90m[1m_update_scan_actions[22m | textfield_search_default_mtrl_alpha.9.png[39m[0m
[  81% ] [90m[1m_update_scan_actions[22m | textfield_search_empty_default.9.png[39m[0m
[  81% ] [90m[1m_update_scan_actions[22m | textfield_search_empty_pressed.9.png[39m[0m
[  81% ] [90m[1m_update_scan_actions[22m | textfield_search_empty_selected.9.png[39m[0m
[  81% ] [90m[1m_update_scan_actions[22m | textfield_search_pressed.9.png[39m[0m
[  81% ] [90m[1m_update_scan_actions[22m | textfield_search_right_default_holo_dark.9.png[39m[0m
[  81% ] [90m[1m_update_scan_actions[22m | textfield_search_right_default_holo_light.9.png[39m[0m
[  81% ] [90m[1m_update_scan_actions[22m | textfield_search_right_selected_holo_dark.9.png[39m[0m
[  81% ] [90m[1m_update_scan_actions[22m | textfield_search_right_selected_holo_light.9.png[39m[0m
[  81% ] [90m[1m_update_scan_actions[22m | textfield_search_selected.9.png[39m[0m
[  81% ] [90m[1m_update_scan_actions[22m | textfield_search_selected_holo_dark.9.png[39m[0m
[  81% ] [90m[1m_update_scan_actions[22m | textfield_search_selected_holo_light.9.png[39m[0m
[  81% ] [90m[1m_update_scan_actions[22m | textfield_selected.9.png[39m[0m
[  81% ] [90m[1m_update_scan_actions[22m | text_edit_paste_window.9.png[39m[0m
[  81% ] [90m[1m_update_scan_actions[22m | text_edit_side_paste_window.9.png[39m[0m
[  81% ] [90m[1m_update_scan_actions[22m | text_edit_suggestions_window.9.png[39m[0m
[  81% ] [90m[1m_update_scan_actions[22m | text_select_handle_left_mtrl_alpha.png[39m[0m
[  81% ] [90m[1m_update_scan_actions[22m | text_select_handle_middle_mtrl_alpha.png[39m[0m
[  81% ] [90m[1m_update_scan_actions[22m | text_select_handle_right_mtrl_alpha.png[39m[0m
[  81% ] [90m[1m_update_scan_actions[22m | title_bar_medium.9.png[39m[0m
[  81% ] [90m[1m_update_scan_actions[22m | title_bar_portrait.9.png[39m[0m
[  81% ] [90m[1m_update_scan_actions[22m | title_bar_tall.9.png[39m[0m
[  81% ] [90m[1m_update_scan_actions[22m | transportcontrol_bg.9.png[39m[0m
[  81% ] [90m[1m_update_scan_actions[22m | unknown_image.png[39m[0m
[  81% ] [90m[1m_update_scan_actions[22m | vpn_connected.png[39m[0m
[  81% ] [90m[1m_update_scan_actions[22m | vpn_disconnected.png[39m[0m
[  81% ] [90m[1m_update_scan_actions[22m | watch_switch_thumb_mtrl_14w.png[39m[0m
[  81% ] [90m[1m_update_scan_actions[22m | watch_switch_thumb_mtrl_15w.png[39m[0m
[  82% ] [90m[1m_update_scan_actions[22m | watch_switch_thumb_mtrl_16w.png[39m[0m
[  82% ] [90m[1m_update_scan_actions[22m | watch_switch_thumb_mtrl_17w.png[39m[0m
[  82% ] [90m[1m_update_scan_actions[22m | watch_switch_thumb_mtrl_18w.png[39m[0m
[  82% ] [90m[1m_update_scan_actions[22m | watch_switch_track_mtrl.png[39m[0m
[  82% ] [90m[1m_update_scan_actions[22m | zoom_plate.9.png[39m[0m
[  82% ] [90m[1m_update_scan_actions[22m | ab_bottom_solid_dark_holo.9.png[39m[0m
[  82% ] [90m[1m_update_scan_actions[22m | ab_bottom_solid_inverse_holo.9.png[39m[0m
[  82% ] [90m[1m_update_scan_actions[22m | ab_bottom_solid_light_holo.9.png[39m[0m
[  82% ] [90m[1m_update_scan_actions[22m | ab_bottom_transparent_dark_holo.9.png[39m[0m
[  82% ] [90m[1m_update_scan_actions[22m | ab_bottom_transparent_light_holo.9.png[39m[0m
[  82% ] [90m[1m_update_scan_actions[22m | ab_share_pack_holo_dark.9.png[39m[0m
[  82% ] [90m[1m_update_scan_actions[22m | ab_share_pack_holo_light.9.png[39m[0m
[  82% ] [90m[1m_update_scan_actions[22m | ab_share_pack_mtrl_alpha.9.png[39m[0m
[  82% ] [90m[1m_update_scan_actions[22m | ab_solid_dark_holo.9.png[39m[0m
[  82% ] [90m[1m_update_scan_actions[22m | ab_solid_light_holo.9.png[39m[0m
[  82% ] [90m[1m_update_scan_actions[22m | ab_solid_shadow_holo.9.png[39m[0m
[  82% ] [90m[1m_update_scan_actions[22m | ab_solid_shadow_mtrl_alpha.9.png[39m[0m
[  82% ] [90m[1m_update_scan_actions[22m | ab_stacked_solid_dark_holo.9.png[39m[0m
[  82% ] [90m[1m_update_scan_actions[22m | ab_stacked_solid_inverse_holo.9.png[39m[0m
[  82% ] [90m[1m_update_scan_actions[22m | ab_stacked_solid_light_holo.9.png[39m[0m
[  82% ] [90m[1m_update_scan_actions[22m | ab_stacked_transparent_dark_holo.9.png[39m[0m
[  82% ] [90m[1m_update_scan_actions[22m | ab_stacked_transparent_light_holo.9.png[39m[0m
[  82% ] [90m[1m_update_scan_actions[22m | ab_transparent_dark_holo.9.png[39m[0m
[  82% ] [90m[1m_update_scan_actions[22m | ab_transparent_light_holo.9.png[39m[0m
[  82% ] [90m[1m_update_scan_actions[22m | btn_cab_done_default_holo_dark.9.png[39m[0m
[  82% ] [90m[1m_update_scan_actions[22m | btn_cab_done_default_holo_light.9.png[39m[0m
[  82% ] [90m[1m_update_scan_actions[22m | btn_cab_done_focused_holo_dark.9.png[39m[0m
[  82% ] [90m[1m_update_scan_actions[22m | btn_cab_done_focused_holo_light.9.png[39m[0m
[  82% ] [90m[1m_update_scan_actions[22m | btn_cab_done_pressed_holo_dark.9.png[39m[0m
[  82% ] [90m[1m_update_scan_actions[22m | btn_cab_done_pressed_holo_light.9.png[39m[0m
[  82% ] [90m[1m_update_scan_actions[22m | btn_check_off_disabled_focused_holo_dark.png[39m[0m
[  82% ] [90m[1m_update_scan_actions[22m | btn_check_off_disabled_focused_holo_light.png[39m[0m
[  82% ] [90m[1m_update_scan_actions[22m | btn_check_off_disabled_holo_dark.png[39m[0m
[  82% ] [90m[1m_update_scan_actions[22m | btn_check_off_disabled_holo_light.png[39m[0m
[  82% ] [90m[1m_update_scan_actions[22m | btn_check_off_focused_holo_dark.png[39m[0m
[  82% ] [90m[1m_update_scan_actions[22m | btn_check_off_focused_holo_light.png[39m[0m
[  82% ] [90m[1m_update_scan_actions[22m | btn_check_off_holo.png[39m[0m
[  82% ] [90m[1m_update_scan_actions[22m | btn_check_off_holo_dark.png[39m[0m
[  82% ] [90m[1m_update_scan_actions[22m | btn_check_off_holo_light.png[39m[0m
[  82% ] [90m[1m_update_scan_actions[22m | btn_check_off_pressed_holo_dark.png[39m[0m
[  82% ] [90m[1m_update_scan_actions[22m | btn_check_off_pressed_holo_light.png[39m[0m
[  82% ] [90m[1m_update_scan_actions[22m | btn_check_on_disabled_focused_holo_dark.png[39m[0m
[  82% ] [90m[1m_update_scan_actions[22m | btn_check_on_disabled_focused_holo_light.png[39m[0m
[  82% ] [90m[1m_update_scan_actions[22m | btn_check_on_disabled_holo_dark.png[39m[0m
[  82% ] [90m[1m_update_scan_actions[22m | btn_check_on_disabled_holo_light.png[39m[0m
[  82% ] [90m[1m_update_scan_actions[22m | btn_check_on_focused_holo_dark.png[39m[0m
[  82% ] [90m[1m_update_scan_actions[22m | btn_check_on_focused_holo_light.png[39m[0m
[  82% ] [90m[1m_update_scan_actions[22m | btn_check_on_holo.png[39m[0m
[  82% ] [90m[1m_update_scan_actions[22m | btn_check_on_holo_dark.png[39m[0m
[  82% ] [90m[1m_update_scan_actions[22m | btn_check_on_holo_light.png[39m[0m
[  82% ] [90m[1m_update_scan_actions[22m | btn_check_on_pressed_holo_dark.png[39m[0m
[  82% ] [90m[1m_update_scan_actions[22m | btn_check_on_pressed_holo_light.png[39m[0m
[  82% ] [90m[1m_update_scan_actions[22m | btn_default_disabled_focused_holo_dark.9.png[39m[0m
[  82% ] [90m[1m_update_scan_actions[22m | btn_default_disabled_focused_holo_light.9.png[39m[0m
[  82% ] [90m[1m_update_scan_actions[22m | btn_default_disabled_holo.9.png[39m[0m
[  82% ] [90m[1m_update_scan_actions[22m | btn_default_disabled_holo_dark.9.png[39m[0m
[  82% ] [90m[1m_update_scan_actions[22m | btn_default_disabled_holo_light.9.png[39m[0m
[  82% ] [90m[1m_update_scan_actions[22m | btn_default_focused_holo.9.png[39m[0m
[  82% ] [90m[1m_update_scan_actions[22m | btn_default_focused_holo_dark.9.png[39m[0m
[  82% ] [90m[1m_update_scan_actions[22m | btn_default_focused_holo_light.9.png[39m[0m
[  82% ] [90m[1m_update_scan_actions[22m | btn_default_normal_holo.9.png[39m[0m
[  82% ] [90m[1m_update_scan_actions[22m | btn_default_normal_holo_dark.9.png[39m[0m
[  82% ] [90m[1m_update_scan_actions[22m | btn_default_normal_holo_light.9.png[39m[0m
[  82% ] [90m[1m_update_scan_actions[22m | btn_default_pressed_holo.9.png[39m[0m
[  82% ] [90m[1m_update_scan_actions[22m | btn_default_pressed_holo_dark.9.png[39m[0m
[  82% ] [90m[1m_update_scan_actions[22m | btn_default_pressed_holo_light.9.png[39m[0m
[  82% ] [90m[1m_update_scan_actions[22m | btn_group_disabled_holo_dark.9.png[39m[0m
[  82% ] [90m[1m_update_scan_actions[22m | btn_group_disabled_holo_light.9.png[39m[0m
[  82% ] [90m[1m_update_scan_actions[22m | btn_group_focused_holo_dark.9.png[39m[0m
[  83% ] [90m[1m_update_scan_actions[22m | btn_group_focused_holo_light.9.png[39m[0m
[  83% ] [90m[1m_update_scan_actions[22m | btn_group_normal_holo_dark.9.png[39m[0m
[  83% ] [90m[1m_update_scan_actions[22m | btn_group_normal_holo_light.9.png[39m[0m
[  83% ] [90m[1m_update_scan_actions[22m | btn_group_pressed_holo_dark.9.png[39m[0m
[  83% ] [90m[1m_update_scan_actions[22m | btn_group_pressed_holo_light.9.png[39m[0m
[  83% ] [90m[1m_update_scan_actions[22m | btn_radio_off_disabled_focused_holo_dark.png[39m[0m
[  83% ] [90m[1m_update_scan_actions[22m | btn_radio_off_disabled_focused_holo_light.png[39m[0m
[  83% ] [90m[1m_update_scan_actions[22m | btn_radio_off_disabled_holo_dark.png[39m[0m
[  83% ] [90m[1m_update_scan_actions[22m | btn_radio_off_disabled_holo_light.png[39m[0m
[  83% ] [90m[1m_update_scan_actions[22m | btn_radio_off_focused_holo_dark.png[39m[0m
[  83% ] [90m[1m_update_scan_actions[22m | btn_radio_off_focused_holo_light.png[39m[0m
[  83% ] [90m[1m_update_scan_actions[22m | btn_radio_off_holo.png[39m[0m
[  83% ] [90m[1m_update_scan_actions[22m | btn_radio_off_holo_dark.png[39m[0m
[  83% ] [90m[1m_update_scan_actions[22m | btn_radio_off_holo_light.png[39m[0m
[  83% ] [90m[1m_update_scan_actions[22m | btn_radio_off_pressed_holo_dark.png[39m[0m
[  83% ] [90m[1m_update_scan_actions[22m | btn_radio_off_pressed_holo_light.png[39m[0m
[  83% ] [90m[1m_update_scan_actions[22m | btn_radio_on_disabled_focused_holo_dark.png[39m[0m
[  83% ] [90m[1m_update_scan_actions[22m | btn_radio_on_disabled_focused_holo_light.png[39m[0m
[  83% ] [90m[1m_update_scan_actions[22m | btn_radio_on_disabled_holo_dark.png[39m[0m
[  83% ] [90m[1m_update_scan_actions[22m | btn_radio_on_disabled_holo_light.png[39m[0m
[  83% ] [90m[1m_update_scan_actions[22m | btn_radio_on_focused_holo_dark.png[39m[0m
[  83% ] [90m[1m_update_scan_actions[22m | btn_radio_on_focused_holo_light.png[39m[0m
[  83% ] [90m[1m_update_scan_actions[22m | btn_radio_on_holo.png[39m[0m
[  83% ] [90m[1m_update_scan_actions[22m | btn_radio_on_holo_dark.png[39m[0m
[  83% ] [90m[1m_update_scan_actions[22m | btn_radio_on_holo_light.png[39m[0m
[  83% ] [90m[1m_update_scan_actions[22m | btn_radio_on_pressed_holo_dark.png[39m[0m
[  83% ] [90m[1m_update_scan_actions[22m | btn_radio_on_pressed_holo_light.png[39m[0m
[  83% ] [90m[1m_update_scan_actions[22m | btn_rating_star_off_disabled_focused_holo_dark.png[39m[0m
[  83% ] [90m[1m_update_scan_actions[22m | btn_rating_star_off_disabled_focused_holo_light.png[39m[0m
[  83% ] [90m[1m_update_scan_actions[22m | btn_rating_star_off_disabled_holo_dark.png[39m[0m
[  83% ] [90m[1m_update_scan_actions[22m | btn_rating_star_off_disabled_holo_light.png[39m[0m
[  83% ] [90m[1m_update_scan_actions[22m | btn_rating_star_off_focused_holo_dark.png[39m[0m
[  83% ] [90m[1m_update_scan_actions[22m | btn_rating_star_off_focused_holo_light.png[39m[0m
[  83% ] [90m[1m_update_scan_actions[22m | btn_rating_star_off_mtrl_alpha.png[39m[0m
[  83% ] [90m[1m_update_scan_actions[22m | btn_rating_star_off_normal_holo_dark.png[39m[0m
[  83% ] [90m[1m_update_scan_actions[22m | btn_rating_star_off_normal_holo_light.png[39m[0m
[  83% ] [90m[1m_update_scan_actions[22m | btn_rating_star_off_pressed_holo_dark.png[39m[0m
[  83% ] [90m[1m_update_scan_actions[22m | btn_rating_star_off_pressed_holo_light.png[39m[0m
[  83% ] [90m[1m_update_scan_actions[22m | btn_rating_star_on_disabled_focused_holo_dark.png[39m[0m
[  83% ] [90m[1m_update_scan_actions[22m | btn_rating_star_on_disabled_focused_holo_light.png[39m[0m
[  83% ] [90m[1m_update_scan_actions[22m | btn_rating_star_on_disabled_holo_dark.png[39m[0m
[  83% ] [90m[1m_update_scan_actions[22m | btn_rating_star_on_disabled_holo_light.png[39m[0m
[  83% ] [90m[1m_update_scan_actions[22m | btn_rating_star_on_focused_holo_dark.png[39m[0m
[  83% ] [90m[1m_update_scan_actions[22m | btn_rating_star_on_focused_holo_light.png[39m[0m
[  83% ] [90m[1m_update_scan_actions[22m | btn_rating_star_on_mtrl_alpha.png[39m[0m
[  83% ] [90m[1m_update_scan_actions[22m | btn_rating_star_on_normal_holo_dark.png[39m[0m
[  83% ] [90m[1m_update_scan_actions[22m | btn_rating_star_on_normal_holo_light.png[39m[0m
[  83% ] [90m[1m_update_scan_actions[22m | btn_rating_star_on_pressed_holo_dark.png[39m[0m
[  83% ] [90m[1m_update_scan_actions[22m | btn_rating_star_on_pressed_holo_light.png[39m[0m
[  83% ] [90m[1m_update_scan_actions[22m | btn_star_mtrl_alpha.png[39m[0m
[  83% ] [90m[1m_update_scan_actions[22m | btn_star_off_disabled_focused_holo_dark.png[39m[0m
[  83% ] [90m[1m_update_scan_actions[22m | btn_star_off_disabled_focused_holo_light.png[39m[0m
[  83% ] [90m[1m_update_scan_actions[22m | btn_star_off_disabled_holo_dark.png[39m[0m
[  83% ] [90m[1m_update_scan_actions[22m | btn_star_off_disabled_holo_light.png[39m[0m
[  83% ] [90m[1m_update_scan_actions[22m | btn_star_off_focused_holo_dark.png[39m[0m
[  83% ] [90m[1m_update_scan_actions[22m | btn_star_off_focused_holo_light.png[39m[0m
[  83% ] [90m[1m_update_scan_actions[22m | btn_star_off_normal_holo_dark.png[39m[0m
[  83% ] [90m[1m_update_scan_actions[22m | btn_star_off_normal_holo_light.png[39m[0m
[  83% ] [90m[1m_update_scan_actions[22m | btn_star_off_pressed_holo_dark.png[39m[0m
[  83% ] [90m[1m_update_scan_actions[22m | btn_star_off_pressed_holo_light.png[39m[0m
[  83% ] [90m[1m_update_scan_actions[22m | btn_star_on_disabled_focused_holo_dark.png[39m[0m
[  83% ] [90m[1m_update_scan_actions[22m | btn_star_on_disabled_focused_holo_light.png[39m[0m
[  83% ] [90m[1m_update_scan_actions[22m | btn_star_on_disabled_holo_dark.png[39m[0m
[  83% ] [90m[1m_update_scan_actions[22m | btn_star_on_disabled_holo_light.png[39m[0m
[  83% ] [90m[1m_update_scan_actions[22m | btn_star_on_focused_holo_dark.png[39m[0m
[  83% ] [90m[1m_update_scan_actions[22m | btn_star_on_focused_holo_light.png[39m[0m
[  83% ] [90m[1m_update_scan_actions[22m | btn_star_on_normal_holo_dark.png[39m[0m
[  83% ] [90m[1m_update_scan_actions[22m | btn_star_on_normal_holo_light.png[39m[0m
[  84% ] [90m[1m_update_scan_actions[22m | btn_star_on_pressed_holo_dark.png[39m[0m
[  84% ] [90m[1m_update_scan_actions[22m | btn_star_on_pressed_holo_light.png[39m[0m
[  84% ] [90m[1m_update_scan_actions[22m | btn_switch_to_off_mtrl_00001.9.png[39m[0m
[  84% ] [90m[1m_update_scan_actions[22m | btn_switch_to_off_mtrl_00002.9.png[39m[0m
[  84% ] [90m[1m_update_scan_actions[22m | btn_switch_to_off_mtrl_00003.9.png[39m[0m
[  84% ] [90m[1m_update_scan_actions[22m | btn_switch_to_off_mtrl_00004.9.png[39m[0m
[  84% ] [90m[1m_update_scan_actions[22m | btn_switch_to_off_mtrl_00005.9.png[39m[0m
[  84% ] [90m[1m_update_scan_actions[22m | btn_switch_to_off_mtrl_00006.9.png[39m[0m
[  84% ] [90m[1m_update_scan_actions[22m | btn_switch_to_off_mtrl_00007.9.png[39m[0m
[  84% ] [90m[1m_update_scan_actions[22m | btn_switch_to_off_mtrl_00008.9.png[39m[0m
[  84% ] [90m[1m_update_scan_actions[22m | btn_switch_to_off_mtrl_00009.9.png[39m[0m
[  84% ] [90m[1m_update_scan_actions[22m | btn_switch_to_off_mtrl_00010.9.png[39m[0m
[  84% ] [90m[1m_update_scan_actions[22m | btn_switch_to_off_mtrl_00011.9.png[39m[0m
[  84% ] [90m[1m_update_scan_actions[22m | btn_switch_to_off_mtrl_00012.9.png[39m[0m
[  84% ] [90m[1m_update_scan_actions[22m | btn_switch_to_on_mtrl_00001.9.png[39m[0m
[  84% ] [90m[1m_update_scan_actions[22m | btn_switch_to_on_mtrl_00002.9.png[39m[0m
[  84% ] [90m[1m_update_scan_actions[22m | btn_switch_to_on_mtrl_00003.9.png[39m[0m
[  84% ] [90m[1m_update_scan_actions[22m | btn_switch_to_on_mtrl_00004.9.png[39m[0m
[  84% ] [90m[1m_update_scan_actions[22m | btn_switch_to_on_mtrl_00005.9.png[39m[0m
[  84% ] [90m[1m_update_scan_actions[22m | btn_switch_to_on_mtrl_00006.9.png[39m[0m
[  84% ] [90m[1m_update_scan_actions[22m | btn_switch_to_on_mtrl_00007.9.png[39m[0m
[  84% ] [90m[1m_update_scan_actions[22m | btn_switch_to_on_mtrl_00008.9.png[39m[0m
[  84% ] [90m[1m_update_scan_actions[22m | btn_switch_to_on_mtrl_00009.9.png[39m[0m
[  84% ] [90m[1m_update_scan_actions[22m | btn_switch_to_on_mtrl_00010.9.png[39m[0m
[  84% ] [90m[1m_update_scan_actions[22m | btn_switch_to_on_mtrl_00011.9.png[39m[0m
[  84% ] [90m[1m_update_scan_actions[22m | btn_switch_to_on_mtrl_00012.9.png[39m[0m
[  84% ] [90m[1m_update_scan_actions[22m | btn_toggle_off_disabled_focused_holo_dark.9.png[39m[0m
[  84% ] [90m[1m_update_scan_actions[22m | btn_toggle_off_disabled_focused_holo_light.9.png[39m[0m
[  84% ] [90m[1m_update_scan_actions[22m | btn_toggle_off_disabled_holo_dark.9.png[39m[0m
[  84% ] [90m[1m_update_scan_actions[22m | btn_toggle_off_disabled_holo_light.9.png[39m[0m
[  84% ] [90m[1m_update_scan_actions[22m | btn_toggle_off_focused_holo_dark.9.png[39m[0m
[  84% ] [90m[1m_update_scan_actions[22m | btn_toggle_off_focused_holo_light.9.png[39m[0m
[  84% ] [90m[1m_update_scan_actions[22m | btn_toggle_off_normal_holo_dark.9.png[39m[0m
[  84% ] [90m[1m_update_scan_actions[22m | btn_toggle_off_normal_holo_light.9.png[39m[0m
[  84% ] [90m[1m_update_scan_actions[22m | btn_toggle_off_pressed_holo_dark.9.png[39m[0m
[  84% ] [90m[1m_update_scan_actions[22m | btn_toggle_off_pressed_holo_light.9.png[39m[0m
[  84% ] [90m[1m_update_scan_actions[22m | btn_toggle_on_disabled_focused_holo_dark.9.png[39m[0m
[  84% ] [90m[1m_update_scan_actions[22m | btn_toggle_on_disabled_focused_holo_light.9.png[39m[0m
[  84% ] [90m[1m_update_scan_actions[22m | btn_toggle_on_disabled_holo_dark.9.png[39m[0m
[  84% ] [90m[1m_update_scan_actions[22m | btn_toggle_on_disabled_holo_light.9.png[39m[0m
[  84% ] [90m[1m_update_scan_actions[22m | btn_toggle_on_focused_holo_dark.9.png[39m[0m
[  84% ] [90m[1m_update_scan_actions[22m | btn_toggle_on_focused_holo_light.9.png[39m[0m
[  84% ] [90m[1m_update_scan_actions[22m | btn_toggle_on_normal_holo_dark.9.png[39m[0m
[  84% ] [90m[1m_update_scan_actions[22m | btn_toggle_on_normal_holo_light.9.png[39m[0m
[  84% ] [90m[1m_update_scan_actions[22m | btn_toggle_on_pressed_holo_dark.9.png[39m[0m
[  84% ] [90m[1m_update_scan_actions[22m | btn_toggle_on_pressed_holo_light.9.png[39m[0m
[  84% ] [90m[1m_update_scan_actions[22m | cab_background_bottom_holo_dark.9.png[39m[0m
[  84% ] [90m[1m_update_scan_actions[22m | cab_background_bottom_holo_light.9.png[39m[0m
[  84% ] [90m[1m_update_scan_actions[22m | cab_background_bottom_mtrl_alpha.9.png[39m[0m
[  84% ] [90m[1m_update_scan_actions[22m | cab_background_top_holo_dark.9.png[39m[0m
[  84% ] [90m[1m_update_scan_actions[22m | cab_background_top_holo_light.9.png[39m[0m
[  84% ] [90m[1m_update_scan_actions[22m | cab_background_top_mtrl_alpha.9.png[39m[0m
[  84% ] [90m[1m_update_scan_actions[22m | cling_arrow_up.png[39m[0m
[  84% ] [90m[1m_update_scan_actions[22m | cling_bg.9.png[39m[0m
[  84% ] [90m[1m_update_scan_actions[22m | cling_button_normal.9.png[39m[0m
[  84% ] [90m[1m_update_scan_actions[22m | cling_button_pressed.9.png[39m[0m
[  84% ] [90m[1m_update_scan_actions[22m | combobox_disabled.png[39m[0m
[  84% ] [90m[1m_update_scan_actions[22m | combobox_nohighlight.png[39m[0m
[  84% ] [90m[1m_update_scan_actions[22m | create_contact.png[39m[0m
[  84% ] [90m[1m_update_scan_actions[22m | day_picker_week_view_dayline_holo.9.png[39m[0m
[  84% ] [90m[1m_update_scan_actions[22m | dialog_bottom_holo_dark.9.png[39m[0m
[  84% ] [90m[1m_update_scan_actions[22m | dialog_bottom_holo_light.9.png[39m[0m
[  84% ] [90m[1m_update_scan_actions[22m | dialog_full_holo_dark.9.png[39m[0m
[  84% ] [90m[1m_update_scan_actions[22m | dialog_full_holo_light.9.png[39m[0m
[  84% ] [90m[1m_update_scan_actions[22m | dialog_ic_close_focused_holo_dark.png[39m[0m
[  84% ] [90m[1m_update_scan_actions[22m | dialog_ic_close_focused_holo_light.png[39m[0m
[  84% ] [90m[1m_update_scan_actions[22m | dialog_ic_close_normal_holo_dark.png[39m[0m
[  84% ] [90m[1m_update_scan_actions[22m | dialog_ic_close_normal_holo_light.png[39m[0m
[  85% ] [90m[1m_update_scan_actions[22m | dialog_ic_close_pressed_holo_dark.png[39m[0m
[  85% ] [90m[1m_update_scan_actions[22m | dialog_ic_close_pressed_holo_light.png[39m[0m
[  85% ] [90m[1m_update_scan_actions[22m | dialog_middle_holo_dark.9.png[39m[0m
[  85% ] [90m[1m_update_scan_actions[22m | dialog_middle_holo_light.9.png[39m[0m
[  85% ] [90m[1m_update_scan_actions[22m | dialog_top_holo_dark.9.png[39m[0m
[  85% ] [90m[1m_update_scan_actions[22m | dialog_top_holo_light.9.png[39m[0m
[  85% ] [90m[1m_update_scan_actions[22m | emo_im_angel.png[39m[0m
[  85% ] [90m[1m_update_scan_actions[22m | emo_im_cool.png[39m[0m
[  85% ] [90m[1m_update_scan_actions[22m | emo_im_crying.png[39m[0m
[  85% ] [90m[1m_update_scan_actions[22m | emo_im_embarrassed.png[39m[0m
[  85% ] [90m[1m_update_scan_actions[22m | emo_im_foot_in_mouth.png[39m[0m
[  85% ] [90m[1m_update_scan_actions[22m | emo_im_happy.png[39m[0m
[  85% ] [90m[1m_update_scan_actions[22m | emo_im_kissing.png[39m[0m
[  85% ] [90m[1m_update_scan_actions[22m | emo_im_laughing.png[39m[0m
[  85% ] [90m[1m_update_scan_actions[22m | emo_im_lips_are_sealed.png[39m[0m
[  85% ] [90m[1m_update_scan_actions[22m | emo_im_money_mouth.png[39m[0m
[  85% ] [90m[1m_update_scan_actions[22m | emo_im_sad.png[39m[0m
[  85% ] [90m[1m_update_scan_actions[22m | emo_im_surprised.png[39m[0m
[  85% ] [90m[1m_update_scan_actions[22m | emo_im_tongue_sticking_out.png[39m[0m
[  85% ] [90m[1m_update_scan_actions[22m | emo_im_undecided.png[39m[0m
[  85% ] [90m[1m_update_scan_actions[22m | emo_im_winking.png[39m[0m
[  85% ] [90m[1m_update_scan_actions[22m | emo_im_wtf.png[39m[0m
[  85% ] [90m[1m_update_scan_actions[22m | emo_im_yelling.png[39m[0m
[  85% ] [90m[1m_update_scan_actions[22m | expander_close_holo_dark.9.png[39m[0m
[  85% ] [90m[1m_update_scan_actions[22m | expander_close_holo_light.9.png[39m[0m
[  85% ] [90m[1m_update_scan_actions[22m | expander_close_mtrl_alpha.9.png[39m[0m
[  85% ] [90m[1m_update_scan_actions[22m | expander_open_holo_dark.9.png[39m[0m
[  85% ] [90m[1m_update_scan_actions[22m | expander_open_holo_light.9.png[39m[0m
[  85% ] [90m[1m_update_scan_actions[22m | expander_open_mtrl_alpha.9.png[39m[0m
[  85% ] [90m[1m_update_scan_actions[22m | fastscroll_label_left_holo_dark.9.png[39m[0m
[  85% ] [90m[1m_update_scan_actions[22m | fastscroll_label_left_holo_light.9.png[39m[0m
[  85% ] [90m[1m_update_scan_actions[22m | fastscroll_label_right_holo_dark.9.png[39m[0m
[  85% ] [90m[1m_update_scan_actions[22m | fastscroll_label_right_holo_light.9.png[39m[0m
[  85% ] [90m[1m_update_scan_actions[22m | fastscroll_thumb_default_holo.png[39m[0m
[  85% ] [90m[1m_update_scan_actions[22m | fastscroll_thumb_pressed_holo.png[39m[0m
[  85% ] [90m[1m_update_scan_actions[22m | fastscroll_track_default_holo_dark.9.png[39m[0m
[  85% ] [90m[1m_update_scan_actions[22m | fastscroll_track_default_holo_light.9.png[39m[0m
[  85% ] [90m[1m_update_scan_actions[22m | fastscroll_track_pressed_holo_dark.9.png[39m[0m
[  85% ] [90m[1m_update_scan_actions[22m | fastscroll_track_pressed_holo_light.9.png[39m[0m
[  85% ] [90m[1m_update_scan_actions[22m | ic_ab_back_holo_dark_am.png[39m[0m
[  85% ] [90m[1m_update_scan_actions[22m | ic_ab_back_holo_light_am.png[39m[0m
[  85% ] [90m[1m_update_scan_actions[22m | ic_audio_notification_am_alpha.png[39m[0m
[  85% ] [90m[1m_update_scan_actions[22m | ic_audio_notification_mute_am_alpha.png[39m[0m
[  85% ] [90m[1m_update_scan_actions[22m | ic_btn_search_go.png[39m[0m
[  85% ] [90m[1m_update_scan_actions[22m | ic_btn_speak_now.png[39m[0m
[  85% ] [90m[1m_update_scan_actions[22m | ic_bullet_key_permission.png[39m[0m
[  85% ] [90m[1m_update_scan_actions[22m | ic_cab_done_holo.png[39m[0m
[  85% ] [90m[1m_update_scan_actions[22m | ic_cab_done_holo_dark.png[39m[0m
[  85% ] [90m[1m_update_scan_actions[22m | ic_cab_done_holo_light.png[39m[0m
[  85% ] [90m[1m_update_scan_actions[22m | ic_cab_done_mtrl_alpha.png[39m[0m
[  85% ] [90m[1m_update_scan_actions[22m | ic_commit_search_api_holo_dark.png[39m[0m
[  85% ] [90m[1m_update_scan_actions[22m | ic_commit_search_api_holo_light.png[39m[0m
[  85% ] [90m[1m_update_scan_actions[22m | ic_commit_search_api_mtrl_alpha.png[39m[0m
[  85% ] [90m[1m_update_scan_actions[22m | ic_contact_picture.png[39m[0m
[  85% ] [90m[1m_update_scan_actions[22m | ic_contact_picture_180_holo_dark.png[39m[0m
[  85% ] [90m[1m_update_scan_actions[22m | ic_contact_picture_180_holo_light.png[39m[0m
[  85% ] [90m[1m_update_scan_actions[22m | ic_contact_picture_holo_dark.png[39m[0m
[  85% ] [90m[1m_update_scan_actions[22m | ic_contact_picture_holo_light.png[39m[0m
[  85% ] [90m[1m_update_scan_actions[22m | ic_dialog_alert_holo_dark.png[39m[0m
[  85% ] [90m[1m_update_scan_actions[22m | ic_dialog_alert_holo_light.png[39m[0m
[  85% ] [90m[1m_update_scan_actions[22m | ic_emergency.png[39m[0m
[  85% ] [90m[1m_update_scan_actions[22m | ic_find_next_mtrl_alpha.png[39m[0m
[  85% ] [90m[1m_update_scan_actions[22m | ic_find_previous_mtrl_alpha.png[39m[0m
[  85% ] [90m[1m_update_scan_actions[22m | ic_input_delete.png[39m[0m
[  85% ] [90m[1m_update_scan_actions[22m | ic_launcher_android.png[39m[0m
[  85% ] [90m[1m_update_scan_actions[22m | ic_lockscreens_now_button.png[39m[0m
[  85% ] [90m[1m_update_scan_actions[22m | ic_lockscreen_alarm.png[39m[0m
[  85% ] [90m[1m_update_scan_actions[22m | ic_lockscreen_answer_active.png[39m[0m
[  85% ] [90m[1m_update_scan_actions[22m | ic_lockscreen_answer_focused.png[39m[0m
[  86% ] [90m[1m_update_scan_actions[22m | ic_lockscreen_answer_normal.png[39m[0m
[  86% ] [90m[1m_update_scan_actions[22m | ic_lockscreen_camera_activated.png[39m[0m
[  86% ] [90m[1m_update_scan_actions[22m | ic_lockscreen_camera_normal.png[39m[0m
[  86% ] [90m[1m_update_scan_actions[22m | ic_lockscreen_chevron_down.png[39m[0m
[  86% ] [90m[1m_update_scan_actions[22m | ic_lockscreen_chevron_left.png[39m[0m
[  86% ] [90m[1m_update_scan_actions[22m | ic_lockscreen_chevron_right.png[39m[0m
[  86% ] [90m[1m_update_scan_actions[22m | ic_lockscreen_chevron_up.png[39m[0m
[  86% ] [90m[1m_update_scan_actions[22m | ic_lockscreen_decline_activated.png[39m[0m
[  86% ] [90m[1m_update_scan_actions[22m | ic_lockscreen_decline_focused.png[39m[0m
[  86% ] [90m[1m_update_scan_actions[22m | ic_lockscreen_decline_normal.png[39m[0m
[  86% ] [90m[1m_update_scan_actions[22m | ic_lockscreen_emergencycall_normal.png[39m[0m
[  86% ] [90m[1m_update_scan_actions[22m | ic_lockscreen_emergencycall_pressed.png[39m[0m
[  86% ] [90m[1m_update_scan_actions[22m | ic_lockscreen_forgotpassword_normal.png[39m[0m
[  86% ] [90m[1m_update_scan_actions[22m | ic_lockscreen_forgotpassword_pressed.png[39m[0m
[  86% ] [90m[1m_update_scan_actions[22m | ic_lockscreen_google_activated.png[39m[0m
[  86% ] [90m[1m_update_scan_actions[22m | ic_lockscreen_google_focused.png[39m[0m
[  86% ] [90m[1m_update_scan_actions[22m | ic_lockscreen_google_normal.png[39m[0m
[  86% ] [90m[1m_update_scan_actions[22m | ic_lockscreen_handle_normal.png[39m[0m
[  86% ] [90m[1m_update_scan_actions[22m | ic_lockscreen_handle_pressed.png[39m[0m
[  86% ] [90m[1m_update_scan_actions[22m | ic_lockscreen_player_background.9.png[39m[0m
[  86% ] [90m[1m_update_scan_actions[22m | ic_lockscreen_puk.png[39m[0m
[  86% ] [90m[1m_update_scan_actions[22m | ic_lockscreen_silent_activated.png[39m[0m
[  86% ] [90m[1m_update_scan_actions[22m | ic_lockscreen_silent_focused.png[39m[0m
[  86% ] [90m[1m_update_scan_actions[22m | ic_lockscreen_silent_normal.png[39m[0m
[  86% ] [90m[1m_update_scan_actions[22m | ic_lockscreen_sim.png[39m[0m
[  86% ] [90m[1m_update_scan_actions[22m | ic_lockscreen_soundon_activated.png[39m[0m
[  86% ] [90m[1m_update_scan_actions[22m | ic_lockscreen_soundon_focused.png[39m[0m
[  86% ] [90m[1m_update_scan_actions[22m | ic_lockscreen_soundon_normal.png[39m[0m
[  86% ] [90m[1m_update_scan_actions[22m | ic_lockscreen_text_activated.png[39m[0m
[  86% ] [90m[1m_update_scan_actions[22m | ic_lockscreen_text_focusde.png[39m[0m
[  86% ] [90m[1m_update_scan_actions[22m | ic_lockscreen_text_normal.png[39m[0m
[  86% ] [90m[1m_update_scan_actions[22m | ic_lockscreen_unlock_activated.png[39m[0m
[  86% ] [90m[1m_update_scan_actions[22m | ic_lockscreen_unlock_normal.png[39m[0m
[  86% ] [90m[1m_update_scan_actions[22m | ic_lock_airplane_mode_alpha.png[39m[0m
[  86% ] [90m[1m_update_scan_actions[22m | ic_lock_airplane_mode_off_am_alpha.png[39m[0m
[  86% ] [90m[1m_update_scan_actions[22m | ic_lock_idle_alarm_alpha.png[39m[0m
[  86% ] [90m[1m_update_scan_actions[22m | ic_lock_lock_alpha.png[39m[0m
[  86% ] [90m[1m_update_scan_actions[22m | ic_lock_open_wht_24dp.png[39m[0m
[  86% ] [90m[1m_update_scan_actions[22m | ic_lock_outline_wht_24dp.png[39m[0m
[  86% ] [90m[1m_update_scan_actions[22m | ic_lock_power_off_alpha.png[39m[0m
[  86% ] [90m[1m_update_scan_actions[22m | ic_lock_silent_mode_off.png[39m[0m
[  86% ] [90m[1m_update_scan_actions[22m | ic_media_embed_play.png[39m[0m
[  86% ] [90m[1m_update_scan_actions[22m | ic_media_ff.png[39m[0m
[  86% ] [90m[1m_update_scan_actions[22m | ic_media_fullscreen.png[39m[0m
[  86% ] [90m[1m_update_scan_actions[22m | ic_media_next.png[39m[0m
[  86% ] [90m[1m_update_scan_actions[22m | ic_media_pause.png[39m[0m
[  86% ] [90m[1m_update_scan_actions[22m | ic_media_play.png[39m[0m
[  86% ] [90m[1m_update_scan_actions[22m | ic_media_previous.png[39m[0m
[  86% ] [90m[1m_update_scan_actions[22m | ic_media_rew.png[39m[0m
[  86% ] [90m[1m_update_scan_actions[22m | ic_media_route_connected_dark_00_mtrl.png[39m[0m
[  86% ] [90m[1m_update_scan_actions[22m | ic_media_route_connected_dark_01_mtrl.png[39m[0m
[  86% ] [90m[1m_update_scan_actions[22m | ic_media_route_connected_dark_02_mtrl.png[39m[0m
[  86% ] [90m[1m_update_scan_actions[22m | ic_media_route_connected_dark_03_mtrl.png[39m[0m
[  86% ] [90m[1m_update_scan_actions[22m | ic_media_route_connected_dark_04_mtrl.png[39m[0m
[  86% ] [90m[1m_update_scan_actions[22m | ic_media_route_connected_dark_05_mtrl.png[39m[0m
[  86% ] [90m[1m_update_scan_actions[22m | ic_media_route_connected_dark_06_mtrl.png[39m[0m
[  86% ] [90m[1m_update_scan_actions[22m | ic_media_route_connected_dark_07_mtrl.png[39m[0m
[  86% ] [90m[1m_update_scan_actions[22m | ic_media_route_connected_dark_08_mtrl.png[39m[0m
[  86% ] [90m[1m_update_scan_actions[22m | ic_media_route_connected_dark_09_mtrl.png[39m[0m
[  86% ] [90m[1m_update_scan_actions[22m | ic_media_route_connected_dark_10_mtrl.png[39m[0m
[  86% ] [90m[1m_update_scan_actions[22m | ic_media_route_connected_dark_11_mtrl.png[39m[0m
[  86% ] [90m[1m_update_scan_actions[22m | ic_media_route_connected_dark_12_mtrl.png[39m[0m
[  86% ] [90m[1m_update_scan_actions[22m | ic_media_route_connected_dark_13_mtrl.png[39m[0m
[  86% ] [90m[1m_update_scan_actions[22m | ic_media_route_connected_dark_14_mtrl.png[39m[0m
[  86% ] [90m[1m_update_scan_actions[22m | ic_media_route_connected_dark_15_mtrl.png[39m[0m
[  86% ] [90m[1m_update_scan_actions[22m | ic_media_route_connected_dark_16_mtrl.png[39m[0m
[  86% ] [90m[1m_update_scan_actions[22m | ic_media_route_connected_dark_17_mtrl.png[39m[0m
[  86% ] [90m[1m_update_scan_actions[22m | ic_media_route_connected_dark_18_mtrl.png[39m[0m
[  87% ] [90m[1m_update_scan_actions[22m | ic_media_route_connected_dark_19_mtrl.png[39m[0m
[  87% ] [90m[1m_update_scan_actions[22m | ic_media_route_connected_dark_20_mtrl.png[39m[0m
[  87% ] [90m[1m_update_scan_actions[22m | ic_media_route_connected_dark_21_mtrl.png[39m[0m
[  87% ] [90m[1m_update_scan_actions[22m | ic_media_route_connected_dark_22_mtrl.png[39m[0m
[  87% ] [90m[1m_update_scan_actions[22m | ic_media_route_connected_dark_23_mtrl.png[39m[0m
[  87% ] [90m[1m_update_scan_actions[22m | ic_media_route_connected_dark_24_mtrl.png[39m[0m
[  87% ] [90m[1m_update_scan_actions[22m | ic_media_route_connected_dark_25_mtrl.png[39m[0m
[  87% ] [90m[1m_update_scan_actions[22m | ic_media_route_connected_dark_26_mtrl.png[39m[0m
[  87% ] [90m[1m_update_scan_actions[22m | ic_media_route_connected_dark_27_mtrl.png[39m[0m
[  87% ] [90m[1m_update_scan_actions[22m | ic_media_route_connected_dark_28_mtrl.png[39m[0m
[  87% ] [90m[1m_update_scan_actions[22m | ic_media_route_connected_dark_29_mtrl.png[39m[0m
[  87% ] [90m[1m_update_scan_actions[22m | ic_media_route_connected_dark_30_mtrl.png[39m[0m
[  87% ] [90m[1m_update_scan_actions[22m | ic_media_route_connected_light_00_mtrl.png[39m[0m
[  87% ] [90m[1m_update_scan_actions[22m | ic_media_route_connected_light_01_mtrl.png[39m[0m
[  87% ] [90m[1m_update_scan_actions[22m | ic_media_route_connected_light_02_mtrl.png[39m[0m
[  87% ] [90m[1m_update_scan_actions[22m | ic_media_route_connected_light_03_mtrl.png[39m[0m
[  87% ] [90m[1m_update_scan_actions[22m | ic_media_route_connected_light_04_mtrl.png[39m[0m
[  87% ] [90m[1m_update_scan_actions[22m | ic_media_route_connected_light_05_mtrl.png[39m[0m
[  87% ] [90m[1m_update_scan_actions[22m | ic_media_route_connected_light_06_mtrl.png[39m[0m
[  87% ] [90m[1m_update_scan_actions[22m | ic_media_route_connected_light_07_mtrl.png[39m[0m
[  87% ] [90m[1m_update_scan_actions[22m | ic_media_route_connected_light_08_mtrl.png[39m[0m
[  87% ] [90m[1m_update_scan_actions[22m | ic_media_route_connected_light_09_mtrl.png[39m[0m
[  87% ] [90m[1m_update_scan_actions[22m | ic_media_route_connected_light_10_mtrl.png[39m[0m
[  87% ] [90m[1m_update_scan_actions[22m | ic_media_route_connected_light_11_mtrl.png[39m[0m
[  87% ] [90m[1m_update_scan_actions[22m | ic_media_route_connected_light_12_mtrl.png[39m[0m
[  87% ] [90m[1m_update_scan_actions[22m | ic_media_route_connected_light_13_mtrl.png[39m[0m
[  87% ] [90m[1m_update_scan_actions[22m | ic_media_route_connected_light_14_mtrl.png[39m[0m
[  87% ] [90m[1m_update_scan_actions[22m | ic_media_route_connected_light_15_mtrl.png[39m[0m
[  87% ] [90m[1m_update_scan_actions[22m | ic_media_route_connected_light_16_mtrl.png[39m[0m
[  87% ] [90m[1m_update_scan_actions[22m | ic_media_route_connected_light_17_mtrl.png[39m[0m
[  87% ] [90m[1m_update_scan_actions[22m | ic_media_route_connected_light_18_mtrl.png[39m[0m
[  87% ] [90m[1m_update_scan_actions[22m | ic_media_route_connected_light_19_mtrl.png[39m[0m
[  87% ] [90m[1m_update_scan_actions[22m | ic_media_route_connected_light_20_mtrl.png[39m[0m
[  87% ] [90m[1m_update_scan_actions[22m | ic_media_route_connected_light_21_mtrl.png[39m[0m
[  87% ] [90m[1m_update_scan_actions[22m | ic_media_route_connected_light_22_mtrl.png[39m[0m
[  87% ] [90m[1m_update_scan_actions[22m | ic_media_route_connected_light_23_mtrl.png[39m[0m
[  87% ] [90m[1m_update_scan_actions[22m | ic_media_route_connected_light_24_mtrl.png[39m[0m
[  87% ] [90m[1m_update_scan_actions[22m | ic_media_route_connected_light_25_mtrl.png[39m[0m
[  87% ] [90m[1m_update_scan_actions[22m | ic_media_route_connected_light_26_mtrl.png[39m[0m
[  87% ] [90m[1m_update_scan_actions[22m | ic_media_route_connected_light_27_mtrl.png[39m[0m
[  87% ] [90m[1m_update_scan_actions[22m | ic_media_route_connected_light_28_mtrl.png[39m[0m
[  87% ] [90m[1m_update_scan_actions[22m | ic_media_route_connected_light_29_mtrl.png[39m[0m
[  87% ] [90m[1m_update_scan_actions[22m | ic_media_route_connected_light_30_mtrl.png[39m[0m
[  87% ] [90m[1m_update_scan_actions[22m | ic_media_route_connecting_dark_00_mtrl.png[39m[0m
[  87% ] [90m[1m_update_scan_actions[22m | ic_media_route_connecting_dark_01_mtrl.png[39m[0m
[  87% ] [90m[1m_update_scan_actions[22m | ic_media_route_connecting_dark_02_mtrl.png[39m[0m
[  87% ] [90m[1m_update_scan_actions[22m | ic_media_route_connecting_dark_03_mtrl.png[39m[0m
[  87% ] [90m[1m_update_scan_actions[22m | ic_media_route_connecting_dark_04_mtrl.png[39m[0m
[  87% ] [90m[1m_update_scan_actions[22m | ic_media_route_connecting_dark_05_mtrl.png[39m[0m
[  87% ] [90m[1m_update_scan_actions[22m | ic_media_route_connecting_dark_06_mtrl.png[39m[0m
[  87% ] [90m[1m_update_scan_actions[22m | ic_media_route_connecting_dark_07_mtrl.png[39m[0m
[  87% ] [90m[1m_update_scan_actions[22m | ic_media_route_connecting_dark_08_mtrl.png[39m[0m
[  87% ] [90m[1m_update_scan_actions[22m | ic_media_route_connecting_dark_09_mtrl.png[39m[0m
[  87% ] [90m[1m_update_scan_actions[22m | ic_media_route_connecting_dark_10_mtrl.png[39m[0m
[  87% ] [90m[1m_update_scan_actions[22m | ic_media_route_connecting_dark_11_mtrl.png[39m[0m
[  87% ] [90m[1m_update_scan_actions[22m | ic_media_route_connecting_dark_12_mtrl.png[39m[0m
[  87% ] [90m[1m_update_scan_actions[22m | ic_media_route_connecting_dark_13_mtrl.png[39m[0m
[  87% ] [90m[1m_update_scan_actions[22m | ic_media_route_connecting_dark_14_mtrl.png[39m[0m
[  87% ] [90m[1m_update_scan_actions[22m | ic_media_route_connecting_dark_15_mtrl.png[39m[0m
[  87% ] [90m[1m_update_scan_actions[22m | ic_media_route_connecting_dark_16_mtrl.png[39m[0m
[  87% ] [90m[1m_update_scan_actions[22m | ic_media_route_connecting_dark_17_mtrl.png[39m[0m
[  87% ] [90m[1m_update_scan_actions[22m | ic_media_route_connecting_dark_18_mtrl.png[39m[0m
[  87% ] [90m[1m_update_scan_actions[22m | ic_media_route_connecting_dark_19_mtrl.png[39m[0m
[  87% ] [90m[1m_update_scan_actions[22m | ic_media_route_connecting_dark_20_mtrl.png[39m[0m
[  87% ] [90m[1m_update_scan_actions[22m | ic_media_route_connecting_dark_21_mtrl.png[39m[0m
[  87% ] [90m[1m_update_scan_actions[22m | ic_media_route_connecting_dark_22_mtrl.png[39m[0m
[  87% ] [90m[1m_update_scan_actions[22m | ic_media_route_connecting_dark_23_mtrl.png[39m[0m
[  87% ] [90m[1m_update_scan_actions[22m | ic_media_route_connecting_dark_24_mtrl.png[39m[0m
[  87% ] [90m[1m_update_scan_actions[22m | ic_media_route_connecting_dark_25_mtrl.png[39m[0m
[  88% ] [90m[1m_update_scan_actions[22m | ic_media_route_connecting_dark_26_mtrl.png[39m[0m
[  88% ] [90m[1m_update_scan_actions[22m | ic_media_route_connecting_dark_27_mtrl.png[39m[0m
[  88% ] [90m[1m_update_scan_actions[22m | ic_media_route_connecting_dark_28_mtrl.png[39m[0m
[  88% ] [90m[1m_update_scan_actions[22m | ic_media_route_connecting_dark_29_mtrl.png[39m[0m
[  88% ] [90m[1m_update_scan_actions[22m | ic_media_route_connecting_dark_30_mtrl.png[39m[0m
[  88% ] [90m[1m_update_scan_actions[22m | ic_media_route_connecting_light_00_mtrl.png[39m[0m
[  88% ] [90m[1m_update_scan_actions[22m | ic_media_route_connecting_light_01_mtrl.png[39m[0m
[  88% ] [90m[1m_update_scan_actions[22m | ic_media_route_connecting_light_02_mtrl.png[39m[0m
[  88% ] [90m[1m_update_scan_actions[22m | ic_media_route_connecting_light_03_mtrl.png[39m[0m
[  88% ] [90m[1m_update_scan_actions[22m | ic_media_route_connecting_light_04_mtrl.png[39m[0m
[  88% ] [90m[1m_update_scan_actions[22m | ic_media_route_connecting_light_05_mtrl.png[39m[0m
[  88% ] [90m[1m_update_scan_actions[22m | ic_media_route_connecting_light_06_mtrl.png[39m[0m
[  88% ] [90m[1m_update_scan_actions[22m | ic_media_route_connecting_light_07_mtrl.png[39m[0m
[  88% ] [90m[1m_update_scan_actions[22m | ic_media_route_connecting_light_08_mtrl.png[39m[0m
[  88% ] [90m[1m_update_scan_actions[22m | ic_media_route_connecting_light_09_mtrl.png[39m[0m
[  88% ] [90m[1m_update_scan_actions[22m | ic_media_route_connecting_light_10_mtrl.png[39m[0m
[  88% ] [90m[1m_update_scan_actions[22m | ic_media_route_connecting_light_11_mtrl.png[39m[0m
[  88% ] [90m[1m_update_scan_actions[22m | ic_media_route_connecting_light_12_mtrl.png[39m[0m
[  88% ] [90m[1m_update_scan_actions[22m | ic_media_route_connecting_light_13_mtrl.png[39m[0m
[  88% ] [90m[1m_update_scan_actions[22m | ic_media_route_connecting_light_14_mtrl.png[39m[0m
[  88% ] [90m[1m_update_scan_actions[22m | ic_media_route_connecting_light_15_mtrl.png[39m[0m
[  88% ] [90m[1m_update_scan_actions[22m | ic_media_route_connecting_light_16_mtrl.png[39m[0m
[  88% ] [90m[1m_update_scan_actions[22m | ic_media_route_connecting_light_17_mtrl.png[39m[0m
[  88% ] [90m[1m_update_scan_actions[22m | ic_media_route_connecting_light_18_mtrl.png[39m[0m
[  88% ] [90m[1m_update_scan_actions[22m | ic_media_route_connecting_light_19_mtrl.png[39m[0m
[  88% ] [90m[1m_update_scan_actions[22m | ic_media_route_connecting_light_20_mtrl.png[39m[0m
[  88% ] [90m[1m_update_scan_actions[22m | ic_media_route_connecting_light_21_mtrl.png[39m[0m
[  88% ] [90m[1m_update_scan_actions[22m | ic_media_route_connecting_light_22_mtrl.png[39m[0m
[  88% ] [90m[1m_update_scan_actions[22m | ic_media_route_connecting_light_23_mtrl.png[39m[0m
[  88% ] [90m[1m_update_scan_actions[22m | ic_media_route_connecting_light_24_mtrl.png[39m[0m
[  88% ] [90m[1m_update_scan_actions[22m | ic_media_route_connecting_light_25_mtrl.png[39m[0m
[  88% ] [90m[1m_update_scan_actions[22m | ic_media_route_connecting_light_26_mtrl.png[39m[0m
[  88% ] [90m[1m_update_scan_actions[22m | ic_media_route_connecting_light_27_mtrl.png[39m[0m
[  88% ] [90m[1m_update_scan_actions[22m | ic_media_route_connecting_light_28_mtrl.png[39m[0m
[  88% ] [90m[1m_update_scan_actions[22m | ic_media_route_connecting_light_29_mtrl.png[39m[0m
[  88% ] [90m[1m_update_scan_actions[22m | ic_media_route_connecting_light_30_mtrl.png[39m[0m
[  88% ] [90m[1m_update_scan_actions[22m | ic_media_route_disabled_holo_dark.png[39m[0m
[  88% ] [90m[1m_update_scan_actions[22m | ic_media_route_disabled_holo_light.png[39m[0m
[  88% ] [90m[1m_update_scan_actions[22m | ic_media_route_disabled_mtrl_alpha.png[39m[0m
[  88% ] [90m[1m_update_scan_actions[22m | ic_media_route_off_dark_mtrl.png[39m[0m
[  88% ] [90m[1m_update_scan_actions[22m | ic_media_route_off_holo_dark.png[39m[0m
[  88% ] [90m[1m_update_scan_actions[22m | ic_media_route_off_holo_light.png[39m[0m
[  88% ] [90m[1m_update_scan_actions[22m | ic_media_route_off_light_mtrl.png[39m[0m
[  88% ] [90m[1m_update_scan_actions[22m | ic_media_route_on_0_holo_dark.png[39m[0m
[  88% ] [90m[1m_update_scan_actions[22m | ic_media_route_on_0_holo_light.png[39m[0m
[  88% ] [90m[1m_update_scan_actions[22m | ic_media_route_on_1_holo_dark.png[39m[0m
[  88% ] [90m[1m_update_scan_actions[22m | ic_media_route_on_1_holo_light.png[39m[0m
[  88% ] [90m[1m_update_scan_actions[22m | ic_media_route_on_2_holo_dark.png[39m[0m
[  88% ] [90m[1m_update_scan_actions[22m | ic_media_route_on_2_holo_light.png[39m[0m
[  88% ] [90m[1m_update_scan_actions[22m | ic_media_route_on_holo_dark.png[39m[0m
[  88% ] [90m[1m_update_scan_actions[22m | ic_media_route_on_holo_light.png[39m[0m
[  88% ] [90m[1m_update_scan_actions[22m | ic_media_stop.png[39m[0m
[  88% ] [90m[1m_update_scan_actions[22m | ic_menu_account_list.png[39m[0m
[  88% ] [90m[1m_update_scan_actions[22m | ic_menu_add.png[39m[0m
[  88% ] [90m[1m_update_scan_actions[22m | ic_menu_agenda.png[39m[0m
[  88% ] [90m[1m_update_scan_actions[22m | ic_menu_allfriends.png[39m[0m
[  88% ] [90m[1m_update_scan_actions[22m | ic_menu_always_landscape_portrait.png[39m[0m
[  88% ] [90m[1m_update_scan_actions[22m | ic_menu_archive.png[39m[0m
[  88% ] [90m[1m_update_scan_actions[22m | ic_menu_attachment.png[39m[0m
[  88% ] [90m[1m_update_scan_actions[22m | ic_menu_back.png[39m[0m
[  88% ] [90m[1m_update_scan_actions[22m | ic_menu_block.png[39m[0m
[  88% ] [90m[1m_update_scan_actions[22m | ic_menu_blocked_user.png[39m[0m
[  88% ] [90m[1m_update_scan_actions[22m | ic_menu_btn_add.png[39m[0m
[  88% ] [90m[1m_update_scan_actions[22m | ic_menu_call.png[39m[0m
[  88% ] [90m[1m_update_scan_actions[22m | ic_menu_camera.png[39m[0m
[  88% ] [90m[1m_update_scan_actions[22m | ic_menu_cc_am.png[39m[0m
[  88% ] [90m[1m_update_scan_actions[22m | ic_menu_chat_dashboard.png[39m[0m
[  88% ] [90m[1m_update_scan_actions[22m | ic_menu_clear_playlist.png[39m[0m
[  89% ] [90m[1m_update_scan_actions[22m | ic_menu_compass.png[39m[0m
[  89% ] [90m[1m_update_scan_actions[22m | ic_menu_compose.png[39m[0m
[  89% ] [90m[1m_update_scan_actions[22m | ic_menu_copy.png[39m[0m
[  89% ] [90m[1m_update_scan_actions[22m | ic_menu_copy_holo_dark.png[39m[0m
[  89% ] [90m[1m_update_scan_actions[22m | ic_menu_copy_holo_light.png[39m[0m
[  89% ] [90m[1m_update_scan_actions[22m | ic_menu_crop.png[39m[0m
[  89% ] [90m[1m_update_scan_actions[22m | ic_menu_cut.png[39m[0m
[  89% ] [90m[1m_update_scan_actions[22m | ic_menu_cut_holo_dark.png[39m[0m
[  89% ] [90m[1m_update_scan_actions[22m | ic_menu_cut_holo_light.png[39m[0m
[  89% ] [90m[1m_update_scan_actions[22m | ic_menu_day.png[39m[0m
[  89% ] [90m[1m_update_scan_actions[22m | ic_menu_delete.png[39m[0m
[  89% ] [90m[1m_update_scan_actions[22m | ic_menu_directions.png[39m[0m
[  89% ] [90m[1m_update_scan_actions[22m | ic_menu_edit.png[39m[0m
[  89% ] [90m[1m_update_scan_actions[22m | ic_menu_emoticons.png[39m[0m
[  89% ] [90m[1m_update_scan_actions[22m | ic_menu_end_conversation.png[39m[0m
[  89% ] [90m[1m_update_scan_actions[22m | ic_menu_find.png[39m[0m
[  89% ] [90m[1m_update_scan_actions[22m | ic_menu_find_holo_dark.png[39m[0m
[  89% ] [90m[1m_update_scan_actions[22m | ic_menu_find_holo_light.png[39m[0m
[  89% ] [90m[1m_update_scan_actions[22m | ic_menu_find_mtrl_alpha.png[39m[0m
[  89% ] [90m[1m_update_scan_actions[22m | ic_menu_forward.png[39m[0m
[  89% ] [90m[1m_update_scan_actions[22m | ic_menu_friendslist.png[39m[0m
[  89% ] [90m[1m_update_scan_actions[22m | ic_menu_gallery.png[39m[0m
[  89% ] [90m[1m_update_scan_actions[22m | ic_menu_goto.png[39m[0m
[  89% ] [90m[1m_update_scan_actions[22m | ic_menu_help.png[39m[0m
[  89% ] [90m[1m_update_scan_actions[22m | ic_menu_help_holo_light.png[39m[0m
[  89% ] [90m[1m_update_scan_actions[22m | ic_menu_home.png[39m[0m
[  89% ] [90m[1m_update_scan_actions[22m | ic_menu_info_details.png[39m[0m
[  89% ] [90m[1m_update_scan_actions[22m | ic_menu_invite.png[39m[0m
[  89% ] [90m[1m_update_scan_actions[22m | ic_menu_login.png[39m[0m
[  89% ] [90m[1m_update_scan_actions[22m | ic_menu_manage.png[39m[0m
[  89% ] [90m[1m_update_scan_actions[22m | ic_menu_mapmode.png[39m[0m
[  89% ] [90m[1m_update_scan_actions[22m | ic_menu_mark.png[39m[0m
[  89% ] [90m[1m_update_scan_actions[22m | ic_menu_month.png[39m[0m
[  89% ] [90m[1m_update_scan_actions[22m | ic_menu_more.png[39m[0m
[  89% ] [90m[1m_update_scan_actions[22m | ic_menu_moreoverflow.png[39m[0m
[  89% ] [90m[1m_update_scan_actions[22m | ic_menu_moreoverflow_focused_holo_dark.png[39m[0m
[  89% ] [90m[1m_update_scan_actions[22m | ic_menu_moreoverflow_focused_holo_light.png[39m[0m
[  89% ] [90m[1m_update_scan_actions[22m | ic_menu_moreoverflow_normal_holo_dark.png[39m[0m
[  89% ] [90m[1m_update_scan_actions[22m | ic_menu_moreoverflow_normal_holo_light.png[39m[0m
[  89% ] [90m[1m_update_scan_actions[22m | ic_menu_mylocation.png[39m[0m
[  89% ] [90m[1m_update_scan_actions[22m | ic_menu_myplaces.png[39m[0m
[  89% ] [90m[1m_update_scan_actions[22m | ic_menu_my_calendar.png[39m[0m
[  89% ] [90m[1m_update_scan_actions[22m | ic_menu_notifications.png[39m[0m
[  89% ] [90m[1m_update_scan_actions[22m | ic_menu_paste.png[39m[0m
[  89% ] [90m[1m_update_scan_actions[22m | ic_menu_paste_holo_dark.png[39m[0m
[  89% ] [90m[1m_update_scan_actions[22m | ic_menu_paste_holo_light.png[39m[0m
[  89% ] [90m[1m_update_scan_actions[22m | ic_menu_play_clip.png[39m[0m
[  89% ] [90m[1m_update_scan_actions[22m | ic_menu_preferences.png[39m[0m
[  89% ] [90m[1m_update_scan_actions[22m | ic_menu_recent_history.png[39m[0m
[  89% ] [90m[1m_update_scan_actions[22m | ic_menu_report_image.png[39m[0m
[  89% ] [90m[1m_update_scan_actions[22m | ic_menu_revert.png[39m[0m
[  89% ] [90m[1m_update_scan_actions[22m | ic_menu_rotate.png[39m[0m
[  89% ] [90m[1m_update_scan_actions[22m | ic_menu_save.png[39m[0m
[  89% ] [90m[1m_update_scan_actions[22m | ic_menu_search.png[39m[0m
[  89% ] [90m[1m_update_scan_actions[22m | ic_menu_search_holo_dark.png[39m[0m
[  89% ] [90m[1m_update_scan_actions[22m | ic_menu_search_holo_light.png[39m[0m
[  89% ] [90m[1m_update_scan_actions[22m | ic_menu_search_mtrl_alpha.png[39m[0m
[  89% ] [90m[1m_update_scan_actions[22m | ic_menu_selectall_holo_dark.png[39m[0m
[  89% ] [90m[1m_update_scan_actions[22m | ic_menu_selectall_holo_light.png[39m[0m
[  89% ] [90m[1m_update_scan_actions[22m | ic_menu_send.png[39m[0m
[  89% ] [90m[1m_update_scan_actions[22m | ic_menu_settings_holo_light.png[39m[0m
[  89% ] [90m[1m_update_scan_actions[22m | ic_menu_set_as.png[39m[0m
[  89% ] [90m[1m_update_scan_actions[22m | ic_menu_share.png[39m[0m
[  89% ] [90m[1m_update_scan_actions[22m | ic_menu_share_holo_dark.png[39m[0m
[  89% ] [90m[1m_update_scan_actions[22m | ic_menu_share_holo_light.png[39m[0m
[  89% ] [90m[1m_update_scan_actions[22m | ic_menu_slideshow.png[39m[0m
[  89% ] [90m[1m_update_scan_actions[22m | ic_menu_sort_alphabetically.png[39m[0m
[  89% ] [90m[1m_update_scan_actions[22m | ic_menu_sort_by_size.png[39m[0m
[  90% ] [90m[1m_update_scan_actions[22m | ic_menu_star.png[39m[0m
[  90% ] [90m[1m_update_scan_actions[22m | ic_menu_start_conversation.png[39m[0m
[  90% ] [90m[1m_update_scan_actions[22m | ic_menu_stop.png[39m[0m
[  90% ] [90m[1m_update_scan_actions[22m | ic_menu_today.png[39m[0m
[  90% ] [90m[1m_update_scan_actions[22m | ic_menu_upload.png[39m[0m
[  90% ] [90m[1m_update_scan_actions[22m | ic_menu_upload_you_tube.png[39m[0m
[  90% ] [90m[1m_update_scan_actions[22m | ic_menu_view.png[39m[0m
[  90% ] [90m[1m_update_scan_actions[22m | ic_menu_week.png[39m[0m
[  90% ] [90m[1m_update_scan_actions[22m | ic_menu_zoom.png[39m[0m
[  90% ] [90m[1m_update_scan_actions[22m | ic_notification_cast_0.png[39m[0m
[  90% ] [90m[1m_update_scan_actions[22m | ic_notification_cast_1.png[39m[0m
[  90% ] [90m[1m_update_scan_actions[22m | ic_notification_cast_2.png[39m[0m
[  90% ] [90m[1m_update_scan_actions[22m | ic_notification_media_route.png[39m[0m
[  90% ] [90m[1m_update_scan_actions[22m | ic_perm_group_app_info.png[39m[0m
[  90% ] [90m[1m_update_scan_actions[22m | ic_perm_group_audio_settings.png[39m[0m
[  90% ] [90m[1m_update_scan_actions[22m | ic_perm_group_bluetooth.png[39m[0m
[  90% ] [90m[1m_update_scan_actions[22m | ic_perm_group_bookmarks.png[39m[0m
[  90% ] [90m[1m_update_scan_actions[22m | ic_perm_group_calendar.png[39m[0m
[  90% ] [90m[1m_update_scan_actions[22m | ic_perm_group_camera.png[39m[0m
[  90% ] [90m[1m_update_scan_actions[22m | ic_perm_group_device_alarms.png[39m[0m
[  90% ] [90m[1m_update_scan_actions[22m | ic_perm_group_display.png[39m[0m
[  90% ] [90m[1m_update_scan_actions[22m | ic_perm_group_effects_battery.png[39m[0m
[  90% ] [90m[1m_update_scan_actions[22m | ic_perm_group_location.png[39m[0m
[  90% ] [90m[1m_update_scan_actions[22m | ic_perm_group_messages.png[39m[0m
[  90% ] [90m[1m_update_scan_actions[22m | ic_perm_group_microphone.png[39m[0m
[  90% ] [90m[1m_update_scan_actions[22m | ic_perm_group_network.png[39m[0m
[  90% ] [90m[1m_update_scan_actions[22m | ic_perm_group_personal_info.png[39m[0m
[  90% ] [90m[1m_update_scan_actions[22m | ic_perm_group_phone_calls.png[39m[0m
[  90% ] [90m[1m_update_scan_actions[22m | ic_perm_group_screenlock.png[39m[0m
[  90% ] [90m[1m_update_scan_actions[22m | ic_perm_group_shortrange_network.png[39m[0m
[  90% ] [90m[1m_update_scan_actions[22m | ic_perm_group_social_info.png[39m[0m
[  90% ] [90m[1m_update_scan_actions[22m | ic_perm_group_status_bar.png[39m[0m
[  90% ] [90m[1m_update_scan_actions[22m | ic_perm_group_sync_settings.png[39m[0m
[  90% ] [90m[1m_update_scan_actions[22m | ic_perm_group_system_clock.png[39m[0m
[  90% ] [90m[1m_update_scan_actions[22m | ic_perm_group_system_tools.png[39m[0m
[  90% ] [90m[1m_update_scan_actions[22m | ic_perm_group_voicemail.png[39m[0m
[  90% ] [90m[1m_update_scan_actions[22m | ic_perm_group_wallpapewr.png[39m[0m
[  90% ] [90m[1m_update_scan_actions[22m | ic_search_api_holo_dark.png[39m[0m
[  90% ] [90m[1m_update_scan_actions[22m | ic_search_api_holo_light.png[39m[0m
[  90% ] [90m[1m_update_scan_actions[22m | ic_settings.png[39m[0m
[  90% ] [90m[1m_update_scan_actions[22m | ic_sim_card_multi_24px_clr.png[39m[0m
[  90% ] [90m[1m_update_scan_actions[22m | ic_sim_card_multi_48px_clr.png[39m[0m
[  90% ] [90m[1m_update_scan_actions[22m | ic_star_black_16dp.png[39m[0m
[  90% ] [90m[1m_update_scan_actions[22m | ic_star_black_36dp.png[39m[0m
[  90% ] [90m[1m_update_scan_actions[22m | ic_star_black_48dp.png[39m[0m
[  90% ] [90m[1m_update_scan_actions[22m | ic_star_half_black_16dp.png[39m[0m
[  90% ] [90m[1m_update_scan_actions[22m | ic_star_half_black_36dp.png[39m[0m
[  90% ] [90m[1m_update_scan_actions[22m | ic_star_half_black_48dp.png[39m[0m
[  90% ] [90m[1m_update_scan_actions[22m | ic_suggestions_add.png[39m[0m
[  90% ] [90m[1m_update_scan_actions[22m | ic_suggestions_delete.png[39m[0m
[  90% ] [90m[1m_update_scan_actions[22m | ic_voice_search_api_holo_dark.png[39m[0m
[  90% ] [90m[1m_update_scan_actions[22m | ic_voice_search_api_holo_light.png[39m[0m
[  90% ] [90m[1m_update_scan_actions[22m | indicator_input_error.png[39m[0m
[  90% ] [90m[1m_update_scan_actions[22m | list_activated_holo.9.png[39m[0m
[  90% ] [90m[1m_update_scan_actions[22m | list_divider_holo_dark.9.png[39m[0m
[  90% ] [90m[1m_update_scan_actions[22m | list_divider_holo_light.9.png[39m[0m
[  90% ] [90m[1m_update_scan_actions[22m | list_focused_holo.9.png[39m[0m
[  90% ] [90m[1m_update_scan_actions[22m | list_longpressed_holo.9.png[39m[0m
[  90% ] [90m[1m_update_scan_actions[22m | list_longpressed_holo_dark.9.png[39m[0m
[  90% ] [90m[1m_update_scan_actions[22m | list_longpressed_holo_light.9.png[39m[0m
[  90% ] [90m[1m_update_scan_actions[22m | list_pressed_holo_dark.9.png[39m[0m
[  90% ] [90m[1m_update_scan_actions[22m | list_pressed_holo_light.9.png[39m[0m
[  90% ] [90m[1m_update_scan_actions[22m | list_section_divider_holo_dark.9.png[39m[0m
[  90% ] [90m[1m_update_scan_actions[22m | list_section_divider_holo_light.9.png[39m[0m
[  90% ] [90m[1m_update_scan_actions[22m | list_section_divider_mtrl_alpha.9.png[39m[0m
[  90% ] [90m[1m_update_scan_actions[22m | list_selected_holo_dark.9.png[39m[0m
[  90% ] [90m[1m_update_scan_actions[22m | list_selected_holo_light.9.png[39m[0m
[  90% ] [90m[1m_update_scan_actions[22m | list_selector_background_disabled.9.png[39m[0m
[  90% ] [90m[1m_update_scan_actions[22m | list_selector_background_focus.9.png[39m[0m
[  91% ] [90m[1m_update_scan_actions[22m | list_selector_background_longpress.9.png[39m[0m
[  91% ] [90m[1m_update_scan_actions[22m | list_selector_background_pressed.9.png[39m[0m
[  91% ] [90m[1m_update_scan_actions[22m | lockscreen_protection_pattern.png[39m[0m
[  91% ] [90m[1m_update_scan_actions[22m | magnified_region_frame.9.png[39m[0m
[  91% ] [90m[1m_update_scan_actions[22m | menu_dropdown_panel_holo_dark.9.png[39m[0m
[  91% ] [90m[1m_update_scan_actions[22m | menu_dropdown_panel_holo_light.9.png[39m[0m
[  91% ] [90m[1m_update_scan_actions[22m | menu_hardkey_panel_holo_dark.9.png[39m[0m
[  91% ] [90m[1m_update_scan_actions[22m | menu_hardkey_panel_holo_light.9.png[39m[0m
[  91% ] [90m[1m_update_scan_actions[22m | menu_popup_panel_holo_dark.9.png[39m[0m
[  91% ] [90m[1m_update_scan_actions[22m | menu_popup_panel_holo_light.9.png[39m[0m
[  91% ] [90m[1m_update_scan_actions[22m | numberpicker_down_disabled_focused_holo_dark.png[39m[0m
[  91% ] [90m[1m_update_scan_actions[22m | numberpicker_down_disabled_focused_holo_light.png[39m[0m
[  91% ] [90m[1m_update_scan_actions[22m | numberpicker_down_disabled_holo_dark.png[39m[0m
[  91% ] [90m[1m_update_scan_actions[22m | numberpicker_down_disabled_holo_light.png[39m[0m
[  91% ] [90m[1m_update_scan_actions[22m | numberpicker_down_focused_holo_dark.png[39m[0m
[  91% ] [90m[1m_update_scan_actions[22m | numberpicker_down_focused_holo_light.png[39m[0m
[  91% ] [90m[1m_update_scan_actions[22m | numberpicker_down_longpressed_holo_dark.png[39m[0m
[  91% ] [90m[1m_update_scan_actions[22m | numberpicker_down_longpressed_holo_light.png[39m[0m
[  91% ] [90m[1m_update_scan_actions[22m | numberpicker_down_normal_holo_dark.png[39m[0m
[  91% ] [90m[1m_update_scan_actions[22m | numberpicker_down_normal_holo_light.png[39m[0m
[  91% ] [90m[1m_update_scan_actions[22m | numberpicker_down_pressed_holo_dark.png[39m[0m
[  91% ] [90m[1m_update_scan_actions[22m | numberpicker_down_pressed_holo_light.png[39m[0m
[  91% ] [90m[1m_update_scan_actions[22m | numberpicker_selection_divider.9.png[39m[0m
[  91% ] [90m[1m_update_scan_actions[22m | numberpicker_up_disabled_focused_holo_dark.png[39m[0m
[  91% ] [90m[1m_update_scan_actions[22m | numberpicker_up_disabled_focused_holo_light.png[39m[0m
[  91% ] [90m[1m_update_scan_actions[22m | numberpicker_up_disabled_holo_dark.png[39m[0m
[  91% ] [90m[1m_update_scan_actions[22m | numberpicker_up_disabled_holo_light.png[39m[0m
[  91% ] [90m[1m_update_scan_actions[22m | numberpicker_up_focused_holo_dark.png[39m[0m
[  91% ] [90m[1m_update_scan_actions[22m | numberpicker_up_focused_holo_light.png[39m[0m
[  91% ] [90m[1m_update_scan_actions[22m | numberpicker_up_longpressed_holo_dark.png[39m[0m
[  91% ] [90m[1m_update_scan_actions[22m | numberpicker_up_longpressed_holo_light.png[39m[0m
[  91% ] [90m[1m_update_scan_actions[22m | numberpicker_up_normal_holo_dark.png[39m[0m
[  91% ] [90m[1m_update_scan_actions[22m | numberpicker_up_normal_holo_light.png[39m[0m
[  91% ] [90m[1m_update_scan_actions[22m | numberpicker_up_pressed_holo_dark.png[39m[0m
[  91% ] [90m[1m_update_scan_actions[22m | numberpicker_up_pressed_holo_light.png[39m[0m
[  91% ] [90m[1m_update_scan_actions[22m | panel_bg_holo_dark.9.png[39m[0m
[  91% ] [90m[1m_update_scan_actions[22m | panel_bg_holo_light.9.png[39m[0m
[  91% ] [90m[1m_update_scan_actions[22m | perm_group_accessibility_features.png[39m[0m
[  91% ] [90m[1m_update_scan_actions[22m | perm_group_affects_battery.png[39m[0m
[  91% ] [90m[1m_update_scan_actions[22m | perm_group_app_info.png[39m[0m
[  91% ] [90m[1m_update_scan_actions[22m | perm_group_audio_settings.png[39m[0m
[  91% ] [90m[1m_update_scan_actions[22m | perm_group_bluetooth.png[39m[0m
[  91% ] [90m[1m_update_scan_actions[22m | perm_group_bookmarks.png[39m[0m
[  91% ] [90m[1m_update_scan_actions[22m | perm_group_device_alarms.png[39m[0m
[  91% ] [90m[1m_update_scan_actions[22m | perm_group_display.png[39m[0m
[  91% ] [90m[1m_update_scan_actions[22m | perm_group_network.png[39m[0m
[  91% ] [90m[1m_update_scan_actions[22m | perm_group_personal_info.png[39m[0m
[  91% ] [90m[1m_update_scan_actions[22m | perm_group_screenlock.png[39m[0m
[  91% ] [90m[1m_update_scan_actions[22m | perm_group_shortrange_network.png[39m[0m
[  91% ] [90m[1m_update_scan_actions[22m | perm_group_status_bar.png[39m[0m
[  91% ] [90m[1m_update_scan_actions[22m | perm_group_sync_settings.png[39m[0m
[  91% ] [90m[1m_update_scan_actions[22m | perm_group_system_clock.png[39m[0m
[  91% ] [90m[1m_update_scan_actions[22m | perm_group_system_tools.png[39m[0m
[  91% ] [90m[1m_update_scan_actions[22m | perm_group_voicemail.png[39m[0m
[  91% ] [90m[1m_update_scan_actions[22m | perm_group_wallpaper.png[39m[0m
[  91% ] [90m[1m_update_scan_actions[22m | pointer_alias.png[39m[0m
[  91% ] [90m[1m_update_scan_actions[22m | pointer_all_scroll.png[39m[0m
[  91% ] [90m[1m_update_scan_actions[22m | pointer_arrow.png[39m[0m
[  91% ] [90m[1m_update_scan_actions[22m | pointer_cell.png[39m[0m
[  91% ] [90m[1m_update_scan_actions[22m | pointer_context_menu.png[39m[0m
[  91% ] [90m[1m_update_scan_actions[22m | pointer_copy.png[39m[0m
[  91% ] [90m[1m_update_scan_actions[22m | pointer_crosshair.png[39m[0m
[  91% ] [90m[1m_update_scan_actions[22m | pointer_grab.png[39m[0m
[  91% ] [90m[1m_update_scan_actions[22m | pointer_grabbing.png[39m[0m
[  91% ] [90m[1m_update_scan_actions[22m | pointer_hand.png[39m[0m
[  91% ] [90m[1m_update_scan_actions[22m | pointer_handwriting.png[39m[0m
[  91% ] [90m[1m_update_scan_actions[22m | pointer_help.png[39m[0m
[  91% ] [90m[1m_update_scan_actions[22m | pointer_horizontal_double_arrow.png[39m[0m
[  92% ] [90m[1m_update_scan_actions[22m | pointer_nodrop.png[39m[0m
[  92% ] [90m[1m_update_scan_actions[22m | pointer_spot_anchor.png[39m[0m
[  92% ] [90m[1m_update_scan_actions[22m | pointer_spot_hover.png[39m[0m
[  92% ] [90m[1m_update_scan_actions[22m | pointer_spot_touch.png[39m[0m
[  92% ] [90m[1m_update_scan_actions[22m | pointer_text.png[39m[0m
[  92% ] [90m[1m_update_scan_actions[22m | pointer_top_left_diagonal_double_arrow.png[39m[0m
[  92% ] [90m[1m_update_scan_actions[22m | pointer_top_right_diagonal_double_arrow.png[39m[0m
[  92% ] [90m[1m_update_scan_actions[22m | pointer_vertical_double_arrow.png[39m[0m
[  92% ] [90m[1m_update_scan_actions[22m | pointer_vertical_text.png[39m[0m
[  92% ] [90m[1m_update_scan_actions[22m | pointer_zoom_in.png[39m[0m
[  92% ] [90m[1m_update_scan_actions[22m | pointer_zoom_out.png[39m[0m
[  92% ] [90m[1m_update_scan_actions[22m | popup_background_mtrl_mult.9.png[39m[0m
[  92% ] [90m[1m_update_scan_actions[22m | popup_inline_error_above_holo_dark_am.9.png[39m[0m
[  92% ] [90m[1m_update_scan_actions[22m | popup_inline_error_above_holo_light_am.9.png[39m[0m
[  92% ] [90m[1m_update_scan_actions[22m | popup_inline_error_holo_dark_am.9.png[39m[0m
[  92% ] [90m[1m_update_scan_actions[22m | popup_inline_error_holo_light_am.9.png[39m[0m
[  92% ] [90m[1m_update_scan_actions[22m | presence_audio_away.png[39m[0m
[  92% ] [90m[1m_update_scan_actions[22m | presence_audio_busy.png[39m[0m
[  92% ] [90m[1m_update_scan_actions[22m | presence_audio_online.png[39m[0m
[  92% ] [90m[1m_update_scan_actions[22m | presence_away.png[39m[0m
[  92% ] [90m[1m_update_scan_actions[22m | presence_busy.png[39m[0m
[  92% ] [90m[1m_update_scan_actions[22m | presence_invisible.png[39m[0m
[  92% ] [90m[1m_update_scan_actions[22m | presence_offline.png[39m[0m
[  92% ] [90m[1m_update_scan_actions[22m | presence_online.png[39m[0m
[  92% ] [90m[1m_update_scan_actions[22m | presence_video_away.png[39m[0m
[  92% ] [90m[1m_update_scan_actions[22m | presence_video_busy.png[39m[0m
[  92% ] [90m[1m_update_scan_actions[22m | presence_video_online.png[39m[0m
[  92% ] [90m[1m_update_scan_actions[22m | progressbar_indeterminate_holo1.png[39m[0m
[  92% ] [90m[1m_update_scan_actions[22m | progressbar_indeterminate_holo2.png[39m[0m
[  92% ] [90m[1m_update_scan_actions[22m | progressbar_indeterminate_holo3.png[39m[0m
[  92% ] [90m[1m_update_scan_actions[22m | progressbar_indeterminate_holo4.png[39m[0m
[  92% ] [90m[1m_update_scan_actions[22m | progressbar_indeterminate_holo5.png[39m[0m
[  92% ] [90m[1m_update_scan_actions[22m | progressbar_indeterminate_holo6.png[39m[0m
[  92% ] [90m[1m_update_scan_actions[22m | progressbar_indeterminate_holo7.png[39m[0m
[  92% ] [90m[1m_update_scan_actions[22m | progressbar_indeterminate_holo8.png[39m[0m
[  92% ] [90m[1m_update_scan_actions[22m | progress_bg_holo_dark.9.png[39m[0m
[  92% ] [90m[1m_update_scan_actions[22m | progress_bg_holo_light.9.png[39m[0m
[  92% ] [90m[1m_update_scan_actions[22m | progress_primary_holo_dark.9.png[39m[0m
[  92% ] [90m[1m_update_scan_actions[22m | progress_primary_holo_light.9.png[39m[0m
[  92% ] [90m[1m_update_scan_actions[22m | progress_secondary_holo_dark.9.png[39m[0m
[  92% ] [90m[1m_update_scan_actions[22m | progress_secondary_holo_light.9.png[39m[0m
[  92% ] [90m[1m_update_scan_actions[22m | quickcontact_badge_overlay_focused_dark_am.9.png[39m[0m
[  92% ] [90m[1m_update_scan_actions[22m | quickcontact_badge_overlay_focused_light_am.9.png[39m[0m
[  92% ] [90m[1m_update_scan_actions[22m | quickcontact_badge_overlay_normal_dark_am.9.png[39m[0m
[  92% ] [90m[1m_update_scan_actions[22m | quickcontact_badge_overlay_normal_light_am.9.png[39m[0m
[  92% ] [90m[1m_update_scan_actions[22m | quickcontact_badge_overlay_pressed_dark_am.9.png[39m[0m
[  92% ] [90m[1m_update_scan_actions[22m | quickcontact_badge_overlay_pressed_light_am.9.png[39m[0m
[  92% ] [90m[1m_update_scan_actions[22m | rate_star_big_half_holo_dark.png[39m[0m
[  92% ] [90m[1m_update_scan_actions[22m | rate_star_big_half_holo_light.png[39m[0m
[  92% ] [90m[1m_update_scan_actions[22m | rate_star_big_off_holo_dark.png[39m[0m
[  92% ] [90m[1m_update_scan_actions[22m | rate_star_big_off_holo_light.png[39m[0m
[  92% ] [90m[1m_update_scan_actions[22m | rate_star_big_on_holo_dark.png[39m[0m
[  92% ] [90m[1m_update_scan_actions[22m | rate_star_big_on_holo_light.png[39m[0m
[  92% ] [90m[1m_update_scan_actions[22m | rate_star_med_half_holo_dark.png[39m[0m
[  92% ] [90m[1m_update_scan_actions[22m | rate_star_med_half_holo_light.png[39m[0m
[  92% ] [90m[1m_update_scan_actions[22m | rate_star_med_off_holo_dark.png[39m[0m
[  92% ] [90m[1m_update_scan_actions[22m | rate_star_med_off_holo_light.png[39m[0m
[  92% ] [90m[1m_update_scan_actions[22m | rate_star_med_on_holo_dark.png[39m[0m
[  92% ] [90m[1m_update_scan_actions[22m | rate_star_med_on_holo_light.png[39m[0m
[  92% ] [90m[1m_update_scan_actions[22m | rate_star_small_half_holo_dark.png[39m[0m
[  92% ] [90m[1m_update_scan_actions[22m | rate_star_small_half_holo_light.png[39m[0m
[  92% ] [90m[1m_update_scan_actions[22m | rate_star_small_off_holo_dark.png[39m[0m
[  92% ] [90m[1m_update_scan_actions[22m | rate_star_small_off_holo_light.png[39m[0m
[  92% ] [90m[1m_update_scan_actions[22m | rate_star_small_on_holo_dark.png[39m[0m
[  92% ] [90m[1m_update_scan_actions[22m | rate_star_small_on_holo_light.png[39m[0m
[  92% ] [90m[1m_update_scan_actions[22m | scrollbar_handle_holo_dark.9.png[39m[0m
[  92% ] [90m[1m_update_scan_actions[22m | scrollbar_handle_holo_light.9.png[39m[0m
[  92% ] [90m[1m_update_scan_actions[22m | scrubber_control_disabled_holo.png[39m[0m
[  92% ] [90m[1m_update_scan_actions[22m | scrubber_control_focused_holo.png[39m[0m
[  93% ] [90m[1m_update_scan_actions[22m | scrubber_control_normal_holo.png[39m[0m
[  93% ] [90m[1m_update_scan_actions[22m | scrubber_control_on_mtrl_alpha.png[39m[0m
[  93% ] [90m[1m_update_scan_actions[22m | scrubber_control_on_pressed_mtrl_alpha.png[39m[0m
[  93% ] [90m[1m_update_scan_actions[22m | scrubber_control_pressed_holo.png[39m[0m
[  93% ] [90m[1m_update_scan_actions[22m | scrubber_primary_holo.9.png[39m[0m
[  93% ] [90m[1m_update_scan_actions[22m | scrubber_primary_mtrl_alpha.9.png[39m[0m
[  93% ] [90m[1m_update_scan_actions[22m | scrubber_secondary_holo.9.png[39m[0m
[  93% ] [90m[1m_update_scan_actions[22m | scrubber_track_holo_dark.9.png[39m[0m
[  93% ] [90m[1m_update_scan_actions[22m | scrubber_track_holo_light.9.png[39m[0m
[  93% ] [90m[1m_update_scan_actions[22m | scrubber_track_mtrl_alpha.9.png[39m[0m
[  93% ] [90m[1m_update_scan_actions[22m | spinner_16_inner_holo.png[39m[0m
[  93% ] [90m[1m_update_scan_actions[22m | spinner_16_outer_holo.png[39m[0m
[  93% ] [90m[1m_update_scan_actions[22m | spinner_48_inner_holo.png[39m[0m
[  93% ] [90m[1m_update_scan_actions[22m | spinner_48_outer_holo.png[39m[0m
[  93% ] [90m[1m_update_scan_actions[22m | spinner_76_inner_holo.png[39m[0m
[  93% ] [90m[1m_update_scan_actions[22m | spinner_76_outer_holo.png[39m[0m
[  93% ] [90m[1m_update_scan_actions[22m | spinner_ab_activated_holo_dark.9.png[39m[0m
[  93% ] [90m[1m_update_scan_actions[22m | spinner_ab_activated_holo_light.9.png[39m[0m
[  93% ] [90m[1m_update_scan_actions[22m | spinner_ab_default_holo_dark_am.9.png[39m[0m
[  93% ] [90m[1m_update_scan_actions[22m | spinner_ab_default_holo_light_am.9.png[39m[0m
[  93% ] [90m[1m_update_scan_actions[22m | spinner_ab_disabled_holo_dark_am.9.png[39m[0m
[  93% ] [90m[1m_update_scan_actions[22m | spinner_ab_disabled_holo_light_am.9.png[39m[0m
[  93% ] [90m[1m_update_scan_actions[22m | spinner_ab_focused_holo_dark_am.9.png[39m[0m
[  93% ] [90m[1m_update_scan_actions[22m | spinner_ab_focused_holo_light_am.9.png[39m[0m
[  93% ] [90m[1m_update_scan_actions[22m | spinner_ab_pressed_holo_dark_am.9.png[39m[0m
[  93% ] [90m[1m_update_scan_actions[22m | spinner_ab_pressed_holo_light_am.9.png[39m[0m
[  93% ] [90m[1m_update_scan_actions[22m | spinner_activated_holo_dark.9.png[39m[0m
[  93% ] [90m[1m_update_scan_actions[22m | spinner_activated_holo_light.9.png[39m[0m
[  93% ] [90m[1m_update_scan_actions[22m | spinner_default_holo_dark_am.9.png[39m[0m
[  93% ] [90m[1m_update_scan_actions[22m | spinner_default_holo_light_am.9.png[39m[0m
[  93% ] [90m[1m_update_scan_actions[22m | spinner_disabled_holo.9.png[39m[0m
[  93% ] [90m[1m_update_scan_actions[22m | spinner_disabled_holo_dark_am.9.png[39m[0m
[  93% ] [90m[1m_update_scan_actions[22m | spinner_disabled_holo_light_am.9.png[39m[0m
[  93% ] [90m[1m_update_scan_actions[22m | spinner_focused_holo_dark_am.9.png[39m[0m
[  93% ] [90m[1m_update_scan_actions[22m | spinner_focused_holo_light_am.9.png[39m[0m
[  93% ] [90m[1m_update_scan_actions[22m | spinner_normal_holo.9.png[39m[0m
[  93% ] [90m[1m_update_scan_actions[22m | spinner_pressed_holo_dark_am.9.png[39m[0m
[  93% ] [90m[1m_update_scan_actions[22m | spinner_pressed_holo_light_am.9.png[39m[0m
[  93% ] [90m[1m_update_scan_actions[22m | stat_notify_car_mode.png[39m[0m
[  93% ] [90m[1m_update_scan_actions[22m | stat_notify_chat.png[39m[0m
[  93% ] [90m[1m_update_scan_actions[22m | stat_notify_disk_full.png[39m[0m
[  93% ] [90m[1m_update_scan_actions[22m | stat_notify_email_generic.png[39m[0m
[  93% ] [90m[1m_update_scan_actions[22m | stat_notify_error.png[39m[0m
[  93% ] [90m[1m_update_scan_actions[22m | stat_notify_gmail.png[39m[0m
[  93% ] [90m[1m_update_scan_actions[22m | stat_notify_missed_call.png[39m[0m
[  93% ] [90m[1m_update_scan_actions[22m | stat_notify_mmcc_indication_icn.png[39m[0m
[  93% ] [90m[1m_update_scan_actions[22m | stat_notify_more.png[39m[0m
[  93% ] [90m[1m_update_scan_actions[22m | stat_notify_rssi_in_range.png[39m[0m
[  93% ] [90m[1m_update_scan_actions[22m | stat_notify_sdcard.png[39m[0m
[  93% ] [90m[1m_update_scan_actions[22m | stat_notify_sdcard_prepare.png[39m[0m
[  93% ] [90m[1m_update_scan_actions[22m | stat_notify_sdcard_usb.png[39m[0m
[  93% ] [90m[1m_update_scan_actions[22m | stat_notify_sim_toolkit.png[39m[0m
[  93% ] [90m[1m_update_scan_actions[22m | stat_notify_sync.png[39m[0m
[  93% ] [90m[1m_update_scan_actions[22m | stat_notify_sync_anim0.png[39m[0m
[  93% ] [90m[1m_update_scan_actions[22m | stat_notify_sync_error.png[39m[0m
[  93% ] [90m[1m_update_scan_actions[22m | stat_notify_voicemail.png[39m[0m
[  93% ] [90m[1m_update_scan_actions[22m | stat_sys_certificate_info.png[39m[0m
[  93% ] [90m[1m_update_scan_actions[22m | stat_sys_data_bluetooth.png[39m[0m
[  93% ] [90m[1m_update_scan_actions[22m | stat_sys_data_usb.png[39m[0m
[  93% ] [90m[1m_update_scan_actions[22m | stat_sys_data_wimax_signal_3_fully.png[39m[0m
[  93% ] [90m[1m_update_scan_actions[22m | stat_sys_data_wimax_signal_disconnected.png[39m[0m
[  93% ] [90m[1m_update_scan_actions[22m | stat_sys_download_anim0.png[39m[0m
[  93% ] [90m[1m_update_scan_actions[22m | stat_sys_download_anim1.png[39m[0m
[  93% ] [90m[1m_update_scan_actions[22m | stat_sys_download_anim2.png[39m[0m
[  93% ] [90m[1m_update_scan_actions[22m | stat_sys_download_anim3.png[39m[0m
[  93% ] [90m[1m_update_scan_actions[22m | stat_sys_download_anim4.png[39m[0m
[  93% ] [90m[1m_update_scan_actions[22m | stat_sys_download_anim5.png[39m[0m
[  93% ] [90m[1m_update_scan_actions[22m | stat_sys_gps_on.png[39m[0m
[  94% ] [90m[1m_update_scan_actions[22m | stat_sys_phone_call.png[39m[0m
[  94% ] [90m[1m_update_scan_actions[22m | stat_sys_throttled.png[39m[0m
[  94% ] [90m[1m_update_scan_actions[22m | stat_sys_upload_anim0.png[39m[0m
[  94% ] [90m[1m_update_scan_actions[22m | stat_sys_upload_anim1.png[39m[0m
[  94% ] [90m[1m_update_scan_actions[22m | stat_sys_upload_anim2.png[39m[0m
[  94% ] [90m[1m_update_scan_actions[22m | stat_sys_upload_anim3.png[39m[0m
[  94% ] [90m[1m_update_scan_actions[22m | stat_sys_upload_anim4.png[39m[0m
[  94% ] [90m[1m_update_scan_actions[22m | stat_sys_upload_anim5.png[39m[0m
[  94% ] [90m[1m_update_scan_actions[22m | stat_sys_warning.png[39m[0m
[  94% ] [90m[1m_update_scan_actions[22m | switch_bg_disabled_holo_dark.9.png[39m[0m
[  94% ] [90m[1m_update_scan_actions[22m | switch_bg_disabled_holo_light.9.png[39m[0m
[  94% ] [90m[1m_update_scan_actions[22m | switch_bg_focused_holo_dark.9.png[39m[0m
[  94% ] [90m[1m_update_scan_actions[22m | switch_bg_focused_holo_light.9.png[39m[0m
[  94% ] [90m[1m_update_scan_actions[22m | switch_bg_holo_dark.9.png[39m[0m
[  94% ] [90m[1m_update_scan_actions[22m | switch_bg_holo_light.9.png[39m[0m
[  94% ] [90m[1m_update_scan_actions[22m | switch_thumb_activated_holo_dark.9.png[39m[0m
[  94% ] [90m[1m_update_scan_actions[22m | switch_thumb_activated_holo_light.9.png[39m[0m
[  94% ] [90m[1m_update_scan_actions[22m | switch_thumb_disabled_holo_dark.9.png[39m[0m
[  94% ] [90m[1m_update_scan_actions[22m | switch_thumb_disabled_holo_light.9.png[39m[0m
[  94% ] [90m[1m_update_scan_actions[22m | switch_thumb_holo_dark.9.png[39m[0m
[  94% ] [90m[1m_update_scan_actions[22m | switch_thumb_holo_light.9.png[39m[0m
[  94% ] [90m[1m_update_scan_actions[22m | switch_thumb_holo_light_v2.9.png[39m[0m
[  94% ] [90m[1m_update_scan_actions[22m | switch_thumb_pressed_holo_dark.9.png[39m[0m
[  94% ] [90m[1m_update_scan_actions[22m | switch_thumb_pressed_holo_light.9.png[39m[0m
[  94% ] [90m[1m_update_scan_actions[22m | sym_keyboard_delete.png[39m[0m
[  94% ] [90m[1m_update_scan_actions[22m | sym_keyboard_enter.png[39m[0m
[  94% ] [90m[1m_update_scan_actions[22m | sym_keyboard_num0_no_plus.png[39m[0m
[  94% ] [90m[1m_update_scan_actions[22m | sym_keyboard_num1.png[39m[0m
[  94% ] [90m[1m_update_scan_actions[22m | sym_keyboard_num2.png[39m[0m
[  94% ] [90m[1m_update_scan_actions[22m | sym_keyboard_num3.png[39m[0m
[  94% ] [90m[1m_update_scan_actions[22m | sym_keyboard_num4.png[39m[0m
[  94% ] [90m[1m_update_scan_actions[22m | sym_keyboard_num5.png[39m[0m
[  94% ] [90m[1m_update_scan_actions[22m | sym_keyboard_num6.png[39m[0m
[  94% ] [90m[1m_update_scan_actions[22m | sym_keyboard_num7.png[39m[0m
[  94% ] [90m[1m_update_scan_actions[22m | sym_keyboard_num8.png[39m[0m
[  94% ] [90m[1m_update_scan_actions[22m | sym_keyboard_num9.png[39m[0m
[  94% ] [90m[1m_update_scan_actions[22m | sym_keyboard_return_holo.png[39m[0m
[  94% ] [90m[1m_update_scan_actions[22m | tab_indicator_mtrl_alpha.9.png[39m[0m
[  94% ] [90m[1m_update_scan_actions[22m | tab_selected_focused_holo.9.png[39m[0m
[  94% ] [90m[1m_update_scan_actions[22m | tab_selected_holo.9.png[39m[0m
[  94% ] [90m[1m_update_scan_actions[22m | tab_selected_pressed_holo.9.png[39m[0m
[  94% ] [90m[1m_update_scan_actions[22m | tab_unselected_focused_holo.9.png[39m[0m
[  94% ] [90m[1m_update_scan_actions[22m | tab_unselected_holo.9.png[39m[0m
[  94% ] [90m[1m_update_scan_actions[22m | tab_unselected_pressed_holo.9.png[39m[0m
[  94% ] [90m[1m_update_scan_actions[22m | textfield_activated_holo_dark.9.png[39m[0m
[  94% ] [90m[1m_update_scan_actions[22m | textfield_activated_holo_light.9.png[39m[0m
[  94% ] [90m[1m_update_scan_actions[22m | textfield_activated_mtrl_alpha.9.png[39m[0m
[  94% ] [90m[1m_update_scan_actions[22m | textfield_default_holo_dark.9.png[39m[0m
[  94% ] [90m[1m_update_scan_actions[22m | textfield_default_holo_light.9.png[39m[0m
[  94% ] [90m[1m_update_scan_actions[22m | textfield_default_mtrl_alpha.9.png[39m[0m
[  94% ] [90m[1m_update_scan_actions[22m | textfield_disabled_focused_holo_dark.9.png[39m[0m
[  94% ] [90m[1m_update_scan_actions[22m | textfield_disabled_focused_holo_light.9.png[39m[0m
[  94% ] [90m[1m_update_scan_actions[22m | textfield_disabled_holo_dark.9.png[39m[0m
[  94% ] [90m[1m_update_scan_actions[22m | textfield_disabled_holo_light.9.png[39m[0m
[  94% ] [90m[1m_update_scan_actions[22m | textfield_focused_holo_dark.9.png[39m[0m
[  94% ] [90m[1m_update_scan_actions[22m | textfield_focused_holo_light.9.png[39m[0m
[  94% ] [90m[1m_update_scan_actions[22m | textfield_multiline_activated_holo_dark.9.png[39m[0m
[  94% ] [90m[1m_update_scan_actions[22m | textfield_multiline_activated_holo_light.9.png[39m[0m
[  94% ] [90m[1m_update_scan_actions[22m | textfield_multiline_default_holo_dark.9.png[39m[0m
[  94% ] [90m[1m_update_scan_actions[22m | textfield_multiline_default_holo_light.9.png[39m[0m
[  94% ] [90m[1m_update_scan_actions[22m | textfield_multiline_disabled_focused_holo_dark.9.png[39m[0m
[  94% ] [90m[1m_update_scan_actions[22m | textfield_multiline_disabled_focused_holo_light.9.png[39m[0m
[  94% ] [90m[1m_update_scan_actions[22m | textfield_multiline_disabled_holo_dark.9.png[39m[0m
[  94% ] [90m[1m_update_scan_actions[22m | textfield_multiline_disabled_holo_light.9.png[39m[0m
[  94% ] [90m[1m_update_scan_actions[22m | textfield_multiline_focused_holo_dark.9.png[39m[0m
[  94% ] [90m[1m_update_scan_actions[22m | textfield_multiline_focused_holo_light.9.png[39m[0m
[  94% ] [90m[1m_update_scan_actions[22m | textfield_search_activated_mtrl_alpha.9.png[39m[0m
[  94% ] [90m[1m_update_scan_actions[22m | textfield_search_default_holo_dark.9.png[39m[0m
[  95% ] [90m[1m_update_scan_actions[22m | textfield_search_default_holo_light.9.png[39m[0m
[  95% ] [90m[1m_update_scan_actions[22m | textfield_search_default_mtrl_alpha.9.png[39m[0m
[  95% ] [90m[1m_update_scan_actions[22m | textfield_search_right_default_holo_dark.9.png[39m[0m
[  95% ] [90m[1m_update_scan_actions[22m | textfield_search_right_default_holo_light.9.png[39m[0m
[  95% ] [90m[1m_update_scan_actions[22m | textfield_search_right_selected_holo_dark.9.png[39m[0m
[  95% ] [90m[1m_update_scan_actions[22m | textfield_search_right_selected_holo_light.9.png[39m[0m
[  95% ] [90m[1m_update_scan_actions[22m | textfield_search_selected_holo_dark.9.png[39m[0m
[  95% ] [90m[1m_update_scan_actions[22m | textfield_search_selected_holo_light.9.png[39m[0m
[  95% ] [90m[1m_update_scan_actions[22m | text_edit_paste_window.9.png[39m[0m
[  95% ] [90m[1m_update_scan_actions[22m | text_edit_suggestions_window.9.png[39m[0m
[  95% ] [90m[1m_update_scan_actions[22m | text_select_handle_left_mtrl_alpha.png[39m[0m
[  95% ] [90m[1m_update_scan_actions[22m | text_select_handle_middle_mtrl_alpha.png[39m[0m
[  95% ] [90m[1m_update_scan_actions[22m | text_select_handle_right_mtrl_alpha.png[39m[0m
[  95% ] [90m[1m_update_scan_actions[22m | transportcontrol_bg.9.png[39m[0m
[  95% ] [90m[1m_update_scan_actions[22m | vpn_connected.png[39m[0m
[  95% ] [90m[1m_update_scan_actions[22m | vpn_disconnected.png[39m[0m
[  95% ] [90m[1m_update_scan_actions[22m | watch_switch_thumb_mtrl_14w.png[39m[0m
[  95% ] [90m[1m_update_scan_actions[22m | watch_switch_thumb_mtrl_15w.png[39m[0m
[  95% ] [90m[1m_update_scan_actions[22m | watch_switch_thumb_mtrl_16w.png[39m[0m
[  95% ] [90m[1m_update_scan_actions[22m | watch_switch_thumb_mtrl_17w.png[39m[0m
[  95% ] [90m[1m_update_scan_actions[22m | watch_switch_thumb_mtrl_18w.png[39m[0m
[  95% ] [90m[1m_update_scan_actions[22m | watch_switch_track_mtrl.png[39m[0m
[  95% ] [90m[1m_update_scan_actions[22m | btn_switch_to_off_mtrl_00001.9.png[39m[0m
[  95% ] [90m[1m_update_scan_actions[22m | btn_switch_to_off_mtrl_00002.9.png[39m[0m
[  95% ] [90m[1m_update_scan_actions[22m | btn_switch_to_off_mtrl_00003.9.png[39m[0m
[  95% ] [90m[1m_update_scan_actions[22m | btn_switch_to_off_mtrl_00004.9.png[39m[0m
[  95% ] [90m[1m_update_scan_actions[22m | btn_switch_to_off_mtrl_00005.9.png[39m[0m
[  95% ] [90m[1m_update_scan_actions[22m | btn_switch_to_off_mtrl_00006.9.png[39m[0m
[  95% ] [90m[1m_update_scan_actions[22m | btn_switch_to_off_mtrl_00007.9.png[39m[0m
[  95% ] [90m[1m_update_scan_actions[22m | btn_switch_to_off_mtrl_00008.9.png[39m[0m
[  95% ] [90m[1m_update_scan_actions[22m | btn_switch_to_off_mtrl_00009.9.png[39m[0m
[  95% ] [90m[1m_update_scan_actions[22m | btn_switch_to_off_mtrl_00010.9.png[39m[0m
[  95% ] [90m[1m_update_scan_actions[22m | btn_switch_to_off_mtrl_00011.9.png[39m[0m
[  95% ] [90m[1m_update_scan_actions[22m | btn_switch_to_off_mtrl_00012.9.png[39m[0m
[  95% ] [90m[1m_update_scan_actions[22m | btn_switch_to_on_mtrl_00001.9.png[39m[0m
[  95% ] [90m[1m_update_scan_actions[22m | btn_switch_to_on_mtrl_00002.9.png[39m[0m
[  95% ] [90m[1m_update_scan_actions[22m | btn_switch_to_on_mtrl_00003.9.png[39m[0m
[  95% ] [90m[1m_update_scan_actions[22m | btn_switch_to_on_mtrl_00004.9.png[39m[0m
[  95% ] [90m[1m_update_scan_actions[22m | btn_switch_to_on_mtrl_00005.9.png[39m[0m
[  95% ] [90m[1m_update_scan_actions[22m | btn_switch_to_on_mtrl_00006.9.png[39m[0m
[  95% ] [90m[1m_update_scan_actions[22m | btn_switch_to_on_mtrl_00007.9.png[39m[0m
[  95% ] [90m[1m_update_scan_actions[22m | btn_switch_to_on_mtrl_00008.9.png[39m[0m
[  95% ] [90m[1m_update_scan_actions[22m | btn_switch_to_on_mtrl_00009.9.png[39m[0m
[  95% ] [90m[1m_update_scan_actions[22m | btn_switch_to_on_mtrl_00010.9.png[39m[0m
[  95% ] [90m[1m_update_scan_actions[22m | btn_switch_to_on_mtrl_00011.9.png[39m[0m
[  95% ] [90m[1m_update_scan_actions[22m | btn_switch_to_on_mtrl_00012.9.png[39m[0m
[  95% ] [90m[1m_update_scan_actions[22m | ic_launcher_android.png[39m[0m
[  95% ] [90m[1m_update_scan_actions[22m | ic_lock_open_wht_24dp.png[39m[0m
[  95% ] [90m[1m_update_scan_actions[22m | ic_lock_outline_wht_24dp.png[39m[0m
[  95% ] [90m[1m_update_scan_actions[22m | ic_media_route_connected_dark_00_mtrl.png[39m[0m
[  95% ] [90m[1m_update_scan_actions[22m | ic_media_route_connected_dark_01_mtrl.png[39m[0m
[  95% ] [90m[1m_update_scan_actions[22m | ic_media_route_connected_dark_02_mtrl.png[39m[0m
[  95% ] [90m[1m_update_scan_actions[22m | ic_media_route_connected_dark_03_mtrl.png[39m[0m
[  95% ] [90m[1m_update_scan_actions[22m | ic_media_route_connected_dark_04_mtrl.png[39m[0m
[  95% ] [90m[1m_update_scan_actions[22m | ic_media_route_connected_dark_05_mtrl.png[39m[0m
[  95% ] [90m[1m_update_scan_actions[22m | ic_media_route_connected_dark_06_mtrl.png[39m[0m
[  95% ] [90m[1m_update_scan_actions[22m | ic_media_route_connected_dark_07_mtrl.png[39m[0m
[  95% ] [90m[1m_update_scan_actions[22m | ic_media_route_connected_dark_08_mtrl.png[39m[0m
[  95% ] [90m[1m_update_scan_actions[22m | ic_media_route_connected_dark_09_mtrl.png[39m[0m
[  95% ] [90m[1m_update_scan_actions[22m | ic_media_route_connected_dark_10_mtrl.png[39m[0m
[  95% ] [90m[1m_update_scan_actions[22m | ic_media_route_connected_dark_11_mtrl.png[39m[0m
[  95% ] [90m[1m_update_scan_actions[22m | ic_media_route_connected_dark_12_mtrl.png[39m[0m
[  95% ] [90m[1m_update_scan_actions[22m | ic_media_route_connected_dark_13_mtrl.png[39m[0m
[  95% ] [90m[1m_update_scan_actions[22m | ic_media_route_connected_dark_14_mtrl.png[39m[0m
[  95% ] [90m[1m_update_scan_actions[22m | ic_media_route_connected_dark_15_mtrl.png[39m[0m
[  95% ] [90m[1m_update_scan_actions[22m | ic_media_route_connected_dark_16_mtrl.png[39m[0m
[  95% ] [90m[1m_update_scan_actions[22m | ic_media_route_connected_dark_17_mtrl.png[39m[0m
[  95% ] [90m[1m_update_scan_actions[22m | ic_media_route_connected_dark_18_mtrl.png[39m[0m
[  95% ] [90m[1m_update_scan_actions[22m | ic_media_route_connected_dark_19_mtrl.png[39m[0m
[  96% ] [90m[1m_update_scan_actions[22m | ic_media_route_connected_dark_20_mtrl.png[39m[0m
[  96% ] [90m[1m_update_scan_actions[22m | ic_media_route_connected_dark_21_mtrl.png[39m[0m
[  96% ] [90m[1m_update_scan_actions[22m | ic_media_route_connected_dark_22_mtrl.png[39m[0m
[  96% ] [90m[1m_update_scan_actions[22m | ic_media_route_connected_dark_23_mtrl.png[39m[0m
[  96% ] [90m[1m_update_scan_actions[22m | ic_media_route_connected_dark_24_mtrl.png[39m[0m
[  96% ] [90m[1m_update_scan_actions[22m | ic_media_route_connected_dark_25_mtrl.png[39m[0m
[  96% ] [90m[1m_update_scan_actions[22m | ic_media_route_connected_dark_26_mtrl.png[39m[0m
[  96% ] [90m[1m_update_scan_actions[22m | ic_media_route_connected_dark_27_mtrl.png[39m[0m
[  96% ] [90m[1m_update_scan_actions[22m | ic_media_route_connected_dark_28_mtrl.png[39m[0m
[  96% ] [90m[1m_update_scan_actions[22m | ic_media_route_connected_dark_29_mtrl.png[39m[0m
[  96% ] [90m[1m_update_scan_actions[22m | ic_media_route_connected_dark_30_mtrl.png[39m[0m
[  96% ] [90m[1m_update_scan_actions[22m | ic_media_route_connected_light_00_mtrl.png[39m[0m
[  96% ] [90m[1m_update_scan_actions[22m | ic_media_route_connected_light_01_mtrl.png[39m[0m
[  96% ] [90m[1m_update_scan_actions[22m | ic_media_route_connected_light_02_mtrl.png[39m[0m
[  96% ] [90m[1m_update_scan_actions[22m | ic_media_route_connected_light_03_mtrl.png[39m[0m
[  96% ] [90m[1m_update_scan_actions[22m | ic_media_route_connected_light_04_mtrl.png[39m[0m
[  96% ] [90m[1m_update_scan_actions[22m | ic_media_route_connected_light_05_mtrl.png[39m[0m
[  96% ] [90m[1m_update_scan_actions[22m | ic_media_route_connected_light_06_mtrl.png[39m[0m
[  96% ] [90m[1m_update_scan_actions[22m | ic_media_route_connected_light_07_mtrl.png[39m[0m
[  96% ] [90m[1m_update_scan_actions[22m | ic_media_route_connected_light_08_mtrl.png[39m[0m
[  96% ] [90m[1m_update_scan_actions[22m | ic_media_route_connected_light_09_mtrl.png[39m[0m
[  96% ] [90m[1m_update_scan_actions[22m | ic_media_route_connected_light_10_mtrl.png[39m[0m
[  96% ] [90m[1m_update_scan_actions[22m | ic_media_route_connected_light_11_mtrl.png[39m[0m
[  96% ] [90m[1m_update_scan_actions[22m | ic_media_route_connected_light_12_mtrl.png[39m[0m
[  96% ] [90m[1m_update_scan_actions[22m | ic_media_route_connected_light_13_mtrl.png[39m[0m
[  96% ] [90m[1m_update_scan_actions[22m | ic_media_route_connected_light_14_mtrl.png[39m[0m
[  96% ] [90m[1m_update_scan_actions[22m | ic_media_route_connected_light_15_mtrl.png[39m[0m
[  96% ] [90m[1m_update_scan_actions[22m | ic_media_route_connected_light_16_mtrl.png[39m[0m
[  96% ] [90m[1m_update_scan_actions[22m | ic_media_route_connected_light_17_mtrl.png[39m[0m
[  96% ] [90m[1m_update_scan_actions[22m | ic_media_route_connected_light_18_mtrl.png[39m[0m
[  96% ] [90m[1m_update_scan_actions[22m | ic_media_route_connected_light_19_mtrl.png[39m[0m
[  96% ] [90m[1m_update_scan_actions[22m | ic_media_route_connected_light_20_mtrl.png[39m[0m
[  96% ] [90m[1m_update_scan_actions[22m | ic_media_route_connected_light_21_mtrl.png[39m[0m
[  96% ] [90m[1m_update_scan_actions[22m | ic_media_route_connected_light_22_mtrl.png[39m[0m
[  96% ] [90m[1m_update_scan_actions[22m | ic_media_route_connected_light_23_mtrl.png[39m[0m
[  96% ] [90m[1m_update_scan_actions[22m | ic_media_route_connected_light_24_mtrl.png[39m[0m
[  96% ] [90m[1m_update_scan_actions[22m | ic_media_route_connected_light_25_mtrl.png[39m[0m
[  96% ] [90m[1m_update_scan_actions[22m | ic_media_route_connected_light_26_mtrl.png[39m[0m
[  96% ] [90m[1m_update_scan_actions[22m | ic_media_route_connected_light_27_mtrl.png[39m[0m
[  96% ] [90m[1m_update_scan_actions[22m | ic_media_route_connected_light_28_mtrl.png[39m[0m
[  96% ] [90m[1m_update_scan_actions[22m | ic_media_route_connected_light_29_mtrl.png[39m[0m
[  96% ] [90m[1m_update_scan_actions[22m | ic_media_route_connected_light_30_mtrl.png[39m[0m
[  96% ] [90m[1m_update_scan_actions[22m | ic_media_route_connecting_dark_00_mtrl.png[39m[0m
[  96% ] [90m[1m_update_scan_actions[22m | ic_media_route_connecting_dark_01_mtrl.png[39m[0m
[  96% ] [90m[1m_update_scan_actions[22m | ic_media_route_connecting_dark_02_mtrl.png[39m[0m
[  96% ] [90m[1m_update_scan_actions[22m | ic_media_route_connecting_dark_03_mtrl.png[39m[0m
[  96% ] [90m[1m_update_scan_actions[22m | ic_media_route_connecting_dark_04_mtrl.png[39m[0m
[  96% ] [90m[1m_update_scan_actions[22m | ic_media_route_connecting_dark_05_mtrl.png[39m[0m
[  96% ] [90m[1m_update_scan_actions[22m | ic_media_route_connecting_dark_06_mtrl.png[39m[0m
[  96% ] [90m[1m_update_scan_actions[22m | ic_media_route_connecting_dark_07_mtrl.png[39m[0m
[  96% ] [90m[1m_update_scan_actions[22m | ic_media_route_connecting_dark_08_mtrl.png[39m[0m
[  96% ] [90m[1m_update_scan_actions[22m | ic_media_route_connecting_dark_09_mtrl.png[39m[0m
[  96% ] [90m[1m_update_scan_actions[22m | ic_media_route_connecting_dark_10_mtrl.png[39m[0m
[  96% ] [90m[1m_update_scan_actions[22m | ic_media_route_connecting_dark_11_mtrl.png[39m[0m
[  96% ] [90m[1m_update_scan_actions[22m | ic_media_route_connecting_dark_12_mtrl.png[39m[0m
[  96% ] [90m[1m_update_scan_actions[22m | ic_media_route_connecting_dark_13_mtrl.png[39m[0m
[  96% ] [90m[1m_update_scan_actions[22m | ic_media_route_connecting_dark_14_mtrl.png[39m[0m
[  96% ] [90m[1m_update_scan_actions[22m | ic_media_route_connecting_dark_15_mtrl.png[39m[0m
[  96% ] [90m[1m_update_scan_actions[22m | ic_media_route_connecting_dark_16_mtrl.png[39m[0m
[  96% ] [90m[1m_update_scan_actions[22m | ic_media_route_connecting_dark_17_mtrl.png[39m[0m
[  96% ] [90m[1m_update_scan_actions[22m | ic_media_route_connecting_dark_18_mtrl.png[39m[0m
[  96% ] [90m[1m_update_scan_actions[22m | ic_media_route_connecting_dark_19_mtrl.png[39m[0m
[  96% ] [90m[1m_update_scan_actions[22m | ic_media_route_connecting_dark_20_mtrl.png[39m[0m
[  96% ] [90m[1m_update_scan_actions[22m | ic_media_route_connecting_dark_21_mtrl.png[39m[0m
[  96% ] [90m[1m_update_scan_actions[22m | ic_media_route_connecting_dark_22_mtrl.png[39m[0m
[  96% ] [90m[1m_update_scan_actions[22m | ic_media_route_connecting_dark_23_mtrl.png[39m[0m
[  96% ] [90m[1m_update_scan_actions[22m | ic_media_route_connecting_dark_24_mtrl.png[39m[0m
[  96% ] [90m[1m_update_scan_actions[22m | ic_media_route_connecting_dark_25_mtrl.png[39m[0m
[  97% ] [90m[1m_update_scan_actions[22m | ic_media_route_connecting_dark_26_mtrl.png[39m[0m
[  97% ] [90m[1m_update_scan_actions[22m | ic_media_route_connecting_dark_27_mtrl.png[39m[0m
[  97% ] [90m[1m_update_scan_actions[22m | ic_media_route_connecting_dark_28_mtrl.png[39m[0m
[  97% ] [90m[1m_update_scan_actions[22m | ic_media_route_connecting_dark_29_mtrl.png[39m[0m
[  97% ] [90m[1m_update_scan_actions[22m | ic_media_route_connecting_dark_30_mtrl.png[39m[0m
[  97% ] [90m[1m_update_scan_actions[22m | ic_media_route_connecting_light_00_mtrl.png[39m[0m
[  97% ] [90m[1m_update_scan_actions[22m | ic_media_route_connecting_light_01_mtrl.png[39m[0m
[  97% ] [90m[1m_update_scan_actions[22m | ic_media_route_connecting_light_02_mtrl.png[39m[0m
[  97% ] [90m[1m_update_scan_actions[22m | ic_media_route_connecting_light_03_mtrl.png[39m[0m
[  97% ] [90m[1m_update_scan_actions[22m | ic_media_route_connecting_light_04_mtrl.png[39m[0m
[  97% ] [90m[1m_update_scan_actions[22m | ic_media_route_connecting_light_05_mtrl.png[39m[0m
[  97% ] [90m[1m_update_scan_actions[22m | ic_media_route_connecting_light_06_mtrl.png[39m[0m
[  97% ] [90m[1m_update_scan_actions[22m | ic_media_route_connecting_light_07_mtrl.png[39m[0m
[  97% ] [90m[1m_update_scan_actions[22m | ic_media_route_connecting_light_08_mtrl.png[39m[0m
[  97% ] [90m[1m_update_scan_actions[22m | ic_media_route_connecting_light_09_mtrl.png[39m[0m
[  97% ] [90m[1m_update_scan_actions[22m | ic_media_route_connecting_light_10_mtrl.png[39m[0m
[  97% ] [90m[1m_update_scan_actions[22m | ic_media_route_connecting_light_11_mtrl.png[39m[0m
[  97% ] [90m[1m_update_scan_actions[22m | ic_media_route_connecting_light_12_mtrl.png[39m[0m
[  97% ] [90m[1m_update_scan_actions[22m | ic_media_route_connecting_light_13_mtrl.png[39m[0m
[  97% ] [90m[1m_update_scan_actions[22m | ic_media_route_connecting_light_14_mtrl.png[39m[0m
[  97% ] [90m[1m_update_scan_actions[22m | ic_media_route_connecting_light_15_mtrl.png[39m[0m
[  97% ] [90m[1m_update_scan_actions[22m | ic_media_route_connecting_light_16_mtrl.png[39m[0m
[  97% ] [90m[1m_update_scan_actions[22m | ic_media_route_connecting_light_17_mtrl.png[39m[0m
[  97% ] [90m[1m_update_scan_actions[22m | ic_media_route_connecting_light_18_mtrl.png[39m[0m
[  97% ] [90m[1m_update_scan_actions[22m | ic_media_route_connecting_light_19_mtrl.png[39m[0m
[  97% ] [90m[1m_update_scan_actions[22m | ic_media_route_connecting_light_20_mtrl.png[39m[0m
[  97% ] [90m[1m_update_scan_actions[22m | ic_media_route_connecting_light_21_mtrl.png[39m[0m
[  97% ] [90m[1m_update_scan_actions[22m | ic_media_route_connecting_light_22_mtrl.png[39m[0m
[  97% ] [90m[1m_update_scan_actions[22m | ic_media_route_connecting_light_23_mtrl.png[39m[0m
[  97% ] [90m[1m_update_scan_actions[22m | ic_media_route_connecting_light_24_mtrl.png[39m[0m
[  97% ] [90m[1m_update_scan_actions[22m | ic_media_route_connecting_light_25_mtrl.png[39m[0m
[  97% ] [90m[1m_update_scan_actions[22m | ic_media_route_connecting_light_26_mtrl.png[39m[0m
[  97% ] [90m[1m_update_scan_actions[22m | ic_media_route_connecting_light_27_mtrl.png[39m[0m
[  97% ] [90m[1m_update_scan_actions[22m | ic_media_route_connecting_light_28_mtrl.png[39m[0m
[  97% ] [90m[1m_update_scan_actions[22m | ic_media_route_connecting_light_29_mtrl.png[39m[0m
[  97% ] [90m[1m_update_scan_actions[22m | ic_media_route_connecting_light_30_mtrl.png[39m[0m
[  97% ] [90m[1m_update_scan_actions[22m | ic_menu_search_mtrl_alpha.png[39m[0m
[  97% ] [90m[1m_update_scan_actions[22m | ic_sim_card_multi_24px_clr.png[39m[0m
[  97% ] [90m[1m_update_scan_actions[22m | ic_sim_card_multi_48px_clr.png[39m[0m
[  97% ] [90m[1m_update_scan_actions[22m | ic_star_black_16dp.png[39m[0m
[  97% ] [90m[1m_update_scan_actions[22m | ic_star_black_36dp.png[39m[0m
[  97% ] [90m[1m_update_scan_actions[22m | ic_star_black_48dp.png[39m[0m
[  97% ] [90m[1m_update_scan_actions[22m | ic_star_half_black_16dp.png[39m[0m
[  97% ] [90m[1m_update_scan_actions[22m | ic_star_half_black_36dp.png[39m[0m
[  97% ] [90m[1m_update_scan_actions[22m | ic_star_half_black_48dp.png[39m[0m
[  97% ] [90m[1m_update_scan_actions[22m | perm_group_accessibility_features.png[39m[0m
[  97% ] [90m[1m_update_scan_actions[22m | perm_group_affects_battery.png[39m[0m
[  97% ] [90m[1m_update_scan_actions[22m | perm_group_app_info.png[39m[0m
[  97% ] [90m[1m_update_scan_actions[22m | perm_group_audio_settings.png[39m[0m
[  97% ] [90m[1m_update_scan_actions[22m | perm_group_bluetooth.png[39m[0m
[  97% ] [90m[1m_update_scan_actions[22m | perm_group_bookmarks.png[39m[0m
[  97% ] [90m[1m_update_scan_actions[22m | perm_group_device_alarms.png[39m[0m
[  97% ] [90m[1m_update_scan_actions[22m | perm_group_display.png[39m[0m
[  97% ] [90m[1m_update_scan_actions[22m | perm_group_network.png[39m[0m
[  97% ] [90m[1m_update_scan_actions[22m | perm_group_personal_info.png[39m[0m
[  97% ] [90m[1m_update_scan_actions[22m | perm_group_screenlock.png[39m[0m
[  97% ] [90m[1m_update_scan_actions[22m | perm_group_shortrange_network.png[39m[0m
[  97% ] [90m[1m_update_scan_actions[22m | perm_group_status_bar.png[39m[0m
[  97% ] [90m[1m_update_scan_actions[22m | perm_group_sync_settings.png[39m[0m
[  97% ] [90m[1m_update_scan_actions[22m | perm_group_system_clock.png[39m[0m
[  97% ] [90m[1m_update_scan_actions[22m | perm_group_system_tools.png[39m[0m
[  97% ] [90m[1m_update_scan_actions[22m | perm_group_voicemail.png[39m[0m
[  97% ] [90m[1m_update_scan_actions[22m | perm_group_wallpaper.png[39m[0m
[  97% ] [90m[1m_update_scan_actions[22m | tab_indicator_mtrl_alpha.9.png[39m[0m
[  97% ] [90m[1m_update_scan_actions[22m | text_select_handle_left_mtrl_alpha.png[39m[0m
[  97% ] [90m[1m_update_scan_actions[22m | text_select_handle_right_mtrl_alpha.png[39m[0m
[  97% ] [90m[1m_update_scan_actions[22m | sym_def_app_icon.png[39m[0m
[  97% ] [90m[1m_update_scan_actions[22m | sym_def_app_icon_foreground.png[39m[0m
[  97% ] [90m[1m_update_scan_actions[22m | sym_def_app_icon.png[39m[0m
[  98% ] [90m[1m_update_scan_actions[22m | sym_def_app_icon_maskable.png[39m[0m
[  98% ] [90m[1m_update_scan_actions[22m | sym_def_app_icon.png[39m[0m
[  98% ] [90m[1m_update_scan_actions[22m | sym_def_app_icon_foreground.png[39m[0m
[  98% ] [90m[1m_update_scan_actions[22m | sym_def_app_icon.png[39m[0m
[  98% ] [90m[1m_update_scan_actions[22m | sym_def_app_icon_foreground.png[39m[0m
[  98% ] [90m[1m_update_scan_actions[22m | sym_def_app_icon.png[39m[0m
[  98% ] [90m[1m_update_scan_actions[22m | sym_def_app_icon_foreground.png[39m[0m
[  98% ] [90m[1m_update_scan_actions[22m | sym_def_app_icon.png[39m[0m
[  98% ] [90m[1m_update_scan_actions[22m | sym_def_app_icon_foreground.png[39m[0m
[  98% ] [90m[1m_update_scan_actions[22m | fallbackring.ogg[39m[0m
[  98% ] [90m[1m_update_scan_actions[22m | fallback_categories.csv[39m[0m
[  98% ] [90m[1m_update_scan_actions[22m | arrow_down.png[39m[0m
[  98% ] [90m[1m_update_scan_actions[22m | arrow_left.png[39m[0m
[  98% ] [90m[1m_update_scan_actions[22m | arrow_right.png[39m[0m
[  98% ] [90m[1m_update_scan_actions[22m | arrow_up.png[39m[0m
[  98% ] [90m[1m_update_scan_actions[22m | background_land.png[39m[0m
[  98% ] [90m[1m_update_scan_actions[22m | background_port.png[39m[0m
[  98% ] [90m[1m_update_scan_actions[22m | button.png[39m[0m
[  98% ] [90m[1m_update_scan_actions[22m | controls.png[39m[0m
[  98% ] [90m[1m_update_scan_actions[22m | key.png[39m[0m
[  98% ] [90m[1m_update_scan_actions[22m | keyboard.png[39m[0m
[  98% ] [90m[1m_update_scan_actions[22m | select.png[39m[0m
[  98% ] [90m[1m_update_scan_actions[22m | spacebar.png[39m[0m
[  98% ] [90m[1m_update_scan_actions[22m | arrow_down.png[39m[0m
[  98% ] [90m[1m_update_scan_actions[22m | arrow_left.png[39m[0m
[  98% ] [90m[1m_update_scan_actions[22m | arrow_right.png[39m[0m
[  98% ] [90m[1m_update_scan_actions[22m | arrow_up.png[39m[0m
[  98% ] [90m[1m_update_scan_actions[22m | background_land.png[39m[0m
[  98% ] [90m[1m_update_scan_actions[22m | background_port.png[39m[0m
[  98% ] [90m[1m_update_scan_actions[22m | button.png[39m[0m
[  98% ] [90m[1m_update_scan_actions[22m | controls.png[39m[0m
[  98% ] [90m[1m_update_scan_actions[22m | key.png[39m[0m
[  98% ] [90m[1m_update_scan_actions[22m | keyboard.png[39m[0m
[  98% ] [90m[1m_update_scan_actions[22m | select.png[39m[0m
[  98% ] [90m[1m_update_scan_actions[22m | spacebar.png[39m[0m
[  98% ] [90m[1m_update_scan_actions[22m | arrow_down.png[39m[0m
[  98% ] [90m[1m_update_scan_actions[22m | arrow_left.png[39m[0m
[  98% ] [90m[1m_update_scan_actions[22m | arrow_right.png[39m[0m
[  98% ] [90m[1m_update_scan_actions[22m | arrow_up.png[39m[0m
[  98% ] [90m[1m_update_scan_actions[22m | background_land.png[39m[0m
[  98% ] [90m[1m_update_scan_actions[22m | background_port.png[39m[0m
[  98% ] [90m[1m_update_scan_actions[22m | button.png[39m[0m
[  98% ] [90m[1m_update_scan_actions[22m | controls.png[39m[0m
[  98% ] [90m[1m_update_scan_actions[22m | key.png[39m[0m
[  98% ] [90m[1m_update_scan_actions[22m | keyboard.png[39m[0m
[  98% ] [90m[1m_update_scan_actions[22m | select.png[39m[0m
[  98% ] [90m[1m_update_scan_actions[22m | spacebar.png[39m[0m
[  98% ] [90m[1m_update_scan_actions[22m | arrow_down.png[39m[0m
[  98% ] [90m[1m_update_scan_actions[22m | arrow_left.png[39m[0m
[  98% ] [90m[1m_update_scan_actions[22m | arrow_right.png[39m[0m
[  98% ] [90m[1m_update_scan_actions[22m | arrow_up.png[39m[0m
[  98% ] [90m[1m_update_scan_actions[22m | background_land.png[39m[0m
[  98% ] [90m[1m_update_scan_actions[22m | background_port.png[39m[0m
[  98% ] [90m[1m_update_scan_actions[22m | button.png[39m[0m
[  98% ] [90m[1m_update_scan_actions[22m | controls.png[39m[0m
[  98% ] [90m[1m_update_scan_actions[22m | key.png[39m[0m
[  98% ] [90m[1m_update_scan_actions[22m | keyboard.png[39m[0m
[  98% ] [90m[1m_update_scan_actions[22m | select.png[39m[0m
[  98% ] [90m[1m_update_scan_actions[22m | spacebar.png[39m[0m
[  98% ] [90m[1m_update_scan_actions[22m | arrow_down.png[39m[0m
[  98% ] [90m[1m_update_scan_actions[22m | arrow_left.png[39m[0m
[  98% ] [90m[1m_update_scan_actions[22m | arrow_right.png[39m[0m
[  98% ] [90m[1m_update_scan_actions[22m | arrow_up.png[39m[0m
[  98% ] [90m[1m_update_scan_actions[22m | background_land.png[39m[0m
[  98% ] [90m[1m_update_scan_actions[22m | background_port.png[39m[0m
[  98% ] [90m[1m_update_scan_actions[22m | button.png[39m[0m
[  98% ] [90m[1m_update_scan_actions[22m | controls.png[39m[0m
[  98% ] [90m[1m_update_scan_actions[22m | key.png[39m[0m
[  99% ] [90m[1m_update_scan_actions[22m | keyboard.png[39m[0m
[  99% ] [90m[1m_update_scan_actions[22m | select.png[39m[0m
[  99% ] [90m[1m_update_scan_actions[22m | spacebar.png[39m[0m
[  99% ] [90m[1m_update_scan_actions[22m | arrow_down.png[39m[0m
[  99% ] [90m[1m_update_scan_actions[22m | arrow_left.png[39m[0m
[  99% ] [90m[1m_update_scan_actions[22m | arrow_right.png[39m[0m
[  99% ] [90m[1m_update_scan_actions[22m | arrow_up.png[39m[0m
[  99% ] [90m[1m_update_scan_actions[22m | background_land.png[39m[0m
[  99% ] [90m[1m_update_scan_actions[22m | background_port.png[39m[0m
[  99% ] [90m[1m_update_scan_actions[22m | button.png[39m[0m
[  99% ] [90m[1m_update_scan_actions[22m | controls.png[39m[0m
[  99% ] [90m[1m_update_scan_actions[22m | key.png[39m[0m
[  99% ] [90m[1m_update_scan_actions[22m | keyboard.png[39m[0m
[  99% ] [90m[1m_update_scan_actions[22m | select.png[39m[0m
[  99% ] [90m[1m_update_scan_actions[22m | spacebar.png[39m[0m
[  99% ] [90m[1m_update_scan_actions[22m | arrow_down.png[39m[0m
[  99% ] [90m[1m_update_scan_actions[22m | arrow_left.png[39m[0m
[  99% ] [90m[1m_update_scan_actions[22m | arrow_right.png[39m[0m
[  99% ] [90m[1m_update_scan_actions[22m | arrow_up.png[39m[0m
[  99% ] [90m[1m_update_scan_actions[22m | background_land.png[39m[0m
[  99% ] [90m[1m_update_scan_actions[22m | background_port.png[39m[0m
[  99% ] [90m[1m_update_scan_actions[22m | button.png[39m[0m
[  99% ] [90m[1m_update_scan_actions[22m | controls.png[39m[0m
[  99% ] [90m[1m_update_scan_actions[22m | key.png[39m[0m
[  99% ] [90m[1m_update_scan_actions[22m | keyboard.png[39m[0m
[  99% ] [90m[1m_update_scan_actions[22m | select.png[39m[0m
[  99% ] [90m[1m_update_scan_actions[22m | spacebar.png[39m[0m
[  99% ] [90m[1m_update_scan_actions[22m | arrow_down.png[39m[0m
[  99% ] [90m[1m_update_scan_actions[22m | arrow_left.png[39m[0m
[  99% ] [90m[1m_update_scan_actions[22m | arrow_right.png[39m[0m
[  99% ] [90m[1m_update_scan_actions[22m | arrow_up.png[39m[0m
[  99% ] [90m[1m_update_scan_actions[22m | background_land.png[39m[0m
[  99% ] [90m[1m_update_scan_actions[22m | background_port.png[39m[0m
[  99% ] [90m[1m_update_scan_actions[22m | button.png[39m[0m
[  99% ] [90m[1m_update_scan_actions[22m | controls.png[39m[0m
[  99% ] [90m[1m_update_scan_actions[22m | key.png[39m[0m
[  99% ] [90m[1m_update_scan_actions[22m | keyboard.png[39m[0m
[  99% ] [90m[1m_update_scan_actions[22m | select.png[39m[0m
[  99% ] [90m[1m_update_scan_actions[22m | spacebar.png[39m[0m
[  99% ] [90m[1m_update_scan_actions[22m | arrow_down.png[39m[0m
[  99% ] [90m[1m_update_scan_actions[22m | arrow_left.png[39m[0m
[  99% ] [90m[1m_update_scan_actions[22m | arrow_right.png[39m[0m
[  99% ] [90m[1m_update_scan_actions[22m | arrow_up.png[39m[0m
[  99% ] [90m[1m_update_scan_actions[22m | background_land.png[39m[0m
[  99% ] [90m[1m_update_scan_actions[22m | background_port.png[39m[0m
[  99% ] [90m[1m_update_scan_actions[22m | button.png[39m[0m
[  99% ] [90m[1m_update_scan_actions[22m | controls.png[39m[0m
[  99% ] [90m[1m_update_scan_actions[22m | key.png[39m[0m
[  99% ] [90m[1m_update_scan_actions[22m | keyboard.png[39m[0m
[  99% ] [90m[1m_update_scan_actions[22m | select.png[39m[0m
[  99% ] [90m[1m_update_scan_actions[22m | spacebar.png[39m[0m
[  99% ] [90m[1m_update_scan_actions[22m | arrow_down.png[39m[0m
[  99% ] [90m[1m_update_scan_actions[22m | arrow_left.png[39m[0m
[  99% ] [90m[1m_update_scan_actions[22m | arrow_right.png[39m[0m
[  99% ] [90m[1m_update_scan_actions[22m | arrow_up.png[39m[0m
[  99% ] [90m[1m_update_scan_actions[22m | background_land.png[39m[0m
[  99% ] [90m[1m_update_scan_actions[22m | background_port.png[39m[0m
[  99% ] [90m[1m_update_scan_actions[22m | button.png[39m[0m
[  99% ] [90m[1m_update_scan_actions[22m | controls.png[39m[0m
[  99% ] [90m[1m_update_scan_actions[22m | key.png[39m[0m
[  99% ] [90m[1m_update_scan_actions[22m | keyboard.png[39m[0m
[  99% ] [90m[1m_update_scan_actions[22m | select.png[39m[0m
[  99% ] [90m[1m_update_scan_actions[22m | spacebar.png[39m[0m
[  99% ] [90m[1m_update_scan_actions[22m | ic_launcher_hdpi.png[39m[0m
[  99% ] [90m[1m_update_scan_actions[22m | ic_launcher_ldpi.png[39m[0m
[  99% ] [90m[1m_update_scan_actions[22m | ic_launcher_mdpi.png[39m[0m
[  99% ] [90m[1m_update_scan_actions[22m | ic_launcher_xhdpi.png[39m[0m
[92m[ DONE ][39m [1m_update_scan_actions[22m
[0m
[   0% ] [90m[1mreimport[22m | Started 正在导入或重新导入资产 (394 steps)[39m[0m
[   0% ] [90m[1mreimport[22m | 正在准备重新导入文件……[39m[0m
[   0% ] [90m[1mreimport[22m | 正在准备重新导入文件……[39m[0m
[   0% ] [90m[1mreimport[22m | 正在准备重新导入文件……[39m[0m
[   0% ] [90m[1mreimport[22m | 正在准备重新导入文件……[39m[0m
[   1% ] [90m[1mreimport[22m | 正在准备重新导入文件……[39m[0m
[   1% ] [90m[1mreimport[22m | 正在准备重新导入文件……[39m[0m
[   1% ] [90m[1mreimport[22m | 正在准备重新导入文件……[39m[0m
[   1% ] [90m[1mreimport[22m | 正在准备重新导入文件……[39m[0m
[   2% ] [90m[1mreimport[22m | 正在准备重新导入文件……[39m[0m
[   2% ] [90m[1mreimport[22m | 正在准备重新导入文件……[39m[0m
[   2% ] [90m[1mreimport[22m | 正在准备重新导入文件……[39m[0m
[   2% ] [90m[1mreimport[22m | 正在准备重新导入文件……[39m[0m
[   3% ] [90m[1mreimport[22m | 正在准备重新导入文件……[39m[0m
[   3% ] [90m[1mreimport[22m | 正在准备重新导入文件……[39m[0m
[   3% ] [90m[1mreimport[22m | 正在准备重新导入文件……[39m[0m
[   3% ] [90m[1mreimport[22m | 正在准备重新导入文件……[39m[0m
[   4% ] [90m[1mreimport[22m | 正在准备重新导入文件……[39m[0m
[   4% ] [90m[1mreimport[22m | 正在准备重新导入文件……[39m[0m
[   4% ] [90m[1mreimport[22m | 正在准备重新导入文件……[39m[0m
[   4% ] [90m[1mreimport[22m | 正在准备重新导入文件……[39m[0m
[   5% ] [90m[1mreimport[22m | 正在准备重新导入文件……[39m[0m
[   5% ] [90m[1mreimport[22m | 正在准备重新导入文件……[39m[0m
[   5% ] [90m[1mreimport[22m | 正在准备重新导入文件……[39m[0m
[   5% ] [90m[1mreimport[22m | 正在准备重新导入文件……[39m[0m
[   6% ] [90m[1mreimport[22m | 正在准备重新导入文件……[39m[0m
[   6% ] [90m[1mreimport[22m | 正在准备重新导入文件……[39m[0m
[   6% ] [90m[1mreimport[22m | 正在准备重新导入文件……[39m[0m
[   6% ] [90m[1mreimport[22m | 正在准备重新导入文件……[39m[0m
[   7% ] [90m[1mreimport[22m | 正在准备重新导入文件……[39m[0m
[   7% ] [90m[1mreimport[22m | 正在准备重新导入文件……[39m[0m
[   7% ] [90m[1mreimport[22m | 正在准备重新导入文件……[39m[0m
[   7% ] [90m[1mreimport[22m | 正在准备重新导入文件……[39m[0m
[   8% ] [90m[1mreimport[22m | 正在准备重新导入文件……[39m[0m
[   8% ] [90m[1mreimport[22m | 正在准备重新导入文件……[39m[0m
[   8% ] [90m[1mreimport[22m | 正在准备重新导入文件……[39m[0m
[   8% ] [90m[1mreimport[22m | 正在准备重新导入文件……[39m[0m
[   9% ] [90m[1mreimport[22m | 正在准备重新导入文件……[39m[0m
[   9% ] [90m[1mreimport[22m | 正在准备重新导入文件……[39m[0m
[   9% ] [90m[1mreimport[22m | 正在准备重新导入文件……[39m[0m
[   9% ] [90m[1mreimport[22m | 正在准备重新导入文件……[39m[0m
[  10% ] [90m[1mreimport[22m | 正在准备重新导入文件……[39m[0m
[  10% ] [90m[1mreimport[22m | 正在准备重新导入文件……[39m[0m
[  10% ] [90m[1mreimport[22m | 正在准备重新导入文件……[39m[0m
[  10% ] [90m[1mreimport[22m | 正在准备重新导入文件……[39m[0m
[  11% ] [90m[1mreimport[22m | 正在准备重新导入文件……[39m[0m
[  11% ] [90m[1mreimport[22m | 正在准备重新导入文件……[39m[0m
[  11% ] [90m[1mreimport[22m | 正在准备重新导入文件……[39m[0m
[  11% ] [90m[1mreimport[22m | 正在准备重新导入文件……[39m[0m
[  12% ] [90m[1mreimport[22m | 正在准备重新导入文件……[39m[0m
[  12% ] [90m[1mreimport[22m | 正在准备重新导入文件……[39m[0m
[  12% ] [90m[1mreimport[22m | 正在准备重新导入文件……[39m[0m
[  12% ] [90m[1mreimport[22m | 正在准备重新导入文件……[39m[0m
[  13% ] [90m[1mreimport[22m | 正在准备重新导入文件……[39m[0m
[  13% ] [90m[1mreimport[22m | 正在准备重新导入文件……[39m[0m
[  13% ] [90m[1mreimport[22m | 正在准备重新导入文件……[39m[0m
[  13% ] [90m[1mreimport[22m | 正在准备重新导入文件……[39m[0m
[  14% ] [90m[1mreimport[22m | 正在准备重新导入文件……[39m[0m
[  14% ] [90m[1mreimport[22m | 正在准备重新导入文件……[39m[0m
[  14% ] [90m[1mreimport[22m | 正在准备重新导入文件……[39m[0m
[  14% ] [90m[1mreimport[22m | 正在准备重新导入文件……[39m[0m
[  15% ] [90m[1mreimport[22m | 正在准备重新导入文件……[39m[0m
[  15% ] [90m[1mreimport[22m | 正在准备重新导入文件……[39m[0m
[  15% ] [90m[1mreimport[22m | 正在准备重新导入文件……[39m[0m
[  15% ] [90m[1mreimport[22m | 正在准备重新导入文件……[39m[0m
[  16% ] [90m[1mreimport[22m | 正在准备重新导入文件……[39m[0m
[  16% ] [90m[1mreimport[22m | 正在准备重新导入文件……[39m[0m
[  16% ] [90m[1mreimport[22m | 正在准备重新导入文件……[39m[0m
[  16% ] [90m[1mreimport[22m | 正在准备重新导入文件……[39m[0m
[  17% ] [90m[1mreimport[22m | 正在准备重新导入文件……[39m[0m
[  17% ] [90m[1mreimport[22m | 正在准备重新导入文件……[39m[0m
[  17% ] [90m[1mreimport[22m | 正在准备重新导入文件……[39m[0m
[  17% ] [90m[1mreimport[22m | 正在准备重新导入文件……[39m[0m
[  18% ] [90m[1mreimport[22m | 正在准备重新导入文件……[39m[0m
[  18% ] [90m[1mreimport[22m | 正在准备重新导入文件……[39m[0m
[  18% ] [90m[1mreimport[22m | 正在准备重新导入文件……[39m[0m
[  18% ] [90m[1mreimport[22m | 正在准备重新导入文件……[39m[0m
[  19% ] [90m[1mreimport[22m | 正在准备重新导入文件……[39m[0m
[  19% ] [90m[1mreimport[22m | 正在准备重新导入文件……[39m[0m
[  19% ] [90m[1mreimport[22m | 正在准备重新导入文件……[39m[0m
[  20% ] [90m[1mreimport[22m | 正在准备重新导入文件……[39m[0m
[  20% ] [90m[1mreimport[22m | 正在准备重新导入文件……[39m[0m
[  20% ] [90m[1mreimport[22m | 正在准备重新导入文件……[39m[0m
[  20% ] [90m[1mreimport[22m | 正在准备重新导入文件……[39m[0m
[  21% ] [90m[1mreimport[22m | 正在准备重新导入文件……[39m[0m
[  21% ] [90m[1mreimport[22m | 正在准备重新导入文件……[39m[0m
[  21% ] [90m[1mreimport[22m | 正在准备重新导入文件……[39m[0m
[  21% ] [90m[1mreimport[22m | 正在准备重新导入文件……[39m[0m
[  22% ] [90m[1mreimport[22m | 正在准备重新导入文件……[39m[0m
[  22% ] [90m[1mreimport[22m | 正在准备重新导入文件……[39m[0m
[  22% ] [90m[1mreimport[22m | 正在准备重新导入文件……[39m[0m
[  22% ] [90m[1mreimport[22m | 正在准备重新导入文件……[39m[0m
[  23% ] [90m[1mreimport[22m | 正在准备重新导入文件……[39m[0m
[  23% ] [90m[1mreimport[22m | 正在准备重新导入文件……[39m[0m
[  23% ] [90m[1mreimport[22m | 正在准备重新导入文件……[39m[0m
[  23% ] [90m[1mreimport[22m | 正在准备重新导入文件……[39m[0m
[  24% ] [90m[1mreimport[22m | 正在准备重新导入文件……[39m[0m
[  24% ] [90m[1mreimport[22m | 正在准备重新导入文件……[39m[0m
[  24% ] [90m[1mreimport[22m | 正在准备重新导入文件……[39m[0m
[  24% ] [90m[1mreimport[22m | 正在准备重新导入文件……[39m[0m
[  25% ] [90m[1mreimport[22m | 正在准备重新导入文件……[39m[0m
[  25% ] [90m[1mreimport[22m | 正在准备重新导入文件……[39m[0m
[  25% ] [90m[1mreimport[22m | 正在准备重新导入文件……[39m[0m
[  25% ] [90m[1mreimport[22m | 正在准备重新导入文件……[39m[0m
[  26% ] [90m[1mreimport[22m | 正在准备重新导入文件……[39m[0m
[  26% ] [90m[1mreimport[22m | 正在准备重新导入文件……[39m[0m
[  26% ] [90m[1mreimport[22m | 正在准备重新导入文件……[39m[0m
[  26% ] [90m[1mreimport[22m | 正在准备重新导入文件……[39m[0m
[  27% ] [90m[1mreimport[22m | 正在准备重新导入文件……[39m[0m
[  27% ] [90m[1mreimport[22m | 正在准备重新导入文件……[39m[0m
[  27% ] [90m[1mreimport[22m | 正在准备重新导入文件……[39m[0m
[  27% ] [90m[1mreimport[22m | 正在准备重新导入文件……[39m[0m
[  28% ] [90m[1mreimport[22m | 正在准备重新导入文件……[39m[0m
[  28% ] [90m[1mreimport[22m | 正在准备重新导入文件……[39m[0m
[  28% ] [90m[1mreimport[22m | 正在准备重新导入文件……[39m[0m
[  28% ] [90m[1mreimport[22m | 正在准备重新导入文件……[39m[0m
[  29% ] [90m[1mreimport[22m | 正在准备重新导入文件……[39m[0m
[  29% ] [90m[1mreimport[22m | 正在准备重新导入文件……[39m[0m
[  29% ] [90m[1mreimport[22m | 正在准备重新导入文件……[39m[0m
[  29% ] [90m[1mreimport[22m | 正在准备重新导入文件……[39m[0m
[  30% ] [90m[1mreimport[22m | 正在准备重新导入文件……[39m[0m
[  30% ] [90m[1mreimport[22m | 正在准备重新导入文件……[39m[0m
[  30% ] [90m[1mreimport[22m | 正在准备重新导入文件……[39m[0m
[  30% ] [90m[1mreimport[22m | 正在准备重新导入文件……[39m[0m
[  31% ] [90m[1mreimport[22m | 正在准备重新导入文件……[39m[0m
[  31% ] [90m[1mreimport[22m | 正在准备重新导入文件……[39m[0m
[  31% ] [90m[1mreimport[22m | 正在准备重新导入文件……[39m[0m
[  31% ] [90m[1mreimport[22m | 正在准备重新导入文件……[39m[0m
[  32% ] [90m[1mreimport[22m | 正在准备重新导入文件……[39m[0m
[  32% ] [90m[1mreimport[22m | 正在准备重新导入文件……[39m[0m
[  32% ] [90m[1mreimport[22m | 正在准备重新导入文件……[39m[0m
[  32% ] [90m[1mreimport[22m | 正在准备重新导入文件……[39m[0m
[  33% ] [90m[1mreimport[22m | 正在准备重新导入文件……[39m[0m
[  33% ] [90m[1mreimport[22m | 正在准备重新导入文件……[39m[0m
[  33% ] [90m[1mreimport[22m | 正在准备重新导入文件……[39m[0m
[  33% ] [90m[1mreimport[22m | 正在准备重新导入文件……[39m[0m
[  34% ] [90m[1mreimport[22m | 正在准备重新导入文件……[39m[0m
[  34% ] [90m[1mreimport[22m | 正在准备重新导入文件……[39m[0m
[  34% ] [90m[1mreimport[22m | 正在准备重新导入文件……[39m[0m
[  34% ] [90m[1mreimport[22m | 正在准备重新导入文件……[39m[0m
[  35% ] [90m[1mreimport[22m | 正在准备重新导入文件……[39m[0m
[  35% ] [90m[1mreimport[22m | 正在准备重新导入文件……[39m[0m
[  35% ] [90m[1mreimport[22m | 正在准备重新导入文件……[39m[0m
[  35% ] [90m[1mreimport[22m | 正在准备重新导入文件……[39m[0m
[  36% ] [90m[1mreimport[22m | 正在准备重新导入文件……[39m[0m
[  36% ] [90m[1mreimport[22m | 正在准备重新导入文件……[39m[0m
[  36% ] [90m[1mreimport[22m | 正在准备重新导入文件……[39m[0m
[  36% ] [90m[1mreimport[22m | 正在准备重新导入文件……[39m[0m
[  37% ] [90m[1mreimport[22m | 正在准备重新导入文件……[39m[0m
[  37% ] [90m[1mreimport[22m | 正在准备重新导入文件……[39m[0m
[  37% ] [90m[1mreimport[22m | 正在准备重新导入文件……[39m[0m
[  37% ] [90m[1mreimport[22m | 正在准备重新导入文件……[39m[0m
[  38% ] [90m[1mreimport[22m | 正在准备重新导入文件……[39m[0m
[  38% ] [90m[1mreimport[22m | 正在准备重新导入文件……[39m[0m
[  38% ] [90m[1mreimport[22m | 正在准备重新导入文件……[39m[0m
[  38% ] [90m[1mreimport[22m | 正在准备重新导入文件……[39m[0m
[  39% ] [90m[1mreimport[22m | 正在准备重新导入文件……[39m[0m
[  39% ] [90m[1mreimport[22m | 正在准备重新导入文件……[39m[0m
[  39% ] [90m[1mreimport[22m | 正在准备重新导入文件……[39m[0m
[  40% ] [90m[1mreimport[22m | 正在准备重新导入文件……[39m[0m
[  40% ] [90m[1mreimport[22m | 正在准备重新导入文件……[39m[0m
[  40% ] [90m[1mreimport[22m | 正在准备重新导入文件……[39m[0m
[  40% ] [90m[1mreimport[22m | 正在准备重新导入文件……[39m[0m
[  41% ] [90m[1mreimport[22m | 正在准备重新导入文件……[39m[0m
[  41% ] [90m[1mreimport[22m | 正在准备重新导入文件……[39m[0m
[  41% ] [90m[1mreimport[22m | 正在准备重新导入文件……[39m[0m
[  41% ] [90m[1mreimport[22m | 正在准备重新导入文件……[39m[0m
[  42% ] [90m[1mreimport[22m | 正在准备重新导入文件……[39m[0m
[  42% ] [90m[1mreimport[22m | 正在准备重新导入文件……[39m[0m
[  42% ] [90m[1mreimport[22m | 正在准备重新导入文件……[39m[0m
[  42% ] [90m[1mreimport[22m | 正在准备重新导入文件……[39m[0m
[  43% ] [90m[1mreimport[22m | 正在准备重新导入文件……[39m[0m
[  43% ] [90m[1mreimport[22m | 正在准备重新导入文件……[39m[0m
[  43% ] [90m[1mreimport[22m | 正在准备重新导入文件……[39m[0m
[  43% ] [90m[1mreimport[22m | 正在准备重新导入文件……[39m[0m
[  44% ] [90m[1mreimport[22m | 正在准备重新导入文件……[39m[0m
[  44% ] [90m[1mreimport[22m | 正在准备重新导入文件……[39m[0m
[  44% ] [90m[1mreimport[22m | 正在准备重新导入文件……[39m[0m
[  44% ] [90m[1mreimport[22m | 正在准备重新导入文件……[39m[0m
[  45% ] [90m[1mreimport[22m | 正在准备重新导入文件……[39m[0m
[  45% ] [90m[1mreimport[22m | 正在准备重新导入文件……[39m[0m
[  45% ] [90m[1mreimport[22m | 正在准备重新导入文件……[39m[0m
[  45% ] [90m[1mreimport[22m | 正在准备重新导入文件……[39m[0m
[  46% ] [90m[1mreimport[22m | 正在准备重新导入文件……[39m[0m
[  46% ] [90m[1mreimport[22m | 正在准备重新导入文件……[39m[0m
[  46% ] [90m[1mreimport[22m | 正在准备重新导入文件……[39m[0m
[  46% ] [90m[1mreimport[22m | 正在准备重新导入文件……[39m[0m
[  47% ] [90m[1mreimport[22m | 正在准备重新导入文件……[39m[0m
[  47% ] [90m[1mreimport[22m | 正在准备重新导入文件……[39m[0m
[  47% ] [90m[1mreimport[22m | 正在准备重新导入文件……[39m[0m
[  47% ] [90m[1mreimport[22m | 正在准备重新导入文件……[39m[0m
[  48% ] [90m[1mreimport[22m | 正在准备重新导入文件……[39m[0m
[  48% ] [90m[1mreimport[22m | 正在准备重新导入文件……[39m[0m
[  48% ] [90m[1mreimport[22m | 正在准备重新导入文件……[39m[0m
[  48% ] [90m[1mreimport[22m | 正在准备重新导入文件……[39m[0m
[  49% ] [90m[1mreimport[22m | 正在准备重新导入文件……[39m[0m
[  49% ] [90m[1mreimport[22m | 正在准备重新导入文件……[39m[0m
[  49% ] [90m[1mreimport[22m | 正在准备重新导入文件……[39m[0m
[  49% ] [90m[1mreimport[22m | 正在准备重新导入文件……[39m[0m
[  50% ] [90m[1mreimport[22m | 正在准备重新导入文件……[39m[0m
[  50% ] [90m[1mreimport[22m | 正在准备重新导入文件……[39m[0m
[  50% ] [90m[1mreimport[22m | 正在准备重新导入文件……[39m[0m
[  50% ] [90m[1mreimport[22m | 正在准备重新导入文件……[39m[0m
[  51% ] [90m[1mreimport[22m | 正在准备重新导入文件……[39m[0m
[  51% ] [90m[1mreimport[22m | 正在准备重新导入文件……[39m[0m
[  51% ] [90m[1mreimport[22m | 正在准备重新导入文件……[39m[0m
[  51% ] [90m[1mreimport[22m | 正在准备重新导入文件……[39m[0m
[  52% ] [90m[1mreimport[22m | 正在准备重新导入文件……[39m[0m
[  52% ] [90m[1mreimport[22m | 正在准备重新导入文件……[39m[0m
[  52% ] [90m[1mreimport[22m | 正在准备重新导入文件……[39m[0m
[  52% ] [90m[1mreimport[22m | 正在准备重新导入文件……[39m[0m
[  53% ] [90m[1mreimport[22m | 正在准备重新导入文件……[39m[0m
[  53% ] [90m[1mreimport[22m | 正在准备重新导入文件……[39m[0m
[  53% ] [90m[1mreimport[22m | 正在准备重新导入文件……[39m[0m
[  53% ] [90m[1mreimport[22m | 正在准备重新导入文件……[39m[0m
[  54% ] [90m[1mreimport[22m | 正在准备重新导入文件……[39m[0m
[  54% ] [90m[1mreimport[22m | 正在准备重新导入文件……[39m[0m
[  54% ] [90m[1mreimport[22m | 正在准备重新导入文件……[39m[0m
[  54% ] [90m[1mreimport[22m | 正在准备重新导入文件……[39m[0m
[  55% ] [90m[1mreimport[22m | 正在准备重新导入文件……[39m[0m
[  55% ] [90m[1mreimport[22m | 正在准备重新导入文件……[39m[0m
[  55% ] [90m[1mreimport[22m | 正在准备重新导入文件……[39m[0m
[  55% ] [90m[1mreimport[22m | 正在准备重新导入文件……[39m[0m
[  56% ] [90m[1mreimport[22m | 正在准备重新导入文件……[39m[0m
[  56% ] [90m[1mreimport[22m | 正在准备重新导入文件……[39m[0m
[  56% ] [90m[1mreimport[22m | 正在准备重新导入文件……[39m[0m
[  56% ] [90m[1mreimport[22m | 正在准备重新导入文件……[39m[0m
[  57% ] [90m[1mreimport[22m | 正在准备重新导入文件……[39m[0m
[  57% ] [90m[1mreimport[22m | 正在准备重新导入文件……[39m[0m
[  57% ] [90m[1mreimport[22m | 正在准备重新导入文件……[39m[0m
[  57% ] [90m[1mreimport[22m | 正在准备重新导入文件……[39m[0m
[  58% ] [90m[1mreimport[22m | 正在准备重新导入文件……[39m[0m
[  58% ] [90m[1mreimport[22m | 正在准备重新导入文件……[39m[0m
[  58% ] [90m[1mreimport[22m | 正在准备重新导入文件……[39m[0m
[  58% ] [90m[1mreimport[22m | 正在准备重新导入文件……[39m[0m
[  59% ] [90m[1mreimport[22m | 正在准备重新导入文件……[39m[0m
[  59% ] [90m[1mreimport[22m | 正在准备重新导入文件……[39m[0m
[  59% ] [90m[1mreimport[22m | 正在准备重新导入文件……[39m[0m
[  60% ] [90m[1mreimport[22m | 正在准备重新导入文件……[39m[0m
[  60% ] [90m[1mreimport[22m | 正在准备重新导入文件……[39m[0m
[  60% ] [90m[1mreimport[22m | 正在准备重新导入文件……[39m[0m
[  60% ] [90m[1mreimport[22m | 正在准备重新导入文件……[39m[0m
[  61% ] [90m[1mreimport[22m | 正在准备重新导入文件……[39m[0m
[  61% ] [90m[1mreimport[22m | 正在准备重新导入文件……[39m[0m
[  61% ] [90m[1mreimport[22m | 正在准备重新导入文件……[39m[0m
[  61% ] [90m[1mreimport[22m | 正在准备重新导入文件……[39m[0m
[  62% ] [90m[1mreimport[22m | 正在准备重新导入文件……[39m[0m
[  62% ] [90m[1mreimport[22m | 正在准备重新导入文件……[39m[0m
[  62% ] [90m[1mreimport[22m | 正在准备重新导入文件……[39m[0m
[  62% ] [90m[1mreimport[22m | 正在准备重新导入文件……[39m[0m
[  63% ] [90m[1mreimport[22m | 正在准备重新导入文件……[39m[0m
[  63% ] [90m[1mreimport[22m | 正在准备重新导入文件……[39m[0m
[  63% ] [90m[1mreimport[22m | 正在准备重新导入文件……[39m[0m
[  63% ] [90m[1mreimport[22m | 正在准备重新导入文件……[39m[0m
[  64% ] [90m[1mreimport[22m | 正在准备重新导入文件……[39m[0m
[  64% ] [90m[1mreimport[22m | 正在准备重新导入文件……[39m[0m
[  64% ] [90m[1mreimport[22m | 正在准备重新导入文件……[39m[0m
[  64% ] [90m[1mreimport[22m | 正在准备重新导入文件……[39m[0m
[  65% ] [90m[1mreimport[22m | 正在准备重新导入文件……[39m[0m
[  65% ] [90m[1mreimport[22m | 正在准备重新导入文件……[39m[0m
[  65% ] [90m[1mreimport[22m | 正在准备重新导入文件……[39m[0m
[  65% ] [90m[1mreimport[22m | 正在准备重新导入文件……[39m[0m
[  66% ] [90m[1mreimport[22m | 正在准备重新导入文件……[39m[0m
[  66% ] [90m[1mreimport[22m | 正在准备重新导入文件……[39m[0m
[  66% ] [90m[1mreimport[22m | 正在准备重新导入文件……[39m[0m
[  66% ] [90m[1mreimport[22m | 正在准备重新导入文件……[39m[0m
[  67% ] [90m[1mreimport[22m | 正在准备重新导入文件……[39m[0m
[  67% ] [90m[1mreimport[22m | 正在准备重新导入文件……[39m[0m
[  67% ] [90m[1mreimport[22m | 正在准备重新导入文件……[39m[0m
[  67% ] [90m[1mreimport[22m | 正在准备重新导入文件……[39m[0m
[  68% ] [90m[1mreimport[22m | 正在准备重新导入文件……[39m[0m
[  68% ] [90m[1mreimport[22m | 正在准备重新导入文件……[39m[0m
[  68% ] [90m[1mreimport[22m | 正在准备重新导入文件……[39m[0m
[  68% ] [90m[1mreimport[22m | 正在准备重新导入文件……[39m[0m
[  69% ] [90m[1mreimport[22m | 正在准备重新导入文件……[39m[0m
[  69% ] [90m[1mreimport[22m | 正在准备重新导入文件……[39m[0m
[  69% ] [90m[1mreimport[22m | 正在准备重新导入文件……[39m[0m
[  69% ] [90m[1mreimport[22m | 正在准备重新导入文件……[39m[0m
[  70% ] [90m[1mreimport[22m | 正在准备重新导入文件……[39m[0m
[  70% ] [90m[1mreimport[22m | 正在准备重新导入文件……[39m[0m
[  70% ] [90m[1mreimport[22m | 正在准备重新导入文件……[39m[0m
[  70% ] [90m[1mreimport[22m | 正在准备重新导入文件……[39m[0m
[  71% ] [90m[1mreimport[22m | 正在准备重新导入文件……[39m[0m
[  71% ] [90m[1mreimport[22m | 正在准备重新导入文件……[39m[0m
[  71% ] [90m[1mreimport[22m | 正在准备重新导入文件……[39m[0m
[  71% ] [90m[1mreimport[22m | 正在准备重新导入文件……[39m[0m
[  72% ] [90m[1mreimport[22m | 正在准备重新导入文件……[39m[0m
[  72% ] [90m[1mreimport[22m | 正在准备重新导入文件……[39m[0m
[  72% ] [90m[1mreimport[22m | 正在准备重新导入文件……[39m[0m
[  72% ] [90m[1mreimport[22m | 正在准备重新导入文件……[39m[0m
[  73% ] [90m[1mreimport[22m | 正在准备重新导入文件……[39m[0m
[  73% ] [90m[1mreimport[22m | 正在准备重新导入文件……[39m[0m
[  73% ] [90m[1mreimport[22m | 正在准备重新导入文件……[39m[0m
[  73% ] [90m[1mreimport[22m | 正在准备重新导入文件……[39m[0m
[  74% ] [90m[1mreimport[22m | 正在准备重新导入文件……[39m[0m
[  74% ] [90m[1mreimport[22m | 正在准备重新导入文件……[39m[0m
[  74% ] [90m[1mreimport[22m | 正在准备重新导入文件……[39m[0m
[  74% ] [90m[1mreimport[22m | 正在准备重新导入文件……[39m[0m
[  75% ] [90m[1mreimport[22m | 正在准备重新导入文件……[39m[0m
[  75% ] [90m[1mreimport[22m | 正在准备重新导入文件……[39m[0m
[  75% ] [90m[1mreimport[22m | 正在准备重新导入文件……[39m[0m
[  75% ] [90m[1mreimport[22m | 正在准备重新导入文件……[39m[0m
[  76% ] [90m[1mreimport[22m | 正在准备重新导入文件……[39m[0m
[  76% ] [90m[1mreimport[22m | 正在准备重新导入文件……[39m[0m
[  76% ] [90m[1mreimport[22m | 正在准备重新导入文件……[39m[0m
[  76% ] [90m[1mreimport[22m | 正在准备重新导入文件……[39m[0m
[  77% ] [90m[1mreimport[22m | 正在准备重新导入文件……[39m[0m
[  77% ] [90m[1mreimport[22m | 正在准备重新导入文件……[39m[0m
[  77% ] [90m[1mreimport[22m | 正在准备重新导入文件……[39m[0m
[  77% ] [90m[1mreimport[22m | 正在准备重新导入文件……[39m[0m
[  78% ] [90m[1mreimport[22m | 正在准备重新导入文件……[39m[0m
[  78% ] [90m[1mreimport[22m | 正在准备重新导入文件……[39m[0m
[  78% ] [90m[1mreimport[22m | 正在准备重新导入文件……[39m[0m
[  78% ] [90m[1mreimport[22m | 正在准备重新导入文件……[39m[0m
[  79% ] [90m[1mreimport[22m | 正在准备重新导入文件……[39m[0m
[  79% ] [90m[1mreimport[22m | 正在准备重新导入文件……[39m[0m
[  79% ] [90m[1mreimport[22m | 正在准备重新导入文件……[39m[0m
[  80% ] [90m[1mreimport[22m | 正在准备重新导入文件……[39m[0m
[  80% ] [90m[1mreimport[22m | 正在准备重新导入文件……[39m[0m
[  80% ] [90m[1mreimport[22m | 正在准备重新导入文件……[39m[0m
[  80% ] [90m[1mreimport[22m | 正在准备重新导入文件……[39m[0m
[  81% ] [90m[1mreimport[22m | 正在准备重新导入文件……[39m[0m
[  81% ] [90m[1mreimport[22m | 正在准备重新导入文件……[39m[0m
[  81% ] [90m[1mreimport[22m | 正在准备重新导入文件……[39m[0m
[  81% ] [90m[1mreimport[22m | 正在准备重新导入文件……[39m[0m
[  82% ] [90m[1mreimport[22m | 正在准备重新导入文件……[39m[0m
[  82% ] [90m[1mreimport[22m | 正在准备重新导入文件……[39m[0m
[  82% ] [90m[1mreimport[22m | 正在准备重新导入文件……[39m[0m
[  82% ] [90m[1mreimport[22m | 正在准备重新导入文件……[39m[0m
[  83% ] [90m[1mreimport[22m | 正在准备重新导入文件……[39m[0m
[  83% ] [90m[1mreimport[22m | 正在准备重新导入文件……[39m[0m
[  83% ] [90m[1mreimport[22m | 正在准备重新导入文件……[39m[0m
[  83% ] [90m[1mreimport[22m | 正在准备重新导入文件……[39m[0m
[  84% ] [90m[1mreimport[22m | 正在准备重新导入文件……[39m[0m
[  84% ] [90m[1mreimport[22m | 正在准备重新导入文件……[39m[0m
[  84% ] [90m[1mreimport[22m | 正在准备重新导入文件……[39m[0m
[  84% ] [90m[1mreimport[22m | 正在准备重新导入文件……[39m[0m
[  85% ] [90m[1mreimport[22m | 正在准备重新导入文件……[39m[0m
[  85% ] [90m[1mreimport[22m | 正在准备重新导入文件……[39m[0m
[  85% ] [90m[1mreimport[22m | 正在准备重新导入文件……[39m[0m
[  85% ] [90m[1mreimport[22m | 正在准备重新导入文件……[39m[0m
[  86% ] [90m[1mreimport[22m | 正在准备重新导入文件……[39m[0m
[  86% ] [90m[1mreimport[22m | 正在准备重新导入文件……[39m[0m
[  86% ] [90m[1mreimport[22m | 正在准备重新导入文件……[39m[0m
[  86% ] [90m[1mreimport[22m | 正在准备重新导入文件……[39m[0m
[  87% ] [90m[1mreimport[22m | 正在准备重新导入文件……[39m[0m
[  87% ] [90m[1mreimport[22m | 正在准备重新导入文件……[39m[0m
[  87% ] [90m[1mreimport[22m | 正在准备重新导入文件……[39m[0m
[  87% ] [90m[1mreimport[22m | 正在准备重新导入文件……[39m[0m
[  88% ] [90m[1mreimport[22m | 正在准备重新导入文件……[39m[0m
[  88% ] [90m[1mreimport[22m | 正在准备重新导入文件……[39m[0m
[  88% ] [90m[1mreimport[22m | 正在准备重新导入文件……[39m[0m
[  88% ] [90m[1mreimport[22m | 正在准备重新导入文件……[39m[0m
[  89% ] [90m[1mreimport[22m | 正在准备重新导入文件……[39m[0m
[  89% ] [90m[1mreimport[22m | 正在准备重新导入文件……[39m[0m
[  89% ] [90m[1mreimport[22m | 正在准备重新导入文件……[39m[0m
[  89% ] [90m[1mreimport[22m | 正在准备重新导入文件……[39m[0m
[  90% ] [90m[1mreimport[22m | 正在准备重新导入文件……[39m[0m
[  90% ] [90m[1mreimport[22m | 正在准备重新导入文件……[39m[0m
[  90% ] [90m[1mreimport[22m | 正在准备重新导入文件……[39m[0m
[  90% ] [90m[1mreimport[22m | 正在准备重新导入文件……[39m[0m
[  91% ] [90m[1mreimport[22m | 正在准备重新导入文件……[39m[0m
[  91% ] [90m[1mreimport[22m | 正在准备重新导入文件……[39m[0m
[  91% ] [90m[1mreimport[22m | 正在准备重新导入文件……[39m[0m
[  91% ] [90m[1mreimport[22m | 正在准备重新导入文件……[39m[0m
[  92% ] [90m[1mreimport[22m | 正在准备重新导入文件……[39m[0m
[  92% ] [90m[1mreimport[22m | 正在准备重新导入文件……[39m[0m
[  92% ] [90m[1mreimport[22m | 正在准备重新导入文件……[39m[0m
[  92% ] [90m[1mreimport[22m | 正在准备重新导入文件……[39m[0m
[  93% ] [90m[1mreimport[22m | 正在准备重新导入文件……[39m[0m
[  93% ] [90m[1mreimport[22m | 正在准备重新导入文件……[39m[0m
[  93% ] [90m[1mreimport[22m | 正在准备重新导入文件……[39m[0m
[  93% ] [90m[1mreimport[22m | 正在准备重新导入文件……[39m[0m
[  94% ] [90m[1mreimport[22m | 正在准备重新导入文件……[39m[0m
[  94% ] [90m[1mreimport[22m | 正在准备重新导入文件……[39m[0m
[  94% ] [90m[1mreimport[22m | 正在准备重新导入文件……[39m[0m
[  94% ] [90m[1mreimport[22m | 正在准备重新导入文件……[39m[0m
[  95% ] [90m[1mreimport[22m | 正在准备重新导入文件……[39m[0m
[  95% ] [90m[1mreimport[22m | 正在准备重新导入文件……[39m[0m
[  95% ] [90m[1mreimport[22m | 正在准备重新导入文件……[39m[0m
[  95% ] [90m[1mreimport[22m | 正在准备重新导入文件……[39m[0m
[  96% ] [90m[1mreimport[22m | 正在准备重新导入文件……[39m[0m
[  96% ] [90m[1mreimport[22m | 正在准备重新导入文件……[39m[0m
[  96% ] [90m[1mreimport[22m | 正在准备重新导入文件……[39m[0m
[  96% ] [90m[1mreimport[22m | 正在准备重新导入文件……[39m[0m
[  97% ] [90m[1mreimport[22m | 正在准备重新导入文件……[39m[0m
[  97% ] [90m[1mreimport[22m | 正在准备重新导入文件……[39m[0m
[  97% ] [90m[1mreimport[22m | 正在准备重新导入文件……[39m[0m
[  97% ] [90m[1mreimport[22m | 正在准备重新导入文件……[39m[0m
[  98% ] [90m[1mreimport[22m | 正在准备重新导入文件……[39m[0m
[  98% ] [90m[1mreimport[22m | 正在准备重新导入文件……[39m[0m
[  98% ] [90m[1mreimport[22m | 正在准备重新导入文件……[39m[0m
[  98% ] [90m[1mreimport[22m | 正在准备重新导入文件……[39m[0m
[  99% ] [90m[1mreimport[22m | 正在准备重新导入文件……[39m[0m
[  99% ] [90m[1mreimport[22m | 正在准备重新导入文件……[39m[0m
[   0% ] [90m[1mreimport[22m | 正在执行重新导入的前置操作……[39m[0m
[   0% ] [90m[1mreimport[22m | frame_05.png[39m[0m
[   0% ] [90m[1mreimport[22m | frame_04.png[39m[0m
[   0% ] [90m[1mreimport[22m | frame_03.png[39m[0m
[   0% ] [90m[1mreimport[22m | frame_02.png[39m[0m
[   1% ] [90m[1mreimport[22m | frame_01.png[39m[0m
[   1% ] [90m[1mreimport[22m | frame_00.png[39m[0m
[   1% ] [90m[1mreimport[22m | frame_05.png[39m[0m
[   1% ] [90m[1mreimport[22m | frame_04.png[39m[0m
[   2% ] [90m[1mreimport[22m | frame_03.png[39m[0m
[   2% ] [90m[1mreimport[22m | frame_02.png[39m[0m
[   2% ] [90m[1mreimport[22m | frame_01.png[39m[0m
[   2% ] [90m[1mreimport[22m | frame_00.png[39m[0m
[   3% ] [90m[1mreimport[22m | frame_05.png[39m[0m
[   3% ] [90m[1mreimport[22m | frame_04.png[39m[0m
[   3% ] [90m[1mreimport[22m | frame_03.png[39m[0m
[   3% ] [90m[1mreimport[22m | frame_02.png[39m[0m
[   4% ] [90m[1mreimport[22m | frame_01.png[39m[0m
[   4% ] [90m[1mreimport[22m | frame_00.png[39m[0m
[   4% ] [90m[1mreimport[22m | frame_05.png[39m[0m
[   4% ] [90m[1mreimport[22m | frame_04.png[39m[0m
[   5% ] [90m[1mreimport[22m | frame_03.png[39m[0m
[   5% ] [90m[1mreimport[22m | frame_02.png[39m[0m
[   5% ] [90m[1mreimport[22m | frame_01.png[39m[0m
[   5% ] [90m[1mreimport[22m | frame_00.png[39m[0m
[   6% ] [90m[1mreimport[22m | frame_00.png[39m[0m
[   6% ] [90m[1mreimport[22m | frame_05.png[39m[0m
[   6% ] [90m[1mreimport[22m | frame_04.png[39m[0m
[   6% ] [90m[1mreimport[22m | frame_03.png[39m[0m
[   7% ] [90m[1mreimport[22m | frame_02.png[39m[0m
[   7% ] [90m[1mreimport[22m | frame_01.png[39m[0m
[   7% ] [90m[1mreimport[22m | frame_00.png[39m[0m
[   7% ] [90m[1mreimport[22m | frame_05.png[39m[0m
[   8% ] [90m[1mreimport[22m | frame_04.png[39m[0m
[   8% ] [90m[1mreimport[22m | frame_03.png[39m[0m
[   8% ] [90m[1mreimport[22m | frame_02.png[39m[0m
[   8% ] [90m[1mreimport[22m | frame_01.png[39m[0m
[   9% ] [90m[1mreimport[22m | frame_00.png[39m[0m
[   9% ] [90m[1mreimport[22m | frame_05.png[39m[0m
[   9% ] [90m[1mreimport[22m | frame_04.png[39m[0m
[   9% ] [90m[1mreimport[22m | frame_03.png[39m[0m
[  10% ] [90m[1mreimport[22m | frame_02.png[39m[0m
[  10% ] [90m[1mreimport[22m | frame_01.png[39m[0m
[  10% ] [90m[1mreimport[22m | frame_00.png[39m[0m
[  10% ] [90m[1mreimport[22m | frame_05.png[39m[0m
[  11% ] [90m[1mreimport[22m | frame_04.png[39m[0m
[  11% ] [90m[1mreimport[22m | frame_03.png[39m[0m
[  11% ] [90m[1mreimport[22m | frame_02.png[39m[0m
[  11% ] [90m[1mreimport[22m | frame_01.png[39m[0m
[  12% ] [90m[1mreimport[22m | frame_00.png[39m[0m
[  12% ] [90m[1mreimport[22m | frame_02.png[39m[0m
[  12% ] [90m[1mreimport[22m | frame_01.png[39m[0m
[  12% ] [90m[1mreimport[22m | frame_00.png[39m[0m
[  13% ] [90m[1mreimport[22m | frame_05.png[39m[0m
[  13% ] [90m[1mreimport[22m | frame_04.png[39m[0m
[  13% ] [90m[1mreimport[22m | frame_03.png[39m[0m
[  13% ] [90m[1mreimport[22m | frame_02.png[39m[0m
[  14% ] [90m[1mreimport[22m | frame_01.png[39m[0m
[  14% ] [90m[1mreimport[22m | frame_00.png[39m[0m
[  14% ] [90m[1mreimport[22m | frame_05.png[39m[0m
[  14% ] [90m[1mreimport[22m | frame_04.png[39m[0m
[  15% ] [90m[1mreimport[22m | frame_03.png[39m[0m
[  15% ] [90m[1mreimport[22m | frame_02.png[39m[0m
[  15% ] [90m[1mreimport[22m | frame_01.png[39m[0m
[  15% ] [90m[1mreimport[22m | frame_00.png[39m[0m
[  16% ] [90m[1mreimport[22m | frame_05.png[39m[0m
[  16% ] [90m[1mreimport[22m | frame_04.png[39m[0m
[  16% ] [90m[1mreimport[22m | frame_03.png[39m[0m
[  16% ] [90m[1mreimport[22m | frame_02.png[39m[0m
[  17% ] [90m[1mreimport[22m | frame_01.png[39m[0m
[  17% ] [90m[1mreimport[22m | frame_00.png[39m[0m
[  17% ] [90m[1mreimport[22m | frame_05.png[39m[0m
[  17% ] [90m[1mreimport[22m | frame_04.png[39m[0m
[  18% ] [90m[1mreimport[22m | frame_03.png[39m[0m
[  18% ] [90m[1mreimport[22m | frame_05.png[39m[0m
[  18% ] [90m[1mreimport[22m | frame_04.png[39m[0m
[  18% ] [90m[1mreimport[22m | frame_03.png[39m[0m
[  19% ] [90m[1mreimport[22m | frame_02.png[39m[0m
[  19% ] [90m[1mreimport[22m | frame_01.png[39m[0m
[  19% ] [90m[1mreimport[22m | frame_00.png[39m[0m
[  20% ] [90m[1mreimport[22m | frame_05.png[39m[0m
[  20% ] [90m[1mreimport[22m | frame_04.png[39m[0m
[  20% ] [90m[1mreimport[22m | frame_03.png[39m[0m
[  20% ] [90m[1mreimport[22m | frame_02.png[39m[0m
[  21% ] [90m[1mreimport[22m | frame_01.png[39m[0m
[  21% ] [90m[1mreimport[22m | frame_00.png[39m[0m
[  21% ] [90m[1mreimport[22m | frame_09.png[39m[0m
[  21% ] [90m[1mreimport[22m | frame_08.png[39m[0m
[  22% ] [90m[1mreimport[22m | frame_07.png[39m[0m
[  22% ] [90m[1mreimport[22m | frame_06.png[39m[0m
[  22% ] [90m[1mreimport[22m | frame_05.png[39m[0m
[  22% ] [90m[1mreimport[22m | frame_04.png[39m[0m
[  23% ] [90m[1mreimport[22m | frame_03.png[39m[0m
[  23% ] [90m[1mreimport[22m | frame_02.png[39m[0m
[  23% ] [90m[1mreimport[22m | frame_01.png[39m[0m
[  23% ] [90m[1mreimport[22m | frame_00.png[39m[0m
[  24% ] [90m[1mreimport[22m | frame_05.png[39m[0m
[  24% ] [90m[1mreimport[22m | frame_04.png[39m[0m
[  24% ] [90m[1mreimport[22m | frame_03.png[39m[0m
[  24% ] [90m[1mreimport[22m | frame_06.png[39m[0m
[  25% ] [90m[1mreimport[22m | frame_05.png[39m[0m
[  25% ] [90m[1mreimport[22m | frame_04.png[39m[0m
[  25% ] [90m[1mreimport[22m | frame_03.png[39m[0m
[  25% ] [90m[1mreimport[22m | frame_02.png[39m[0m
[  26% ] [90m[1mreimport[22m | frame_01.png[39m[0m
[  26% ] [90m[1mreimport[22m | frame_00.png[39m[0m
[  26% ] [90m[1mreimport[22m | frame_09.png[39m[0m
[  26% ] [90m[1mreimport[22m | frame_08.png[39m[0m
[  27% ] [90m[1mreimport[22m | frame_07.png[39m[0m
[  27% ] [90m[1mreimport[22m | frame_06.png[39m[0m
[  27% ] [90m[1mreimport[22m | frame_05.png[39m[0m
[  27% ] [90m[1mreimport[22m | frame_04.png[39m[0m
[  28% ] [90m[1mreimport[22m | frame_03.png[39m[0m
[  28% ] [90m[1mreimport[22m | frame_02.png[39m[0m
[  28% ] [90m[1mreimport[22m | frame_01.png[39m[0m
[  28% ] [90m[1mreimport[22m | frame_00.png[39m[0m
[  29% ] [90m[1mreimport[22m | frame_09.png[39m[0m
[  29% ] [90m[1mreimport[22m | frame_08.png[39m[0m
[  29% ] [90m[1mreimport[22m | frame_07.png[39m[0m
[  29% ] [90m[1mreimport[22m | frame_06.png[39m[0m
[  30% ] [90m[1mreimport[22m | frame_05.png[39m[0m
[  30% ] [90m[1mreimport[22m | frame_04.png[39m[0m
[  30% ] [90m[1mreimport[22m | frame_03.png[39m[0m
[  30% ] [90m[1mreimport[22m | temptation_light.png[39m[0m
[  31% ] [90m[1mreimport[22m | teleport.png[39m[0m
[  31% ] [90m[1mreimport[22m | repulsion_ring.png[39m[0m
[  31% ] [90m[1mreimport[22m | hell_lightning.png[39m[0m
[  31% ] [90m[1mreimport[22m | hellfire.png[39m[0m
[  32% ] [90m[1mreimport[22m | great_fireball.png[39m[0m
[  32% ] [90m[1mreimport[22m | fire_wall.png[39m[0m
[  32% ] [90m[1mreimport[22m | fireball.png[39m[0m
[  32% ] [90m[1mreimport[22m | exploding_flame.png[39m[0m
[  33% ] [90m[1mreimport[22m | wide_hit.png[39m[0m
[  33% ] [90m[1mreimport[22m | power_hit.png[39m[0m
[  33% ] [90m[1mreimport[22m | long_hit.png[39m[0m
[  33% ] [90m[1mreimport[22m | fire_hit_d1_f1.png[39m[0m
[  34% ] [90m[1mreimport[22m | fire_hit_d1_f0.png[39m[0m
[  34% ] [90m[1mreimport[22m | fire_hit_d0_f1.png[39m[0m
[  34% ] [90m[1mreimport[22m | fire_hit_d0_f0.png[39m[0m
[  34% ] [90m[1mreimport[22m | frame_15.png[39m[0m
[  35% ] [90m[1mreimport[22m | frame_14.png[39m[0m
[  35% ] [90m[1mreimport[22m | frame_13.png[39m[0m
[  35% ] [90m[1mreimport[22m | frame_12.png[39m[0m
[  35% ] [90m[1mreimport[22m | frame_11.png[39m[0m
[  36% ] [90m[1mreimport[22m | frame_10.png[39m[0m
[  36% ] [90m[1mreimport[22m | frame_09.png[39m[0m
[  36% ] [90m[1mreimport[22m | frame_08.png[39m[0m
[  36% ] [90m[1mreimport[22m | frame_07.png[39m[0m
[  37% ] [90m[1mreimport[22m | frame_01.png[39m[0m
[  37% ] [90m[1mreimport[22m | frame_00.png[39m[0m
[  37% ] [90m[1mreimport[22m | frame_05.png[39m[0m
[  37% ] [90m[1mreimport[22m | frame_04.png[39m[0m
[  38% ] [90m[1mreimport[22m | frame_03.png[39m[0m
[  38% ] [90m[1mreimport[22m | frame_02.png[39m[0m
[  38% ] [90m[1mreimport[22m | frame_01.png[39m[0m
[  38% ] [90m[1mreimport[22m | frame_00.png[39m[0m
[  39% ] [90m[1mreimport[22m | frame_05.png[39m[0m
[  39% ] [90m[1mreimport[22m | frame_04.png[39m[0m
[  39% ] [90m[1mreimport[22m | frame_03.png[39m[0m
[  40% ] [90m[1mreimport[22m | frame_02.png[39m[0m
[  40% ] [90m[1mreimport[22m | frame_01.png[39m[0m
[  40% ] [90m[1mreimport[22m | frame_00.png[39m[0m
[  40% ] [90m[1mreimport[22m | frame_05.png[39m[0m
[  41% ] [90m[1mreimport[22m | frame_04.png[39m[0m
[  41% ] [90m[1mreimport[22m | frame_03.png[39m[0m
[  41% ] [90m[1mreimport[22m | frame_02.png[39m[0m
[  41% ] [90m[1mreimport[22m | frame_01.png[39m[0m
[  42% ] [90m[1mreimport[22m | frame_00.png[39m[0m
[  42% ] [90m[1mreimport[22m | frame_05.png[39m[0m
[  42% ] [90m[1mreimport[22m | frame_04.png[39m[0m
[  42% ] [90m[1mreimport[22m | frame_03.png[39m[0m
[  43% ] [90m[1mreimport[22m | frame_02.png[39m[0m
[  43% ] [90m[1mreimport[22m | frame_01.png[39m[0m
[  43% ] [90m[1mreimport[22m | frame_02.png[39m[0m
[  43% ] [90m[1mreimport[22m | frame_01.png[39m[0m
[  44% ] [90m[1mreimport[22m | frame_00.png[39m[0m
[  44% ] [90m[1mreimport[22m | frame_05.png[39m[0m
[  44% ] [90m[1mreimport[22m | frame_04.png[39m[0m
[  44% ] [90m[1mreimport[22m | frame_03.png[39m[0m
[  45% ] [90m[1mreimport[22m | frame_02.png[39m[0m
[  45% ] [90m[1mreimport[22m | frame_01.png[39m[0m
[  45% ] [90m[1mreimport[22m | frame_00.png[39m[0m
[  45% ] [90m[1mreimport[22m | frame_05.png[39m[0m
[  46% ] [90m[1mreimport[22m | frame_04.png[39m[0m
[  46% ] [90m[1mreimport[22m | frame_03.png[39m[0m
[  46% ] [90m[1mreimport[22m | frame_02.png[39m[0m
[  46% ] [90m[1mreimport[22m | frame_01.png[39m[0m
[  47% ] [90m[1mreimport[22m | frame_00.png[39m[0m
[  47% ] [90m[1mreimport[22m | frame_05.png[39m[0m
[  47% ] [90m[1mreimport[22m | frame_04.png[39m[0m
[  47% ] [90m[1mreimport[22m | frame_03.png[39m[0m
[  48% ] [90m[1mreimport[22m | frame_02.png[39m[0m
[  48% ] [90m[1mreimport[22m | frame_01.png[39m[0m
[  48% ] [90m[1mreimport[22m | frame_00.png[39m[0m
[  48% ] [90m[1mreimport[22m | frame_05.png[39m[0m
[  49% ] [90m[1mreimport[22m | frame_04.png[39m[0m
[  49% ] [90m[1mreimport[22m | frame_03.png[39m[0m
[  49% ] [90m[1mreimport[22m | frame_02.png[39m[0m
[  49% ] [90m[1mreimport[22m | frame_04.png[39m[0m
[  50% ] [90m[1mreimport[22m | frame_03.png[39m[0m
[  50% ] [90m[1mreimport[22m | frame_02.png[39m[0m
[  50% ] [90m[1mreimport[22m | frame_01.png[39m[0m
[  50% ] [90m[1mreimport[22m | frame_00.png[39m[0m
[  51% ] [90m[1mreimport[22m | frame_05.png[39m[0m
[  51% ] [90m[1mreimport[22m | frame_04.png[39m[0m
[  51% ] [90m[1mreimport[22m | frame_03.png[39m[0m
[  51% ] [90m[1mreimport[22m | frame_02.png[39m[0m
[  52% ] [90m[1mreimport[22m | frame_01.png[39m[0m
[  52% ] [90m[1mreimport[22m | frame_00.png[39m[0m
[  52% ] [90m[1mreimport[22m | frame_05.png[39m[0m
[  52% ] [90m[1mreimport[22m | frame_04.png[39m[0m
[  53% ] [90m[1mreimport[22m | frame_03.png[39m[0m
[  53% ] [90m[1mreimport[22m | frame_02.png[39m[0m
[  53% ] [90m[1mreimport[22m | frame_01.png[39m[0m
[  53% ] [90m[1mreimport[22m | frame_00.png[39m[0m
[  54% ] [90m[1mreimport[22m | frame_05.png[39m[0m
[  54% ] [90m[1mreimport[22m | frame_04.png[39m[0m
[  54% ] [90m[1mreimport[22m | frame_03.png[39m[0m
[  54% ] [90m[1mreimport[22m | frame_02.png[39m[0m
[  55% ] [90m[1mreimport[22m | frame_01.png[39m[0m
[  55% ] [90m[1mreimport[22m | frame_00.png[39m[0m
[  55% ] [90m[1mreimport[22m | frame_05.png[39m[0m
[  55% ] [90m[1mreimport[22m | frame_05.png[39m[0m
[  56% ] [90m[1mreimport[22m | frame_04.png[39m[0m
[  56% ] [90m[1mreimport[22m | frame_03.png[39m[0m
[  56% ] [90m[1mreimport[22m | frame_02.png[39m[0m
[  56% ] [90m[1mreimport[22m | frame_01.png[39m[0m
[  57% ] [90m[1mreimport[22m | frame_00.png[39m[0m
[  57% ] [90m[1mreimport[22m | frame_05.png[39m[0m
[  57% ] [90m[1mreimport[22m | frame_04.png[39m[0m
[  57% ] [90m[1mreimport[22m | frame_03.png[39m[0m
[  58% ] [90m[1mreimport[22m | frame_02.png[39m[0m
[  58% ] [90m[1mreimport[22m | frame_01.png[39m[0m
[  58% ] [90m[1mreimport[22m | frame_00.png[39m[0m
[  58% ] [90m[1mreimport[22m | frame_05.png[39m[0m
[  59% ] [90m[1mreimport[22m | frame_04.png[39m[0m
[  59% ] [90m[1mreimport[22m | frame_03.png[39m[0m
[  59% ] [90m[1mreimport[22m | frame_02.png[39m[0m
[  60% ] [90m[1mreimport[22m | frame_01.png[39m[0m
[  60% ] [90m[1mreimport[22m | frame_00.png[39m[0m
[  60% ] [90m[1mreimport[22m | frame_05.png[39m[0m
[  60% ] [90m[1mreimport[22m | frame_04.png[39m[0m
[  61% ] [90m[1mreimport[22m | frame_03.png[39m[0m
[  61% ] [90m[1mreimport[22m | frame_02.png[39m[0m
[  61% ] [90m[1mreimport[22m | frame_01.png[39m[0m
[  61% ] [90m[1mreimport[22m | frame_00.png[39m[0m
[  62% ] [90m[1mreimport[22m | frame_05.png[39m[0m
[  62% ] [90m[1mreimport[22m | frame_03.png[39m[0m
[  62% ] [90m[1mreimport[22m | frame_02.png[39m[0m
[  62% ] [90m[1mreimport[22m | frame_01.png[39m[0m
[  63% ] [90m[1mreimport[22m | frame_00.png[39m[0m
[  63% ] [90m[1mreimport[22m | frame_19.png[39m[0m
[  63% ] [90m[1mreimport[22m | frame_18.png[39m[0m
[  63% ] [90m[1mreimport[22m | frame_17.png[39m[0m
[  64% ] [90m[1mreimport[22m | frame_16.png[39m[0m
[  64% ] [90m[1mreimport[22m | frame_15.png[39m[0m
[  64% ] [90m[1mreimport[22m | frame_14.png[39m[0m
[  64% ] [90m[1mreimport[22m | frame_13.png[39m[0m
[  65% ] [90m[1mreimport[22m | frame_12.png[39m[0m
[  65% ] [90m[1mreimport[22m | frame_11.png[39m[0m
[  65% ] [90m[1mreimport[22m | frame_10.png[39m[0m
[  65% ] [90m[1mreimport[22m | frame_09.png[39m[0m
[  66% ] [90m[1mreimport[22m | frame_08.png[39m[0m
[  66% ] [90m[1mreimport[22m | frame_07.png[39m[0m
[  66% ] [90m[1mreimport[22m | frame_06.png[39m[0m
[  66% ] [90m[1mreimport[22m | frame_05.png[39m[0m
[  67% ] [90m[1mreimport[22m | frame_04.png[39m[0m
[  67% ] [90m[1mreimport[22m | frame_03.png[39m[0m
[  67% ] [90m[1mreimport[22m | frame_02.png[39m[0m
[  67% ] [90m[1mreimport[22m | frame_01.png[39m[0m
[  68% ] [90m[1mreimport[22m | frame_00.png[39m[0m
[  68% ] [90m[1mreimport[22m | frame_04.png[39m[0m
[  68% ] [90m[1mreimport[22m | frame_03.png[39m[0m
[  68% ] [90m[1mreimport[22m | frame_02.png[39m[0m
[  69% ] [90m[1mreimport[22m | frame_01.png[39m[0m
[  69% ] [90m[1mreimport[22m | frame_00.png[39m[0m
[  69% ] [90m[1mreimport[22m | frame_05.png[39m[0m
[  69% ] [90m[1mreimport[22m | frame_04.png[39m[0m
[  70% ] [90m[1mreimport[22m | frame_03.png[39m[0m
[  70% ] [90m[1mreimport[22m | frame_02.png[39m[0m
[  70% ] [90m[1mreimport[22m | frame_01.png[39m[0m
[  70% ] [90m[1mreimport[22m | frame_00.png[39m[0m
[  71% ] [90m[1mreimport[22m | frame_05.png[39m[0m
[  71% ] [90m[1mreimport[22m | frame_04.png[39m[0m
[  71% ] [90m[1mreimport[22m | frame_03.png[39m[0m
[  71% ] [90m[1mreimport[22m | frame_02.png[39m[0m
[  72% ] [90m[1mreimport[22m | frame_01.png[39m[0m
[  72% ] [90m[1mreimport[22m | frame_00.png[39m[0m
[  72% ] [90m[1mreimport[22m | frame_05.png[39m[0m
[  72% ] [90m[1mreimport[22m | frame_04.png[39m[0m
[  73% ] [90m[1mreimport[22m | frame_03.png[39m[0m
[  73% ] [90m[1mreimport[22m | frame_02.png[39m[0m
[  73% ] [90m[1mreimport[22m | frame_01.png[39m[0m
[  73% ] [90m[1mreimport[22m | frame_00.png[39m[0m
[  74% ] [90m[1mreimport[22m | frame_05.png[39m[0m
[  74% ] [90m[1mreimport[22m | frame_04.png[39m[0m
[  74% ] [90m[1mreimport[22m | frame_01.png[39m[0m
[  74% ] [90m[1mreimport[22m | frame_00.png[39m[0m
[  75% ] [90m[1mreimport[22m | frame_05.png[39m[0m
[  75% ] [90m[1mreimport[22m | frame_04.png[39m[0m
[  75% ] [90m[1mreimport[22m | frame_03.png[39m[0m
[  75% ] [90m[1mreimport[22m | frame_02.png[39m[0m
[  76% ] [90m[1mreimport[22m | frame_01.png[39m[0m
[  76% ] [90m[1mreimport[22m | frame_00.png[39m[0m
[  76% ] [90m[1mreimport[22m | frame_05.png[39m[0m
[  76% ] [90m[1mreimport[22m | frame_04.png[39m[0m
[  77% ] [90m[1mreimport[22m | frame_03.png[39m[0m
[  77% ] [90m[1mreimport[22m | frame_02.png[39m[0m
[  77% ] [90m[1mreimport[22m | frame_01.png[39m[0m
[  77% ] [90m[1mreimport[22m | frame_00.png[39m[0m
[  78% ] [90m[1mreimport[22m | frame_05.png[39m[0m
[  78% ] [90m[1mreimport[22m | frame_04.png[39m[0m
[  78% ] [90m[1mreimport[22m | frame_03.png[39m[0m
[  78% ] [90m[1mreimport[22m | frame_02.png[39m[0m
[  79% ] [90m[1mreimport[22m | frame_01.png[39m[0m
[  79% ] [90m[1mreimport[22m | frame_00.png[39m[0m
[  79% ] [90m[1mreimport[22m | frame_05.png[39m[0m
[  80% ] [90m[1mreimport[22m | frame_04.png[39m[0m
[  80% ] [90m[1mreimport[22m | frame_03.png[39m[0m
[  80% ] [90m[1mreimport[22m | frame_02.png[39m[0m
[  80% ] [90m[1mreimport[22m | frame_02.png[39m[0m
[  81% ] [90m[1mreimport[22m | frame_01.png[39m[0m
[  81% ] [90m[1mreimport[22m | frame_00.png[39m[0m
[  81% ] [90m[1mreimport[22m | frame_05.png[39m[0m
[  81% ] [90m[1mreimport[22m | frame_04.png[39m[0m
[  82% ] [90m[1mreimport[22m | frame_03.png[39m[0m
[  82% ] [90m[1mreimport[22m | frame_02.png[39m[0m
[  82% ] [90m[1mreimport[22m | frame_01.png[39m[0m
[  82% ] [90m[1mreimport[22m | frame_00.png[39m[0m
[  83% ] [90m[1mreimport[22m | frame_05.png[39m[0m
[  83% ] [90m[1mreimport[22m | frame_04.png[39m[0m
[  83% ] [90m[1mreimport[22m | frame_03.png[39m[0m
[  83% ] [90m[1mreimport[22m | frame_02.png[39m[0m
[  84% ] [90m[1mreimport[22m | frame_01.png[39m[0m
[  84% ] [90m[1mreimport[22m | frame_00.png[39m[0m
[  84% ] [90m[1mreimport[22m | frame_05.png[39m[0m
[  84% ] [90m[1mreimport[22m | frame_04.png[39m[0m
[  85% ] [90m[1mreimport[22m | frame_03.png[39m[0m
[  85% ] [90m[1mreimport[22m | frame_02.png[39m[0m
[  85% ] [90m[1mreimport[22m | frame_01.png[39m[0m
[  85% ] [90m[1mreimport[22m | frame_00.png[39m[0m
[  86% ] [90m[1mreimport[22m | frame_05.png[39m[0m
[  86% ] [90m[1mreimport[22m | frame_04.png[39m[0m
[  86% ] [90m[1mreimport[22m | frame_03.png[39m[0m
[  86% ] [90m[1mreimport[22m | frame_02.png[39m[0m
[  87% ] [90m[1mreimport[22m | frame_00.png[39m[0m
[  87% ] [90m[1mreimport[22m | frame_05.png[39m[0m
[  87% ] [90m[1mreimport[22m | frame_04.png[39m[0m
[  87% ] [90m[1mreimport[22m | frame_03.png[39m[0m
[  88% ] [90m[1mreimport[22m | frame_02.png[39m[0m
[  88% ] [90m[1mreimport[22m | frame_01.png[39m[0m
[  88% ] [90m[1mreimport[22m | frame_00.png[39m[0m
[  88% ] [90m[1mreimport[22m | frame_05.png[39m[0m
[  89% ] [90m[1mreimport[22m | frame_04.png[39m[0m
[  89% ] [90m[1mreimport[22m | frame_03.png[39m[0m
[  89% ] [90m[1mreimport[22m | frame_02.png[39m[0m
[  89% ] [90m[1mreimport[22m | frame_01.png[39m[0m
[  90% ] [90m[1mreimport[22m | frame_00.png[39m[0m
[  90% ] [90m[1mreimport[22m | frame_05.png[39m[0m
[  90% ] [90m[1mreimport[22m | frame_04.png[39m[0m
[  90% ] [90m[1mreimport[22m | frame_03.png[39m[0m
[  91% ] [90m[1mreimport[22m | frame_02.png[39m[0m
[  91% ] [90m[1mreimport[22m | frame_01.png[39m[0m
[  91% ] [90m[1mreimport[22m | frame_00.png[39m[0m
[  91% ] [90m[1mreimport[22m | frame_05.png[39m[0m
[  92% ] [90m[1mreimport[22m | frame_04.png[39m[0m
[  92% ] [90m[1mreimport[22m | frame_03.png[39m[0m
[  92% ] [90m[1mreimport[22m | frame_02.png[39m[0m
[  92% ] [90m[1mreimport[22m | frame_01.png[39m[0m
[  93% ] [90m[1mreimport[22m | frame_00.png[39m[0m
[  93% ] [90m[1mreimport[22m | frame_01.png[39m[0m
[  93% ] [90m[1mreimport[22m | frame_00.png[39m[0m
[  93% ] [90m[1mreimport[22m | frame_05.png[39m[0m
[  94% ] [90m[1mreimport[22m | frame_04.png[39m[0m
[  94% ] [90m[1mreimport[22m | frame_03.png[39m[0m
[  94% ] [90m[1mreimport[22m | frame_02.png[39m[0m
[  94% ] [90m[1mreimport[22m | frame_01.png[39m[0m
[  95% ] [90m[1mreimport[22m | frame_00.png[39m[0m
[  95% ] [90m[1mreimport[22m | frame_05.png[39m[0m
[  95% ] [90m[1mreimport[22m | frame_04.png[39m[0m
[  95% ] [90m[1mreimport[22m | frame_03.png[39m[0m
[  96% ] [90m[1mreimport[22m | frame_02.png[39m[0m
[  96% ] [90m[1mreimport[22m | frame_01.png[39m[0m
[  96% ] [90m[1mreimport[22m | frame_00.png[39m[0m
[  96% ] [90m[1mreimport[22m | frame_05.png[39m[0m
[  97% ] [90m[1mreimport[22m | frame_04.png[39m[0m
[  97% ] [90m[1mreimport[22m | frame_03.png[39m[0m
[  97% ] [90m[1mreimport[22m | frame_02.png[39m[0m
[  97% ] [90m[1mreimport[22m | frame_01.png[39m[0m
[  98% ] [90m[1mreimport[22m | frame_00.png[39m[0m
[  98% ] [90m[1mreimport[22m | frame_05.png[39m[0m
[  98% ] [90m[1mreimport[22m | frame_04.png[39m[0m
[  98% ] [90m[1mreimport[22m | frame_03.png[39m[0m
[  99% ] [90m[1mreimport[22m | frame_02.png[39m[0m
[  99% ] [90m[1mreimport[22m | frame_01.png[39m[0m
[  99% ] [90m[1mreimport[22m | 正在结束资产导入……[39m[0m
[92m[ DONE ][39m [1mreimport[22m
[0m
[   0% ] [90m[1mreimport[22m | Started 正在导入或重新导入资产 (394 steps)[39m[0m
[   0% ] [90m[1mreimport[22m | 正在执行重新导入的后置操作……[39m[0m
[92m[ DONE ][39m [1mreimport[22m
[0m
[   0% ] [90m[1mloading_editor_layout[22m | Started 正在加载编辑器 (5 steps)[39m[0m
[   0% ] [90m[1mloading_editor_layout[22m | 正在加载编辑器布局……[39m[0m
[  16% ] [90m[1mloading_editor_layout[22m | 正在加载停靠面板……[39m[0m
[92m[ DONE ][39m [1mloading_editor_layout[22m
[0m
