Godot Engine v4.7.stable.official.5b4e0cb0f - https://godotengine.org

[   0% ] first_scan_filesystem | Started 项目初始化 (5 steps)
[   0% ] first_scan_filesystem | 正在扫描文件结构……
[  16% ] first_scan_filesystem | 正在加载全局类名……
[  33% ] first_scan_filesystem | 正在校验 GDExtension……
[  50% ] first_scan_filesystem | 正在创建自动加载脚本……
[  66% ] first_scan_filesystem | 正在初始化插件……
[  83% ] first_scan_filesystem | 正在启动文件扫描……
[ DONE ] first_scan_filesystem

[   0% ] update_scripts_classes | Started 正在注册全局类…… (150 steps)
[   0% ] update_scripts_classes | 
[   0% ] update_scripts_classes | SkillExecutionPlanContract
[   1% ] update_scripts_classes | 
[   1% ] update_scripts_classes | CasterSkillAnimationPlayer
[   2% ] update_scripts_classes | CasterSkillBeamVisualEffect
[   3% ] update_scripts_classes | CasterSkillVisualEffect
[   3% ] update_scripts_classes | 
[   4% ] update_scripts_classes | EnemyActor
[   5% ] update_scripts_classes | 
[   5% ] update_scripts_classes | GameHUD
[   6% ] update_scripts_classes | 
[   7% ] update_scripts_classes | LootPickup
[   7% ] update_scripts_classes | LootPickupRuntimeManager
[   8% ] update_scripts_classes | 
[   9% ] update_scripts_classes | LootVisualEffect
[   9% ] update_scripts_classes | MonsterAttackTiming
[  10% ] update_scripts_classes | MonsterIdentity
[  11% ] update_scripts_classes | MonsterMovementCadence
[  11% ] update_scripts_classes | MonsterVisual
[  12% ] update_scripts_classes | MonsterVisualStreamingCoordinator
[  13% ] update_scripts_classes | PlayerCharacter
[  13% ] update_scripts_classes | 
[  14% ] update_scripts_classes | 
[  15% ] update_scripts_classes | RuntimeDiagnostics
[  15% ] update_scripts_classes | SummonActor
[  16% ] update_scripts_classes | WorldBackground
[  17% ] update_scripts_classes | 
[  17% ] update_scripts_classes | WorldEffectRenderOrder
[  18% ] update_scripts_classes | WorldMonsterClockLedger
[  19% ] update_scripts_classes | WorldMonsterRespawnState
[  19% ] update_scripts_classes | 
[  20% ] update_scripts_classes | 
[  21% ] update_scripts_classes | 
[  21% ] update_scripts_classes | 
[  22% ] update_scripts_classes | 
[  23% ] update_scripts_classes | 
[  23% ] update_scripts_classes | 
[  24% ] update_scripts_classes | 
[  25% ] update_scripts_classes | 
[  25% ] update_scripts_classes | 
[  26% ] update_scripts_classes | 
[  27% ] update_scripts_classes | 
[  27% ] update_scripts_classes | 
[  28% ] update_scripts_classes | 
[  29% ] update_scripts_classes | 
[  29% ] update_scripts_classes | 
[  30% ] update_scripts_classes | 
[  31% ] update_scripts_classes | 
[  31% ] update_scripts_classes | 
[  32% ] update_scripts_classes | 
[  33% ] update_scripts_classes | 
[  33% ] update_scripts_classes | 
[  34% ] update_scripts_classes | 
[  35% ] update_scripts_classes | 
[  35% ] update_scripts_classes | 
[  36% ] update_scripts_classes | 
[  37% ] update_scripts_classes | 
[  37% ] update_scripts_classes | 
[  38% ] update_scripts_classes | 
[  39% ] update_scripts_classes | 
[  39% ] update_scripts_classes | 
[  40% ] update_scripts_classes | 
[  41% ] update_scripts_classes | 
[  41% ] update_scripts_classes | 
[  42% ] update_scripts_classes | 
[  43% ] update_scripts_classes | 
[  43% ] update_scripts_classes | 
[  44% ] update_scripts_classes | 
[  45% ] update_scripts_classes | 
[  45% ] update_scripts_classes | 
[  46% ] update_scripts_classes | 
[  47% ] update_scripts_classes | 
[  47% ] update_scripts_classes | 
[  48% ] update_scripts_classes | 
[  49% ] update_scripts_classes | 
[  49% ] update_scripts_classes | 
[  50% ] update_scripts_classes | 
[  50% ] update_scripts_classes | 
[  51% ] update_scripts_classes | 
[  52% ] update_scripts_classes | 
[  52% ] update_scripts_classes | 
[  53% ] update_scripts_classes | 
[  54% ] update_scripts_classes | 
[  54% ] update_scripts_classes | 
[  55% ] update_scripts_classes | 
[  56% ] update_scripts_classes | 
[  56% ] update_scripts_classes | 
[  57% ] update_scripts_classes | 
[  58% ] update_scripts_classes | 
[  58% ] update_scripts_classes | 
[  59% ] update_scripts_classes | 
[  60% ] update_scripts_classes | 
[  60% ] update_scripts_classes | 
[  61% ] update_scripts_classes | 
[  62% ] update_scripts_classes | 
[  62% ] update_scripts_classes | 
[  63% ] update_scripts_classes | 
[  64% ] update_scripts_classes | 
[  64% ] update_scripts_classes | 
[  65% ] update_scripts_classes | 
[  66% ] update_scripts_classes | 
[  66% ] update_scripts_classes | 
[  67% ] update_scripts_classes | 
[  68% ] update_scripts_classes | 
[  68% ] update_scripts_classes | 
[  69% ] update_scripts_classes | 
[  70% ] update_scripts_classes | 
[  70% ] update_scripts_classes | 
[  71% ] update_scripts_classes | 
[  72% ] update_scripts_classes | 
[  72% ] update_scripts_classes | 
[  73% ] update_scripts_classes | 
[  74% ] update_scripts_classes | 
[  74% ] update_scripts_classes | 
[  75% ] update_scripts_classes | 
[  76% ] update_scripts_classes | 
[  76% ] update_scripts_classes | 
[  77% ] update_scripts_classes | 
[  78% ] update_scripts_classes | 
[  78% ] update_scripts_classes | 
[  79% ] update_scripts_classes | 
[  80% ] update_scripts_classes | 
[  80% ] update_scripts_classes | 
[  81% ] update_scripts_classes | 
[  82% ] update_scripts_classes | 
[  82% ] update_scripts_classes | 
[  83% ] update_scripts_classes | 
[  84% ] update_scripts_classes | 
[  84% ] update_scripts_classes | 
[  85% ] update_scripts_classes | 
[  86% ] update_scripts_classes | 
[  86% ] update_scripts_classes | 
[  87% ] update_scripts_classes | 
[  88% ] update_scripts_classes | 
[  88% ] update_scripts_classes | 
[  89% ] update_scripts_classes | 
[  90% ] update_scripts_classes | 
[  90% ] update_scripts_classes | 
[  91% ] update_scripts_classes | 
[  92% ] update_scripts_classes | 
[  92% ] update_scripts_classes | 
[  93% ] update_scripts_classes | 
[  94% ] update_scripts_classes | 
[  94% ] update_scripts_classes | 
[  95% ] update_scripts_classes | 
[  96% ] update_scripts_classes | 
[  96% ] update_scripts_classes | 
[  97% ] update_scripts_classes | 
[  98% ] update_scripts_classes | 
[  98% ] update_scripts_classes | 
[ DONE ] update_scripts_classes

[   0% ] _update_scan_actions | Started 正在扫描动作…… (6839 steps)
[   0% ] _update_scan_actions | 12_wizard_line_contract_results.csv
[   0% ] _update_scan_actions | 02_ground_effect_inventory.csv
[   0% ] _update_scan_actions | 13_hit_parity_results.csv
[   0% ] _update_scan_actions | 14_tick_parity_results.csv
[   0% ] _update_scan_actions | 16_lifecycle_results.csv
[   0% ] _update_scan_actions | 02_fire_wall_ownership_inventory.csv
[   0% ] _update_scan_actions | 13_hit_parity_results.csv
[   0% ] _update_scan_actions | 14_tick_claim_parity_results.csv
[   0% ] _update_scan_actions | 16_visual_cell_purity_results.csv
[   0% ] _update_scan_actions | 17_lifecycle_results.csv
[   0% ] _update_scan_actions | 02_monster_visual_inventory.csv
[   0% ] _update_scan_actions | 13_visual_parity_results.csv
[   0% ] _update_scan_actions | 14_resource_request_results.csv
[   0% ] _update_scan_actions | 15_lifecycle_results.csv
[   0% ] _update_scan_actions | 02_skill_entry_inventory.csv
[   0% ] _update_scan_actions | 03_ownership_matrix_before.csv
[   0% ] _update_scan_actions | 04_duplicate_planning_inventory.csv
[   0% ] _update_scan_actions | 14_plan_parity_results.csv
[   0% ] _update_scan_actions | 15_side_effect_results.csv
[   0% ] _update_scan_actions | 17_remaining_legacy_entries.csv
[   0% ] _update_scan_actions | 02_legacy_entry_inventory.csv
[   0% ] _update_scan_actions | 03_side_effect_order_before.csv
[   0% ] _update_scan_actions | 12_profession_parity_results.csv
[   0% ] _update_scan_actions | 13_side_effect_order_results.csv
[   0% ] _update_scan_actions | 14_plan_propagation_results.csv
[   0% ] _update_scan_actions | 16_remaining_legacy_api.csv
[   0% ] _update_scan_actions | 01_legacy_api_inventory_before.csv
[   0% ] _update_scan_actions | 03_test_dependency_inventory.csv
[   0% ] _update_scan_actions | 04_dead_code_inventory.csv
[   0% ] _update_scan_actions | 14_golden_parity_results.csv
[   0% ] _update_scan_actions | 16_deleted_api_manifest.csv
[   0% ] _update_scan_actions | P1_REQUIRED_MISSING_RESOURCES.csv
[   0% ] _update_scan_actions | frame_00.png
[   0% ] _update_scan_actions | frame_01.png
[   0% ] _update_scan_actions | frame_02.png
[   0% ] _update_scan_actions | frame_03.png
[   0% ] _update_scan_actions | frame_04.png
[   0% ] _update_scan_actions | frame_05.png
[   0% ] _update_scan_actions | frame_06.png
[   0% ] _update_scan_actions | frame_07.png
[   0% ] _update_scan_actions | frame_08.png
[   0% ] _update_scan_actions | frame_09.png
[   0% ] _update_scan_actions | frame_10.png
[   0% ] _update_scan_actions | frame_11.png
[   0% ] _update_scan_actions | frame_12.png
[   0% ] _update_scan_actions | frame_13.png
[   0% ] _update_scan_actions | frame_14.png
[   0% ] _update_scan_actions | frame_15.png
[   0% ] _update_scan_actions | frame_16.png
[   0% ] _update_scan_actions | frame_17.png
[   0% ] _update_scan_actions | frame_18.png
[   0% ] _update_scan_actions | frame_19.png
[   0% ] _update_scan_actions | frame_00.png
[   0% ] _update_scan_actions | frame_01.png
[   0% ] _update_scan_actions | frame_02.png
[   0% ] _update_scan_actions | frame_03.png
[   0% ] _update_scan_actions | frame_04.png
[   0% ] _update_scan_actions | frame_05.png
[   0% ] _update_scan_actions | frame_00.png
[   0% ] _update_scan_actions | frame_01.png
[   0% ] _update_scan_actions | frame_02.png
[   0% ] _update_scan_actions | frame_03.png
[   0% ] _update_scan_actions | frame_04.png
[   0% ] _update_scan_actions | frame_05.png
[   0% ] _update_scan_actions | frame_00.png
[   0% ] _update_scan_actions | frame_01.png
[   0% ] _update_scan_actions | frame_02.png
[   0% ] _update_scan_actions | frame_03.png
[   0% ] _update_scan_actions | frame_04.png
[   1% ] _update_scan_actions | frame_05.png
[   1% ] _update_scan_actions | frame_00.png
[   1% ] _update_scan_actions | frame_01.png
[   1% ] _update_scan_actions | frame_02.png
[   1% ] _update_scan_actions | frame_03.png
[   1% ] _update_scan_actions | frame_04.png
[   1% ] _update_scan_actions | frame_05.png
[   1% ] _update_scan_actions | frame_00.png
[   1% ] _update_scan_actions | frame_01.png
[   1% ] _update_scan_actions | frame_02.png
[   1% ] _update_scan_actions | frame_03.png
[   1% ] _update_scan_actions | frame_04.png
[   1% ] _update_scan_actions | frame_05.png
[   1% ] _update_scan_actions | frame_00.png
[   1% ] _update_scan_actions | frame_01.png
[   1% ] _update_scan_actions | frame_02.png
[   1% ] _update_scan_actions | frame_03.png
[   1% ] _update_scan_actions | frame_04.png
[   1% ] _update_scan_actions | frame_05.png
[   1% ] _update_scan_actions | frame_00.png
[   1% ] _update_scan_actions | frame_01.png
[   1% ] _update_scan_actions | frame_02.png
[   1% ] _update_scan_actions | frame_03.png
[   1% ] _update_scan_actions | frame_04.png
[   1% ] _update_scan_actions | frame_05.png
[   1% ] _update_scan_actions | frame_00.png
[   1% ] _update_scan_actions | frame_01.png
[   1% ] _update_scan_actions | frame_02.png
[   1% ] _update_scan_actions | frame_03.png
[   1% ] _update_scan_actions | frame_04.png
[   1% ] _update_scan_actions | frame_05.png
[   1% ] _update_scan_actions | frame_00.png
[   1% ] _update_scan_actions | frame_01.png
[   1% ] _update_scan_actions | frame_02.png
[   1% ] _update_scan_actions | frame_03.png
[   1% ] _update_scan_actions | frame_04.png
[   1% ] _update_scan_actions | frame_05.png
[   1% ] _update_scan_actions | frame_00.png
[   1% ] _update_scan_actions | frame_01.png
[   1% ] _update_scan_actions | frame_02.png
[   1% ] _update_scan_actions | frame_03.png
[   1% ] _update_scan_actions | frame_04.png
[   1% ] _update_scan_actions | frame_05.png
[   1% ] _update_scan_actions | frame_00.png
[   1% ] _update_scan_actions | frame_01.png
[   1% ] _update_scan_actions | frame_02.png
[   1% ] _update_scan_actions | frame_03.png
[   1% ] _update_scan_actions | frame_04.png
[   1% ] _update_scan_actions | frame_05.png
[   1% ] _update_scan_actions | frame_00.png
[   1% ] _update_scan_actions | frame_01.png
[   1% ] _update_scan_actions | frame_02.png
[   1% ] _update_scan_actions | frame_03.png
[   1% ] _update_scan_actions | frame_04.png
[   1% ] _update_scan_actions | frame_05.png
[   1% ] _update_scan_actions | frame_00.png
[   1% ] _update_scan_actions | frame_01.png
[   1% ] _update_scan_actions | frame_02.png
[   1% ] _update_scan_actions | frame_03.png
[   1% ] _update_scan_actions | frame_04.png
[   1% ] _update_scan_actions | frame_05.png
[   1% ] _update_scan_actions | frame_00.png
[   1% ] _update_scan_actions | frame_01.png
[   1% ] _update_scan_actions | frame_02.png
[   1% ] _update_scan_actions | frame_03.png
[   1% ] _update_scan_actions | frame_04.png
[   1% ] _update_scan_actions | frame_05.png
[   1% ] _update_scan_actions | frame_00.png
[   2% ] _update_scan_actions | frame_01.png
[   2% ] _update_scan_actions | frame_02.png
[   2% ] _update_scan_actions | frame_03.png
[   2% ] _update_scan_actions | frame_04.png
[   2% ] _update_scan_actions | frame_05.png
[   2% ] _update_scan_actions | frame_00.png
[   2% ] _update_scan_actions | frame_01.png
[   2% ] _update_scan_actions | frame_02.png
[   2% ] _update_scan_actions | frame_03.png
[   2% ] _update_scan_actions | frame_04.png
[   2% ] _update_scan_actions | frame_05.png
[   2% ] _update_scan_actions | frame_00.png
[   2% ] _update_scan_actions | frame_01.png
[   2% ] _update_scan_actions | frame_02.png
[   2% ] _update_scan_actions | frame_03.png
[   2% ] _update_scan_actions | frame_04.png
[   2% ] _update_scan_actions | frame_05.png
[   2% ] _update_scan_actions | frame_00.png
[   2% ] _update_scan_actions | frame_01.png
[   2% ] _update_scan_actions | frame_02.png
[   2% ] _update_scan_actions | frame_03.png
[   2% ] _update_scan_actions | frame_04.png
[   2% ] _update_scan_actions | frame_05.png
[   2% ] _update_scan_actions | frame_00.png
[   2% ] _update_scan_actions | frame_01.png
[   2% ] _update_scan_actions | frame_02.png
[   2% ] _update_scan_actions | frame_03.png
[   2% ] _update_scan_actions | frame_04.png
[   2% ] _update_scan_actions | frame_05.png
[   2% ] _update_scan_actions | frame_00.png
[   2% ] _update_scan_actions | frame_01.png
[   2% ] _update_scan_actions | frame_02.png
[   2% ] _update_scan_actions | frame_03.png
[   2% ] _update_scan_actions | frame_04.png
[   2% ] _update_scan_actions | frame_05.png
[   2% ] _update_scan_actions | frame_00.png
[   2% ] _update_scan_actions | frame_01.png
[   2% ] _update_scan_actions | frame_02.png
[   2% ] _update_scan_actions | frame_03.png
[   2% ] _update_scan_actions | frame_04.png
[   2% ] _update_scan_actions | frame_05.png
[   2% ] _update_scan_actions | frame_00.png
[   2% ] _update_scan_actions | frame_01.png
[   2% ] _update_scan_actions | frame_02.png
[   2% ] _update_scan_actions | frame_03.png
[   2% ] _update_scan_actions | frame_04.png
[   2% ] _update_scan_actions | frame_05.png
[   2% ] _update_scan_actions | frame_00.png
[   2% ] _update_scan_actions | frame_01.png
[   2% ] _update_scan_actions | frame_02.png
[   2% ] _update_scan_actions | frame_03.png
[   2% ] _update_scan_actions | frame_04.png
[   2% ] _update_scan_actions | frame_05.png
[   2% ] _update_scan_actions | frame_00.png
[   2% ] _update_scan_actions | frame_01.png
[   2% ] _update_scan_actions | frame_02.png
[   2% ] _update_scan_actions | frame_03.png
[   2% ] _update_scan_actions | frame_04.png
[   2% ] _update_scan_actions | frame_05.png
[   2% ] _update_scan_actions | frame_00.png
[   2% ] _update_scan_actions | frame_01.png
[   2% ] _update_scan_actions | frame_02.png
[   2% ] _update_scan_actions | frame_03.png
[   2% ] _update_scan_actions | frame_04.png
[   2% ] _update_scan_actions | frame_05.png
[   2% ] _update_scan_actions | frame_00.png
[   2% ] _update_scan_actions | frame_01.png
[   2% ] _update_scan_actions | frame_02.png
[   2% ] _update_scan_actions | frame_03.png
[   3% ] _update_scan_actions | frame_04.png
[   3% ] _update_scan_actions | frame_05.png
[   3% ] _update_scan_actions | frame_00.png
[   3% ] _update_scan_actions | frame_01.png
[   3% ] _update_scan_actions | frame_02.png
[   3% ] _update_scan_actions | frame_03.png
[   3% ] _update_scan_actions | frame_04.png
[   3% ] _update_scan_actions | frame_05.png
[   3% ] _update_scan_actions | frame_00.png
[   3% ] _update_scan_actions | frame_01.png
[   3% ] _update_scan_actions | frame_02.png
[   3% ] _update_scan_actions | frame_03.png
[   3% ] _update_scan_actions | frame_04.png
[   3% ] _update_scan_actions | frame_05.png
[   3% ] _update_scan_actions | frame_00.png
[   3% ] _update_scan_actions | frame_01.png
[   3% ] _update_scan_actions | frame_02.png
[   3% ] _update_scan_actions | frame_03.png
[   3% ] _update_scan_actions | frame_04.png
[   3% ] _update_scan_actions | frame_05.png
[   3% ] _update_scan_actions | frame_00.png
[   3% ] _update_scan_actions | frame_01.png
[   3% ] _update_scan_actions | frame_02.png
[   3% ] _update_scan_actions | frame_03.png
[   3% ] _update_scan_actions | frame_04.png
[   3% ] _update_scan_actions | frame_05.png
[   3% ] _update_scan_actions | frame_00.png
[   3% ] _update_scan_actions | frame_01.png
[   3% ] _update_scan_actions | frame_02.png
[   3% ] _update_scan_actions | frame_03.png
[   3% ] _update_scan_actions | frame_04.png
[   3% ] _update_scan_actions | frame_05.png
[   3% ] _update_scan_actions | frame_00.png
[   3% ] _update_scan_actions | frame_01.png
[   3% ] _update_scan_actions | frame_02.png
[   3% ] _update_scan_actions | frame_03.png
[   3% ] _update_scan_actions | frame_04.png
[   3% ] _update_scan_actions | frame_05.png
[   3% ] _update_scan_actions | frame_00.png
[   3% ] _update_scan_actions | frame_01.png
[   3% ] _update_scan_actions | frame_02.png
[   3% ] _update_scan_actions | frame_03.png
[   3% ] _update_scan_actions | frame_04.png
[   3% ] _update_scan_actions | frame_05.png
[   3% ] _update_scan_actions | frame_00.png
[   3% ] _update_scan_actions | frame_01.png
[   3% ] _update_scan_actions | frame_02.png
[   3% ] _update_scan_actions | frame_03.png
[   3% ] _update_scan_actions | frame_04.png
[   3% ] _update_scan_actions | frame_05.png
[   3% ] _update_scan_actions | frame_00.png
[   3% ] _update_scan_actions | frame_01.png
[   3% ] _update_scan_actions | frame_02.png
[   3% ] _update_scan_actions | frame_03.png
[   3% ] _update_scan_actions | frame_04.png
[   3% ] _update_scan_actions | frame_05.png
[   3% ] _update_scan_actions | frame_06.png
[   3% ] _update_scan_actions | frame_07.png
[   3% ] _update_scan_actions | frame_08.png
[   3% ] _update_scan_actions | frame_09.png
[   3% ] _update_scan_actions | frame_00.png
[   3% ] _update_scan_actions | frame_01.png
[   3% ] _update_scan_actions | frame_02.png
[   3% ] _update_scan_actions | frame_03.png
[   3% ] _update_scan_actions | frame_04.png
[   3% ] _update_scan_actions | frame_05.png
[   3% ] _update_scan_actions | frame_06.png
[   3% ] _update_scan_actions | frame_07.png
[   4% ] _update_scan_actions | frame_08.png
[   4% ] _update_scan_actions | frame_09.png
[   4% ] _update_scan_actions | frame_10.png
[   4% ] _update_scan_actions | frame_11.png
[   4% ] _update_scan_actions | frame_12.png
[   4% ] _update_scan_actions | frame_13.png
[   4% ] _update_scan_actions | frame_14.png
[   4% ] _update_scan_actions | frame_15.png
[   4% ] _update_scan_actions | frame_00.png
[   4% ] _update_scan_actions | frame_01.png
[   4% ] _update_scan_actions | frame_02.png
[   4% ] _update_scan_actions | frame_03.png
[   4% ] _update_scan_actions | frame_04.png
[   4% ] _update_scan_actions | frame_05.png
[   4% ] _update_scan_actions | frame_06.png
[   4% ] _update_scan_actions | frame_07.png
[   4% ] _update_scan_actions | frame_08.png
[   4% ] _update_scan_actions | frame_09.png
[   4% ] _update_scan_actions | frame_10.png
[   4% ] _update_scan_actions | frame_11.png
[   4% ] _update_scan_actions | frame_12.png
[   4% ] _update_scan_actions | frame_13.png
[   4% ] _update_scan_actions | frame_14.png
[   4% ] _update_scan_actions | frame_15.png
[   4% ] _update_scan_actions | frame_16.png
[   4% ] _update_scan_actions | frame_17.png
[   4% ] _update_scan_actions | frame_18.png
[   4% ] _update_scan_actions | frame_19.png
[   4% ] _update_scan_actions | frame_00.png
[   4% ] _update_scan_actions | frame_01.png
[   4% ] _update_scan_actions | frame_02.png
[   4% ] _update_scan_actions | frame_03.png
[   4% ] _update_scan_actions | frame_04.png
[   4% ] _update_scan_actions | frame_05.png
[   4% ] _update_scan_actions | frame_00.png
[   4% ] _update_scan_actions | frame_01.png
[   4% ] _update_scan_actions | frame_02.png
[   4% ] _update_scan_actions | frame_03.png
[   4% ] _update_scan_actions | frame_04.png
[   4% ] _update_scan_actions | frame_05.png
[   4% ] _update_scan_actions | frame_00.png
[   4% ] _update_scan_actions | frame_01.png
[   4% ] _update_scan_actions | frame_02.png
[   4% ] _update_scan_actions | frame_03.png
[   4% ] _update_scan_actions | frame_04.png
[   4% ] _update_scan_actions | frame_05.png
[   4% ] _update_scan_actions | frame_00.png
[   4% ] _update_scan_actions | frame_01.png
[   4% ] _update_scan_actions | frame_02.png
[   4% ] _update_scan_actions | frame_03.png
[   4% ] _update_scan_actions | frame_04.png
[   4% ] _update_scan_actions | frame_05.png
[   4% ] _update_scan_actions | frame_00.png
[   4% ] _update_scan_actions | frame_01.png
[   4% ] _update_scan_actions | frame_02.png
[   4% ] _update_scan_actions | frame_03.png
[   4% ] _update_scan_actions | frame_04.png
[   4% ] _update_scan_actions | frame_05.png
[   4% ] _update_scan_actions | frame_00.png
[   4% ] _update_scan_actions | frame_01.png
[   4% ] _update_scan_actions | frame_02.png
[   4% ] _update_scan_actions | frame_03.png
[   4% ] _update_scan_actions | frame_04.png
[   4% ] _update_scan_actions | frame_05.png
[   4% ] _update_scan_actions | frame_00.png
[   4% ] _update_scan_actions | frame_01.png
[   4% ] _update_scan_actions | frame_02.png
[   4% ] _update_scan_actions | frame_03.png
[   5% ] _update_scan_actions | frame_04.png
[   5% ] _update_scan_actions | frame_05.png
[   5% ] _update_scan_actions | frame_00.png
[   5% ] _update_scan_actions | frame_01.png
[   5% ] _update_scan_actions | frame_02.png
[   5% ] _update_scan_actions | frame_03.png
[   5% ] _update_scan_actions | frame_04.png
[   5% ] _update_scan_actions | frame_05.png
[   5% ] _update_scan_actions | frame_00.png
[   5% ] _update_scan_actions | frame_01.png
[   5% ] _update_scan_actions | frame_02.png
[   5% ] _update_scan_actions | frame_03.png
[   5% ] _update_scan_actions | frame_04.png
[   5% ] _update_scan_actions | frame_05.png
[   5% ] _update_scan_actions | frame_00.png
[   5% ] _update_scan_actions | frame_01.png
[   5% ] _update_scan_actions | frame_02.png
[   5% ] _update_scan_actions | frame_03.png
[   5% ] _update_scan_actions | frame_04.png
[   5% ] _update_scan_actions | frame_05.png
[   5% ] _update_scan_actions | frame_00.png
[   5% ] _update_scan_actions | frame_01.png
[   5% ] _update_scan_actions | frame_02.png
[   5% ] _update_scan_actions | frame_03.png
[   5% ] _update_scan_actions | frame_04.png
[   5% ] _update_scan_actions | frame_05.png
[   5% ] _update_scan_actions | frame_00.png
[   5% ] _update_scan_actions | frame_01.png
[   5% ] _update_scan_actions | frame_02.png
[   5% ] _update_scan_actions | frame_03.png
[   5% ] _update_scan_actions | frame_04.png
[   5% ] _update_scan_actions | frame_05.png
[   5% ] _update_scan_actions | frame_00.png
[   5% ] _update_scan_actions | frame_01.png
[   5% ] _update_scan_actions | frame_02.png
[   5% ] _update_scan_actions | frame_03.png
[   5% ] _update_scan_actions | frame_04.png
[   5% ] _update_scan_actions | frame_05.png
[   5% ] _update_scan_actions | frame_00.png
[   5% ] _update_scan_actions | frame_01.png
[   5% ] _update_scan_actions | frame_02.png
[   5% ] _update_scan_actions | frame_03.png
[   5% ] _update_scan_actions | frame_04.png
[   5% ] _update_scan_actions | frame_05.png
[   5% ] _update_scan_actions | frame_00.png
[   5% ] _update_scan_actions | frame_01.png
[   5% ] _update_scan_actions | frame_02.png
[   5% ] _update_scan_actions | frame_03.png
[   5% ] _update_scan_actions | frame_04.png
[   5% ] _update_scan_actions | frame_05.png
[   5% ] _update_scan_actions | frame_00.png
[   5% ] _update_scan_actions | frame_01.png
[   5% ] _update_scan_actions | frame_02.png
[   5% ] _update_scan_actions | frame_03.png
[   5% ] _update_scan_actions | frame_04.png
[   5% ] _update_scan_actions | frame_05.png
[   5% ] _update_scan_actions | frame_00.png
[   5% ] _update_scan_actions | frame_01.png
[   5% ] _update_scan_actions | frame_02.png
[   5% ] _update_scan_actions | frame_03.png
[   5% ] _update_scan_actions | frame_04.png
[   5% ] _update_scan_actions | frame_05.png
[   5% ] _update_scan_actions | frame_00.png
[   5% ] _update_scan_actions | frame_01.png
[   5% ] _update_scan_actions | frame_02.png
[   5% ] _update_scan_actions | frame_03.png
[   5% ] _update_scan_actions | frame_04.png
[   5% ] _update_scan_actions | frame_05.png
[   5% ] _update_scan_actions | frame_06.png
[   6% ] _update_scan_actions | frame_07.png
[   6% ] _update_scan_actions | frame_08.png
[   6% ] _update_scan_actions | frame_09.png
[   6% ] _update_scan_actions | frame_00.png
[   6% ] _update_scan_actions | frame_01.png
[   6% ] _update_scan_actions | frame_02.png
[   6% ] _update_scan_actions | frame_03.png
[   6% ] _update_scan_actions | frame_04.png
[   6% ] _update_scan_actions | frame_05.png
[   6% ] _update_scan_actions | frame_00.png
[   6% ] _update_scan_actions | frame_01.png
[   6% ] _update_scan_actions | frame_02.png
[   6% ] _update_scan_actions | frame_03.png
[   6% ] _update_scan_actions | frame_04.png
[   6% ] _update_scan_actions | frame_05.png
[   6% ] _update_scan_actions | frame_06.png
[   6% ] _update_scan_actions | frame_07.png
[   6% ] _update_scan_actions | frame_08.png
[   6% ] _update_scan_actions | frame_09.png
[   6% ] _update_scan_actions | frame_00.png
[   6% ] _update_scan_actions | frame_01.png
[   6% ] _update_scan_actions | frame_02.png
[   6% ] _update_scan_actions | frame_03.png
[   6% ] _update_scan_actions | frame_04.png
[   6% ] _update_scan_actions | frame_05.png
[   6% ] _update_scan_actions | frame_06.png
[   6% ] _update_scan_actions | frame_07.png
[   6% ] _update_scan_actions | frame_08.png
[   6% ] _update_scan_actions | frame_09.png
[   6% ] _update_scan_actions | frame_00.png
[   6% ] _update_scan_actions | frame_01.png
[   6% ] _update_scan_actions | frame_02.png
[   6% ] _update_scan_actions | frame_03.png
[   6% ] _update_scan_actions | frame_04.png
[   6% ] _update_scan_actions | frame_05.png
[   6% ] _update_scan_actions | frame_06.png
[   6% ] _update_scan_actions | frame_07.png
[   6% ] _update_scan_actions | frame_08.png
[   6% ] _update_scan_actions | frame_09.png
[   6% ] _update_scan_actions | frame_10.png
[   6% ] _update_scan_actions | frame_11.png
[   6% ] _update_scan_actions | frame_12.png
[   6% ] _update_scan_actions | frame_13.png
[   6% ] _update_scan_actions | frame_14.png
[   6% ] _update_scan_actions | frame_15.png
[   6% ] _update_scan_actions | fire_hit_d0_f0.png
[   6% ] _update_scan_actions | fire_hit_d0_f1.png
[   6% ] _update_scan_actions | fire_hit_d1_f0.png
[   6% ] _update_scan_actions | fire_hit_d1_f1.png
[   6% ] _update_scan_actions | long_hit.png
[   6% ] _update_scan_actions | power_hit.png
[   6% ] _update_scan_actions | wide_hit.png
[   6% ] _update_scan_actions | exploding_flame.png
[   6% ] _update_scan_actions | fireball.png
[   6% ] _update_scan_actions | fire_wall.png
[   6% ] _update_scan_actions | great_fireball.png
[   6% ] _update_scan_actions | hellfire.png
[   6% ] _update_scan_actions | hell_lightning.png
[   6% ] _update_scan_actions | holy_word.png
[   6% ] _update_scan_actions | ice_storm.png
[   6% ] _update_scan_actions | magic_shield.png
[   6% ] _update_scan_actions | repulsion_ring.png
[   6% ] _update_scan_actions | teleport.png
[   6% ] _update_scan_actions | temptation_light.png
[   6% ] _update_scan_actions | sym_keyboard_delete.png
[   6% ] _update_scan_actions | sym_keyboard_delete.png
[   6% ] _update_scan_actions | sym_keyboard_feedback_delete.png
[   6% ] _update_scan_actions | sym_keyboard_delete.png
[   7% ] _update_scan_actions | sym_keyboard_feedback_delete.png
[   7% ] _update_scan_actions | ab_bottom_solid_dark_holo.9.png
[   7% ] _update_scan_actions | ab_bottom_solid_inverse_holo.9.png
[   7% ] _update_scan_actions | ab_bottom_solid_light_holo.9.png
[   7% ] _update_scan_actions | ab_bottom_transparent_dark_holo.9.png
[   7% ] _update_scan_actions | ab_bottom_transparent_light_holo.9.png
[   7% ] _update_scan_actions | ab_share_pack_holo_dark.9.png
[   7% ] _update_scan_actions | ab_share_pack_holo_light.9.png
[   7% ] _update_scan_actions | ab_share_pack_mtrl_alpha.9.png
[   7% ] _update_scan_actions | ab_solid_dark_holo.9.png
[   7% ] _update_scan_actions | ab_solid_light_holo.9.png
[   7% ] _update_scan_actions | ab_solid_shadow_holo.9.png
[   7% ] _update_scan_actions | ab_solid_shadow_mtrl_alpha.9.png
[   7% ] _update_scan_actions | ab_stacked_solid_dark_holo.9.png
[   7% ] _update_scan_actions | ab_stacked_solid_inverse_holo.9.png
[   7% ] _update_scan_actions | ab_stacked_solid_light_holo.9.png
[   7% ] _update_scan_actions | ab_stacked_transparent_dark_holo.9.png
[   7% ] _update_scan_actions | ab_stacked_transparent_light_holo.9.png
[   7% ] _update_scan_actions | ab_transparent_dark_holo.9.png
[   7% ] _update_scan_actions | ab_transparent_light_holo.9.png
[   7% ] _update_scan_actions | activity_title_bar.9.png
[   7% ] _update_scan_actions | arrow_down_float.png
[   7% ] _update_scan_actions | arrow_up_float.png
[   7% ] _update_scan_actions | battery_charge_background.png
[   7% ] _update_scan_actions | bottom_bar.png
[   7% ] _update_scan_actions | btn_cab_done_default_holo_dark.9.png
[   7% ] _update_scan_actions | btn_cab_done_default_holo_light.9.png
[   7% ] _update_scan_actions | btn_cab_done_focused_holo_dark.9.png
[   7% ] _update_scan_actions | btn_cab_done_focused_holo_light.9.png
[   7% ] _update_scan_actions | btn_cab_done_pressed_holo_dark.9.png
[   7% ] _update_scan_actions | btn_cab_done_pressed_holo_light.9.png
[   7% ] _update_scan_actions | btn_check_buttonless_off.png
[   7% ] _update_scan_actions | btn_check_buttonless_on.png
[   7% ] _update_scan_actions | btn_check_label_background.9.png
[   7% ] _update_scan_actions | btn_check_off.png
[   7% ] _update_scan_actions | btn_check_off_disable.png
[   7% ] _update_scan_actions | btn_check_off_disabled_focused_holo_dark.png
[   7% ] _update_scan_actions | btn_check_off_disabled_focused_holo_light.png
[   7% ] _update_scan_actions | btn_check_off_disabled_holo_dark.png
[   7% ] _update_scan_actions | btn_check_off_disabled_holo_light.png
[   7% ] _update_scan_actions | btn_check_off_disable_focused.png
[   7% ] _update_scan_actions | btn_check_off_disable_focused_holo_dark.png
[   7% ] _update_scan_actions | btn_check_off_disable_focused_holo_light.png
[   7% ] _update_scan_actions | btn_check_off_disable_holo_dark.png
[   7% ] _update_scan_actions | btn_check_off_disable_holo_light.png
[   7% ] _update_scan_actions | btn_check_off_focused_holo_dark.png
[   7% ] _update_scan_actions | btn_check_off_focused_holo_light.png
[   7% ] _update_scan_actions | btn_check_off_holo.png
[   7% ] _update_scan_actions | btn_check_off_holo_dark.png
[   7% ] _update_scan_actions | btn_check_off_holo_light.png
[   7% ] _update_scan_actions | btn_check_off_normal_holo_dark.png
[   7% ] _update_scan_actions | btn_check_off_normal_holo_light.png
[   7% ] _update_scan_actions | btn_check_off_pressed.png
[   7% ] _update_scan_actions | btn_check_off_pressed_holo_dark.png
[   7% ] _update_scan_actions | btn_check_off_pressed_holo_light.png
[   7% ] _update_scan_actions | btn_check_off_selected.png
[   7% ] _update_scan_actions | btn_check_on.png
[   7% ] _update_scan_actions | btn_check_on_disable.png
[   7% ] _update_scan_actions | btn_check_on_disabled_focused_holo_dark.png
[   7% ] _update_scan_actions | btn_check_on_disabled_focused_holo_light.png
[   7% ] _update_scan_actions | btn_check_on_disabled_holo_dark.png
[   7% ] _update_scan_actions | btn_check_on_disabled_holo_light.png
[   7% ] _update_scan_actions | btn_check_on_disable_focused.png
[   7% ] _update_scan_actions | btn_check_on_disable_focused_holo_light.png
[   7% ] _update_scan_actions | btn_check_on_disable_holo_dark.png
[   7% ] _update_scan_actions | btn_check_on_disable_holo_light.png
[   7% ] _update_scan_actions | btn_check_on_focused_holo_dark.png
[   7% ] _update_scan_actions | btn_check_on_focused_holo_light.png
[   7% ] _update_scan_actions | btn_check_on_holo.png
[   8% ] _update_scan_actions | btn_check_on_holo_dark.png
[   8% ] _update_scan_actions | btn_check_on_holo_light.png
[   8% ] _update_scan_actions | btn_check_on_pressed.png
[   8% ] _update_scan_actions | btn_check_on_pressed_holo_dark.png
[   8% ] _update_scan_actions | btn_check_on_pressed_holo_light.png
[   8% ] _update_scan_actions | btn_check_on_selected.png
[   8% ] _update_scan_actions | btn_circle_disable.png
[   8% ] _update_scan_actions | btn_circle_disable_focused.png
[   8% ] _update_scan_actions | btn_circle_normal.png
[   8% ] _update_scan_actions | btn_circle_pressed.png
[   8% ] _update_scan_actions | btn_circle_selected.png
[   8% ] _update_scan_actions | btn_close_normal.png
[   8% ] _update_scan_actions | btn_close_pressed.png
[   8% ] _update_scan_actions | btn_close_selected.png
[   8% ] _update_scan_actions | btn_default_disabled_focused_holo_dark.9.png
[   8% ] _update_scan_actions | btn_default_disabled_focused_holo_light.9.png
[   8% ] _update_scan_actions | btn_default_disabled_holo.9.png
[   8% ] _update_scan_actions | btn_default_disabled_holo_dark.9.png
[   8% ] _update_scan_actions | btn_default_disabled_holo_light.9.png
[   8% ] _update_scan_actions | btn_default_focused_holo.9.png
[   8% ] _update_scan_actions | btn_default_focused_holo_dark.9.png
[   8% ] _update_scan_actions | btn_default_focused_holo_light.9.png
[   8% ] _update_scan_actions | btn_default_normal.9.png
[   8% ] _update_scan_actions | btn_default_normal_disable.9.png
[   8% ] _update_scan_actions | btn_default_normal_disable_focused.9.png
[   8% ] _update_scan_actions | btn_default_normal_holo.9.png
[   8% ] _update_scan_actions | btn_default_normal_holo_dark.9.png
[   8% ] _update_scan_actions | btn_default_normal_holo_light.9.png
[   8% ] _update_scan_actions | btn_default_pressed.9.png
[   8% ] _update_scan_actions | btn_default_pressed_holo.9.png
[   8% ] _update_scan_actions | btn_default_pressed_holo_dark.9.png
[   8% ] _update_scan_actions | btn_default_pressed_holo_light.9.png
[   8% ] _update_scan_actions | btn_default_selected.9.png
[   8% ] _update_scan_actions | btn_default_small_normal.9.png
[   8% ] _update_scan_actions | btn_default_small_normal_disable.9.png
[   8% ] _update_scan_actions | btn_default_small_normal_disable_focused.9.png
[   8% ] _update_scan_actions | btn_default_small_pressed.9.png
[   8% ] _update_scan_actions | btn_default_small_selected.9.png
[   8% ] _update_scan_actions | btn_default_transparent_normal.9.png
[   8% ] _update_scan_actions | btn_dialog_disable.png
[   8% ] _update_scan_actions | btn_dialog_normal.png
[   8% ] _update_scan_actions | btn_dialog_pressed.png
[   8% ] _update_scan_actions | btn_dialog_selected.png
[   8% ] _update_scan_actions | btn_dropdown_disabled.9.png
[   8% ] _update_scan_actions | btn_dropdown_disabled_focused.9.png
[   8% ] _update_scan_actions | btn_dropdown_normal.9.png
[   8% ] _update_scan_actions | btn_dropdown_pressed.9.png
[   8% ] _update_scan_actions | btn_dropdown_selected.9.png
[   8% ] _update_scan_actions | btn_erase_default.9.png
[   8% ] _update_scan_actions | btn_erase_pressed.9.png
[   8% ] _update_scan_actions | btn_erase_selected.9.png
[   8% ] _update_scan_actions | btn_global_search_normal.9.png
[   8% ] _update_scan_actions | btn_group_disabled_holo_dark.9.png
[   8% ] _update_scan_actions | btn_group_disabled_holo_light.9.png
[   8% ] _update_scan_actions | btn_group_focused_holo_dark.9.png
[   8% ] _update_scan_actions | btn_group_focused_holo_light.9.png
[   8% ] _update_scan_actions | btn_group_normal_holo_dark.9.png
[   8% ] _update_scan_actions | btn_group_normal_holo_light.9.png
[   8% ] _update_scan_actions | btn_group_pressed_holo_dark.9.png
[   8% ] _update_scan_actions | btn_group_pressed_holo_light.9.png
[   8% ] _update_scan_actions | btn_keyboard_key_dark_normal_holo.9.png
[   8% ] _update_scan_actions | btn_keyboard_key_dark_normal_off_holo.9.png
[   8% ] _update_scan_actions | btn_keyboard_key_dark_normal_on_holo.9.png
[   8% ] _update_scan_actions | btn_keyboard_key_dark_pressed_holo.9.png
[   8% ] _update_scan_actions | btn_keyboard_key_dark_pressed_off_holo.9.png
[   8% ] _update_scan_actions | btn_keyboard_key_dark_pressed_on_holo.9.png
[   8% ] _update_scan_actions | btn_keyboard_key_fulltrans_normal.9.png
[   8% ] _update_scan_actions | btn_keyboard_key_fulltrans_normal_off.9.png
[   9% ] _update_scan_actions | btn_keyboard_key_fulltrans_normal_on.9.png
[   9% ] _update_scan_actions | btn_keyboard_key_fulltrans_pressed.9.png
[   9% ] _update_scan_actions | btn_keyboard_key_fulltrans_pressed_off.9.png
[   9% ] _update_scan_actions | btn_keyboard_key_fulltrans_pressed_on.9.png
[   9% ] _update_scan_actions | btn_keyboard_key_light_normal_holo.9.png
[   9% ] _update_scan_actions | btn_keyboard_key_light_pressed_holo.9.png
[   9% ] _update_scan_actions | btn_keyboard_key_normal.9.png
[   9% ] _update_scan_actions | btn_keyboard_key_normal_off.9.png
[   9% ] _update_scan_actions | btn_keyboard_key_normal_on.9.png
[   9% ] _update_scan_actions | btn_keyboard_key_pressed.9.png
[   9% ] _update_scan_actions | btn_keyboard_key_pressed_off.9.png
[   9% ] _update_scan_actions | btn_keyboard_key_pressed_on.9.png
[   9% ] _update_scan_actions | btn_keyboard_key_trans_normal.9.png
[   9% ] _update_scan_actions | btn_keyboard_key_trans_normal_off.9.png
[   9% ] _update_scan_actions | btn_keyboard_key_trans_normal_on.9.png
[   9% ] _update_scan_actions | btn_keyboard_key_trans_pressed.9.png
[   9% ] _update_scan_actions | btn_keyboard_key_trans_pressed_off.9.png
[   9% ] _update_scan_actions | btn_keyboard_key_trans_pressed_on.9.png
[   9% ] _update_scan_actions | btn_keyboard_key_trans_selected.9.png
[   9% ] _update_scan_actions | btn_media_player.9.png
[   9% ] _update_scan_actions | btn_media_player_disabled.9.png
[   9% ] _update_scan_actions | btn_media_player_disabled_selected.9.png
[   9% ] _update_scan_actions | btn_media_player_pressed.9.png
[   9% ] _update_scan_actions | btn_media_player_selected.9.png
[   9% ] _update_scan_actions | btn_minus_default.png
[   9% ] _update_scan_actions | btn_minus_disable.png
[   9% ] _update_scan_actions | btn_minus_disable_focused.png
[   9% ] _update_scan_actions | btn_minus_pressed.png
[   9% ] _update_scan_actions | btn_minus_selected.png
[   9% ] _update_scan_actions | btn_plus_default.png
[   9% ] _update_scan_actions | btn_plus_disable.png
[   9% ] _update_scan_actions | btn_plus_disable_focused.png
[   9% ] _update_scan_actions | btn_plus_pressed.png
[   9% ] _update_scan_actions | btn_plus_selected.png
[   9% ] _update_scan_actions | btn_radio_label_background.9.png
[   9% ] _update_scan_actions | btn_radio_off.png
[   9% ] _update_scan_actions | btn_radio_off_disabled_focused_holo_dark.png
[   9% ] _update_scan_actions | btn_radio_off_disabled_focused_holo_light.png
[   9% ] _update_scan_actions | btn_radio_off_disabled_holo_dark.png
[   9% ] _update_scan_actions | btn_radio_off_disabled_holo_light.png
[   9% ] _update_scan_actions | btn_radio_off_focused_holo_dark.png
[   9% ] _update_scan_actions | btn_radio_off_focused_holo_light.png
[   9% ] _update_scan_actions | btn_radio_off_holo.png
[   9% ] _update_scan_actions | btn_radio_off_holo_dark.png
[   9% ] _update_scan_actions | btn_radio_off_holo_light.png
[   9% ] _update_scan_actions | btn_radio_off_pressed.png
[   9% ] _update_scan_actions | btn_radio_off_pressed_holo_dark.png
[   9% ] _update_scan_actions | btn_radio_off_pressed_holo_light.png
[   9% ] _update_scan_actions | btn_radio_off_selected.png
[   9% ] _update_scan_actions | btn_radio_on.png
[   9% ] _update_scan_actions | btn_radio_on_disabled_focused_holo_dark.png
[   9% ] _update_scan_actions | btn_radio_on_disabled_focused_holo_light.png
[   9% ] _update_scan_actions | btn_radio_on_disabled_holo_dark.png
[   9% ] _update_scan_actions | btn_radio_on_disabled_holo_light.png
[   9% ] _update_scan_actions | btn_radio_on_focused_holo_dark.png
[   9% ] _update_scan_actions | btn_radio_on_focused_holo_light.png
[   9% ] _update_scan_actions | btn_radio_on_holo.png
[   9% ] _update_scan_actions | btn_radio_on_holo_dark.png
[   9% ] _update_scan_actions | btn_radio_on_holo_light.png
[   9% ] _update_scan_actions | btn_radio_on_pressed.png
[   9% ] _update_scan_actions | btn_radio_on_pressed_holo_dark.png
[   9% ] _update_scan_actions | btn_radio_on_pressed_holo_light.png
[   9% ] _update_scan_actions | btn_radio_on_selected.png
[   9% ] _update_scan_actions | btn_rating_star_off_disabled_focused_holo_dark.png
[   9% ] _update_scan_actions | btn_rating_star_off_disabled_focused_holo_light.png
[   9% ] _update_scan_actions | btn_rating_star_off_disabled_holo_dark.png
[   9% ] _update_scan_actions | btn_rating_star_off_disabled_holo_light.png
[   9% ] _update_scan_actions | btn_rating_star_off_focused_holo_dark.png
[  10% ] _update_scan_actions | btn_rating_star_off_focused_holo_light.png
[  10% ] _update_scan_actions | btn_rating_star_off_mtrl_alpha.png
[  10% ] _update_scan_actions | btn_rating_star_off_normal.png
[  10% ] _update_scan_actions | btn_rating_star_off_normal_holo_dark.png
[  10% ] _update_scan_actions | btn_rating_star_off_normal_holo_light.png
[  10% ] _update_scan_actions | btn_rating_star_off_pressed.png
[  10% ] _update_scan_actions | btn_rating_star_off_pressed_holo_dark.png
[  10% ] _update_scan_actions | btn_rating_star_off_pressed_holo_light.png
[  10% ] _update_scan_actions | btn_rating_star_off_selected.png
[  10% ] _update_scan_actions | btn_rating_star_on_disabled_focused_holo_dark.png
[  10% ] _update_scan_actions | btn_rating_star_on_disabled_focused_holo_light.png
[  10% ] _update_scan_actions | btn_rating_star_on_disabled_holo_dark.png
[  10% ] _update_scan_actions | btn_rating_star_on_disabled_holo_light.png
[  10% ] _update_scan_actions | btn_rating_star_on_focused_holo_dark.png
[  10% ] _update_scan_actions | btn_rating_star_on_focused_holo_light.png
[  10% ] _update_scan_actions | btn_rating_star_on_mtrl_alpha.png
[  10% ] _update_scan_actions | btn_rating_star_on_normal.png
[  10% ] _update_scan_actions | btn_rating_star_on_normal_holo_dark.png
[  10% ] _update_scan_actions | btn_rating_star_on_normal_holo_light.png
[  10% ] _update_scan_actions | btn_rating_star_on_pressed.png
[  10% ] _update_scan_actions | btn_rating_star_on_pressed_holo_dark.png
[  10% ] _update_scan_actions | btn_rating_star_on_pressed_holo_light.png
[  10% ] _update_scan_actions | btn_rating_star_on_selected.png
[  10% ] _update_scan_actions | btn_search_dialog_default.9.png
[  10% ] _update_scan_actions | btn_search_dialog_pressed.9.png
[  10% ] _update_scan_actions | btn_search_dialog_selected.9.png
[  10% ] _update_scan_actions | btn_search_dialog_voice_default.9.png
[  10% ] _update_scan_actions | btn_search_dialog_voice_pressed.9.png
[  10% ] _update_scan_actions | btn_search_dialog_voice_selected.9.png
[  10% ] _update_scan_actions | btn_square_overlay_disabled.png
[  10% ] _update_scan_actions | btn_square_overlay_disabled_focused.png
[  10% ] _update_scan_actions | btn_square_overlay_normal.png
[  10% ] _update_scan_actions | btn_square_overlay_pressed.png
[  10% ] _update_scan_actions | btn_square_overlay_selected.png
[  10% ] _update_scan_actions | btn_star_big_off.png
[  10% ] _update_scan_actions | btn_star_big_off_disable.png
[  10% ] _update_scan_actions | btn_star_big_off_disable_focused.png
[  10% ] _update_scan_actions | btn_star_big_off_pressed.png
[  10% ] _update_scan_actions | btn_star_big_off_selected.png
[  10% ] _update_scan_actions | btn_star_big_on.png
[  10% ] _update_scan_actions | btn_star_big_on_disable.png
[  10% ] _update_scan_actions | btn_star_big_on_disable_focused.png
[  10% ] _update_scan_actions | btn_star_big_on_pressed.png
[  10% ] _update_scan_actions | btn_star_big_on_selected.png
[  10% ] _update_scan_actions | btn_star_label_background.9.png
[  10% ] _update_scan_actions | btn_star_mtrl_alpha.png
[  10% ] _update_scan_actions | btn_star_off_disabled_focused_holo_dark.png
[  10% ] _update_scan_actions | btn_star_off_disabled_focused_holo_light.png
[  10% ] _update_scan_actions | btn_star_off_disabled_holo_dark.png
[  10% ] _update_scan_actions | btn_star_off_disabled_holo_light.png
[  10% ] _update_scan_actions | btn_star_off_focused_holo_dark.png
[  10% ] _update_scan_actions | btn_star_off_focused_holo_light.png
[  10% ] _update_scan_actions | btn_star_off_normal_holo_dark.png
[  10% ] _update_scan_actions | btn_star_off_normal_holo_light.png
[  10% ] _update_scan_actions | btn_star_off_pressed_holo_dark.png
[  10% ] _update_scan_actions | btn_star_off_pressed_holo_light.png
[  10% ] _update_scan_actions | btn_star_on_disabled_focused_holo_dark.png
[  10% ] _update_scan_actions | btn_star_on_disabled_focused_holo_light.png
[  10% ] _update_scan_actions | btn_star_on_disabled_holo_dark.png
[  10% ] _update_scan_actions | btn_star_on_disabled_holo_light.png
[  10% ] _update_scan_actions | btn_star_on_focused_holo_dark.png
[  10% ] _update_scan_actions | btn_star_on_focused_holo_light.png
[  10% ] _update_scan_actions | btn_star_on_normal_holo_dark.png
[  10% ] _update_scan_actions | btn_star_on_normal_holo_light.png
[  10% ] _update_scan_actions | btn_star_on_pressed_holo_dark.png
[  10% ] _update_scan_actions | btn_star_on_pressed_holo_light.png
[  10% ] _update_scan_actions | btn_switch_to_off_mtrl_00001.9.png
[  10% ] _update_scan_actions | btn_switch_to_off_mtrl_00002.9.png
[  10% ] _update_scan_actions | btn_switch_to_off_mtrl_00003.9.png
[  11% ] _update_scan_actions | btn_switch_to_off_mtrl_00004.9.png
[  11% ] _update_scan_actions | btn_switch_to_off_mtrl_00005.9.png
[  11% ] _update_scan_actions | btn_switch_to_off_mtrl_00006.9.png
[  11% ] _update_scan_actions | btn_switch_to_off_mtrl_00007.9.png
[  11% ] _update_scan_actions | btn_switch_to_off_mtrl_00008.9.png
[  11% ] _update_scan_actions | btn_switch_to_off_mtrl_00009.9.png
[  11% ] _update_scan_actions | btn_switch_to_off_mtrl_00010.9.png
[  11% ] _update_scan_actions | btn_switch_to_off_mtrl_00011.9.png
[  11% ] _update_scan_actions | btn_switch_to_off_mtrl_00012.9.png
[  11% ] _update_scan_actions | btn_switch_to_on_mtrl_00001.9.png
[  11% ] _update_scan_actions | btn_switch_to_on_mtrl_00002.9.png
[  11% ] _update_scan_actions | btn_switch_to_on_mtrl_00003.9.png
[  11% ] _update_scan_actions | btn_switch_to_on_mtrl_00004.9.png
[  11% ] _update_scan_actions | btn_switch_to_on_mtrl_00005.9.png
[  11% ] _update_scan_actions | btn_switch_to_on_mtrl_00006.9.png
[  11% ] _update_scan_actions | btn_switch_to_on_mtrl_00007.9.png
[  11% ] _update_scan_actions | btn_switch_to_on_mtrl_00008.9.png
[  11% ] _update_scan_actions | btn_switch_to_on_mtrl_00009.9.png
[  11% ] _update_scan_actions | btn_switch_to_on_mtrl_00010.9.png
[  11% ] _update_scan_actions | btn_switch_to_on_mtrl_00011.9.png
[  11% ] _update_scan_actions | btn_switch_to_on_mtrl_00012.9.png
[  11% ] _update_scan_actions | btn_toggle_off.9.png
[  11% ] _update_scan_actions | btn_toggle_off_disabled_focused_holo_dark.9.png
[  11% ] _update_scan_actions | btn_toggle_off_disabled_focused_holo_light.9.png
[  11% ] _update_scan_actions | btn_toggle_off_disabled_holo_dark.9.png
[  11% ] _update_scan_actions | btn_toggle_off_disabled_holo_light.9.png
[  11% ] _update_scan_actions | btn_toggle_off_focused_holo_dark.9.png
[  11% ] _update_scan_actions | btn_toggle_off_focused_holo_light.9.png
[  11% ] _update_scan_actions | btn_toggle_off_normal_holo_dark.9.png
[  11% ] _update_scan_actions | btn_toggle_off_normal_holo_light.9.png
[  11% ] _update_scan_actions | btn_toggle_off_pressed_holo_dark.9.png
[  11% ] _update_scan_actions | btn_toggle_off_pressed_holo_light.9.png
[  11% ] _update_scan_actions | btn_toggle_on.9.png
[  11% ] _update_scan_actions | btn_toggle_on_disabled_focused_holo_dark.9.png
[  11% ] _update_scan_actions | btn_toggle_on_disabled_focused_holo_light.9.png
[  11% ] _update_scan_actions | btn_toggle_on_disabled_holo_dark.9.png
[  11% ] _update_scan_actions | btn_toggle_on_disabled_holo_light.9.png
[  11% ] _update_scan_actions | btn_toggle_on_focused_holo_dark.9.png
[  11% ] _update_scan_actions | btn_toggle_on_focused_holo_light.9.png
[  11% ] _update_scan_actions | btn_toggle_on_normal_holo_dark.9.png
[  11% ] _update_scan_actions | btn_toggle_on_normal_holo_light.9.png
[  11% ] _update_scan_actions | btn_toggle_on_pressed_holo_dark.9.png
[  11% ] _update_scan_actions | btn_toggle_on_pressed_holo_light.9.png
[  11% ] _update_scan_actions | btn_zoom_down_disabled.9.png
[  11% ] _update_scan_actions | btn_zoom_down_disabled_focused.9.png
[  11% ] _update_scan_actions | btn_zoom_down_normal.9.png
[  11% ] _update_scan_actions | btn_zoom_down_pressed.9.png
[  11% ] _update_scan_actions | btn_zoom_down_selected.9.png
[  11% ] _update_scan_actions | btn_zoom_page_normal.png
[  11% ] _update_scan_actions | btn_zoom_page_press.png
[  11% ] _update_scan_actions | btn_zoom_up_disabled.9.png
[  11% ] _update_scan_actions | btn_zoom_up_disabled_focused.9.png
[  11% ] _update_scan_actions | btn_zoom_up_normal.9.png
[  11% ] _update_scan_actions | btn_zoom_up_pressed.9.png
[  11% ] _update_scan_actions | btn_zoom_up_selected.9.png
[  11% ] _update_scan_actions | button_onoff_indicator_off.png
[  11% ] _update_scan_actions | button_onoff_indicator_on.png
[  11% ] _update_scan_actions | cab_background_bottom_holo_dark.9.png
[  11% ] _update_scan_actions | cab_background_bottom_holo_light.9.png
[  11% ] _update_scan_actions | cab_background_bottom_mtrl_alpha.9.png
[  11% ] _update_scan_actions | cab_background_top_holo_dark.9.png
[  11% ] _update_scan_actions | cab_background_top_holo_light.9.png
[  11% ] _update_scan_actions | cab_background_top_mtrl_alpha.9.png
[  11% ] _update_scan_actions | call_contact.png
[  11% ] _update_scan_actions | checkbox_off_background.png
[  11% ] _update_scan_actions | checkbox_on_background.png
[  11% ] _update_scan_actions | cling_arrow_up.png
[  11% ] _update_scan_actions | cling_bg.9.png
[  12% ] _update_scan_actions | cling_button_normal.9.png
[  12% ] _update_scan_actions | cling_button_pressed.9.png
[  12% ] _update_scan_actions | code_lock_bottom.9.png
[  12% ] _update_scan_actions | code_lock_left.9.png
[  12% ] _update_scan_actions | code_lock_top.9.png
[  12% ] _update_scan_actions | combobox_disabled.png
[  12% ] _update_scan_actions | combobox_nohighlight.png
[  12% ] _update_scan_actions | compass_arrow.png
[  12% ] _update_scan_actions | compass_base.png
[  12% ] _update_scan_actions | contact_header_bg.9.png
[  12% ] _update_scan_actions | create_contact.png
[  12% ] _update_scan_actions | dark_header.9.png
[  12% ] _update_scan_actions | day_picker_week_view_dayline_holo.9.png
[  12% ] _update_scan_actions | dialog_bottom_holo_dark.9.png
[  12% ] _update_scan_actions | dialog_bottom_holo_light.9.png
[  12% ] _update_scan_actions | dialog_divider_horizontal_holo_dark.9.png
[  12% ] _update_scan_actions | dialog_divider_horizontal_holo_light.9.png
[  12% ] _update_scan_actions | dialog_divider_horizontal_light.9.png
[  12% ] _update_scan_actions | dialog_full_holo_dark.9.png
[  12% ] _update_scan_actions | dialog_full_holo_light.9.png
[  12% ] _update_scan_actions | dialog_ic_close_focused_holo_dark.png
[  12% ] _update_scan_actions | dialog_ic_close_focused_holo_light.png
[  12% ] _update_scan_actions | dialog_ic_close_normal_holo_dark.png
[  12% ] _update_scan_actions | dialog_ic_close_normal_holo_light.png
[  12% ] _update_scan_actions | dialog_ic_close_pressed_holo_dark.png
[  12% ] _update_scan_actions | dialog_ic_close_pressed_holo_light.png
[  12% ] _update_scan_actions | dialog_middle_holo.9.png
[  12% ] _update_scan_actions | dialog_middle_holo_dark.9.png
[  12% ] _update_scan_actions | dialog_middle_holo_light.9.png
[  12% ] _update_scan_actions | dialog_top_holo_dark.9.png
[  12% ] _update_scan_actions | dialog_top_holo_light.9.png
[  12% ] _update_scan_actions | divider_horizontal_bright.9.png
[  12% ] _update_scan_actions | divider_horizontal_bright_opaque.9.png
[  12% ] _update_scan_actions | divider_horizontal_dark.9.png
[  12% ] _update_scan_actions | divider_horizontal_dark_opaque.9.png
[  12% ] _update_scan_actions | divider_horizontal_dim_dark.9.png
[  12% ] _update_scan_actions | divider_horizontal_holo_dark.9.png
[  12% ] _update_scan_actions | divider_horizontal_holo_light.9.png
[  12% ] _update_scan_actions | divider_horizontal_textfield.9.png
[  12% ] _update_scan_actions | divider_strong_holo.9.png
[  12% ] _update_scan_actions | divider_vertical_bright.9.png
[  12% ] _update_scan_actions | divider_vertical_bright_opaque.9.png
[  12% ] _update_scan_actions | divider_vertical_dark.9.png
[  12% ] _update_scan_actions | divider_vertical_dark_opaque.9.png
[  12% ] _update_scan_actions | divider_vertical_holo_dark.9.png
[  12% ] _update_scan_actions | divider_vertical_holo_light.9.png
[  12% ] _update_scan_actions | dropdown_disabled_focused_holo_dark.9.png
[  12% ] _update_scan_actions | dropdown_disabled_focused_holo_light.9.png
[  12% ] _update_scan_actions | dropdown_disabled_holo_dark.9.png
[  12% ] _update_scan_actions | dropdown_disabled_holo_light.9.png
[  12% ] _update_scan_actions | dropdown_focused_holo_dark.9.png
[  12% ] _update_scan_actions | dropdown_focused_holo_light.9.png
[  12% ] _update_scan_actions | dropdown_ic_arrow_disabled_focused_holo_dark.png
[  12% ] _update_scan_actions | dropdown_ic_arrow_disabled_focused_holo_light.png
[  12% ] _update_scan_actions | dropdown_ic_arrow_disabled_holo_dark.png
[  12% ] _update_scan_actions | dropdown_ic_arrow_disabled_holo_light.png
[  12% ] _update_scan_actions | dropdown_ic_arrow_focused_holo_dark.png
[  12% ] _update_scan_actions | dropdown_ic_arrow_focused_holo_light.png
[  12% ] _update_scan_actions | dropdown_ic_arrow_normal_holo_dark.png
[  12% ] _update_scan_actions | dropdown_ic_arrow_normal_holo_light.png
[  12% ] _update_scan_actions | dropdown_ic_arrow_pressed_holo_dark.png
[  12% ] _update_scan_actions | dropdown_ic_arrow_pressed_holo_light.png
[  12% ] _update_scan_actions | dropdown_normal_holo_dark.9.png
[  12% ] _update_scan_actions | dropdown_normal_holo_light.9.png
[  12% ] _update_scan_actions | dropdown_pressed_holo_dark.9.png
[  12% ] _update_scan_actions | dropdown_pressed_holo_light.9.png
[  12% ] _update_scan_actions | editbox_background_focus_yellow.9.png
[  12% ] _update_scan_actions | editbox_background_normal.9.png
[  12% ] _update_scan_actions | editbox_dropdown_background.9.png
[  13% ] _update_scan_actions | editbox_dropdown_background_dark.9.png
[  13% ] _update_scan_actions | edit_query.png
[  13% ] _update_scan_actions | edit_query_background_normal.9.png
[  13% ] _update_scan_actions | edit_query_background_pressed.9.png
[  13% ] _update_scan_actions | edit_query_background_selected.9.png
[  13% ] _update_scan_actions | emo_im_angel.png
[  13% ] _update_scan_actions | emo_im_cool.png
[  13% ] _update_scan_actions | emo_im_crying.png
[  13% ] _update_scan_actions | emo_im_embarrassed.png
[  13% ] _update_scan_actions | emo_im_foot_in_mouth.png
[  13% ] _update_scan_actions | emo_im_happy.png
[  13% ] _update_scan_actions | emo_im_kissing.png
[  13% ] _update_scan_actions | emo_im_laughing.png
[  13% ] _update_scan_actions | emo_im_lips_are_sealed.png
[  13% ] _update_scan_actions | emo_im_money_mouth.png
[  13% ] _update_scan_actions | emo_im_sad.png
[  13% ] _update_scan_actions | emo_im_surprised.png
[  13% ] _update_scan_actions | emo_im_tongue_sticking_out.png
[  13% ] _update_scan_actions | emo_im_undecided.png
[  13% ] _update_scan_actions | emo_im_winking.png
[  13% ] _update_scan_actions | emo_im_wtf.png
[  13% ] _update_scan_actions | emo_im_yelling.png
[  13% ] _update_scan_actions | expander_close_holo_dark.9.png
[  13% ] _update_scan_actions | expander_close_holo_light.9.png
[  13% ] _update_scan_actions | expander_close_mtrl_alpha.9.png
[  13% ] _update_scan_actions | expander_ic_maximized.9.png
[  13% ] _update_scan_actions | expander_ic_minimized.9.png
[  13% ] _update_scan_actions | expander_open_holo_dark.9.png
[  13% ] _update_scan_actions | expander_open_holo_light.9.png
[  13% ] _update_scan_actions | expander_open_mtrl_alpha.9.png
[  13% ] _update_scan_actions | fastscroll_label_left_holo_dark.9.png
[  13% ] _update_scan_actions | fastscroll_label_left_holo_light.9.png
[  13% ] _update_scan_actions | fastscroll_label_right_holo_dark.9.png
[  13% ] _update_scan_actions | fastscroll_label_right_holo_light.9.png
[  13% ] _update_scan_actions | fastscroll_thumb_default_holo.png
[  13% ] _update_scan_actions | fastscroll_thumb_pressed_holo.png
[  13% ] _update_scan_actions | fastscroll_track_default_holo_dark.9.png
[  13% ] _update_scan_actions | fastscroll_track_default_holo_light.9.png
[  13% ] _update_scan_actions | fastscroll_track_pressed_holo_dark.9.png
[  13% ] _update_scan_actions | fastscroll_track_pressed_holo_light.9.png
[  13% ] _update_scan_actions | focused_application_background_static.png
[  13% ] _update_scan_actions | frame_gallery_thumb.9.png
[  13% ] _update_scan_actions | frame_gallery_thumb_pressed.9.png
[  13% ] _update_scan_actions | frame_gallery_thumb_selected.9.png
[  13% ] _update_scan_actions | gallery_selected_default.9.png
[  13% ] _update_scan_actions | gallery_selected_focused.9.png
[  13% ] _update_scan_actions | gallery_selected_pressed.9.png
[  13% ] _update_scan_actions | gallery_unselected_default.9.png
[  13% ] _update_scan_actions | gallery_unselected_pressed.9.png
[  13% ] _update_scan_actions | grid_selector_background_focus.9.png
[  13% ] _update_scan_actions | grid_selector_background_pressed.9.png
[  13% ] _update_scan_actions | highlight_disabled.9.png
[  13% ] _update_scan_actions | highlight_pressed.9.png
[  13% ] _update_scan_actions | highlight_selected.9.png
[  13% ] _update_scan_actions | icon_highlight_rectangle.9.png
[  13% ] _update_scan_actions | icon_highlight_square.9.png
[  13% ] _update_scan_actions | ic_ab_back_holo_dark_am.png
[  13% ] _update_scan_actions | ic_ab_back_holo_light_am.png
[  13% ] _update_scan_actions | ic_action_assist_focused.png
[  13% ] _update_scan_actions | ic_aggregated.png
[  13% ] _update_scan_actions | ic_audio_notification_am_alpha.png
[  13% ] _update_scan_actions | ic_audio_notification_mute_am_alpha.png
[  13% ] _update_scan_actions | ic_btn_round_more_disabled.png
[  13% ] _update_scan_actions | ic_btn_round_more_normal.png
[  13% ] _update_scan_actions | ic_btn_search_go.png
[  13% ] _update_scan_actions | ic_btn_speak_now.png
[  13% ] _update_scan_actions | ic_btn_square_browser_zoom_fit_page_disabled.png
[  13% ] _update_scan_actions | ic_btn_square_browser_zoom_fit_page_normal.png
[  14% ] _update_scan_actions | ic_btn_square_browser_zoom_page_overview_disabled.png
[  14% ] _update_scan_actions | ic_btn_square_browser_zoom_page_overview_normal.png
[  14% ] _update_scan_actions | ic_bullet_key_permission.png
[  14% ] _update_scan_actions | ic_cab_done_holo.png
[  14% ] _update_scan_actions | ic_cab_done_holo_dark.png
[  14% ] _update_scan_actions | ic_cab_done_holo_light.png
[  14% ] _update_scan_actions | ic_cab_done_mtrl_alpha.png
[  14% ] _update_scan_actions | ic_checkmark_holo_light.png
[  14% ] _update_scan_actions | ic_clear_disabled.png
[  14% ] _update_scan_actions | ic_clear_mtrl_alpha.png
[  14% ] _update_scan_actions | ic_clear_normal.png
[  14% ] _update_scan_actions | ic_clear_search_api_disabled_holo_dark.png
[  14% ] _update_scan_actions | ic_clear_search_api_disabled_holo_light.png
[  14% ] _update_scan_actions | ic_clear_search_api_holo_dark.png
[  14% ] _update_scan_actions | ic_clear_search_api_holo_light.png
[  14% ] _update_scan_actions | ic_coins_l.png
[  14% ] _update_scan_actions | ic_coins_s.png
[  14% ] _update_scan_actions | ic_commit_search_api_holo_dark.png
[  14% ] _update_scan_actions | ic_commit_search_api_holo_light.png
[  14% ] _update_scan_actions | ic_commit_search_api_mtrl_alpha.png
[  14% ] _update_scan_actions | ic_contact_picture.png
[  14% ] _update_scan_actions | ic_contact_picture_2.png
[  14% ] _update_scan_actions | ic_contact_picture_3.png
[  14% ] _update_scan_actions | ic_delete.png
[  14% ] _update_scan_actions | ic_dialog_alert.png
[  14% ] _update_scan_actions | ic_dialog_alert_holo_dark.png
[  14% ] _update_scan_actions | ic_dialog_alert_holo_light.png
[  14% ] _update_scan_actions | ic_dialog_close_normal_holo.png
[  14% ] _update_scan_actions | ic_dialog_close_pressed_holo.png
[  14% ] _update_scan_actions | ic_dialog_dialer.png
[  14% ] _update_scan_actions | ic_dialog_email.png
[  14% ] _update_scan_actions | ic_dialog_focused_holo.png
[  14% ] _update_scan_actions | ic_dialog_info.png
[  14% ] _update_scan_actions | ic_dialog_map.png
[  14% ] _update_scan_actions | ic_dialog_time.png
[  14% ] _update_scan_actions | ic_dialog_usb.png
[  14% ] _update_scan_actions | ic_emergency.png
[  14% ] _update_scan_actions | ic_find_next_holo_dark.png
[  14% ] _update_scan_actions | ic_find_next_holo_light.png
[  14% ] _update_scan_actions | ic_find_next_mtrl_alpha.png
[  14% ] _update_scan_actions | ic_find_previous_holo_dark.png
[  14% ] _update_scan_actions | ic_find_previous_holo_light.png
[  14% ] _update_scan_actions | ic_find_previous_mtrl_alpha.png
[  14% ] _update_scan_actions | ic_go.png
[  14% ] _update_scan_actions | ic_go_search_api_holo_dark.png
[  14% ] _update_scan_actions | ic_go_search_api_holo_light.png
[  14% ] _update_scan_actions | ic_input_add.png
[  14% ] _update_scan_actions | ic_input_delete.png
[  14% ] _update_scan_actions | ic_input_get.png
[  14% ] _update_scan_actions | ic_jog_dial_answer.png
[  14% ] _update_scan_actions | ic_jog_dial_answer_and_end.png
[  14% ] _update_scan_actions | ic_jog_dial_answer_and_hold.png
[  14% ] _update_scan_actions | ic_jog_dial_decline.png
[  14% ] _update_scan_actions | ic_jog_dial_sound_off.png
[  14% ] _update_scan_actions | ic_jog_dial_sound_on.png
[  14% ] _update_scan_actions | ic_jog_dial_unlock.png
[  14% ] _update_scan_actions | ic_jog_dial_vibrate_on.png
[  14% ] _update_scan_actions | ic_launcher_android.png
[  14% ] _update_scan_actions | ic_lockscreen_handle_pressed.png
[  14% ] _update_scan_actions | ic_lock_airplane_mode_alpha.png
[  14% ] _update_scan_actions | ic_lock_airplane_mode_off_am_alpha.png
[  14% ] _update_scan_actions | ic_lock_idle_alarm_alpha.png
[  14% ] _update_scan_actions | ic_lock_idle_charging.png
[  14% ] _update_scan_actions | ic_lock_idle_lock.png
[  14% ] _update_scan_actions | ic_lock_idle_low_battery.png
[  14% ] _update_scan_actions | ic_lock_lock_alpha.png
[  14% ] _update_scan_actions | ic_lock_open_wht_24dp.png
[  14% ] _update_scan_actions | ic_lock_outline_wht_24dp.png
[  15% ] _update_scan_actions | ic_lock_power_off_alpha.png
[  15% ] _update_scan_actions | ic_lock_ringer_off_alpha.png
[  15% ] _update_scan_actions | ic_lock_ringer_on_alpha.png
[  15% ] _update_scan_actions | ic_lock_silent_mode.png
[  15% ] _update_scan_actions | ic_lock_silent_mode_off.png
[  15% ] _update_scan_actions | ic_lock_silent_mode_vibrate.png
[  15% ] _update_scan_actions | ic_maps_indicator_current_position.png
[  15% ] _update_scan_actions | ic_maps_indicator_current_position_anim1.png
[  15% ] _update_scan_actions | ic_maps_indicator_current_position_anim2.png
[  15% ] _update_scan_actions | ic_maps_indicator_current_position_anim3.png
[  15% ] _update_scan_actions | ic_media_embed_play.png
[  15% ] _update_scan_actions | ic_media_ff.png
[  15% ] _update_scan_actions | ic_media_fullscreen.png
[  15% ] _update_scan_actions | ic_media_next.png
[  15% ] _update_scan_actions | ic_media_pause.png
[  15% ] _update_scan_actions | ic_media_play.png
[  15% ] _update_scan_actions | ic_media_previous.png
[  15% ] _update_scan_actions | ic_media_rew.png
[  15% ] _update_scan_actions | ic_media_route_connected_dark_00_mtrl.png
[  15% ] _update_scan_actions | ic_media_route_connected_dark_01_mtrl.png
[  15% ] _update_scan_actions | ic_media_route_connected_dark_02_mtrl.png
[  15% ] _update_scan_actions | ic_media_route_connected_dark_03_mtrl.png
[  15% ] _update_scan_actions | ic_media_route_connected_dark_04_mtrl.png
[  15% ] _update_scan_actions | ic_media_route_connected_dark_05_mtrl.png
[  15% ] _update_scan_actions | ic_media_route_connected_dark_06_mtrl.png
[  15% ] _update_scan_actions | ic_media_route_connected_dark_07_mtrl.png
[  15% ] _update_scan_actions | ic_media_route_connected_dark_08_mtrl.png
[  15% ] _update_scan_actions | ic_media_route_connected_dark_09_mtrl.png
[  15% ] _update_scan_actions | ic_media_route_connected_dark_10_mtrl.png
[  15% ] _update_scan_actions | ic_media_route_connected_dark_11_mtrl.png
[  15% ] _update_scan_actions | ic_media_route_connected_dark_12_mtrl.png
[  15% ] _update_scan_actions | ic_media_route_connected_dark_13_mtrl.png
[  15% ] _update_scan_actions | ic_media_route_connected_dark_14_mtrl.png
[  15% ] _update_scan_actions | ic_media_route_connected_dark_15_mtrl.png
[  15% ] _update_scan_actions | ic_media_route_connected_dark_16_mtrl.png
[  15% ] _update_scan_actions | ic_media_route_connected_dark_17_mtrl.png
[  15% ] _update_scan_actions | ic_media_route_connected_dark_18_mtrl.png
[  15% ] _update_scan_actions | ic_media_route_connected_dark_19_mtrl.png
[  15% ] _update_scan_actions | ic_media_route_connected_dark_20_mtrl.png
[  15% ] _update_scan_actions | ic_media_route_connected_dark_21_mtrl.png
[  15% ] _update_scan_actions | ic_media_route_connected_dark_22_mtrl.png
[  15% ] _update_scan_actions | ic_media_route_connected_dark_23_mtrl.png
[  15% ] _update_scan_actions | ic_media_route_connected_dark_24_mtrl.png
[  15% ] _update_scan_actions | ic_media_route_connected_dark_25_mtrl.png
[  15% ] _update_scan_actions | ic_media_route_connected_dark_26_mtrl.png
[  15% ] _update_scan_actions | ic_media_route_connected_dark_27_mtrl.png
[  15% ] _update_scan_actions | ic_media_route_connected_dark_28_mtrl.png
[  15% ] _update_scan_actions | ic_media_route_connected_dark_29_mtrl.png
[  15% ] _update_scan_actions | ic_media_route_connected_dark_30_mtrl.png
[  15% ] _update_scan_actions | ic_media_route_connected_light_00_mtrl.png
[  15% ] _update_scan_actions | ic_media_route_connected_light_01_mtrl.png
[  15% ] _update_scan_actions | ic_media_route_connected_light_02_mtrl.png
[  15% ] _update_scan_actions | ic_media_route_connected_light_03_mtrl.png
[  15% ] _update_scan_actions | ic_media_route_connected_light_04_mtrl.png
[  15% ] _update_scan_actions | ic_media_route_connected_light_05_mtrl.png
[  15% ] _update_scan_actions | ic_media_route_connected_light_06_mtrl.png
[  15% ] _update_scan_actions | ic_media_route_connected_light_07_mtrl.png
[  15% ] _update_scan_actions | ic_media_route_connected_light_08_mtrl.png
[  15% ] _update_scan_actions | ic_media_route_connected_light_09_mtrl.png
[  15% ] _update_scan_actions | ic_media_route_connected_light_10_mtrl.png
[  15% ] _update_scan_actions | ic_media_route_connected_light_11_mtrl.png
[  15% ] _update_scan_actions | ic_media_route_connected_light_12_mtrl.png
[  15% ] _update_scan_actions | ic_media_route_connected_light_13_mtrl.png
[  15% ] _update_scan_actions | ic_media_route_connected_light_14_mtrl.png
[  15% ] _update_scan_actions | ic_media_route_connected_light_15_mtrl.png
[  15% ] _update_scan_actions | ic_media_route_connected_light_16_mtrl.png
[  15% ] _update_scan_actions | ic_media_route_connected_light_17_mtrl.png
[  15% ] _update_scan_actions | ic_media_route_connected_light_18_mtrl.png
[  15% ] _update_scan_actions | ic_media_route_connected_light_19_mtrl.png
[  16% ] _update_scan_actions | ic_media_route_connected_light_20_mtrl.png
[  16% ] _update_scan_actions | ic_media_route_connected_light_21_mtrl.png
[  16% ] _update_scan_actions | ic_media_route_connected_light_22_mtrl.png
[  16% ] _update_scan_actions | ic_media_route_connected_light_23_mtrl.png
[  16% ] _update_scan_actions | ic_media_route_connected_light_24_mtrl.png
[  16% ] _update_scan_actions | ic_media_route_connected_light_25_mtrl.png
[  16% ] _update_scan_actions | ic_media_route_connected_light_26_mtrl.png
[  16% ] _update_scan_actions | ic_media_route_connected_light_27_mtrl.png
[  16% ] _update_scan_actions | ic_media_route_connected_light_28_mtrl.png
[  16% ] _update_scan_actions | ic_media_route_connected_light_29_mtrl.png
[  16% ] _update_scan_actions | ic_media_route_connected_light_30_mtrl.png
[  16% ] _update_scan_actions | ic_media_route_connecting_dark_00_mtrl.png
[  16% ] _update_scan_actions | ic_media_route_connecting_dark_01_mtrl.png
[  16% ] _update_scan_actions | ic_media_route_connecting_dark_02_mtrl.png
[  16% ] _update_scan_actions | ic_media_route_connecting_dark_03_mtrl.png
[  16% ] _update_scan_actions | ic_media_route_connecting_dark_04_mtrl.png
[  16% ] _update_scan_actions | ic_media_route_connecting_dark_05_mtrl.png
[  16% ] _update_scan_actions | ic_media_route_connecting_dark_06_mtrl.png
[  16% ] _update_scan_actions | ic_media_route_connecting_dark_07_mtrl.png
[  16% ] _update_scan_actions | ic_media_route_connecting_dark_08_mtrl.png
[  16% ] _update_scan_actions | ic_media_route_connecting_dark_09_mtrl.png
[  16% ] _update_scan_actions | ic_media_route_connecting_dark_10_mtrl.png
[  16% ] _update_scan_actions | ic_media_route_connecting_dark_11_mtrl.png
[  16% ] _update_scan_actions | ic_media_route_connecting_dark_12_mtrl.png
[  16% ] _update_scan_actions | ic_media_route_connecting_dark_13_mtrl.png
[  16% ] _update_scan_actions | ic_media_route_connecting_dark_14_mtrl.png
[  16% ] _update_scan_actions | ic_media_route_connecting_dark_15_mtrl.png
[  16% ] _update_scan_actions | ic_media_route_connecting_dark_16_mtrl.png
[  16% ] _update_scan_actions | ic_media_route_connecting_dark_17_mtrl.png
[  16% ] _update_scan_actions | ic_media_route_connecting_dark_18_mtrl.png
[  16% ] _update_scan_actions | ic_media_route_connecting_dark_19_mtrl.png
[  16% ] _update_scan_actions | ic_media_route_connecting_dark_20_mtrl.png
[  16% ] _update_scan_actions | ic_media_route_connecting_dark_21_mtrl.png
[  16% ] _update_scan_actions | ic_media_route_connecting_dark_22_mtrl.png
[  16% ] _update_scan_actions | ic_media_route_connecting_dark_23_mtrl.png
[  16% ] _update_scan_actions | ic_media_route_connecting_dark_24_mtrl.png
[  16% ] _update_scan_actions | ic_media_route_connecting_dark_25_mtrl.png
[  16% ] _update_scan_actions | ic_media_route_connecting_dark_26_mtrl.png
[  16% ] _update_scan_actions | ic_media_route_connecting_dark_27_mtrl.png
[  16% ] _update_scan_actions | ic_media_route_connecting_dark_28_mtrl.png
[  16% ] _update_scan_actions | ic_media_route_connecting_dark_29_mtrl.png
[  16% ] _update_scan_actions | ic_media_route_connecting_dark_30_mtrl.png
[  16% ] _update_scan_actions | ic_media_route_connecting_light_00_mtrl.png
[  16% ] _update_scan_actions | ic_media_route_connecting_light_01_mtrl.png
[  16% ] _update_scan_actions | ic_media_route_connecting_light_02_mtrl.png
[  16% ] _update_scan_actions | ic_media_route_connecting_light_03_mtrl.png
[  16% ] _update_scan_actions | ic_media_route_connecting_light_04_mtrl.png
[  16% ] _update_scan_actions | ic_media_route_connecting_light_05_mtrl.png
[  16% ] _update_scan_actions | ic_media_route_connecting_light_06_mtrl.png
[  16% ] _update_scan_actions | ic_media_route_connecting_light_07_mtrl.png
[  16% ] _update_scan_actions | ic_media_route_connecting_light_08_mtrl.png
[  16% ] _update_scan_actions | ic_media_route_connecting_light_09_mtrl.png
[  16% ] _update_scan_actions | ic_media_route_connecting_light_10_mtrl.png
[  16% ] _update_scan_actions | ic_media_route_connecting_light_11_mtrl.png
[  16% ] _update_scan_actions | ic_media_route_connecting_light_12_mtrl.png
[  16% ] _update_scan_actions | ic_media_route_connecting_light_13_mtrl.png
[  16% ] _update_scan_actions | ic_media_route_connecting_light_14_mtrl.png
[  16% ] _update_scan_actions | ic_media_route_connecting_light_15_mtrl.png
[  16% ] _update_scan_actions | ic_media_route_connecting_light_16_mtrl.png
[  16% ] _update_scan_actions | ic_media_route_connecting_light_17_mtrl.png
[  16% ] _update_scan_actions | ic_media_route_connecting_light_18_mtrl.png
[  16% ] _update_scan_actions | ic_media_route_connecting_light_19_mtrl.png
[  16% ] _update_scan_actions | ic_media_route_connecting_light_20_mtrl.png
[  16% ] _update_scan_actions | ic_media_route_connecting_light_21_mtrl.png
[  16% ] _update_scan_actions | ic_media_route_connecting_light_22_mtrl.png
[  16% ] _update_scan_actions | ic_media_route_connecting_light_23_mtrl.png
[  16% ] _update_scan_actions | ic_media_route_connecting_light_24_mtrl.png
[  16% ] _update_scan_actions | ic_media_route_connecting_light_25_mtrl.png
[  17% ] _update_scan_actions | ic_media_route_connecting_light_26_mtrl.png
[  17% ] _update_scan_actions | ic_media_route_connecting_light_27_mtrl.png
[  17% ] _update_scan_actions | ic_media_route_connecting_light_28_mtrl.png
[  17% ] _update_scan_actions | ic_media_route_connecting_light_29_mtrl.png
[  17% ] _update_scan_actions | ic_media_route_connecting_light_30_mtrl.png
[  17% ] _update_scan_actions | ic_media_route_disabled_holo_dark.png
[  17% ] _update_scan_actions | ic_media_route_disabled_holo_light.png
[  17% ] _update_scan_actions | ic_media_route_disabled_mtrl_alpha.png
[  17% ] _update_scan_actions | ic_media_route_off_dark_mtrl.png
[  17% ] _update_scan_actions | ic_media_route_off_holo_dark.png
[  17% ] _update_scan_actions | ic_media_route_off_holo_light.png
[  17% ] _update_scan_actions | ic_media_route_off_light_mtrl.png
[  17% ] _update_scan_actions | ic_media_route_on_0_holo_dark.png
[  17% ] _update_scan_actions | ic_media_route_on_0_holo_light.png
[  17% ] _update_scan_actions | ic_media_route_on_1_holo_dark.png
[  17% ] _update_scan_actions | ic_media_route_on_1_holo_light.png
[  17% ] _update_scan_actions | ic_media_route_on_2_holo_dark.png
[  17% ] _update_scan_actions | ic_media_route_on_2_holo_light.png
[  17% ] _update_scan_actions | ic_media_route_on_holo_dark.png
[  17% ] _update_scan_actions | ic_media_route_on_holo_light.png
[  17% ] _update_scan_actions | ic_media_stop.png
[  17% ] _update_scan_actions | ic_media_video_poster.png
[  17% ] _update_scan_actions | ic_menu_account_list.png
[  17% ] _update_scan_actions | ic_menu_add.png
[  17% ] _update_scan_actions | ic_menu_agenda.png
[  17% ] _update_scan_actions | ic_menu_allfriends.png
[  17% ] _update_scan_actions | ic_menu_always_landscape_portrait.png
[  17% ] _update_scan_actions | ic_menu_archive.png
[  17% ] _update_scan_actions | ic_menu_attachment.png
[  17% ] _update_scan_actions | ic_menu_back.png
[  17% ] _update_scan_actions | ic_menu_block.png
[  17% ] _update_scan_actions | ic_menu_blocked_user.png
[  17% ] _update_scan_actions | ic_menu_btn_add.png
[  17% ] _update_scan_actions | ic_menu_call.png
[  17% ] _update_scan_actions | ic_menu_camera.png
[  17% ] _update_scan_actions | ic_menu_cc_am.png
[  17% ] _update_scan_actions | ic_menu_chat_dashboard.png
[  17% ] _update_scan_actions | ic_menu_clear_playlist.png
[  17% ] _update_scan_actions | ic_menu_close_clear_cancel.png
[  17% ] _update_scan_actions | ic_menu_compass.png
[  17% ] _update_scan_actions | ic_menu_compose.png
[  17% ] _update_scan_actions | ic_menu_copy.png
[  17% ] _update_scan_actions | ic_menu_copy_holo_dark.png
[  17% ] _update_scan_actions | ic_menu_copy_holo_light.png
[  17% ] _update_scan_actions | ic_menu_crop.png
[  17% ] _update_scan_actions | ic_menu_cut.png
[  17% ] _update_scan_actions | ic_menu_cut_holo_dark.png
[  17% ] _update_scan_actions | ic_menu_cut_holo_light.png
[  17% ] _update_scan_actions | ic_menu_day.png
[  17% ] _update_scan_actions | ic_menu_delete.png
[  17% ] _update_scan_actions | ic_menu_directions.png
[  17% ] _update_scan_actions | ic_menu_edit.png
[  17% ] _update_scan_actions | ic_menu_emoticons.png
[  17% ] _update_scan_actions | ic_menu_end_conversation.png
[  17% ] _update_scan_actions | ic_menu_find.png
[  17% ] _update_scan_actions | ic_menu_find_holo_dark.png
[  17% ] _update_scan_actions | ic_menu_find_holo_light.png
[  17% ] _update_scan_actions | ic_menu_find_mtrl_alpha.png
[  17% ] _update_scan_actions | ic_menu_forward.png
[  17% ] _update_scan_actions | ic_menu_friendslist.png
[  17% ] _update_scan_actions | ic_menu_gallery.png
[  17% ] _update_scan_actions | ic_menu_goto.png
[  17% ] _update_scan_actions | ic_menu_help.png
[  17% ] _update_scan_actions | ic_menu_help_holo_light.png
[  17% ] _update_scan_actions | ic_menu_home.png
[  17% ] _update_scan_actions | ic_menu_info_details.png
[  17% ] _update_scan_actions | ic_menu_invite.png
[  17% ] _update_scan_actions | ic_menu_login.png
[  17% ] _update_scan_actions | ic_menu_manage.png
[  18% ] _update_scan_actions | ic_menu_mapmode.png
[  18% ] _update_scan_actions | ic_menu_mark.png
[  18% ] _update_scan_actions | ic_menu_month.png
[  18% ] _update_scan_actions | ic_menu_more.png
[  18% ] _update_scan_actions | ic_menu_moreoverflow.png
[  18% ] _update_scan_actions | ic_menu_moreoverflow_focused_holo_dark.png
[  18% ] _update_scan_actions | ic_menu_moreoverflow_focused_holo_light.png
[  18% ] _update_scan_actions | ic_menu_moreoverflow_normal_holo_dark.png
[  18% ] _update_scan_actions | ic_menu_moreoverflow_normal_holo_light.png
[  18% ] _update_scan_actions | ic_menu_mylocation.png
[  18% ] _update_scan_actions | ic_menu_myplaces.png
[  18% ] _update_scan_actions | ic_menu_my_calendar.png
[  18% ] _update_scan_actions | ic_menu_notifications.png
[  18% ] _update_scan_actions | ic_menu_paste.png
[  18% ] _update_scan_actions | ic_menu_paste_holo_dark.png
[  18% ] _update_scan_actions | ic_menu_paste_holo_light.png
[  18% ] _update_scan_actions | ic_menu_play_clip.png
[  18% ] _update_scan_actions | ic_menu_preferences.png
[  18% ] _update_scan_actions | ic_menu_recent_history.png
[  18% ] _update_scan_actions | ic_menu_report_image.png
[  18% ] _update_scan_actions | ic_menu_revert.png
[  18% ] _update_scan_actions | ic_menu_rotate.png
[  18% ] _update_scan_actions | ic_menu_save.png
[  18% ] _update_scan_actions | ic_menu_search.png
[  18% ] _update_scan_actions | ic_menu_search_holo_dark.png
[  18% ] _update_scan_actions | ic_menu_search_holo_light.png
[  18% ] _update_scan_actions | ic_menu_search_mtrl_alpha.png
[  18% ] _update_scan_actions | ic_menu_selectall_holo_dark.png
[  18% ] _update_scan_actions | ic_menu_selectall_holo_light.png
[  18% ] _update_scan_actions | ic_menu_send.png
[  18% ] _update_scan_actions | ic_menu_settings_holo_light.png
[  18% ] _update_scan_actions | ic_menu_set_as.png
[  18% ] _update_scan_actions | ic_menu_share.png
[  18% ] _update_scan_actions | ic_menu_share_holo_dark.png
[  18% ] _update_scan_actions | ic_menu_share_holo_light.png
[  18% ] _update_scan_actions | ic_menu_slideshow.png
[  18% ] _update_scan_actions | ic_menu_sort_alphabetically.png
[  18% ] _update_scan_actions | ic_menu_sort_by_size.png
[  18% ] _update_scan_actions | ic_menu_star.png
[  18% ] _update_scan_actions | ic_menu_start_conversation.png
[  18% ] _update_scan_actions | ic_menu_stop.png
[  18% ] _update_scan_actions | ic_menu_today.png
[  18% ] _update_scan_actions | ic_menu_upload.png
[  18% ] _update_scan_actions | ic_menu_upload_you_tube.png
[  18% ] _update_scan_actions | ic_menu_view.png
[  18% ] _update_scan_actions | ic_menu_week.png
[  18% ] _update_scan_actions | ic_menu_zoom.png
[  18% ] _update_scan_actions | ic_notification_cast_0.png
[  18% ] _update_scan_actions | ic_notification_cast_1.png
[  18% ] _update_scan_actions | ic_notification_cast_2.png
[  18% ] _update_scan_actions | ic_notification_clear_all.png
[  18% ] _update_scan_actions | ic_notification_overlay.9.png
[  18% ] _update_scan_actions | ic_partial_secure.png
[  18% ] _update_scan_actions | ic_popup_disk_full.png
[  18% ] _update_scan_actions | ic_popup_reminder.png
[  18% ] _update_scan_actions | ic_popup_sync_1.png
[  18% ] _update_scan_actions | ic_popup_sync_2.png
[  18% ] _update_scan_actions | ic_popup_sync_3.png
[  18% ] _update_scan_actions | ic_popup_sync_4.png
[  18% ] _update_scan_actions | ic_popup_sync_5.png
[  18% ] _update_scan_actions | ic_popup_sync_6.png
[  18% ] _update_scan_actions | ic_search.png
[  18% ] _update_scan_actions | ic_search_api_holo_dark.png
[  18% ] _update_scan_actions | ic_search_api_holo_light.png
[  18% ] _update_scan_actions | ic_search_category_default.png
[  18% ] _update_scan_actions | ic_secure.png
[  18% ] _update_scan_actions | ic_settings.png
[  18% ] _update_scan_actions | ic_settings_language.png
[  19% ] _update_scan_actions | ic_sim_card_multi_24px_clr.png
[  19% ] _update_scan_actions | ic_sim_card_multi_48px_clr.png
[  19% ] _update_scan_actions | ic_star_black_16dp.png
[  19% ] _update_scan_actions | ic_star_black_36dp.png
[  19% ] _update_scan_actions | ic_star_black_48dp.png
[  19% ] _update_scan_actions | ic_star_half_black_16dp.png
[  19% ] _update_scan_actions | ic_star_half_black_36dp.png
[  19% ] _update_scan_actions | ic_star_half_black_48dp.png
[  19% ] _update_scan_actions | ic_sysbar_quicksettings.png
[  19% ] _update_scan_actions | ic_vibrate.png
[  19% ] _update_scan_actions | ic_vibrate_small.png
[  19% ] _update_scan_actions | ic_voice_search.png
[  19% ] _update_scan_actions | ic_voice_search_api_holo_dark.png
[  19% ] _update_scan_actions | ic_voice_search_api_holo_light.png
[  19% ] _update_scan_actions | ic_volume.png
[  19% ] _update_scan_actions | ic_volume_bluetooth_ad2p.png
[  19% ] _update_scan_actions | ic_volume_bluetooth_in_call.png
[  19% ] _update_scan_actions | ic_volume_off.png
[  19% ] _update_scan_actions | ic_volume_off_small.png
[  19% ] _update_scan_actions | ic_volume_small.png
[  19% ] _update_scan_actions | ime_qwerty.png
[  19% ] _update_scan_actions | indicator_input_error.png
[  19% ] _update_scan_actions | jog_dial_arrow_long_left_green.png
[  19% ] _update_scan_actions | jog_dial_arrow_long_left_yellow.png
[  19% ] _update_scan_actions | jog_dial_arrow_long_middle_yellow.png
[  19% ] _update_scan_actions | jog_dial_arrow_long_right_red.png
[  19% ] _update_scan_actions | jog_dial_arrow_long_right_yellow.png
[  19% ] _update_scan_actions | jog_dial_arrow_short_left.png
[  19% ] _update_scan_actions | jog_dial_arrow_short_left_and_right.png
[  19% ] _update_scan_actions | jog_dial_arrow_short_right.png
[  19% ] _update_scan_actions | jog_dial_bg.png
[  19% ] _update_scan_actions | jog_dial_dimple.png
[  19% ] _update_scan_actions | jog_dial_dimple_dim.png
[  19% ] _update_scan_actions | jog_tab_bar_left_end_confirm_gray.9.png
[  19% ] _update_scan_actions | jog_tab_bar_left_end_confirm_green.9.png
[  19% ] _update_scan_actions | jog_tab_bar_left_end_confirm_red.9.png
[  19% ] _update_scan_actions | jog_tab_bar_left_end_confirm_yellow.9.png
[  19% ] _update_scan_actions | jog_tab_bar_left_end_normal.9.png
[  19% ] _update_scan_actions | jog_tab_bar_left_end_pressed.9.png
[  19% ] _update_scan_actions | jog_tab_bar_right_end_confirm_gray.9.png
[  19% ] _update_scan_actions | jog_tab_bar_right_end_confirm_green.9.png
[  19% ] _update_scan_actions | jog_tab_bar_right_end_confirm_red.9.png
[  19% ] _update_scan_actions | jog_tab_bar_right_end_confirm_yellow.9.png
[  19% ] _update_scan_actions | jog_tab_bar_right_end_normal.9.png
[  19% ] _update_scan_actions | jog_tab_bar_right_end_pressed.9.png
[  19% ] _update_scan_actions | jog_tab_left_confirm_gray.png
[  19% ] _update_scan_actions | jog_tab_left_confirm_green.png
[  19% ] _update_scan_actions | jog_tab_left_confirm_red.png
[  19% ] _update_scan_actions | jog_tab_left_confirm_yellow.png
[  19% ] _update_scan_actions | jog_tab_left_normal.png
[  19% ] _update_scan_actions | jog_tab_left_pressed.png
[  19% ] _update_scan_actions | jog_tab_right_confirm_gray.png
[  19% ] _update_scan_actions | jog_tab_right_confirm_green.png
[  19% ] _update_scan_actions | jog_tab_right_confirm_red.png
[  19% ] _update_scan_actions | jog_tab_right_confirm_yellow.png
[  19% ] _update_scan_actions | jog_tab_right_normal.png
[  19% ] _update_scan_actions | jog_tab_right_pressed.png
[  19% ] _update_scan_actions | jog_tab_target_gray.png
[  19% ] _update_scan_actions | jog_tab_target_green.png
[  19% ] _update_scan_actions | jog_tab_target_red.png
[  19% ] _update_scan_actions | jog_tab_target_yellow.png
[  19% ] _update_scan_actions | keyboard_accessory_bg_landscape.9.png
[  19% ] _update_scan_actions | keyboard_background.9.png
[  19% ] _update_scan_actions | keyboard_key_feedback_background.9.png
[  19% ] _update_scan_actions | keyboard_key_feedback_more_background.9.png
[  19% ] _update_scan_actions | keyboard_popup_panel_background.9.png
[  19% ] _update_scan_actions | keyboard_popup_panel_trans_background.9.png
[  19% ] _update_scan_actions | light_header.9.png
[  20% ] _update_scan_actions | list_activated_holo.9.png
[  20% ] _update_scan_actions | list_divider_holo_dark.9.png
[  20% ] _update_scan_actions | list_divider_holo_light.9.png
[  20% ] _update_scan_actions | list_divider_horizontal_holo_dark.9.png
[  20% ] _update_scan_actions | list_focused_holo.9.png
[  20% ] _update_scan_actions | list_longpressed_holo.9.png
[  20% ] _update_scan_actions | list_longpressed_holo_dark.9.png
[  20% ] _update_scan_actions | list_longpressed_holo_light.9.png
[  20% ] _update_scan_actions | list_pressed_holo_dark.9.png
[  20% ] _update_scan_actions | list_pressed_holo_light.9.png
[  20% ] _update_scan_actions | list_section_divider_holo_dark.9.png
[  20% ] _update_scan_actions | list_section_divider_holo_light.9.png
[  20% ] _update_scan_actions | list_section_divider_mtrl_alpha.9.png
[  20% ] _update_scan_actions | list_section_header_holo_dark.9.png
[  20% ] _update_scan_actions | list_section_header_holo_light.9.png
[  20% ] _update_scan_actions | list_selected_holo_dark.9.png
[  20% ] _update_scan_actions | list_selected_holo_light.9.png
[  20% ] _update_scan_actions | list_selector_activated_holo_dark.9.png
[  20% ] _update_scan_actions | list_selector_activated_holo_light.9.png
[  20% ] _update_scan_actions | list_selector_background_default.9.png
[  20% ] _update_scan_actions | list_selector_background_default_light.9.png
[  20% ] _update_scan_actions | list_selector_background_disabled.9.png
[  20% ] _update_scan_actions | list_selector_background_disabled_light.9.png
[  20% ] _update_scan_actions | list_selector_background_focus.9.png
[  20% ] _update_scan_actions | list_selector_background_focused.9.png
[  20% ] _update_scan_actions | list_selector_background_focused_light.9.png
[  20% ] _update_scan_actions | list_selector_background_focused_selected.9.png
[  20% ] _update_scan_actions | list_selector_background_longpress.9.png
[  20% ] _update_scan_actions | list_selector_background_longpress_light.9.png
[  20% ] _update_scan_actions | list_selector_background_pressed.9.png
[  20% ] _update_scan_actions | list_selector_background_pressed_light.9.png
[  20% ] _update_scan_actions | list_selector_background_selected.9.png
[  20% ] _update_scan_actions | list_selector_background_selected_light.9.png
[  20% ] _update_scan_actions | list_selector_disabled_holo_dark.9.png
[  20% ] _update_scan_actions | list_selector_disabled_holo_light.9.png
[  20% ] _update_scan_actions | list_selector_focused_holo_dark.9.png
[  20% ] _update_scan_actions | list_selector_focused_holo_light.9.png
[  20% ] _update_scan_actions | list_selector_multiselect_holo_dark.9.png
[  20% ] _update_scan_actions | list_selector_multiselect_holo_light.9.png
[  20% ] _update_scan_actions | list_selector_pressed_holo_dark.9.png
[  20% ] _update_scan_actions | list_selector_pressed_holo_light.9.png
[  20% ] _update_scan_actions | magnified_region_frame.9.png
[  20% ] _update_scan_actions | maps_google_logo.png
[  20% ] _update_scan_actions | menuitem_background_focus.9.png
[  20% ] _update_scan_actions | menuitem_background_pressed.9.png
[  20% ] _update_scan_actions | menuitem_background_solid_focused.9.png
[  20% ] _update_scan_actions | menuitem_background_solid_pressed.9.png
[  20% ] _update_scan_actions | menuitem_checkbox_on.png
[  20% ] _update_scan_actions | menu_background.9.png
[  20% ] _update_scan_actions | menu_background_fill_parent_width.9.png
[  20% ] _update_scan_actions | menu_dropdown_panel_holo_dark.9.png
[  20% ] _update_scan_actions | menu_dropdown_panel_holo_light.9.png
[  20% ] _update_scan_actions | menu_hardkey_panel_holo_dark.9.png
[  20% ] _update_scan_actions | menu_hardkey_panel_holo_light.9.png
[  20% ] _update_scan_actions | menu_popup_panel_holo_dark.9.png
[  20% ] _update_scan_actions | menu_popup_panel_holo_light.9.png
[  20% ] _update_scan_actions | menu_separator.9.png
[  20% ] _update_scan_actions | menu_submenu_background.9.png
[  20% ] _update_scan_actions | minitab_lt_focus.9.png
[  20% ] _update_scan_actions | minitab_lt_press.9.png
[  20% ] _update_scan_actions | minitab_lt_selected.9.png
[  20% ] _update_scan_actions | minitab_lt_unselected.9.png
[  20% ] _update_scan_actions | minitab_lt_unselected_press.9.png
[  20% ] _update_scan_actions | numberpicker_down_disabled.9.png
[  20% ] _update_scan_actions | numberpicker_down_disabled_focused.9.png
[  20% ] _update_scan_actions | numberpicker_down_normal.9.png
[  20% ] _update_scan_actions | numberpicker_down_pressed.9.png
[  20% ] _update_scan_actions | numberpicker_down_selected.9.png
[  20% ] _update_scan_actions | numberpicker_input_disabled.9.png
[  21% ] _update_scan_actions | numberpicker_input_normal.9.png
[  21% ] _update_scan_actions | numberpicker_input_pressed.9.png
[  21% ] _update_scan_actions | numberpicker_input_selected.9.png
[  21% ] _update_scan_actions | numberpicker_selection_divider.9.png
[  21% ] _update_scan_actions | numberpicker_up_disabled.9.png
[  21% ] _update_scan_actions | numberpicker_up_disabled_focused.9.png
[  21% ] _update_scan_actions | numberpicker_up_normal.9.png
[  21% ] _update_scan_actions | numberpicker_up_pressed.9.png
[  21% ] _update_scan_actions | numberpicker_up_selected.9.png
[  21% ] _update_scan_actions | panel_background.9.png
[  21% ] _update_scan_actions | panel_bg_holo_dark.9.png
[  21% ] _update_scan_actions | panel_bg_holo_light.9.png
[  21% ] _update_scan_actions | panel_picture_frame_bg_focus_blue.9.png
[  21% ] _update_scan_actions | panel_picture_frame_bg_normal.9.png
[  21% ] _update_scan_actions | panel_picture_frame_bg_pressed_blue.9.png
[  21% ] _update_scan_actions | password_field_default.9.png
[  21% ] _update_scan_actions | password_keyboard_background_holo.9.png
[  21% ] _update_scan_actions | perm_group_accessibility_features.png
[  21% ] _update_scan_actions | perm_group_affects_battery.png
[  21% ] _update_scan_actions | perm_group_app_info.png
[  21% ] _update_scan_actions | perm_group_audio_settings.png
[  21% ] _update_scan_actions | perm_group_bluetooth.png
[  21% ] _update_scan_actions | perm_group_bookmarks.png
[  21% ] _update_scan_actions | perm_group_device_alarms.png
[  21% ] _update_scan_actions | perm_group_display.png
[  21% ] _update_scan_actions | perm_group_network.png
[  21% ] _update_scan_actions | perm_group_personal_info.png
[  21% ] _update_scan_actions | perm_group_screenlock.png
[  21% ] _update_scan_actions | perm_group_shortrange_network.png
[  21% ] _update_scan_actions | perm_group_status_bar.png
[  21% ] _update_scan_actions | perm_group_sync_settings.png
[  21% ] _update_scan_actions | perm_group_system_clock.png
[  21% ] _update_scan_actions | perm_group_system_tools.png
[  21% ] _update_scan_actions | perm_group_voicemail.png
[  21% ] _update_scan_actions | perm_group_wallpaper.png
[  21% ] _update_scan_actions | picture_emergency.png
[  21% ] _update_scan_actions | picture_frame.9.png
[  21% ] _update_scan_actions | pointer_alias.png
[  21% ] _update_scan_actions | pointer_all_scroll.png
[  21% ] _update_scan_actions | pointer_arrow.png
[  21% ] _update_scan_actions | pointer_cell.png
[  21% ] _update_scan_actions | pointer_context_menu.png
[  21% ] _update_scan_actions | pointer_copy.png
[  21% ] _update_scan_actions | pointer_crosshair.png
[  21% ] _update_scan_actions | pointer_grab.png
[  21% ] _update_scan_actions | pointer_grabbing.png
[  21% ] _update_scan_actions | pointer_hand.png
[  21% ] _update_scan_actions | pointer_handwriting.png
[  21% ] _update_scan_actions | pointer_help.png
[  21% ] _update_scan_actions | pointer_horizontal_double_arrow.png
[  21% ] _update_scan_actions | pointer_nodrop.png
[  21% ] _update_scan_actions | pointer_spot_anchor.png
[  21% ] _update_scan_actions | pointer_spot_hover.png
[  21% ] _update_scan_actions | pointer_spot_touch.png
[  21% ] _update_scan_actions | pointer_text.png
[  21% ] _update_scan_actions | pointer_top_left_diagonal_double_arrow.png
[  21% ] _update_scan_actions | pointer_top_right_diagonal_double_arrow.png
[  21% ] _update_scan_actions | pointer_vertical_double_arrow.png
[  21% ] _update_scan_actions | pointer_vertical_text.png
[  21% ] _update_scan_actions | pointer_zoom_in.png
[  21% ] _update_scan_actions | pointer_zoom_out.png
[  21% ] _update_scan_actions | popup_background_mtrl_mult.9.png
[  21% ] _update_scan_actions | popup_bottom_bright.9.png
[  21% ] _update_scan_actions | popup_bottom_dark.9.png
[  21% ] _update_scan_actions | popup_bottom_medium.9.png
[  21% ] _update_scan_actions | popup_center_bright.9.png
[  21% ] _update_scan_actions | popup_center_dark.9.png
[  21% ] _update_scan_actions | popup_center_medium.9.png
[  22% ] _update_scan_actions | popup_full_bright.9.png
[  22% ] _update_scan_actions | popup_full_dark.9.png
[  22% ] _update_scan_actions | popup_inline_error_above_am.9.png
[  22% ] _update_scan_actions | popup_inline_error_above_holo_dark_am.9.png
[  22% ] _update_scan_actions | popup_inline_error_above_holo_light_am.9.png
[  22% ] _update_scan_actions | popup_inline_error_am.9.png
[  22% ] _update_scan_actions | popup_inline_error_holo_dark_am.9.png
[  22% ] _update_scan_actions | popup_inline_error_holo_light_am.9.png
[  22% ] _update_scan_actions | popup_top_bright.9.png
[  22% ] _update_scan_actions | popup_top_dark.9.png
[  22% ] _update_scan_actions | presence_audio_away.png
[  22% ] _update_scan_actions | presence_audio_busy.png
[  22% ] _update_scan_actions | presence_audio_online.png
[  22% ] _update_scan_actions | presence_away.png
[  22% ] _update_scan_actions | presence_busy.png
[  22% ] _update_scan_actions | presence_invisible.png
[  22% ] _update_scan_actions | presence_offline.png
[  22% ] _update_scan_actions | presence_online.png
[  22% ] _update_scan_actions | presence_video_away.png
[  22% ] _update_scan_actions | presence_video_busy.png
[  22% ] _update_scan_actions | presence_video_online.png
[  22% ] _update_scan_actions | pressed_application_background_static.png
[  22% ] _update_scan_actions | progressbar_indeterminate1.png
[  22% ] _update_scan_actions | progressbar_indeterminate2.png
[  22% ] _update_scan_actions | progressbar_indeterminate3.png
[  22% ] _update_scan_actions | progressbar_indeterminate_holo1.png
[  22% ] _update_scan_actions | progressbar_indeterminate_holo2.png
[  22% ] _update_scan_actions | progressbar_indeterminate_holo3.png
[  22% ] _update_scan_actions | progressbar_indeterminate_holo4.png
[  22% ] _update_scan_actions | progressbar_indeterminate_holo5.png
[  22% ] _update_scan_actions | progressbar_indeterminate_holo6.png
[  22% ] _update_scan_actions | progressbar_indeterminate_holo7.png
[  22% ] _update_scan_actions | progressbar_indeterminate_holo8.png
[  22% ] _update_scan_actions | progress_bg_holo_dark.9.png
[  22% ] _update_scan_actions | progress_bg_holo_light.9.png
[  22% ] _update_scan_actions | progress_primary_holo_dark.9.png
[  22% ] _update_scan_actions | progress_primary_holo_light.9.png
[  22% ] _update_scan_actions | progress_secondary_holo_dark.9.png
[  22% ] _update_scan_actions | progress_secondary_holo_light.9.png
[  22% ] _update_scan_actions | quickactions_arrowdown_left_holo_dark.9.png
[  22% ] _update_scan_actions | quickactions_arrowdown_left_holo_light.9.png
[  22% ] _update_scan_actions | quickactions_arrowdown_right_holo_dark.9.png
[  22% ] _update_scan_actions | quickactions_arrowdown_right_holo_light.9.png
[  22% ] _update_scan_actions | quickactions_arrowup_left_holo_dark.9.png
[  22% ] _update_scan_actions | quickactions_arrowup_left_holo_light.9.png
[  22% ] _update_scan_actions | quickactions_arrowup_left_right_holo_dark.9.png
[  22% ] _update_scan_actions | quickactions_arrowup_right_holo_light.9.png
[  22% ] _update_scan_actions | quickcontact_badge_overlay_focused_dark_am.9.png
[  22% ] _update_scan_actions | quickcontact_badge_overlay_focused_light_am.9.png
[  22% ] _update_scan_actions | quickcontact_badge_overlay_normal_dark_am.9.png
[  22% ] _update_scan_actions | quickcontact_badge_overlay_normal_light_am.9.png
[  22% ] _update_scan_actions | quickcontact_badge_overlay_pressed_dark_am.9.png
[  22% ] _update_scan_actions | quickcontact_badge_overlay_pressed_light_am.9.png
[  22% ] _update_scan_actions | radiobutton_off_background.png
[  22% ] _update_scan_actions | radiobutton_on_background.png
[  22% ] _update_scan_actions | rate_star_big_half.png
[  22% ] _update_scan_actions | rate_star_big_half_holo_dark.png
[  22% ] _update_scan_actions | rate_star_big_half_holo_light.png
[  22% ] _update_scan_actions | rate_star_big_off.png
[  22% ] _update_scan_actions | rate_star_big_off_holo_dark.png
[  22% ] _update_scan_actions | rate_star_big_off_holo_light.png
[  22% ] _update_scan_actions | rate_star_big_on.png
[  22% ] _update_scan_actions | rate_star_big_on_holo_dark.png
[  22% ] _update_scan_actions | rate_star_big_on_holo_light.png
[  22% ] _update_scan_actions | rate_star_med_half.png
[  22% ] _update_scan_actions | rate_star_med_half_holo_dark.png
[  22% ] _update_scan_actions | rate_star_med_half_holo_light.png
[  22% ] _update_scan_actions | rate_star_med_off.png
[  22% ] _update_scan_actions | rate_star_med_off_holo_dark.png
[  23% ] _update_scan_actions | rate_star_med_off_holo_light.png
[  23% ] _update_scan_actions | rate_star_med_on.png
[  23% ] _update_scan_actions | rate_star_med_on_holo_dark.png
[  23% ] _update_scan_actions | rate_star_med_on_holo_light.png
[  23% ] _update_scan_actions | rate_star_small_half.png
[  23% ] _update_scan_actions | rate_star_small_half_holo_dark.png
[  23% ] _update_scan_actions | rate_star_small_half_holo_light.png
[  23% ] _update_scan_actions | rate_star_small_off.png
[  23% ] _update_scan_actions | rate_star_small_off_holo_dark.png
[  23% ] _update_scan_actions | rate_star_small_off_holo_light.png
[  23% ] _update_scan_actions | rate_star_small_on.png
[  23% ] _update_scan_actions | rate_star_small_on_holo_dark.png
[  23% ] _update_scan_actions | rate_star_small_on_holo_light.png
[  23% ] _update_scan_actions | recent_dialog_background.9.png
[  23% ] _update_scan_actions | reticle.png
[  23% ] _update_scan_actions | scrollbar_handle_accelerated_anim2.9.png
[  23% ] _update_scan_actions | scrollbar_handle_holo_dark.9.png
[  23% ] _update_scan_actions | scrollbar_handle_holo_light.9.png
[  23% ] _update_scan_actions | scrollbar_handle_horizontal.9.png
[  23% ] _update_scan_actions | scrollbar_handle_vertical.9.png
[  23% ] _update_scan_actions | scrubber_control_disabled_holo.png
[  23% ] _update_scan_actions | scrubber_control_focused_holo.png
[  23% ] _update_scan_actions | scrubber_control_normal_holo.png
[  23% ] _update_scan_actions | scrubber_control_on_mtrl_alpha.png
[  23% ] _update_scan_actions | scrubber_control_on_pressed_mtrl_alpha.png
[  23% ] _update_scan_actions | scrubber_control_pressed_holo.png
[  23% ] _update_scan_actions | scrubber_primary_holo.9.png
[  23% ] _update_scan_actions | scrubber_primary_mtrl_alpha.9.png
[  23% ] _update_scan_actions | scrubber_secondary_holo.9.png
[  23% ] _update_scan_actions | scrubber_track_holo_dark.9.png
[  23% ] _update_scan_actions | scrubber_track_holo_light.9.png
[  23% ] _update_scan_actions | scrubber_track_mtrl_alpha.9.png
[  23% ] _update_scan_actions | search_dropdown_background.9.png
[  23% ] _update_scan_actions | search_plate.9.png
[  23% ] _update_scan_actions | search_plate_global.9.png
[  23% ] _update_scan_actions | seek_thumb_normal.png
[  23% ] _update_scan_actions | seek_thumb_pressed.png
[  23% ] _update_scan_actions | seek_thumb_selected.png
[  23% ] _update_scan_actions | settings_header_raw.9.png
[  23% ] _update_scan_actions | sim_dark_blue.9.png
[  23% ] _update_scan_actions | sim_dark_green.9.png
[  23% ] _update_scan_actions | sim_dark_orange.9.png
[  23% ] _update_scan_actions | sim_dark_purple.9.png
[  23% ] _update_scan_actions | sim_light_blue.9.png
[  23% ] _update_scan_actions | sim_light_green.9.png
[  23% ] _update_scan_actions | sim_light_orange.9.png
[  23% ] _update_scan_actions | sim_light_purple.9.png
[  23% ] _update_scan_actions | spinner_16_inner_holo.png
[  23% ] _update_scan_actions | spinner_16_outer_holo.png
[  23% ] _update_scan_actions | spinner_48_inner_holo.png
[  23% ] _update_scan_actions | spinner_48_outer_holo.png
[  23% ] _update_scan_actions | spinner_76_inner_holo.png
[  23% ] _update_scan_actions | spinner_76_outer_holo.png
[  23% ] _update_scan_actions | spinner_ab_default_holo_dark_am.9.png
[  23% ] _update_scan_actions | spinner_ab_default_holo_light_am.9.png
[  23% ] _update_scan_actions | spinner_ab_disabled_holo_dark_am.9.png
[  23% ] _update_scan_actions | spinner_ab_disabled_holo_light_am.9.png
[  23% ] _update_scan_actions | spinner_ab_focused_holo_dark_am.9.png
[  23% ] _update_scan_actions | spinner_ab_focused_holo_light_am.9.png
[  23% ] _update_scan_actions | spinner_ab_pressed_holo_dark_am.9.png
[  23% ] _update_scan_actions | spinner_ab_pressed_holo_light_am.9.png
[  23% ] _update_scan_actions | spinner_black_16.png
[  23% ] _update_scan_actions | spinner_black_20.png
[  23% ] _update_scan_actions | spinner_black_48.png
[  23% ] _update_scan_actions | spinner_black_76.png
[  23% ] _update_scan_actions | spinner_default_holo_dark_am.9.png
[  23% ] _update_scan_actions | spinner_default_holo_light_am.9.png
[  23% ] _update_scan_actions | spinner_disabled_holo_dark_am.9.png
[  24% ] _update_scan_actions | spinner_disabled_holo_light_am.9.png
[  24% ] _update_scan_actions | spinner_dropdown_background_down.9.png
[  24% ] _update_scan_actions | spinner_dropdown_background_up.9.png
[  24% ] _update_scan_actions | spinner_focused_holo_dark_am.9.png
[  24% ] _update_scan_actions | spinner_focused_holo_light_am.9.png
[  24% ] _update_scan_actions | spinner_normal.9.png
[  24% ] _update_scan_actions | spinner_press.9.png
[  24% ] _update_scan_actions | spinner_pressed_holo_dark_am.9.png
[  24% ] _update_scan_actions | spinner_pressed_holo_light_am.9.png
[  24% ] _update_scan_actions | spinner_select.9.png
[  24% ] _update_scan_actions | spinner_white_16.png
[  24% ] _update_scan_actions | spinner_white_48.png
[  24% ] _update_scan_actions | spinner_white_76.png
[  24% ] _update_scan_actions | star_big_off.png
[  24% ] _update_scan_actions | star_big_on.png
[  24% ] _update_scan_actions | star_off.png
[  24% ] _update_scan_actions | star_on.png
[  24% ] _update_scan_actions | statusbar_background.9.png
[  24% ] _update_scan_actions | status_bar_background.png
[  24% ] _update_scan_actions | status_bar_header_background.9.png
[  24% ] _update_scan_actions | status_bar_item_app_background_normal.9.png
[  24% ] _update_scan_actions | status_bar_item_background_focus.9.png
[  24% ] _update_scan_actions | status_bar_item_background_normal.9.png
[  24% ] _update_scan_actions | status_bar_item_background_pressed.9.png
[  24% ] _update_scan_actions | stat_ecb_mode.png
[  24% ] _update_scan_actions | stat_notify_car_mode.png
[  24% ] _update_scan_actions | stat_notify_chat.png
[  24% ] _update_scan_actions | stat_notify_disk_full.png
[  24% ] _update_scan_actions | stat_notify_email_generic.png
[  24% ] _update_scan_actions | stat_notify_error.png
[  24% ] _update_scan_actions | stat_notify_gmail.png
[  24% ] _update_scan_actions | stat_notify_missed_call.png
[  24% ] _update_scan_actions | stat_notify_mmcc_indication_icn.png
[  24% ] _update_scan_actions | stat_notify_more.png
[  24% ] _update_scan_actions | stat_notify_rssi_in_range.png
[  24% ] _update_scan_actions | stat_notify_sdcard.png
[  24% ] _update_scan_actions | stat_notify_sdcard_prepare.png
[  24% ] _update_scan_actions | stat_notify_sdcard_usb.png
[  24% ] _update_scan_actions | stat_notify_sim_toolkit.png
[  24% ] _update_scan_actions | stat_notify_sync.png
[  24% ] _update_scan_actions | stat_notify_sync_anim0.png
[  24% ] _update_scan_actions | stat_notify_sync_error.png
[  24% ] _update_scan_actions | stat_notify_voicemail.png
[  24% ] _update_scan_actions | stat_sys_battery_0.png
[  24% ] _update_scan_actions | stat_sys_battery_10.png
[  24% ] _update_scan_actions | stat_sys_battery_15.png
[  24% ] _update_scan_actions | stat_sys_battery_20.png
[  24% ] _update_scan_actions | stat_sys_battery_28.png
[  24% ] _update_scan_actions | stat_sys_battery_40.png
[  24% ] _update_scan_actions | stat_sys_battery_43.png
[  24% ] _update_scan_actions | stat_sys_battery_57.png
[  24% ] _update_scan_actions | stat_sys_battery_60.png
[  24% ] _update_scan_actions | stat_sys_battery_71.png
[  24% ] _update_scan_actions | stat_sys_battery_80.png
[  24% ] _update_scan_actions | stat_sys_battery_85.png
[  24% ] _update_scan_actions | stat_sys_battery_100.png
[  24% ] _update_scan_actions | stat_sys_battery_charge_anim0.png
[  24% ] _update_scan_actions | stat_sys_battery_charge_anim1.png
[  24% ] _update_scan_actions | stat_sys_battery_charge_anim2.png
[  24% ] _update_scan_actions | stat_sys_battery_charge_anim3.png
[  24% ] _update_scan_actions | stat_sys_battery_charge_anim4.png
[  24% ] _update_scan_actions | stat_sys_battery_charge_anim5.png
[  24% ] _update_scan_actions | stat_sys_battery_charge_anim15.png
[  24% ] _update_scan_actions | stat_sys_battery_charge_anim28.png
[  24% ] _update_scan_actions | stat_sys_battery_charge_anim43.png
[  24% ] _update_scan_actions | stat_sys_battery_charge_anim57.png
[  24% ] _update_scan_actions | stat_sys_battery_charge_anim71.png
[  24% ] _update_scan_actions | stat_sys_battery_charge_anim85.png
[  25% ] _update_scan_actions | stat_sys_battery_charge_anim100.png
[  25% ] _update_scan_actions | stat_sys_battery_unknown.png
[  25% ] _update_scan_actions | stat_sys_certificate_info.png
[  25% ] _update_scan_actions | stat_sys_data_bluetooth.png
[  25% ] _update_scan_actions | stat_sys_data_usb.png
[  25% ] _update_scan_actions | stat_sys_data_wimax_signal_3_fully.png
[  25% ] _update_scan_actions | stat_sys_data_wimax_signal_disconnected.png
[  25% ] _update_scan_actions | stat_sys_download_anim0.png
[  25% ] _update_scan_actions | stat_sys_download_anim1.png
[  25% ] _update_scan_actions | stat_sys_download_anim2.png
[  25% ] _update_scan_actions | stat_sys_download_anim3.png
[  25% ] _update_scan_actions | stat_sys_download_anim4.png
[  25% ] _update_scan_actions | stat_sys_download_anim5.png
[  25% ] _update_scan_actions | stat_sys_gps_on.png
[  25% ] _update_scan_actions | stat_sys_headset.png
[  25% ] _update_scan_actions | stat_sys_phone_call.png
[  25% ] _update_scan_actions | stat_sys_phone_call_forward.png
[  25% ] _update_scan_actions | stat_sys_phone_call_on_hold.png
[  25% ] _update_scan_actions | stat_sys_ra_signal_0_cdma.png
[  25% ] _update_scan_actions | stat_sys_ra_signal_1_cdma.png
[  25% ] _update_scan_actions | stat_sys_ra_signal_2_cdma.png
[  25% ] _update_scan_actions | stat_sys_ra_signal_3_cdma.png
[  25% ] _update_scan_actions | stat_sys_ra_signal_4_cdma.png
[  25% ] _update_scan_actions | stat_sys_r_signal_0_cdma.png
[  25% ] _update_scan_actions | stat_sys_r_signal_1_cdma.png
[  25% ] _update_scan_actions | stat_sys_r_signal_2_cdma.png
[  25% ] _update_scan_actions | stat_sys_r_signal_3_cdma.png
[  25% ] _update_scan_actions | stat_sys_r_signal_4_cdma.png
[  25% ] _update_scan_actions | stat_sys_signal_0_cdma.png
[  25% ] _update_scan_actions | stat_sys_signal_1_cdma.png
[  25% ] _update_scan_actions | stat_sys_signal_2_cdma.png
[  25% ] _update_scan_actions | stat_sys_signal_3_cdma.png
[  25% ] _update_scan_actions | stat_sys_signal_4_cdma.png
[  25% ] _update_scan_actions | stat_sys_signal_evdo_0.png
[  25% ] _update_scan_actions | stat_sys_signal_evdo_1.png
[  25% ] _update_scan_actions | stat_sys_signal_evdo_2.png
[  25% ] _update_scan_actions | stat_sys_signal_evdo_3.png
[  25% ] _update_scan_actions | stat_sys_signal_evdo_4.png
[  25% ] _update_scan_actions | stat_sys_throttled.png
[  25% ] _update_scan_actions | stat_sys_upload_anim0.png
[  25% ] _update_scan_actions | stat_sys_upload_anim1.png
[  25% ] _update_scan_actions | stat_sys_upload_anim2.png
[  25% ] _update_scan_actions | stat_sys_upload_anim3.png
[  25% ] _update_scan_actions | stat_sys_upload_anim4.png
[  25% ] _update_scan_actions | stat_sys_upload_anim5.png
[  25% ] _update_scan_actions | stat_sys_vp_phone_call.png
[  25% ] _update_scan_actions | stat_sys_vp_phone_call_on_hold.png
[  25% ] _update_scan_actions | stat_sys_warning.png
[  25% ] _update_scan_actions | submenu_arrow_nofocus.png
[  25% ] _update_scan_actions | switch_bg_disabled_holo_dark.9.png
[  25% ] _update_scan_actions | switch_bg_disabled_holo_light.9.png
[  25% ] _update_scan_actions | switch_bg_focused_holo_dark.9.png
[  25% ] _update_scan_actions | switch_bg_focused_holo_light.9.png
[  25% ] _update_scan_actions | switch_bg_holo_dark.9.png
[  25% ] _update_scan_actions | switch_bg_holo_light.9.png
[  25% ] _update_scan_actions | switch_thumb_activated_holo_dark.9.png
[  25% ] _update_scan_actions | switch_thumb_activated_holo_light.9.png
[  25% ] _update_scan_actions | switch_thumb_disabled_holo_dark.9.png
[  25% ] _update_scan_actions | switch_thumb_disabled_holo_light.9.png
[  25% ] _update_scan_actions | switch_thumb_holo_dark.9.png
[  25% ] _update_scan_actions | switch_thumb_holo_light.9.png
[  25% ] _update_scan_actions | switch_thumb_pressed_holo_dark.9.png
[  25% ] _update_scan_actions | switch_thumb_pressed_holo_light.9.png
[  25% ] _update_scan_actions | sym_action_add.png
[  25% ] _update_scan_actions | sym_action_call.png
[  25% ] _update_scan_actions | sym_action_chat.png
[  25% ] _update_scan_actions | sym_action_email.png
[  25% ] _update_scan_actions | sym_call_incoming.png
[  25% ] _update_scan_actions | sym_call_missed.png
[  26% ] _update_scan_actions | sym_call_outgoing.png
[  26% ] _update_scan_actions | sym_contact_card.png
[  26% ] _update_scan_actions | sym_keyboard_delete.png
[  26% ] _update_scan_actions | sym_keyboard_delete_dim.png
[  26% ] _update_scan_actions | sym_keyboard_enter.png
[  26% ] _update_scan_actions | sym_keyboard_feedback_delete.png
[  26% ] _update_scan_actions | sym_keyboard_feedback_ok.png
[  26% ] _update_scan_actions | sym_keyboard_feedback_return.png
[  26% ] _update_scan_actions | sym_keyboard_feedback_shift.png
[  26% ] _update_scan_actions | sym_keyboard_feedback_shift_locked.png
[  26% ] _update_scan_actions | sym_keyboard_feedback_space.png
[  26% ] _update_scan_actions | sym_keyboard_num0_no_plus.png
[  26% ] _update_scan_actions | sym_keyboard_num1.png
[  26% ] _update_scan_actions | sym_keyboard_num2.png
[  26% ] _update_scan_actions | sym_keyboard_num3.png
[  26% ] _update_scan_actions | sym_keyboard_num4.png
[  26% ] _update_scan_actions | sym_keyboard_num5.png
[  26% ] _update_scan_actions | sym_keyboard_num6.png
[  26% ] _update_scan_actions | sym_keyboard_num7.png
[  26% ] _update_scan_actions | sym_keyboard_num8.png
[  26% ] _update_scan_actions | sym_keyboard_num9.png
[  26% ] _update_scan_actions | sym_keyboard_ok.png
[  26% ] _update_scan_actions | sym_keyboard_ok_dim.png
[  26% ] _update_scan_actions | sym_keyboard_return.png
[  26% ] _update_scan_actions | sym_keyboard_shift.png
[  26% ] _update_scan_actions | sym_keyboard_shift_locked.png
[  26% ] _update_scan_actions | sym_keyboard_space.png
[  26% ] _update_scan_actions | tab_bottom_holo.9.png
[  26% ] _update_scan_actions | tab_focus.9.png
[  26% ] _update_scan_actions | tab_focus_bar_left.9.png
[  26% ] _update_scan_actions | tab_focus_bar_right.9.png
[  26% ] _update_scan_actions | tab_indicator_mtrl_alpha.9.png
[  26% ] _update_scan_actions | tab_press.9.png
[  26% ] _update_scan_actions | tab_pressed_holo.9.png
[  26% ] _update_scan_actions | tab_press_bar_left.9.png
[  26% ] _update_scan_actions | tab_press_bar_right.9.png
[  26% ] _update_scan_actions | tab_selected.9.png
[  26% ] _update_scan_actions | tab_selected_bar_left.9.png
[  26% ] _update_scan_actions | tab_selected_bar_left_v4.9.png
[  26% ] _update_scan_actions | tab_selected_bar_right.9.png
[  26% ] _update_scan_actions | tab_selected_bar_right_v4.9.png
[  26% ] _update_scan_actions | tab_selected_focused_holo.9.png
[  26% ] _update_scan_actions | tab_selected_holo.9.png
[  26% ] _update_scan_actions | tab_selected_pressed_holo.9.png
[  26% ] _update_scan_actions | tab_selected_v4.9.png
[  26% ] _update_scan_actions | tab_unselected.9.png
[  26% ] _update_scan_actions | tab_unselected_focused_holo.9.png
[  26% ] _update_scan_actions | tab_unselected_holo.9.png
[  26% ] _update_scan_actions | tab_unselected_pressed_holo.9.png
[  26% ] _update_scan_actions | tab_unselected_v4.9.png
[  26% ] _update_scan_actions | textfield_activated_holo_dark.9.png
[  26% ] _update_scan_actions | textfield_activated_holo_light.9.png
[  26% ] _update_scan_actions | textfield_activated_mtrl_alpha.9.png
[  26% ] _update_scan_actions | textfield_bg_activated_holo_dark.9.png
[  26% ] _update_scan_actions | textfield_bg_default_holo_dark.9.png
[  26% ] _update_scan_actions | textfield_bg_disabled_focused_holo_dark.9.png
[  26% ] _update_scan_actions | textfield_bg_disabled_holo_dark.9.png
[  26% ] _update_scan_actions | textfield_bg_focused_holo_dark.9.png
[  26% ] _update_scan_actions | textfield_default.9.png
[  26% ] _update_scan_actions | textfield_default_holo_dark.9.png
[  26% ] _update_scan_actions | textfield_default_holo_light.9.png
[  26% ] _update_scan_actions | textfield_default_mtrl_alpha.9.png
[  26% ] _update_scan_actions | textfield_disabled.9.png
[  26% ] _update_scan_actions | textfield_disabled_focused_holo_dark.9.png
[  26% ] _update_scan_actions | textfield_disabled_focused_holo_light.9.png
[  26% ] _update_scan_actions | textfield_disabled_holo_dark.9.png
[  26% ] _update_scan_actions | textfield_disabled_holo_light.9.png
[  26% ] _update_scan_actions | textfield_disabled_selected.9.png
[  27% ] _update_scan_actions | textfield_focused_holo_dark.9.png
[  27% ] _update_scan_actions | textfield_focused_holo_light.9.png
[  27% ] _update_scan_actions | textfield_longpress_holo.9.png
[  27% ] _update_scan_actions | textfield_multiline_activated_holo_dark.9.png
[  27% ] _update_scan_actions | textfield_multiline_activated_holo_light.9.png
[  27% ] _update_scan_actions | textfield_multiline_default_holo_dark.9.png
[  27% ] _update_scan_actions | textfield_multiline_default_holo_light.9.png
[  27% ] _update_scan_actions | textfield_multiline_disabled_focused_holo_dark.9.png
[  27% ] _update_scan_actions | textfield_multiline_disabled_focused_holo_light.9.png
[  27% ] _update_scan_actions | textfield_multiline_disabled_holo_dark.9.png
[  27% ] _update_scan_actions | textfield_multiline_disabled_holo_light.9.png
[  27% ] _update_scan_actions | textfield_multiline_focused_holo_dark.9.png
[  27% ] _update_scan_actions | textfield_multiline_focused_holo_light.9.png
[  27% ] _update_scan_actions | textfield_pressed_holo.9.png
[  27% ] _update_scan_actions | textfield_search_activated_mtrl_alpha.9.png
[  27% ] _update_scan_actions | textfield_search_default.9.png
[  27% ] _update_scan_actions | textfield_search_default_holo_dark.9.png
[  27% ] _update_scan_actions | textfield_search_default_holo_light.9.png
[  27% ] _update_scan_actions | textfield_search_default_mtrl_alpha.9.png
[  27% ] _update_scan_actions | textfield_search_empty_default.9.png
[  27% ] _update_scan_actions | textfield_search_empty_pressed.9.png
[  27% ] _update_scan_actions | textfield_search_empty_selected.9.png
[  27% ] _update_scan_actions | textfield_search_pressed.9.png
[  27% ] _update_scan_actions | textfield_search_right_default_holo_dark.9.png
[  27% ] _update_scan_actions | textfield_search_right_default_holo_light.9.png
[  27% ] _update_scan_actions | textfield_search_right_selected_holo_dark.9.png
[  27% ] _update_scan_actions | textfield_search_right_selected_holo_light.9.png
[  27% ] _update_scan_actions | textfield_search_selected.9.png
[  27% ] _update_scan_actions | textfield_search_selected_holo_dark.9.png
[  27% ] _update_scan_actions | textfield_search_selected_holo_light.9.png
[  27% ] _update_scan_actions | textfield_selected.9.png
[  27% ] _update_scan_actions | text_edit_paste_window.9.png
[  27% ] _update_scan_actions | text_edit_side_paste_window.9.png
[  27% ] _update_scan_actions | text_edit_suggestions_window.9.png
[  27% ] _update_scan_actions | text_select_handle_left_mtrl_alpha.png
[  27% ] _update_scan_actions | text_select_handle_middle_mtrl_alpha.png
[  27% ] _update_scan_actions | text_select_handle_right_mtrl_alpha.png
[  27% ] _update_scan_actions | title_bar_medium.9.png
[  27% ] _update_scan_actions | title_bar_portrait.9.png
[  27% ] _update_scan_actions | title_bar_tall.9.png
[  27% ] _update_scan_actions | transportcontrol_bg.9.png
[  27% ] _update_scan_actions | unknown_image.png
[  27% ] _update_scan_actions | vpn_connected.png
[  27% ] _update_scan_actions | vpn_disconnected.png
[  27% ] _update_scan_actions | watch_switch_thumb_mtrl_14w.png
[  27% ] _update_scan_actions | watch_switch_thumb_mtrl_15w.png
[  27% ] _update_scan_actions | watch_switch_thumb_mtrl_16w.png
[  27% ] _update_scan_actions | watch_switch_thumb_mtrl_17w.png
[  27% ] _update_scan_actions | watch_switch_thumb_mtrl_18w.png
[  27% ] _update_scan_actions | watch_switch_track_mtrl.png
[  27% ] _update_scan_actions | zoom_plate.9.png
[  27% ] _update_scan_actions | btn_lock_normal.9.png
[  27% ] _update_scan_actions | jog_tab_bar_left_end_confirm_gray.9.png
[  27% ] _update_scan_actions | jog_tab_bar_left_end_confirm_green.9.png
[  27% ] _update_scan_actions | jog_tab_bar_left_end_confirm_red.9.png
[  27% ] _update_scan_actions | jog_tab_bar_left_end_confirm_yellow.9.png
[  27% ] _update_scan_actions | jog_tab_bar_left_end_normal.9.png
[  27% ] _update_scan_actions | jog_tab_bar_left_end_pressed.9.png
[  27% ] _update_scan_actions | jog_tab_bar_right_end_confirm_gray.9.png
[  27% ] _update_scan_actions | jog_tab_bar_right_end_confirm_green.9.png
[  27% ] _update_scan_actions | jog_tab_bar_right_end_confirm_red.9.png
[  27% ] _update_scan_actions | jog_tab_bar_right_end_confirm_yellow.9.png
[  27% ] _update_scan_actions | jog_tab_bar_right_end_normal.9.png
[  27% ] _update_scan_actions | jog_tab_bar_right_end_pressed.9.png
[  27% ] _update_scan_actions | jog_tab_left_confirm_gray.png
[  27% ] _update_scan_actions | jog_tab_left_confirm_green.png
[  27% ] _update_scan_actions | jog_tab_left_confirm_red.png
[  27% ] _update_scan_actions | jog_tab_left_confirm_yellow.png
[  27% ] _update_scan_actions | jog_tab_left_normal.png
[  28% ] _update_scan_actions | jog_tab_left_pressed.png
[  28% ] _update_scan_actions | jog_tab_right_confirm_gray.png
[  28% ] _update_scan_actions | jog_tab_right_confirm_green.png
[  28% ] _update_scan_actions | jog_tab_right_confirm_red.png
[  28% ] _update_scan_actions | jog_tab_right_confirm_yellow.png
[  28% ] _update_scan_actions | jog_tab_right_normal.png
[  28% ] _update_scan_actions | jog_tab_right_pressed.png
[  28% ] _update_scan_actions | jog_tab_target_gray.png
[  28% ] _update_scan_actions | jog_tab_target_green.png
[  28% ] _update_scan_actions | jog_tab_target_red.png
[  28% ] _update_scan_actions | jog_tab_target_yellow.png
[  28% ] _update_scan_actions | btn_lock_normal.9.png
[  28% ] _update_scan_actions | ic_jog_dial_sound_off.png
[  28% ] _update_scan_actions | ic_jog_dial_sound_on.png
[  28% ] _update_scan_actions | ic_jog_dial_unlock.png
[  28% ] _update_scan_actions | jog_tab_bar_left_end_confirm_gray.9.png
[  28% ] _update_scan_actions | jog_tab_bar_left_end_confirm_green.9.png
[  28% ] _update_scan_actions | jog_tab_bar_left_end_confirm_red.9.png
[  28% ] _update_scan_actions | jog_tab_bar_left_end_confirm_yellow.9.png
[  28% ] _update_scan_actions | jog_tab_bar_left_end_normal.9.png
[  28% ] _update_scan_actions | jog_tab_bar_left_end_pressed.9.png
[  28% ] _update_scan_actions | jog_tab_bar_right_end_confirm_gray.9.png
[  28% ] _update_scan_actions | jog_tab_bar_right_end_confirm_green.9.png
[  28% ] _update_scan_actions | jog_tab_bar_right_end_confirm_red.9.png
[  28% ] _update_scan_actions | jog_tab_bar_right_end_confirm_yellow.9.png
[  28% ] _update_scan_actions | jog_tab_bar_right_end_normal.9.png
[  28% ] _update_scan_actions | jog_tab_bar_right_end_pressed.9.png
[  28% ] _update_scan_actions | jog_tab_left_confirm_gray.png
[  28% ] _update_scan_actions | jog_tab_left_confirm_green.png
[  28% ] _update_scan_actions | jog_tab_left_confirm_red.png
[  28% ] _update_scan_actions | jog_tab_left_confirm_yellow.png
[  28% ] _update_scan_actions | jog_tab_left_normal.png
[  28% ] _update_scan_actions | jog_tab_left_pressed.png
[  28% ] _update_scan_actions | jog_tab_right_confirm_gray.png
[  28% ] _update_scan_actions | jog_tab_right_confirm_green.png
[  28% ] _update_scan_actions | jog_tab_right_confirm_red.png
[  28% ] _update_scan_actions | jog_tab_right_confirm_yellow.png
[  28% ] _update_scan_actions | jog_tab_right_normal.png
[  28% ] _update_scan_actions | jog_tab_right_pressed.png
[  28% ] _update_scan_actions | jog_tab_target_gray.png
[  28% ] _update_scan_actions | jog_tab_target_green.png
[  28% ] _update_scan_actions | jog_tab_target_red.png
[  28% ] _update_scan_actions | jog_tab_target_yellow.png
[  28% ] _update_scan_actions | btn_lock_normal.9.png
[  28% ] _update_scan_actions | jog_tab_bar_left_end_confirm_gray.9.png
[  28% ] _update_scan_actions | jog_tab_bar_left_end_confirm_green.9.png
[  28% ] _update_scan_actions | jog_tab_bar_left_end_confirm_red.9.png
[  28% ] _update_scan_actions | jog_tab_bar_left_end_confirm_yellow.9.png
[  28% ] _update_scan_actions | jog_tab_bar_left_end_normal.9.png
[  28% ] _update_scan_actions | jog_tab_bar_left_end_pressed.9.png
[  28% ] _update_scan_actions | jog_tab_bar_right_end_confirm_gray.9.png
[  28% ] _update_scan_actions | jog_tab_bar_right_end_confirm_green.9.png
[  28% ] _update_scan_actions | jog_tab_bar_right_end_confirm_red.9.png
[  28% ] _update_scan_actions | jog_tab_bar_right_end_confirm_yellow.9.png
[  28% ] _update_scan_actions | jog_tab_bar_right_end_normal.9.png
[  28% ] _update_scan_actions | jog_tab_bar_right_end_pressed.9.png
[  28% ] _update_scan_actions | jog_tab_left_confirm_gray.png
[  28% ] _update_scan_actions | jog_tab_left_confirm_green.png
[  28% ] _update_scan_actions | jog_tab_left_confirm_red.png
[  28% ] _update_scan_actions | jog_tab_left_confirm_yellow.png
[  28% ] _update_scan_actions | jog_tab_left_normal.png
[  28% ] _update_scan_actions | jog_tab_left_pressed.png
[  28% ] _update_scan_actions | jog_tab_right_confirm_gray.png
[  28% ] _update_scan_actions | jog_tab_right_confirm_green.png
[  28% ] _update_scan_actions | jog_tab_right_confirm_red.png
[  28% ] _update_scan_actions | jog_tab_right_confirm_yellow.png
[  28% ] _update_scan_actions | jog_tab_right_normal.png
[  28% ] _update_scan_actions | jog_tab_right_pressed.png
[  29% ] _update_scan_actions | jog_tab_target_gray.png
[  29% ] _update_scan_actions | jog_tab_target_green.png
[  29% ] _update_scan_actions | jog_tab_target_red.png
[  29% ] _update_scan_actions | jog_tab_target_yellow.png
[  29% ] _update_scan_actions | btn_lock_normal.9.png
[  29% ] _update_scan_actions | activity_title_bar.9.png
[  29% ] _update_scan_actions | arrow_down_float.png
[  29% ] _update_scan_actions | arrow_up_float.png
[  29% ] _update_scan_actions | battery_charge_background.png
[  29% ] _update_scan_actions | bottom_bar.png
[  29% ] _update_scan_actions | btn_check_buttonless_off.png
[  29% ] _update_scan_actions | btn_check_buttonless_on.png
[  29% ] _update_scan_actions | btn_check_label_background.9.png
[  29% ] _update_scan_actions | btn_check_off.png
[  29% ] _update_scan_actions | btn_check_off_disable.png
[  29% ] _update_scan_actions | btn_check_off_disable_focused.png
[  29% ] _update_scan_actions | btn_check_off_pressed.png
[  29% ] _update_scan_actions | btn_check_off_selected.png
[  29% ] _update_scan_actions | btn_check_on.png
[  29% ] _update_scan_actions | btn_check_on_disable.png
[  29% ] _update_scan_actions | btn_check_on_disable_focused.png
[  29% ] _update_scan_actions | btn_check_on_pressed.png
[  29% ] _update_scan_actions | btn_check_on_selected.png
[  29% ] _update_scan_actions | btn_circle_disable.png
[  29% ] _update_scan_actions | btn_circle_disable_focused.png
[  29% ] _update_scan_actions | btn_circle_normal.png
[  29% ] _update_scan_actions | btn_circle_pressed.png
[  29% ] _update_scan_actions | btn_circle_selected.png
[  29% ] _update_scan_actions | btn_close_normal.png
[  29% ] _update_scan_actions | btn_close_pressed.png
[  29% ] _update_scan_actions | btn_close_selected.png
[  29% ] _update_scan_actions | btn_default_normal.9.png
[  29% ] _update_scan_actions | btn_default_normal_disable.9.png
[  29% ] _update_scan_actions | btn_default_normal_disable_focused.9.png
[  29% ] _update_scan_actions | btn_default_pressed.9.png
[  29% ] _update_scan_actions | btn_default_selected.9.png
[  29% ] _update_scan_actions | btn_default_small_normal.9.png
[  29% ] _update_scan_actions | btn_default_small_normal_disable.9.png
[  29% ] _update_scan_actions | btn_default_small_normal_disable_focused.9.png
[  29% ] _update_scan_actions | btn_default_small_pressed.9.png
[  29% ] _update_scan_actions | btn_default_small_selected.9.png
[  29% ] _update_scan_actions | btn_default_transparent_normal.9.png
[  29% ] _update_scan_actions | btn_dialog_disable.png
[  29% ] _update_scan_actions | btn_dialog_normal.png
[  29% ] _update_scan_actions | btn_dialog_pressed.png
[  29% ] _update_scan_actions | btn_dialog_selected.png
[  29% ] _update_scan_actions | btn_dropdown_disabled.9.png
[  29% ] _update_scan_actions | btn_dropdown_disabled_focused.9.png
[  29% ] _update_scan_actions | btn_dropdown_normal.9.png
[  29% ] _update_scan_actions | btn_dropdown_pressed.9.png
[  29% ] _update_scan_actions | btn_dropdown_selected.9.png
[  29% ] _update_scan_actions | btn_erase_default.9.png
[  29% ] _update_scan_actions | btn_erase_pressed.9.png
[  29% ] _update_scan_actions | btn_erase_selected.9.png
[  29% ] _update_scan_actions | btn_global_search_normal.9.png
[  29% ] _update_scan_actions | btn_keyboard_key_fulltrans_normal.9.png
[  29% ] _update_scan_actions | btn_keyboard_key_fulltrans_normal_off.9.png
[  29% ] _update_scan_actions | btn_keyboard_key_fulltrans_normal_on.9.png
[  29% ] _update_scan_actions | btn_keyboard_key_fulltrans_pressed.9.png
[  29% ] _update_scan_actions | btn_keyboard_key_fulltrans_pressed_off.9.png
[  29% ] _update_scan_actions | btn_keyboard_key_fulltrans_pressed_on.9.png
[  29% ] _update_scan_actions | btn_keyboard_key_normal.9.png
[  29% ] _update_scan_actions | btn_keyboard_key_normal_off.9.png
[  29% ] _update_scan_actions | btn_keyboard_key_normal_on.9.png
[  29% ] _update_scan_actions | btn_keyboard_key_pressed.9.png
[  29% ] _update_scan_actions | btn_keyboard_key_pressed_off.9.png
[  29% ] _update_scan_actions | btn_keyboard_key_pressed_on.9.png
[  29% ] _update_scan_actions | btn_keyboard_key_trans_normal.9.png
[  30% ] _update_scan_actions | btn_keyboard_key_trans_normal_off.9.png
[  30% ] _update_scan_actions | btn_keyboard_key_trans_normal_on.9.png
[  30% ] _update_scan_actions | btn_keyboard_key_trans_pressed.9.png
[  30% ] _update_scan_actions | btn_keyboard_key_trans_pressed_off.9.png
[  30% ] _update_scan_actions | btn_keyboard_key_trans_pressed_on.9.png
[  30% ] _update_scan_actions | btn_keyboard_key_trans_selected.9.png
[  30% ] _update_scan_actions | btn_media_player.9.png
[  30% ] _update_scan_actions | btn_media_player_disabled.9.png
[  30% ] _update_scan_actions | btn_media_player_disabled_selected.9.png
[  30% ] _update_scan_actions | btn_media_player_pressed.9.png
[  30% ] _update_scan_actions | btn_media_player_selected.9.png
[  30% ] _update_scan_actions | btn_minus_default.png
[  30% ] _update_scan_actions | btn_minus_disable.png
[  30% ] _update_scan_actions | btn_minus_disable_focused.png
[  30% ] _update_scan_actions | btn_minus_pressed.png
[  30% ] _update_scan_actions | btn_minus_selected.png
[  30% ] _update_scan_actions | btn_plus_default.png
[  30% ] _update_scan_actions | btn_plus_disable.png
[  30% ] _update_scan_actions | btn_plus_disable_focused.png
[  30% ] _update_scan_actions | btn_plus_pressed.png
[  30% ] _update_scan_actions | btn_plus_selected.png
[  30% ] _update_scan_actions | btn_radio_label_background.9.png
[  30% ] _update_scan_actions | btn_radio_off.png
[  30% ] _update_scan_actions | btn_radio_off_pressed.png
[  30% ] _update_scan_actions | btn_radio_off_selected.png
[  30% ] _update_scan_actions | btn_radio_on.png
[  30% ] _update_scan_actions | btn_radio_on_pressed.png
[  30% ] _update_scan_actions | btn_radio_on_selected.png
[  30% ] _update_scan_actions | btn_rating_star_off_normal.png
[  30% ] _update_scan_actions | btn_rating_star_off_pressed.png
[  30% ] _update_scan_actions | btn_rating_star_off_selected.png
[  30% ] _update_scan_actions | btn_rating_star_on_normal.png
[  30% ] _update_scan_actions | btn_rating_star_on_pressed.png
[  30% ] _update_scan_actions | btn_rating_star_on_selected.png
[  30% ] _update_scan_actions | btn_search_dialog_default.9.png
[  30% ] _update_scan_actions | btn_search_dialog_pressed.9.png
[  30% ] _update_scan_actions | btn_search_dialog_selected.9.png
[  30% ] _update_scan_actions | btn_search_dialog_voice_default.9.png
[  30% ] _update_scan_actions | btn_search_dialog_voice_pressed.9.png
[  30% ] _update_scan_actions | btn_search_dialog_voice_selected.9.png
[  30% ] _update_scan_actions | btn_square_overlay_disabled.png
[  30% ] _update_scan_actions | btn_square_overlay_disabled_focused.png
[  30% ] _update_scan_actions | btn_square_overlay_normal.png
[  30% ] _update_scan_actions | btn_square_overlay_pressed.png
[  30% ] _update_scan_actions | btn_square_overlay_selected.png
[  30% ] _update_scan_actions | btn_star_big_off.png
[  30% ] _update_scan_actions | btn_star_big_off_disable.png
[  30% ] _update_scan_actions | btn_star_big_off_disable_focused.png
[  30% ] _update_scan_actions | btn_star_big_off_pressed.png
[  30% ] _update_scan_actions | btn_star_big_off_selected.png
[  30% ] _update_scan_actions | btn_star_big_on.png
[  30% ] _update_scan_actions | btn_star_big_on_disable.png
[  30% ] _update_scan_actions | btn_star_big_on_disable_focused.png
[  30% ] _update_scan_actions | btn_star_big_on_pressed.png
[  30% ] _update_scan_actions | btn_star_big_on_selected.png
[  30% ] _update_scan_actions | btn_star_label_background.9.png
[  30% ] _update_scan_actions | btn_toggle_off.9.png
[  30% ] _update_scan_actions | btn_toggle_on.9.png
[  30% ] _update_scan_actions | btn_zoom_down_disabled.9.png
[  30% ] _update_scan_actions | btn_zoom_down_disabled_focused.9.png
[  30% ] _update_scan_actions | btn_zoom_down_normal.9.png
[  30% ] _update_scan_actions | btn_zoom_down_pressed.9.png
[  30% ] _update_scan_actions | btn_zoom_down_selected.9.png
[  30% ] _update_scan_actions | btn_zoom_page_normal.png
[  30% ] _update_scan_actions | btn_zoom_page_press.png
[  30% ] _update_scan_actions | btn_zoom_up_disabled.9.png
[  30% ] _update_scan_actions | btn_zoom_up_disabled_focused.9.png
[  30% ] _update_scan_actions | btn_zoom_up_normal.9.png
[  30% ] _update_scan_actions | btn_zoom_up_pressed.9.png
[  31% ] _update_scan_actions | btn_zoom_up_selected.9.png
[  31% ] _update_scan_actions | button_onoff_indicator_off.png
[  31% ] _update_scan_actions | button_onoff_indicator_on.png
[  31% ] _update_scan_actions | call_contact.png
[  31% ] _update_scan_actions | checkbox_off_background.png
[  31% ] _update_scan_actions | checkbox_on_background.png
[  31% ] _update_scan_actions | code_lock_bottom.9.png
[  31% ] _update_scan_actions | code_lock_left.9.png
[  31% ] _update_scan_actions | code_lock_top.9.png
[  31% ] _update_scan_actions | compass_arrow.png
[  31% ] _update_scan_actions | compass_base.png
[  31% ] _update_scan_actions | contact_header_bg.9.png
[  31% ] _update_scan_actions | create_contact.png
[  31% ] _update_scan_actions | dark_header.9.png
[  31% ] _update_scan_actions | dialog_divider_horizontal_light.9.png
[  31% ] _update_scan_actions | divider_horizontal_bright.9.png
[  31% ] _update_scan_actions | divider_horizontal_bright_opaque.9.png
[  31% ] _update_scan_actions | divider_horizontal_dark.9.png
[  31% ] _update_scan_actions | divider_horizontal_dark_opaque.9.png
[  31% ] _update_scan_actions | divider_horizontal_dim_dark.9.png
[  31% ] _update_scan_actions | divider_horizontal_textfield.9.png
[  31% ] _update_scan_actions | divider_vertical_bright.9.png
[  31% ] _update_scan_actions | divider_vertical_bright_opaque.9.png
[  31% ] _update_scan_actions | divider_vertical_dark.9.png
[  31% ] _update_scan_actions | divider_vertical_dark_opaque.9.png
[  31% ] _update_scan_actions | editbox_background_focus_yellow.9.png
[  31% ] _update_scan_actions | editbox_background_normal.9.png
[  31% ] _update_scan_actions | editbox_dropdown_background.9.png
[  31% ] _update_scan_actions | editbox_dropdown_background_dark.9.png
[  31% ] _update_scan_actions | emo_im_angel.png
[  31% ] _update_scan_actions | emo_im_cool.png
[  31% ] _update_scan_actions | emo_im_crying.png
[  31% ] _update_scan_actions | emo_im_foot_in_mouth.png
[  31% ] _update_scan_actions | emo_im_happy.png
[  31% ] _update_scan_actions | emo_im_kissing.png
[  31% ] _update_scan_actions | emo_im_laughing.png
[  31% ] _update_scan_actions | emo_im_lips_are_sealed.png
[  31% ] _update_scan_actions | emo_im_money_mouth.png
[  31% ] _update_scan_actions | emo_im_sad.png
[  31% ] _update_scan_actions | emo_im_surprised.png
[  31% ] _update_scan_actions | emo_im_tongue_sticking_out.png
[  31% ] _update_scan_actions | emo_im_undecided.png
[  31% ] _update_scan_actions | emo_im_winking.png
[  31% ] _update_scan_actions | emo_im_wtf.png
[  31% ] _update_scan_actions | emo_im_yelling.png
[  31% ] _update_scan_actions | expander_ic_maximized.9.png
[  31% ] _update_scan_actions | expander_ic_minimized.9.png
[  31% ] _update_scan_actions | focused_application_background_static.png
[  31% ] _update_scan_actions | frame_gallery_thumb.9.png
[  31% ] _update_scan_actions | frame_gallery_thumb_pressed.9.png
[  31% ] _update_scan_actions | frame_gallery_thumb_selected.9.png
[  31% ] _update_scan_actions | gallery_selected_default.9.png
[  31% ] _update_scan_actions | gallery_selected_focused.9.png
[  31% ] _update_scan_actions | gallery_selected_pressed.9.png
[  31% ] _update_scan_actions | gallery_unselected_default.9.png
[  31% ] _update_scan_actions | gallery_unselected_pressed.9.png
[  31% ] _update_scan_actions | grid_selector_background_focus.9.png
[  31% ] _update_scan_actions | grid_selector_background_pressed.9.png
[  31% ] _update_scan_actions | highlight_disabled.9.png
[  31% ] _update_scan_actions | highlight_pressed.9.png
[  31% ] _update_scan_actions | highlight_selected.9.png
[  31% ] _update_scan_actions | icon_highlight_rectangle.9.png
[  31% ] _update_scan_actions | icon_highlight_square.9.png
[  31% ] _update_scan_actions | ic_aggregated.png
[  31% ] _update_scan_actions | ic_btn_round_more_disabled.png
[  31% ] _update_scan_actions | ic_btn_round_more_normal.png
[  31% ] _update_scan_actions | ic_btn_search_go.png
[  31% ] _update_scan_actions | ic_btn_speak_now.png
[  32% ] _update_scan_actions | ic_btn_square_browser_zoom_fit_page_disabled.png
[  32% ] _update_scan_actions | ic_btn_square_browser_zoom_fit_page_normal.png
[  32% ] _update_scan_actions | ic_btn_square_browser_zoom_page_overview_disabled.png
[  32% ] _update_scan_actions | ic_btn_square_browser_zoom_page_overview_normal.png
[  32% ] _update_scan_actions | ic_bullet_key_permission.png
[  32% ] _update_scan_actions | ic_contact_picture.png
[  32% ] _update_scan_actions | ic_contact_picture_2.png
[  32% ] _update_scan_actions | ic_contact_picture_3.png
[  32% ] _update_scan_actions | ic_delete.png
[  32% ] _update_scan_actions | ic_dialog_alert.png
[  32% ] _update_scan_actions | ic_dialog_dialer.png
[  32% ] _update_scan_actions | ic_dialog_email.png
[  32% ] _update_scan_actions | ic_dialog_info.png
[  32% ] _update_scan_actions | ic_dialog_map.png
[  32% ] _update_scan_actions | ic_dialog_time.png
[  32% ] _update_scan_actions | ic_dialog_usb.png
[  32% ] _update_scan_actions | ic_emergency.png
[  32% ] _update_scan_actions | ic_input_add.png
[  32% ] _update_scan_actions | ic_input_delete.png
[  32% ] _update_scan_actions | ic_input_get.png
[  32% ] _update_scan_actions | ic_jog_dial_answer.png
[  32% ] _update_scan_actions | ic_jog_dial_answer_and_end.png
[  32% ] _update_scan_actions | ic_jog_dial_answer_and_hold.png
[  32% ] _update_scan_actions | ic_jog_dial_decline.png
[  32% ] _update_scan_actions | ic_jog_dial_sound_off.png
[  32% ] _update_scan_actions | ic_jog_dial_sound_on.png
[  32% ] _update_scan_actions | ic_jog_dial_unlock.png
[  32% ] _update_scan_actions | ic_jog_dial_vibrate_on.png
[  32% ] _update_scan_actions | ic_launcher_android.png
[  32% ] _update_scan_actions | ic_lock_airplane_mode_alpha.png
[  32% ] _update_scan_actions | ic_lock_airplane_mode_off_am_alpha.png
[  32% ] _update_scan_actions | ic_lock_idle_alarm_alpha.png
[  32% ] _update_scan_actions | ic_lock_idle_charging.png
[  32% ] _update_scan_actions | ic_lock_idle_lock.png
[  32% ] _update_scan_actions | ic_lock_idle_low_battery.png
[  32% ] _update_scan_actions | ic_lock_lock_alpha.png
[  32% ] _update_scan_actions | ic_lock_power_off_alpha.png
[  32% ] _update_scan_actions | ic_lock_ringer_off_alpha.png
[  32% ] _update_scan_actions | ic_lock_ringer_on_alpha.png
[  32% ] _update_scan_actions | ic_lock_silent_mode.png
[  32% ] _update_scan_actions | ic_lock_silent_mode_off.png
[  32% ] _update_scan_actions | ic_lock_silent_mode_vibrate.png
[  32% ] _update_scan_actions | ic_maps_indicator_current_position.png
[  32% ] _update_scan_actions | ic_maps_indicator_current_position_anim1.png
[  32% ] _update_scan_actions | ic_maps_indicator_current_position_anim2.png
[  32% ] _update_scan_actions | ic_maps_indicator_current_position_anim3.png
[  32% ] _update_scan_actions | ic_media_embed_play.png
[  32% ] _update_scan_actions | ic_media_ff.png
[  32% ] _update_scan_actions | ic_media_fullscreen.png
[  32% ] _update_scan_actions | ic_media_next.png
[  32% ] _update_scan_actions | ic_media_pause.png
[  32% ] _update_scan_actions | ic_media_play.png
[  32% ] _update_scan_actions | ic_media_previous.png
[  32% ] _update_scan_actions | ic_media_rew.png
[  32% ] _update_scan_actions | ic_media_video_poster.png
[  32% ] _update_scan_actions | ic_menu_account_list.png
[  32% ] _update_scan_actions | ic_menu_add.png
[  32% ] _update_scan_actions | ic_menu_agenda.png
[  32% ] _update_scan_actions | ic_menu_allfriends.png
[  32% ] _update_scan_actions | ic_menu_always_landscape_portrait.png
[  32% ] _update_scan_actions | ic_menu_archive.png
[  32% ] _update_scan_actions | ic_menu_attachment.png
[  32% ] _update_scan_actions | ic_menu_back.png
[  32% ] _update_scan_actions | ic_menu_block.png
[  32% ] _update_scan_actions | ic_menu_blocked_user.png
[  32% ] _update_scan_actions | ic_menu_call.png
[  32% ] _update_scan_actions | ic_menu_camera.png
[  32% ] _update_scan_actions | ic_menu_cc_am.png
[  32% ] _update_scan_actions | ic_menu_chat_dashboard.png
[  33% ] _update_scan_actions | ic_menu_clear_playlist.png
[  33% ] _update_scan_actions | ic_menu_close_clear_cancel.png
[  33% ] _update_scan_actions | ic_menu_compass.png
[  33% ] _update_scan_actions | ic_menu_compose.png
[  33% ] _update_scan_actions | ic_menu_crop.png
[  33% ] _update_scan_actions | ic_menu_day.png
[  33% ] _update_scan_actions | ic_menu_delete.png
[  33% ] _update_scan_actions | ic_menu_directions.png
[  33% ] _update_scan_actions | ic_menu_edit.png
[  33% ] _update_scan_actions | ic_menu_emoticons.png
[  33% ] _update_scan_actions | ic_menu_end_conversation.png
[  33% ] _update_scan_actions | ic_menu_forward.png
[  33% ] _update_scan_actions | ic_menu_friendslist.png
[  33% ] _update_scan_actions | ic_menu_gallery.png
[  33% ] _update_scan_actions | ic_menu_goto.png
[  33% ] _update_scan_actions | ic_menu_help.png
[  33% ] _update_scan_actions | ic_menu_home.png
[  33% ] _update_scan_actions | ic_menu_info_details.png
[  33% ] _update_scan_actions | ic_menu_invite.png
[  33% ] _update_scan_actions | ic_menu_login.png
[  33% ] _update_scan_actions | ic_menu_manage.png
[  33% ] _update_scan_actions | ic_menu_mapmode.png
[  33% ] _update_scan_actions | ic_menu_mark.png
[  33% ] _update_scan_actions | ic_menu_month.png
[  33% ] _update_scan_actions | ic_menu_more.png
[  33% ] _update_scan_actions | ic_menu_mylocation.png
[  33% ] _update_scan_actions | ic_menu_myplaces.png
[  33% ] _update_scan_actions | ic_menu_my_calendar.png
[  33% ] _update_scan_actions | ic_menu_notifications.png
[  33% ] _update_scan_actions | ic_menu_play_clip.png
[  33% ] _update_scan_actions | ic_menu_preferences.png
[  33% ] _update_scan_actions | ic_menu_recent_history.png
[  33% ] _update_scan_actions | ic_menu_report_image.png
[  33% ] _update_scan_actions | ic_menu_revert.png
[  33% ] _update_scan_actions | ic_menu_rotate.png
[  33% ] _update_scan_actions | ic_menu_save.png
[  33% ] _update_scan_actions | ic_menu_search.png
[  33% ] _update_scan_actions | ic_menu_send.png
[  33% ] _update_scan_actions | ic_menu_set_as.png
[  33% ] _update_scan_actions | ic_menu_share.png
[  33% ] _update_scan_actions | ic_menu_slideshow.png
[  33% ] _update_scan_actions | ic_menu_sort_alphabetically.png
[  33% ] _update_scan_actions | ic_menu_sort_by_size.png
[  33% ] _update_scan_actions | ic_menu_star.png
[  33% ] _update_scan_actions | ic_menu_start_conversation.png
[  33% ] _update_scan_actions | ic_menu_stop.png
[  33% ] _update_scan_actions | ic_menu_today.png
[  33% ] _update_scan_actions | ic_menu_upload.png
[  33% ] _update_scan_actions | ic_menu_upload_you_tube.png
[  33% ] _update_scan_actions | ic_menu_view.png
[  33% ] _update_scan_actions | ic_menu_week.png
[  33% ] _update_scan_actions | ic_menu_zoom.png
[  33% ] _update_scan_actions | ic_notification_clear_all.png
[  33% ] _update_scan_actions | ic_notification_overlay.9.png
[  33% ] _update_scan_actions | ic_partial_secure.png
[  33% ] _update_scan_actions | ic_popup_disk_full.png
[  33% ] _update_scan_actions | ic_popup_reminder.png
[  33% ] _update_scan_actions | ic_popup_sync_1.png
[  33% ] _update_scan_actions | ic_popup_sync_2.png
[  33% ] _update_scan_actions | ic_popup_sync_3.png
[  33% ] _update_scan_actions | ic_popup_sync_4.png
[  33% ] _update_scan_actions | ic_popup_sync_5.png
[  33% ] _update_scan_actions | ic_popup_sync_6.png
[  33% ] _update_scan_actions | ic_search_category_default.png
[  33% ] _update_scan_actions | ic_secure.png
[  33% ] _update_scan_actions | ic_vibrate.png
[  33% ] _update_scan_actions | ic_vibrate_small.png
[  33% ] _update_scan_actions | ic_volume.png
[  34% ] _update_scan_actions | ic_volume_bluetooth_ad2p.png
[  34% ] _update_scan_actions | ic_volume_bluetooth_in_call.png
[  34% ] _update_scan_actions | ic_volume_off.png
[  34% ] _update_scan_actions | ic_volume_off_small.png
[  34% ] _update_scan_actions | ic_volume_small.png
[  34% ] _update_scan_actions | ime_qwerty.png
[  34% ] _update_scan_actions | indicator_input_error.png
[  34% ] _update_scan_actions | jog_dial_arrow_long_left_green.png
[  34% ] _update_scan_actions | jog_dial_arrow_long_left_yellow.png
[  34% ] _update_scan_actions | jog_dial_arrow_long_middle_yellow.png
[  34% ] _update_scan_actions | jog_dial_arrow_long_right_red.png
[  34% ] _update_scan_actions | jog_dial_arrow_long_right_yellow.png
[  34% ] _update_scan_actions | jog_dial_arrow_short_left.png
[  34% ] _update_scan_actions | jog_dial_arrow_short_left_and_right.png
[  34% ] _update_scan_actions | jog_dial_arrow_short_right.png
[  34% ] _update_scan_actions | jog_dial_bg.png
[  34% ] _update_scan_actions | jog_dial_dimple.png
[  34% ] _update_scan_actions | jog_dial_dimple_dim.png
[  34% ] _update_scan_actions | jog_tab_bar_left_end_confirm_gray.9.png
[  34% ] _update_scan_actions | jog_tab_bar_left_end_confirm_green.9.png
[  34% ] _update_scan_actions | jog_tab_bar_left_end_confirm_red.9.png
[  34% ] _update_scan_actions | jog_tab_bar_left_end_confirm_yellow.9.png
[  34% ] _update_scan_actions | jog_tab_bar_left_end_normal.9.png
[  34% ] _update_scan_actions | jog_tab_bar_left_end_pressed.9.png
[  34% ] _update_scan_actions | jog_tab_bar_right_end_confirm_gray.9.png
[  34% ] _update_scan_actions | jog_tab_bar_right_end_confirm_green.9.png
[  34% ] _update_scan_actions | jog_tab_bar_right_end_confirm_red.9.png
[  34% ] _update_scan_actions | jog_tab_bar_right_end_confirm_yellow.9.png
[  34% ] _update_scan_actions | jog_tab_bar_right_end_normal.9.png
[  34% ] _update_scan_actions | jog_tab_bar_right_end_pressed.9.png
[  34% ] _update_scan_actions | jog_tab_left_confirm_gray.png
[  34% ] _update_scan_actions | jog_tab_left_confirm_green.png
[  34% ] _update_scan_actions | jog_tab_left_confirm_red.png
[  34% ] _update_scan_actions | jog_tab_left_confirm_yellow.png
[  34% ] _update_scan_actions | jog_tab_left_normal.png
[  34% ] _update_scan_actions | jog_tab_left_pressed.png
[  34% ] _update_scan_actions | jog_tab_right_confirm_gray.png
[  34% ] _update_scan_actions | jog_tab_right_confirm_green.png
[  34% ] _update_scan_actions | jog_tab_right_confirm_red.png
[  34% ] _update_scan_actions | jog_tab_right_confirm_yellow.png
[  34% ] _update_scan_actions | jog_tab_right_normal.png
[  34% ] _update_scan_actions | jog_tab_right_pressed.png
[  34% ] _update_scan_actions | jog_tab_target_gray.png
[  34% ] _update_scan_actions | jog_tab_target_green.png
[  34% ] _update_scan_actions | jog_tab_target_red.png
[  34% ] _update_scan_actions | jog_tab_target_yellow.png
[  34% ] _update_scan_actions | keyboard_accessory_bg_landscape.9.png
[  34% ] _update_scan_actions | keyboard_background.9.png
[  34% ] _update_scan_actions | keyboard_key_feedback_background.9.png
[  34% ] _update_scan_actions | keyboard_key_feedback_more_background.9.png
[  34% ] _update_scan_actions | keyboard_popup_panel_background.9.png
[  34% ] _update_scan_actions | keyboard_popup_panel_trans_background.9.png
[  34% ] _update_scan_actions | light_header.9.png
[  34% ] _update_scan_actions | list_selector_background_disabled.9.png
[  34% ] _update_scan_actions | list_selector_background_focus.9.png
[  34% ] _update_scan_actions | list_selector_background_longpress.9.png
[  34% ] _update_scan_actions | list_selector_background_pressed.9.png
[  34% ] _update_scan_actions | maps_google_logo.png
[  34% ] _update_scan_actions | menuitem_background_focus.9.png
[  34% ] _update_scan_actions | menuitem_background_pressed.9.png
[  34% ] _update_scan_actions | menuitem_background_solid_focused.9.png
[  34% ] _update_scan_actions | menuitem_background_solid_pressed.9.png
[  34% ] _update_scan_actions | menuitem_checkbox_on.png
[  34% ] _update_scan_actions | menu_background.9.png
[  34% ] _update_scan_actions | menu_background_fill_parent_width.9.png
[  34% ] _update_scan_actions | menu_separator.9.png
[  34% ] _update_scan_actions | menu_submenu_background.9.png
[  34% ] _update_scan_actions | numberpicker_down_disabled.9.png
[  35% ] _update_scan_actions | numberpicker_down_disabled_focused.9.png
[  35% ] _update_scan_actions | numberpicker_down_normal.9.png
[  35% ] _update_scan_actions | numberpicker_down_pressed.9.png
[  35% ] _update_scan_actions | numberpicker_down_selected.9.png
[  35% ] _update_scan_actions | numberpicker_input_disabled.9.png
[  35% ] _update_scan_actions | numberpicker_input_normal.9.png
[  35% ] _update_scan_actions | numberpicker_input_pressed.9.png
[  35% ] _update_scan_actions | numberpicker_input_selected.9.png
[  35% ] _update_scan_actions | numberpicker_up_disabled.9.png
[  35% ] _update_scan_actions | numberpicker_up_disabled_focused.9.png
[  35% ] _update_scan_actions | numberpicker_up_normal.9.png
[  35% ] _update_scan_actions | numberpicker_up_pressed.9.png
[  35% ] _update_scan_actions | numberpicker_up_selected.9.png
[  35% ] _update_scan_actions | panel_background.9.png
[  35% ] _update_scan_actions | panel_picture_frame_bg_focus_blue.9.png
[  35% ] _update_scan_actions | panel_picture_frame_bg_normal.9.png
[  35% ] _update_scan_actions | panel_picture_frame_bg_pressed_blue.9.png
[  35% ] _update_scan_actions | password_field_default.9.png
[  35% ] _update_scan_actions | picture_emergency.png
[  35% ] _update_scan_actions | picture_frame.9.png
[  35% ] _update_scan_actions | popup_bottom_bright.9.png
[  35% ] _update_scan_actions | popup_bottom_dark.9.png
[  35% ] _update_scan_actions | popup_bottom_medium.9.png
[  35% ] _update_scan_actions | popup_center_bright.9.png
[  35% ] _update_scan_actions | popup_center_dark.9.png
[  35% ] _update_scan_actions | popup_center_medium.9.png
[  35% ] _update_scan_actions | popup_full_bright.9.png
[  35% ] _update_scan_actions | popup_full_dark.9.png
[  35% ] _update_scan_actions | popup_inline_error_above_am.9.png
[  35% ] _update_scan_actions | popup_inline_error_am.9.png
[  35% ] _update_scan_actions | popup_top_bright.9.png
[  35% ] _update_scan_actions | popup_top_dark.9.png
[  35% ] _update_scan_actions | presence_audio_away.png
[  35% ] _update_scan_actions | presence_audio_busy.png
[  35% ] _update_scan_actions | presence_audio_online.png
[  35% ] _update_scan_actions | presence_away.png
[  35% ] _update_scan_actions | presence_busy.png
[  35% ] _update_scan_actions | presence_invisible.png
[  35% ] _update_scan_actions | presence_offline.png
[  35% ] _update_scan_actions | presence_online.png
[  35% ] _update_scan_actions | presence_video_away.png
[  35% ] _update_scan_actions | presence_video_busy.png
[  35% ] _update_scan_actions | presence_video_online.png
[  35% ] _update_scan_actions | pressed_application_background_static.png
[  35% ] _update_scan_actions | progressbar_indeterminate1.png
[  35% ] _update_scan_actions | progressbar_indeterminate2.png
[  35% ] _update_scan_actions | progressbar_indeterminate3.png
[  35% ] _update_scan_actions | radiobutton_off_background.png
[  35% ] _update_scan_actions | radiobutton_on_background.png
[  35% ] _update_scan_actions | rate_star_big_half.png
[  35% ] _update_scan_actions | rate_star_big_off.png
[  35% ] _update_scan_actions | rate_star_big_on.png
[  35% ] _update_scan_actions | rate_star_med_half.png
[  35% ] _update_scan_actions | rate_star_med_off.png
[  35% ] _update_scan_actions | rate_star_med_on.png
[  35% ] _update_scan_actions | rate_star_small_half.png
[  35% ] _update_scan_actions | rate_star_small_off.png
[  35% ] _update_scan_actions | rate_star_small_on.png
[  35% ] _update_scan_actions | recent_dialog_background.9.png
[  35% ] _update_scan_actions | reticle.png
[  35% ] _update_scan_actions | scrollbar_handle_accelerated_anim2.9.png
[  35% ] _update_scan_actions | scrollbar_handle_horizontal.9.png
[  35% ] _update_scan_actions | scrollbar_handle_vertical.9.png
[  35% ] _update_scan_actions | search_dropdown_background.9.png
[  35% ] _update_scan_actions | search_plate.9.png
[  35% ] _update_scan_actions | search_plate_global.9.png
[  35% ] _update_scan_actions | seek_thumb_normal.png
[  35% ] _update_scan_actions | seek_thumb_pressed.png
[  35% ] _update_scan_actions | seek_thumb_selected.png
[  36% ] _update_scan_actions | settings_header_raw.9.png
[  36% ] _update_scan_actions | spinner_black_16.png
[  36% ] _update_scan_actions | spinner_black_20.png
[  36% ] _update_scan_actions | spinner_black_48.png
[  36% ] _update_scan_actions | spinner_black_76.png
[  36% ] _update_scan_actions | spinner_dropdown_background_down.9.png
[  36% ] _update_scan_actions | spinner_dropdown_background_up.9.png
[  36% ] _update_scan_actions | spinner_normal.9.png
[  36% ] _update_scan_actions | spinner_press.9.png
[  36% ] _update_scan_actions | spinner_select.9.png
[  36% ] _update_scan_actions | spinner_white_16.png
[  36% ] _update_scan_actions | spinner_white_48.png
[  36% ] _update_scan_actions | spinner_white_76.png
[  36% ] _update_scan_actions | star_big_off.png
[  36% ] _update_scan_actions | star_big_on.png
[  36% ] _update_scan_actions | star_off.png
[  36% ] _update_scan_actions | star_on.png
[  36% ] _update_scan_actions | status_bar_background.png
[  36% ] _update_scan_actions | status_bar_header_background.9.png
[  36% ] _update_scan_actions | status_bar_item_app_background_normal.9.png
[  36% ] _update_scan_actions | status_bar_item_background_focus.9.png
[  36% ] _update_scan_actions | status_bar_item_background_normal.9.png
[  36% ] _update_scan_actions | status_bar_item_background_pressed.9.png
[  36% ] _update_scan_actions | stat_ecb_mode.png
[  36% ] _update_scan_actions | stat_notify_car_mode.png
[  36% ] _update_scan_actions | stat_notify_chat.png
[  36% ] _update_scan_actions | stat_notify_disk_full.png
[  36% ] _update_scan_actions | stat_notify_email_generic.png
[  36% ] _update_scan_actions | stat_notify_error.png
[  36% ] _update_scan_actions | stat_notify_gmail.png
[  36% ] _update_scan_actions | stat_notify_missed_call.png
[  36% ] _update_scan_actions | stat_notify_more.png
[  36% ] _update_scan_actions | stat_notify_sdcard.png
[  36% ] _update_scan_actions | stat_notify_sdcard_prepare.png
[  36% ] _update_scan_actions | stat_notify_sdcard_usb.png
[  36% ] _update_scan_actions | stat_notify_sim_toolkit.png
[  36% ] _update_scan_actions | stat_notify_sync.png
[  36% ] _update_scan_actions | stat_notify_sync_anim0.png
[  36% ] _update_scan_actions | stat_notify_sync_error.png
[  36% ] _update_scan_actions | stat_notify_voicemail.png
[  36% ] _update_scan_actions | stat_sys_battery_0.png
[  36% ] _update_scan_actions | stat_sys_battery_10.png
[  36% ] _update_scan_actions | stat_sys_battery_20.png
[  36% ] _update_scan_actions | stat_sys_battery_40.png
[  36% ] _update_scan_actions | stat_sys_battery_60.png
[  36% ] _update_scan_actions | stat_sys_battery_80.png
[  36% ] _update_scan_actions | stat_sys_battery_100.png
[  36% ] _update_scan_actions | stat_sys_battery_charge_anim0.png
[  36% ] _update_scan_actions | stat_sys_battery_charge_anim1.png
[  36% ] _update_scan_actions | stat_sys_battery_charge_anim2.png
[  36% ] _update_scan_actions | stat_sys_battery_charge_anim3.png
[  36% ] _update_scan_actions | stat_sys_battery_charge_anim4.png
[  36% ] _update_scan_actions | stat_sys_battery_charge_anim5.png
[  36% ] _update_scan_actions | stat_sys_battery_unknown.png
[  36% ] _update_scan_actions | stat_sys_data_bluetooth.png
[  36% ] _update_scan_actions | stat_sys_data_usb.png
[  36% ] _update_scan_actions | stat_sys_download_anim0.png
[  36% ] _update_scan_actions | stat_sys_download_anim1.png
[  36% ] _update_scan_actions | stat_sys_download_anim2.png
[  36% ] _update_scan_actions | stat_sys_download_anim3.png
[  36% ] _update_scan_actions | stat_sys_download_anim4.png
[  36% ] _update_scan_actions | stat_sys_download_anim5.png
[  36% ] _update_scan_actions | stat_sys_gps_on.png
[  36% ] _update_scan_actions | stat_sys_headset.png
[  36% ] _update_scan_actions | stat_sys_phone_call.png
[  36% ] _update_scan_actions | stat_sys_phone_call_forward.png
[  36% ] _update_scan_actions | stat_sys_phone_call_on_hold.png
[  36% ] _update_scan_actions | stat_sys_ra_signal_0_cdma.png
[  37% ] _update_scan_actions | stat_sys_ra_signal_1_cdma.png
[  37% ] _update_scan_actions | stat_sys_ra_signal_2_cdma.png
[  37% ] _update_scan_actions | stat_sys_ra_signal_3_cdma.png
[  37% ] _update_scan_actions | stat_sys_ra_signal_4_cdma.png
[  37% ] _update_scan_actions | stat_sys_r_signal_0_cdma.png
[  37% ] _update_scan_actions | stat_sys_r_signal_1_cdma.png
[  37% ] _update_scan_actions | stat_sys_r_signal_2_cdma.png
[  37% ] _update_scan_actions | stat_sys_r_signal_3_cdma.png
[  37% ] _update_scan_actions | stat_sys_r_signal_4_cdma.png
[  37% ] _update_scan_actions | stat_sys_signal_0_cdma.png
[  37% ] _update_scan_actions | stat_sys_signal_1_cdma.png
[  37% ] _update_scan_actions | stat_sys_signal_2_cdma.png
[  37% ] _update_scan_actions | stat_sys_signal_3_cdma.png
[  37% ] _update_scan_actions | stat_sys_signal_4_cdma.png
[  37% ] _update_scan_actions | stat_sys_signal_evdo_0.png
[  37% ] _update_scan_actions | stat_sys_signal_evdo_1.png
[  37% ] _update_scan_actions | stat_sys_signal_evdo_2.png
[  37% ] _update_scan_actions | stat_sys_signal_evdo_3.png
[  37% ] _update_scan_actions | stat_sys_signal_evdo_4.png
[  37% ] _update_scan_actions | stat_sys_throttled.png
[  37% ] _update_scan_actions | stat_sys_upload_anim0.png
[  37% ] _update_scan_actions | stat_sys_upload_anim1.png
[  37% ] _update_scan_actions | stat_sys_upload_anim2.png
[  37% ] _update_scan_actions | stat_sys_upload_anim3.png
[  37% ] _update_scan_actions | stat_sys_upload_anim4.png
[  37% ] _update_scan_actions | stat_sys_upload_anim5.png
[  37% ] _update_scan_actions | stat_sys_vp_phone_call.png
[  37% ] _update_scan_actions | stat_sys_vp_phone_call_on_hold.png
[  37% ] _update_scan_actions | stat_sys_warning.png
[  37% ] _update_scan_actions | submenu_arrow_nofocus.png
[  37% ] _update_scan_actions | sym_action_add.png
[  37% ] _update_scan_actions | sym_action_call.png
[  37% ] _update_scan_actions | sym_action_chat.png
[  37% ] _update_scan_actions | sym_action_email.png
[  37% ] _update_scan_actions | sym_call_incoming.png
[  37% ] _update_scan_actions | sym_call_missed.png
[  37% ] _update_scan_actions | sym_call_outgoing.png
[  37% ] _update_scan_actions | sym_contact_card.png
[  37% ] _update_scan_actions | sym_keyboard_delete.png
[  37% ] _update_scan_actions | sym_keyboard_delete_dim.png
[  37% ] _update_scan_actions | sym_keyboard_feedback_delete.png
[  37% ] _update_scan_actions | sym_keyboard_feedback_ok.png
[  37% ] _update_scan_actions | sym_keyboard_feedback_return.png
[  37% ] _update_scan_actions | sym_keyboard_feedback_shift.png
[  37% ] _update_scan_actions | sym_keyboard_feedback_shift_locked.png
[  37% ] _update_scan_actions | sym_keyboard_feedback_space.png
[  37% ] _update_scan_actions | sym_keyboard_num0_no_plus.png
[  37% ] _update_scan_actions | sym_keyboard_num1.png
[  37% ] _update_scan_actions | sym_keyboard_num2.png
[  37% ] _update_scan_actions | sym_keyboard_num3.png
[  37% ] _update_scan_actions | sym_keyboard_num4.png
[  37% ] _update_scan_actions | sym_keyboard_num5.png
[  37% ] _update_scan_actions | sym_keyboard_num6.png
[  37% ] _update_scan_actions | sym_keyboard_num7.png
[  37% ] _update_scan_actions | sym_keyboard_num8.png
[  37% ] _update_scan_actions | sym_keyboard_num9.png
[  37% ] _update_scan_actions | sym_keyboard_ok.png
[  37% ] _update_scan_actions | sym_keyboard_ok_dim.png
[  37% ] _update_scan_actions | sym_keyboard_return.png
[  37% ] _update_scan_actions | sym_keyboard_shift.png
[  37% ] _update_scan_actions | sym_keyboard_shift_locked.png
[  37% ] _update_scan_actions | sym_keyboard_space.png
[  37% ] _update_scan_actions | tab_focus.9.png
[  37% ] _update_scan_actions | tab_focus_bar_left.9.png
[  37% ] _update_scan_actions | tab_focus_bar_right.9.png
[  37% ] _update_scan_actions | tab_press.9.png
[  37% ] _update_scan_actions | tab_press_bar_left.9.png
[  37% ] _update_scan_actions | tab_press_bar_right.9.png
[  37% ] _update_scan_actions | tab_selected.9.png
[  38% ] _update_scan_actions | tab_selected_bar_left.9.png
[  38% ] _update_scan_actions | tab_selected_bar_left_v4.9.png
[  38% ] _update_scan_actions | tab_selected_bar_right.9.png
[  38% ] _update_scan_actions | tab_selected_bar_right_v4.9.png
[  38% ] _update_scan_actions | tab_selected_v4.9.png
[  38% ] _update_scan_actions | tab_unselected.9.png
[  38% ] _update_scan_actions | tab_unselected_v4.9.png
[  38% ] _update_scan_actions | textfield_default.9.png
[  38% ] _update_scan_actions | textfield_disabled.9.png
[  38% ] _update_scan_actions | textfield_disabled_selected.9.png
[  38% ] _update_scan_actions | textfield_search_default.9.png
[  38% ] _update_scan_actions | textfield_search_empty_default.9.png
[  38% ] _update_scan_actions | textfield_search_empty_pressed.9.png
[  38% ] _update_scan_actions | textfield_search_empty_selected.9.png
[  38% ] _update_scan_actions | textfield_search_pressed.9.png
[  38% ] _update_scan_actions | textfield_search_selected.9.png
[  38% ] _update_scan_actions | textfield_selected.9.png
[  38% ] _update_scan_actions | title_bar_medium.9.png
[  38% ] _update_scan_actions | title_bar_portrait.9.png
[  38% ] _update_scan_actions | title_bar_tall.9.png
[  38% ] _update_scan_actions | unknown_image.png
[  38% ] _update_scan_actions | vpn_connected.png
[  38% ] _update_scan_actions | vpn_disconnected.png
[  38% ] _update_scan_actions | zoom_plate.9.png
[  38% ] _update_scan_actions | ab_bottom_solid_dark_holo.9.png
[  38% ] _update_scan_actions | ab_bottom_solid_inverse_holo.9.png
[  38% ] _update_scan_actions | ab_bottom_solid_light_holo.9.png
[  38% ] _update_scan_actions | ab_bottom_transparent_dark_holo.9.png
[  38% ] _update_scan_actions | ab_bottom_transparent_light_holo.9.png
[  38% ] _update_scan_actions | ab_share_pack_holo_dark.9.png
[  38% ] _update_scan_actions | ab_share_pack_holo_light.9.png
[  38% ] _update_scan_actions | ab_share_pack_mtrl_alpha.9.png
[  38% ] _update_scan_actions | ab_solid_dark_holo.9.png
[  38% ] _update_scan_actions | ab_solid_light_holo.9.png
[  38% ] _update_scan_actions | ab_solid_shadow_holo.9.png
[  38% ] _update_scan_actions | ab_solid_shadow_mtrl_alpha.9.png
[  38% ] _update_scan_actions | ab_stacked_solid_dark_holo.9.png
[  38% ] _update_scan_actions | ab_stacked_solid_inverse_holo.9.png
[  38% ] _update_scan_actions | ab_stacked_solid_light_holo.9.png
[  38% ] _update_scan_actions | ab_stacked_transparent_dark_holo.9.png
[  38% ] _update_scan_actions | ab_stacked_transparent_light_holo.9.png
[  38% ] _update_scan_actions | ab_transparent_dark_holo.9.png
[  38% ] _update_scan_actions | ab_transparent_light_holo.9.png
[  38% ] _update_scan_actions | activity_title_bar.9.png
[  38% ] _update_scan_actions | arrow_down_float.png
[  38% ] _update_scan_actions | arrow_up_float.png
[  38% ] _update_scan_actions | battery_charge_background.png
[  38% ] _update_scan_actions | bottom_bar.png
[  38% ] _update_scan_actions | btn_cab_done_default_holo_dark.9.png
[  38% ] _update_scan_actions | btn_cab_done_default_holo_light.9.png
[  38% ] _update_scan_actions | btn_cab_done_focused_holo_dark.9.png
[  38% ] _update_scan_actions | btn_cab_done_focused_holo_light.9.png
[  38% ] _update_scan_actions | btn_cab_done_pressed_holo_dark.9.png
[  38% ] _update_scan_actions | btn_cab_done_pressed_holo_light.9.png
[  38% ] _update_scan_actions | btn_check_buttonless_off.png
[  38% ] _update_scan_actions | btn_check_buttonless_on.png
[  38% ] _update_scan_actions | btn_check_label_background.9.png
[  38% ] _update_scan_actions | btn_check_off.png
[  38% ] _update_scan_actions | btn_check_off_disable.png
[  38% ] _update_scan_actions | btn_check_off_disabled_focused_holo_dark.png
[  38% ] _update_scan_actions | btn_check_off_disabled_focused_holo_light.png
[  38% ] _update_scan_actions | btn_check_off_disabled_holo_dark.png
[  38% ] _update_scan_actions | btn_check_off_disabled_holo_light.png
[  38% ] _update_scan_actions | btn_check_off_disable_focused.png
[  38% ] _update_scan_actions | btn_check_off_disable_focused_holo_dark.png
[  38% ] _update_scan_actions | btn_check_off_disable_focused_holo_light.png
[  38% ] _update_scan_actions | btn_check_off_disable_holo_dark.png
[  38% ] _update_scan_actions | btn_check_off_disable_holo_light.png
[  39% ] _update_scan_actions | btn_check_off_focused_holo_dark.png
[  39% ] _update_scan_actions | btn_check_off_focused_holo_light.png
[  39% ] _update_scan_actions | btn_check_off_holo.png
[  39% ] _update_scan_actions | btn_check_off_holo_dark.png
[  39% ] _update_scan_actions | btn_check_off_holo_light.png
[  39% ] _update_scan_actions | btn_check_off_normal_holo_dark.png
[  39% ] _update_scan_actions | btn_check_off_normal_holo_light.png
[  39% ] _update_scan_actions | btn_check_off_pressed.png
[  39% ] _update_scan_actions | btn_check_off_pressed_holo_dark.png
[  39% ] _update_scan_actions | btn_check_off_pressed_holo_light.png
[  39% ] _update_scan_actions | btn_check_off_selected.png
[  39% ] _update_scan_actions | btn_check_on.png
[  39% ] _update_scan_actions | btn_check_on_disable.png
[  39% ] _update_scan_actions | btn_check_on_disabled_focused_holo_dark.png
[  39% ] _update_scan_actions | btn_check_on_disabled_focused_holo_light.png
[  39% ] _update_scan_actions | btn_check_on_disabled_holo_dark.png
[  39% ] _update_scan_actions | btn_check_on_disabled_holo_light.png
[  39% ] _update_scan_actions | btn_check_on_disable_focused.png
[  39% ] _update_scan_actions | btn_check_on_disable_focused_holo_light.png
[  39% ] _update_scan_actions | btn_check_on_disable_holo_dark.png
[  39% ] _update_scan_actions | btn_check_on_disable_holo_light.png
[  39% ] _update_scan_actions | btn_check_on_focused_holo_dark.png
[  39% ] _update_scan_actions | btn_check_on_focused_holo_light.png
[  39% ] _update_scan_actions | btn_check_on_holo.png
[  39% ] _update_scan_actions | btn_check_on_holo_dark.png
[  39% ] _update_scan_actions | btn_check_on_holo_light.png
[  39% ] _update_scan_actions | btn_check_on_pressed.png
[  39% ] _update_scan_actions | btn_check_on_pressed_holo_dark.png
[  39% ] _update_scan_actions | btn_check_on_pressed_holo_light.png
[  39% ] _update_scan_actions | btn_check_on_selected.png
[  39% ] _update_scan_actions | btn_circle_disable.png
[  39% ] _update_scan_actions | btn_circle_disable_focused.png
[  39% ] _update_scan_actions | btn_circle_normal.png
[  39% ] _update_scan_actions | btn_circle_pressed.png
[  39% ] _update_scan_actions | btn_circle_selected.png
[  39% ] _update_scan_actions | btn_close_normal.png
[  39% ] _update_scan_actions | btn_close_pressed.png
[  39% ] _update_scan_actions | btn_close_selected.png
[  39% ] _update_scan_actions | btn_default_disabled_focused_holo_dark.9.png
[  39% ] _update_scan_actions | btn_default_disabled_focused_holo_light.9.png
[  39% ] _update_scan_actions | btn_default_disabled_holo.9.png
[  39% ] _update_scan_actions | btn_default_disabled_holo_dark.9.png
[  39% ] _update_scan_actions | btn_default_disabled_holo_light.9.png
[  39% ] _update_scan_actions | btn_default_focused_holo.9.png
[  39% ] _update_scan_actions | btn_default_focused_holo_dark.9.png
[  39% ] _update_scan_actions | btn_default_focused_holo_light.9.png
[  39% ] _update_scan_actions | btn_default_normal.9.png
[  39% ] _update_scan_actions | btn_default_normal_disable.9.png
[  39% ] _update_scan_actions | btn_default_normal_disable_focused.9.png
[  39% ] _update_scan_actions | btn_default_normal_holo.9.png
[  39% ] _update_scan_actions | btn_default_normal_holo_dark.9.png
[  39% ] _update_scan_actions | btn_default_normal_holo_light.9.png
[  39% ] _update_scan_actions | btn_default_pressed.9.png
[  39% ] _update_scan_actions | btn_default_pressed_holo.9.png
[  39% ] _update_scan_actions | btn_default_pressed_holo_dark.9.png
[  39% ] _update_scan_actions | btn_default_pressed_holo_light.9.png
[  39% ] _update_scan_actions | btn_default_selected.9.png
[  39% ] _update_scan_actions | btn_default_small_normal.9.png
[  39% ] _update_scan_actions | btn_default_small_normal_disable.9.png
[  39% ] _update_scan_actions | btn_default_small_normal_disable_focused.9.png
[  39% ] _update_scan_actions | btn_default_small_pressed.9.png
[  39% ] _update_scan_actions | btn_default_small_selected.9.png
[  39% ] _update_scan_actions | btn_default_transparent_normal.9.png
[  39% ] _update_scan_actions | btn_dialog_disable.png
[  39% ] _update_scan_actions | btn_dialog_normal.png
[  39% ] _update_scan_actions | btn_dialog_pressed.png
[  39% ] _update_scan_actions | btn_dialog_selected.png
[  39% ] _update_scan_actions | btn_dropdown_disabled.9.png
[  40% ] _update_scan_actions | btn_dropdown_disabled_focused.9.png
[  40% ] _update_scan_actions | btn_dropdown_normal.9.png
[  40% ] _update_scan_actions | btn_dropdown_pressed.9.png
[  40% ] _update_scan_actions | btn_dropdown_selected.9.png
[  40% ] _update_scan_actions | btn_erase_default.9.png
[  40% ] _update_scan_actions | btn_erase_pressed.9.png
[  40% ] _update_scan_actions | btn_erase_selected.9.png
[  40% ] _update_scan_actions | btn_global_search_normal.9.png
[  40% ] _update_scan_actions | btn_group_disabled_holo_dark.9.png
[  40% ] _update_scan_actions | btn_group_disabled_holo_light.9.png
[  40% ] _update_scan_actions | btn_group_focused_holo_dark.9.png
[  40% ] _update_scan_actions | btn_group_focused_holo_light.9.png
[  40% ] _update_scan_actions | btn_group_normal_holo_dark.9.png
[  40% ] _update_scan_actions | btn_group_normal_holo_light.9.png
[  40% ] _update_scan_actions | btn_group_pressed_holo_dark.9.png
[  40% ] _update_scan_actions | btn_group_pressed_holo_light.9.png
[  40% ] _update_scan_actions | btn_keyboard_key_dark_normal_holo.9.png
[  40% ] _update_scan_actions | btn_keyboard_key_dark_normal_off_holo.9.png
[  40% ] _update_scan_actions | btn_keyboard_key_dark_normal_on_holo.9.png
[  40% ] _update_scan_actions | btn_keyboard_key_dark_pressed_holo.9.png
[  40% ] _update_scan_actions | btn_keyboard_key_dark_pressed_off_holo.9.png
[  40% ] _update_scan_actions | btn_keyboard_key_dark_pressed_on_holo.9.png
[  40% ] _update_scan_actions | btn_keyboard_key_fulltrans_normal.9.png
[  40% ] _update_scan_actions | btn_keyboard_key_fulltrans_normal_off.9.png
[  40% ] _update_scan_actions | btn_keyboard_key_fulltrans_normal_on.9.png
[  40% ] _update_scan_actions | btn_keyboard_key_fulltrans_pressed.9.png
[  40% ] _update_scan_actions | btn_keyboard_key_fulltrans_pressed_off.9.png
[  40% ] _update_scan_actions | btn_keyboard_key_fulltrans_pressed_on.9.png
[  40% ] _update_scan_actions | btn_keyboard_key_light_normal_holo.9.png
[  40% ] _update_scan_actions | btn_keyboard_key_light_pressed_holo.9.png
[  40% ] _update_scan_actions | btn_keyboard_key_normal.9.png
[  40% ] _update_scan_actions | btn_keyboard_key_normal_off.9.png
[  40% ] _update_scan_actions | btn_keyboard_key_normal_on.9.png
[  40% ] _update_scan_actions | btn_keyboard_key_pressed.9.png
[  40% ] _update_scan_actions | btn_keyboard_key_pressed_off.9.png
[  40% ] _update_scan_actions | btn_keyboard_key_pressed_on.9.png
[  40% ] _update_scan_actions | btn_keyboard_key_trans_normal.9.png
[  40% ] _update_scan_actions | btn_keyboard_key_trans_normal_off.9.png
[  40% ] _update_scan_actions | btn_keyboard_key_trans_normal_on.9.png
[  40% ] _update_scan_actions | btn_keyboard_key_trans_pressed.9.png
[  40% ] _update_scan_actions | btn_keyboard_key_trans_pressed_off.9.png
[  40% ] _update_scan_actions | btn_keyboard_key_trans_pressed_on.9.png
[  40% ] _update_scan_actions | btn_keyboard_key_trans_selected.9.png
[  40% ] _update_scan_actions | btn_media_player.9.png
[  40% ] _update_scan_actions | btn_media_player_disabled.9.png
[  40% ] _update_scan_actions | btn_media_player_disabled_selected.9.png
[  40% ] _update_scan_actions | btn_media_player_pressed.9.png
[  40% ] _update_scan_actions | btn_media_player_selected.9.png
[  40% ] _update_scan_actions | btn_minus_default.png
[  40% ] _update_scan_actions | btn_minus_disable.png
[  40% ] _update_scan_actions | btn_minus_disable_focused.png
[  40% ] _update_scan_actions | btn_minus_pressed.png
[  40% ] _update_scan_actions | btn_minus_selected.png
[  40% ] _update_scan_actions | btn_plus_default.png
[  40% ] _update_scan_actions | btn_plus_disable.png
[  40% ] _update_scan_actions | btn_plus_disable_focused.png
[  40% ] _update_scan_actions | btn_plus_pressed.png
[  40% ] _update_scan_actions | btn_plus_selected.png
[  40% ] _update_scan_actions | btn_radio_label_background.9.png
[  40% ] _update_scan_actions | btn_radio_off.png
[  40% ] _update_scan_actions | btn_radio_off_disabled_focused_holo_dark.png
[  40% ] _update_scan_actions | btn_radio_off_disabled_focused_holo_light.png
[  40% ] _update_scan_actions | btn_radio_off_disabled_holo_dark.png
[  40% ] _update_scan_actions | btn_radio_off_disabled_holo_light.png
[  40% ] _update_scan_actions | btn_radio_off_focused_holo_dark.png
[  40% ] _update_scan_actions | btn_radio_off_focused_holo_light.png
[  40% ] _update_scan_actions | btn_radio_off_holo.png
[  40% ] _update_scan_actions | btn_radio_off_holo_dark.png
[  40% ] _update_scan_actions | btn_radio_off_holo_light.png
[  41% ] _update_scan_actions | btn_radio_off_pressed.png
[  41% ] _update_scan_actions | btn_radio_off_pressed_holo_dark.png
[  41% ] _update_scan_actions | btn_radio_off_pressed_holo_light.png
[  41% ] _update_scan_actions | btn_radio_off_selected.png
[  41% ] _update_scan_actions | btn_radio_on.png
[  41% ] _update_scan_actions | btn_radio_on_disabled_focused_holo_dark.png
[  41% ] _update_scan_actions | btn_radio_on_disabled_focused_holo_light.png
[  41% ] _update_scan_actions | btn_radio_on_disabled_holo_dark.png
[  41% ] _update_scan_actions | btn_radio_on_disabled_holo_light.png
[  41% ] _update_scan_actions | btn_radio_on_focused_holo_dark.png
[  41% ] _update_scan_actions | btn_radio_on_focused_holo_light.png
[  41% ] _update_scan_actions | btn_radio_on_holo.png
[  41% ] _update_scan_actions | btn_radio_on_holo_dark.png
[  41% ] _update_scan_actions | btn_radio_on_holo_light.png
[  41% ] _update_scan_actions | btn_radio_on_mtrl_alpha.png
[  41% ] _update_scan_actions | btn_radio_on_pressed.png
[  41% ] _update_scan_actions | btn_radio_on_pressed_holo_dark.png
[  41% ] _update_scan_actions | btn_radio_on_pressed_holo_light.png
[  41% ] _update_scan_actions | btn_radio_on_pressed_mtrl_alpha.png
[  41% ] _update_scan_actions | btn_radio_on_selected.png
[  41% ] _update_scan_actions | btn_rating_star_off_disabled_focused_holo_dark.png
[  41% ] _update_scan_actions | btn_rating_star_off_disabled_focused_holo_light.png
[  41% ] _update_scan_actions | btn_rating_star_off_disabled_holo_dark.png
[  41% ] _update_scan_actions | btn_rating_star_off_disabled_holo_light.png
[  41% ] _update_scan_actions | btn_rating_star_off_focused_holo_dark.png
[  41% ] _update_scan_actions | btn_rating_star_off_focused_holo_light.png
[  41% ] _update_scan_actions | btn_rating_star_off_mtrl_alpha.png
[  41% ] _update_scan_actions | btn_rating_star_off_normal.png
[  41% ] _update_scan_actions | btn_rating_star_off_normal_holo_dark.png
[  41% ] _update_scan_actions | btn_rating_star_off_normal_holo_light.png
[  41% ] _update_scan_actions | btn_rating_star_off_pressed.png
[  41% ] _update_scan_actions | btn_rating_star_off_pressed_holo_dark.png
[  41% ] _update_scan_actions | btn_rating_star_off_pressed_holo_light.png
[  41% ] _update_scan_actions | btn_rating_star_off_selected.png
[  41% ] _update_scan_actions | btn_rating_star_on_disabled_focused_holo_dark.png
[  41% ] _update_scan_actions | btn_rating_star_on_disabled_focused_holo_light.png
[  41% ] _update_scan_actions | btn_rating_star_on_disabled_holo_dark.png
[  41% ] _update_scan_actions | btn_rating_star_on_disabled_holo_light.png
[  41% ] _update_scan_actions | btn_rating_star_on_focused_holo_dark.png
[  41% ] _update_scan_actions | btn_rating_star_on_focused_holo_light.png
[  41% ] _update_scan_actions | btn_rating_star_on_mtrl_alpha.png
[  41% ] _update_scan_actions | btn_rating_star_on_normal.png
[  41% ] _update_scan_actions | btn_rating_star_on_normal_holo_dark.png
[  41% ] _update_scan_actions | btn_rating_star_on_normal_holo_light.png
[  41% ] _update_scan_actions | btn_rating_star_on_pressed.png
[  41% ] _update_scan_actions | btn_rating_star_on_pressed_holo_dark.png
[  41% ] _update_scan_actions | btn_rating_star_on_pressed_holo_light.png
[  41% ] _update_scan_actions | btn_rating_star_on_selected.png
[  41% ] _update_scan_actions | btn_search_dialog_default.9.png
[  41% ] _update_scan_actions | btn_search_dialog_pressed.9.png
[  41% ] _update_scan_actions | btn_search_dialog_selected.9.png
[  41% ] _update_scan_actions | btn_search_dialog_voice_default.9.png
[  41% ] _update_scan_actions | btn_search_dialog_voice_pressed.9.png
[  41% ] _update_scan_actions | btn_search_dialog_voice_selected.9.png
[  41% ] _update_scan_actions | btn_square_overlay_disabled.png
[  41% ] _update_scan_actions | btn_square_overlay_disabled_focused.png
[  41% ] _update_scan_actions | btn_square_overlay_normal.png
[  41% ] _update_scan_actions | btn_square_overlay_pressed.png
[  41% ] _update_scan_actions | btn_square_overlay_selected.png
[  41% ] _update_scan_actions | btn_star_big_off.png
[  41% ] _update_scan_actions | btn_star_big_off_disable.png
[  41% ] _update_scan_actions | btn_star_big_off_disable_focused.png
[  41% ] _update_scan_actions | btn_star_big_off_pressed.png
[  41% ] _update_scan_actions | btn_star_big_off_selected.png
[  41% ] _update_scan_actions | btn_star_big_on.png
[  41% ] _update_scan_actions | btn_star_big_on_disable.png
[  41% ] _update_scan_actions | btn_star_big_on_disable_focused.png
[  41% ] _update_scan_actions | btn_star_big_on_pressed.png
[  42% ] _update_scan_actions | btn_star_big_on_selected.png
[  42% ] _update_scan_actions | btn_star_label_background.9.png
[  42% ] _update_scan_actions | btn_star_mtrl_alpha.png
[  42% ] _update_scan_actions | btn_star_off_disabled_focused_holo_dark.png
[  42% ] _update_scan_actions | btn_star_off_disabled_focused_holo_light.png
[  42% ] _update_scan_actions | btn_star_off_disabled_holo_dark.png
[  42% ] _update_scan_actions | btn_star_off_disabled_holo_light.png
[  42% ] _update_scan_actions | btn_star_off_focused_holo_dark.png
[  42% ] _update_scan_actions | btn_star_off_focused_holo_light.png
[  42% ] _update_scan_actions | btn_star_off_normal_holo_dark.png
[  42% ] _update_scan_actions | btn_star_off_normal_holo_light.png
[  42% ] _update_scan_actions | btn_star_off_pressed_holo_dark.png
[  42% ] _update_scan_actions | btn_star_off_pressed_holo_light.png
[  42% ] _update_scan_actions | btn_star_on_disabled_focused_holo_dark.png
[  42% ] _update_scan_actions | btn_star_on_disabled_focused_holo_light.png
[  42% ] _update_scan_actions | btn_star_on_disabled_holo_dark.png
[  42% ] _update_scan_actions | btn_star_on_disabled_holo_light.png
[  42% ] _update_scan_actions | btn_star_on_focused_holo_dark.png
[  42% ] _update_scan_actions | btn_star_on_focused_holo_light.png
[  42% ] _update_scan_actions | btn_star_on_normal_holo_dark.png
[  42% ] _update_scan_actions | btn_star_on_normal_holo_light.png
[  42% ] _update_scan_actions | btn_star_on_pressed_holo_dark.png
[  42% ] _update_scan_actions | btn_star_on_pressed_holo_light.png
[  42% ] _update_scan_actions | btn_switch_to_off_mtrl_00001.9.png
[  42% ] _update_scan_actions | btn_switch_to_off_mtrl_00002.9.png
[  42% ] _update_scan_actions | btn_switch_to_off_mtrl_00003.9.png
[  42% ] _update_scan_actions | btn_switch_to_off_mtrl_00004.9.png
[  42% ] _update_scan_actions | btn_switch_to_off_mtrl_00005.9.png
[  42% ] _update_scan_actions | btn_switch_to_off_mtrl_00006.9.png
[  42% ] _update_scan_actions | btn_switch_to_off_mtrl_00007.9.png
[  42% ] _update_scan_actions | btn_switch_to_off_mtrl_00008.9.png
[  42% ] _update_scan_actions | btn_switch_to_off_mtrl_00009.9.png
[  42% ] _update_scan_actions | btn_switch_to_off_mtrl_00010.9.png
[  42% ] _update_scan_actions | btn_switch_to_off_mtrl_00011.9.png
[  42% ] _update_scan_actions | btn_switch_to_off_mtrl_00012.9.png
[  42% ] _update_scan_actions | btn_switch_to_on_mtrl_00001.9.png
[  42% ] _update_scan_actions | btn_switch_to_on_mtrl_00002.9.png
[  42% ] _update_scan_actions | btn_switch_to_on_mtrl_00003.9.png
[  42% ] _update_scan_actions | btn_switch_to_on_mtrl_00004.9.png
[  42% ] _update_scan_actions | btn_switch_to_on_mtrl_00005.9.png
[  42% ] _update_scan_actions | btn_switch_to_on_mtrl_00006.9.png
[  42% ] _update_scan_actions | btn_switch_to_on_mtrl_00007.9.png
[  42% ] _update_scan_actions | btn_switch_to_on_mtrl_00008.9.png
[  42% ] _update_scan_actions | btn_switch_to_on_mtrl_00009.9.png
[  42% ] _update_scan_actions | btn_switch_to_on_mtrl_00010.9.png
[  42% ] _update_scan_actions | btn_switch_to_on_mtrl_00011.9.png
[  42% ] _update_scan_actions | btn_switch_to_on_mtrl_00012.9.png
[  42% ] _update_scan_actions | btn_toggle_off.9.png
[  42% ] _update_scan_actions | btn_toggle_off_disabled_focused_holo_dark.9.png
[  42% ] _update_scan_actions | btn_toggle_off_disabled_focused_holo_light.9.png
[  42% ] _update_scan_actions | btn_toggle_off_disabled_holo_dark.9.png
[  42% ] _update_scan_actions | btn_toggle_off_disabled_holo_light.9.png
[  42% ] _update_scan_actions | btn_toggle_off_focused_holo_dark.9.png
[  42% ] _update_scan_actions | btn_toggle_off_focused_holo_light.9.png
[  42% ] _update_scan_actions | btn_toggle_off_normal_holo_dark.9.png
[  42% ] _update_scan_actions | btn_toggle_off_normal_holo_light.9.png
[  42% ] _update_scan_actions | btn_toggle_off_pressed_holo_dark.9.png
[  42% ] _update_scan_actions | btn_toggle_off_pressed_holo_light.9.png
[  42% ] _update_scan_actions | btn_toggle_on.9.png
[  42% ] _update_scan_actions | btn_toggle_on_disabled_focused_holo_dark.9.png
[  42% ] _update_scan_actions | btn_toggle_on_disabled_focused_holo_light.9.png
[  42% ] _update_scan_actions | btn_toggle_on_disabled_holo_dark.9.png
[  42% ] _update_scan_actions | btn_toggle_on_disabled_holo_light.9.png
[  42% ] _update_scan_actions | btn_toggle_on_focused_holo_dark.9.png
[  42% ] _update_scan_actions | btn_toggle_on_focused_holo_light.9.png
[  42% ] _update_scan_actions | btn_toggle_on_normal_holo_dark.9.png
[  42% ] _update_scan_actions | btn_toggle_on_normal_holo_light.9.png
[  42% ] _update_scan_actions | btn_toggle_on_pressed_holo_dark.9.png
[  42% ] _update_scan_actions | btn_toggle_on_pressed_holo_light.9.png
[  43% ] _update_scan_actions | btn_zoom_down_disabled.9.png
[  43% ] _update_scan_actions | btn_zoom_down_disabled_focused.9.png
[  43% ] _update_scan_actions | btn_zoom_down_normal.9.png
[  43% ] _update_scan_actions | btn_zoom_down_pressed.9.png
[  43% ] _update_scan_actions | btn_zoom_down_selected.9.png
[  43% ] _update_scan_actions | btn_zoom_page_normal.png
[  43% ] _update_scan_actions | btn_zoom_page_press.png
[  43% ] _update_scan_actions | btn_zoom_up_disabled.9.png
[  43% ] _update_scan_actions | btn_zoom_up_disabled_focused.9.png
[  43% ] _update_scan_actions | btn_zoom_up_normal.9.png
[  43% ] _update_scan_actions | btn_zoom_up_pressed.9.png
[  43% ] _update_scan_actions | btn_zoom_up_selected.9.png
[  43% ] _update_scan_actions | button_onoff_indicator_off.png
[  43% ] _update_scan_actions | button_onoff_indicator_on.png
[  43% ] _update_scan_actions | cab_background_bottom_holo_dark.9.png
[  43% ] _update_scan_actions | cab_background_bottom_holo_light.9.png
[  43% ] _update_scan_actions | cab_background_bottom_mtrl_alpha.9.png
[  43% ] _update_scan_actions | cab_background_top_holo_dark.9.png
[  43% ] _update_scan_actions | cab_background_top_holo_light.9.png
[  43% ] _update_scan_actions | cab_background_top_mtrl_alpha.9.png
[  43% ] _update_scan_actions | call_contact.png
[  43% ] _update_scan_actions | checkbox_off_background.png
[  43% ] _update_scan_actions | checkbox_on_background.png
[  43% ] _update_scan_actions | cling_arrow_up.png
[  43% ] _update_scan_actions | cling_bg.9.png
[  43% ] _update_scan_actions | cling_button_normal.9.png
[  43% ] _update_scan_actions | cling_button_pressed.9.png
[  43% ] _update_scan_actions | code_lock_bottom.9.png
[  43% ] _update_scan_actions | code_lock_left.9.png
[  43% ] _update_scan_actions | code_lock_top.9.png
[  43% ] _update_scan_actions | combobox_disabled.png
[  43% ] _update_scan_actions | combobox_nohighlight.png
[  43% ] _update_scan_actions | compass_arrow.png
[  43% ] _update_scan_actions | compass_base.png
[  43% ] _update_scan_actions | contact_header_bg.9.png
[  43% ] _update_scan_actions | create_contact.png
[  43% ] _update_scan_actions | dark_header.9.png
[  43% ] _update_scan_actions | day_picker_week_view_dayline_holo.9.png
[  43% ] _update_scan_actions | dialog_bottom_holo_dark.9.png
[  43% ] _update_scan_actions | dialog_bottom_holo_light.9.png
[  43% ] _update_scan_actions | dialog_divider_horizontal_holo_dark.9.png
[  43% ] _update_scan_actions | dialog_divider_horizontal_holo_light.9.png
[  43% ] _update_scan_actions | dialog_divider_horizontal_light.9.png
[  43% ] _update_scan_actions | dialog_full_holo_dark.9.png
[  43% ] _update_scan_actions | dialog_full_holo_light.9.png
[  43% ] _update_scan_actions | dialog_ic_close_focused_holo_dark.png
[  43% ] _update_scan_actions | dialog_ic_close_focused_holo_light.png
[  43% ] _update_scan_actions | dialog_ic_close_normal_holo_dark.png
[  43% ] _update_scan_actions | dialog_ic_close_normal_holo_light.png
[  43% ] _update_scan_actions | dialog_ic_close_pressed_holo_dark.png
[  43% ] _update_scan_actions | dialog_ic_close_pressed_holo_light.png
[  43% ] _update_scan_actions | dialog_middle_holo.9.png
[  43% ] _update_scan_actions | dialog_middle_holo_dark.9.png
[  43% ] _update_scan_actions | dialog_middle_holo_light.9.png
[  43% ] _update_scan_actions | dialog_top_holo_dark.9.png
[  43% ] _update_scan_actions | dialog_top_holo_light.9.png
[  43% ] _update_scan_actions | divider_horizontal_bright.9.png
[  43% ] _update_scan_actions | divider_horizontal_bright_opaque.9.png
[  43% ] _update_scan_actions | divider_horizontal_dark.9.png
[  43% ] _update_scan_actions | divider_horizontal_dark_opaque.9.png
[  43% ] _update_scan_actions | divider_horizontal_dim_dark.9.png
[  43% ] _update_scan_actions | divider_horizontal_holo_dark.9.png
[  43% ] _update_scan_actions | divider_horizontal_holo_light.9.png
[  43% ] _update_scan_actions | divider_horizontal_textfield.9.png
[  43% ] _update_scan_actions | divider_strong_holo.9.png
[  43% ] _update_scan_actions | divider_vertical_bright.9.png
[  43% ] _update_scan_actions | divider_vertical_bright_opaque.9.png
[  43% ] _update_scan_actions | divider_vertical_dark.9.png
[  44% ] _update_scan_actions | divider_vertical_dark_opaque.9.png
[  44% ] _update_scan_actions | divider_vertical_holo_dark.9.png
[  44% ] _update_scan_actions | divider_vertical_holo_light.9.png
[  44% ] _update_scan_actions | dropdown_disabled_focused_holo_dark.9.png
[  44% ] _update_scan_actions | dropdown_disabled_focused_holo_light.9.png
[  44% ] _update_scan_actions | dropdown_disabled_holo_dark.9.png
[  44% ] _update_scan_actions | dropdown_disabled_holo_light.9.png
[  44% ] _update_scan_actions | dropdown_focused_holo_dark.9.png
[  44% ] _update_scan_actions | dropdown_focused_holo_light.9.png
[  44% ] _update_scan_actions | dropdown_ic_arrow_disabled_focused_holo_dark.png
[  44% ] _update_scan_actions | dropdown_ic_arrow_disabled_focused_holo_light.png
[  44% ] _update_scan_actions | dropdown_ic_arrow_disabled_holo_dark.png
[  44% ] _update_scan_actions | dropdown_ic_arrow_disabled_holo_light.png
[  44% ] _update_scan_actions | dropdown_ic_arrow_focused_holo_dark.png
[  44% ] _update_scan_actions | dropdown_ic_arrow_focused_holo_light.png
[  44% ] _update_scan_actions | dropdown_ic_arrow_normal_holo_dark.png
[  44% ] _update_scan_actions | dropdown_ic_arrow_normal_holo_light.png
[  44% ] _update_scan_actions | dropdown_ic_arrow_pressed_holo_dark.png
[  44% ] _update_scan_actions | dropdown_ic_arrow_pressed_holo_light.png
[  44% ] _update_scan_actions | dropdown_normal_holo_dark.9.png
[  44% ] _update_scan_actions | dropdown_normal_holo_light.9.png
[  44% ] _update_scan_actions | dropdown_pressed_holo_dark.9.png
[  44% ] _update_scan_actions | dropdown_pressed_holo_light.9.png
[  44% ] _update_scan_actions | editbox_background_focus_yellow.9.png
[  44% ] _update_scan_actions | editbox_background_normal.9.png
[  44% ] _update_scan_actions | editbox_dropdown_background.9.png
[  44% ] _update_scan_actions | editbox_dropdown_background_dark.9.png
[  44% ] _update_scan_actions | edit_query.png
[  44% ] _update_scan_actions | edit_query_background_normal.9.png
[  44% ] _update_scan_actions | edit_query_background_pressed.9.png
[  44% ] _update_scan_actions | edit_query_background_selected.9.png
[  44% ] _update_scan_actions | emo_im_angel.png
[  44% ] _update_scan_actions | emo_im_cool.png
[  44% ] _update_scan_actions | emo_im_crying.png
[  44% ] _update_scan_actions | emo_im_embarrassed.png
[  44% ] _update_scan_actions | emo_im_foot_in_mouth.png
[  44% ] _update_scan_actions | emo_im_happy.png
[  44% ] _update_scan_actions | emo_im_kissing.png
[  44% ] _update_scan_actions | emo_im_laughing.png
[  44% ] _update_scan_actions | emo_im_lips_are_sealed.png
[  44% ] _update_scan_actions | emo_im_money_mouth.png
[  44% ] _update_scan_actions | emo_im_sad.png
[  44% ] _update_scan_actions | emo_im_surprised.png
[  44% ] _update_scan_actions | emo_im_tongue_sticking_out.png
[  44% ] _update_scan_actions | emo_im_undecided.png
[  44% ] _update_scan_actions | emo_im_winking.png
[  44% ] _update_scan_actions | emo_im_wtf.png
[  44% ] _update_scan_actions | emo_im_yelling.png
[  44% ] _update_scan_actions | expander_close_holo_dark.9.png
[  44% ] _update_scan_actions | expander_close_holo_light.9.png
[  44% ] _update_scan_actions | expander_close_mtrl_alpha.9.png
[  44% ] _update_scan_actions | expander_ic_maximized.9.png
[  44% ] _update_scan_actions | expander_ic_minimized.9.png
[  44% ] _update_scan_actions | expander_open_holo_dark.9.png
[  44% ] _update_scan_actions | expander_open_holo_light.9.png
[  44% ] _update_scan_actions | expander_open_mtrl_alpha.9.png
[  44% ] _update_scan_actions | fastscroll_label_left_holo_dark.9.png
[  44% ] _update_scan_actions | fastscroll_label_left_holo_light.9.png
[  44% ] _update_scan_actions | fastscroll_label_right_holo_dark.9.png
[  44% ] _update_scan_actions | fastscroll_label_right_holo_light.9.png
[  44% ] _update_scan_actions | fastscroll_thumb_default_holo.png
[  44% ] _update_scan_actions | fastscroll_thumb_pressed_holo.png
[  44% ] _update_scan_actions | fastscroll_track_default_holo_dark.9.png
[  44% ] _update_scan_actions | fastscroll_track_default_holo_light.9.png
[  44% ] _update_scan_actions | fastscroll_track_pressed_holo_dark.9.png
[  44% ] _update_scan_actions | fastscroll_track_pressed_holo_light.9.png
[  44% ] _update_scan_actions | focused_application_background_static.png
[  44% ] _update_scan_actions | frame_gallery_thumb.9.png
[  45% ] _update_scan_actions | frame_gallery_thumb_pressed.9.png
[  45% ] _update_scan_actions | frame_gallery_thumb_selected.9.png
[  45% ] _update_scan_actions | gallery_selected_default.9.png
[  45% ] _update_scan_actions | gallery_selected_focused.9.png
[  45% ] _update_scan_actions | gallery_selected_pressed.9.png
[  45% ] _update_scan_actions | gallery_unselected_default.9.png
[  45% ] _update_scan_actions | gallery_unselected_pressed.9.png
[  45% ] _update_scan_actions | grid_selector_background_focus.9.png
[  45% ] _update_scan_actions | grid_selector_background_pressed.9.png
[  45% ] _update_scan_actions | highlight_disabled.9.png
[  45% ] _update_scan_actions | highlight_pressed.9.png
[  45% ] _update_scan_actions | highlight_selected.9.png
[  45% ] _update_scan_actions | icon_highlight_rectangle.9.png
[  45% ] _update_scan_actions | icon_highlight_square.9.png
[  45% ] _update_scan_actions | ic_ab_back_holo_dark_am.png
[  45% ] _update_scan_actions | ic_ab_back_holo_light_am.png
[  45% ] _update_scan_actions | ic_action_assist_focused.png
[  45% ] _update_scan_actions | ic_aggregated.png
[  45% ] _update_scan_actions | ic_audio_notification_am_alpha.png
[  45% ] _update_scan_actions | ic_audio_notification_mute_am_alpha.png
[  45% ] _update_scan_actions | ic_btn_round_more_disabled.png
[  45% ] _update_scan_actions | ic_btn_round_more_normal.png
[  45% ] _update_scan_actions | ic_btn_search_go.png
[  45% ] _update_scan_actions | ic_btn_speak_now.png
[  45% ] _update_scan_actions | ic_btn_square_browser_zoom_fit_page_disabled.png
[  45% ] _update_scan_actions | ic_btn_square_browser_zoom_fit_page_normal.png
[  45% ] _update_scan_actions | ic_btn_square_browser_zoom_page_overview_disabled.png
[  45% ] _update_scan_actions | ic_btn_square_browser_zoom_page_overview_normal.png
[  45% ] _update_scan_actions | ic_bullet_key_permission.png
[  45% ] _update_scan_actions | ic_cab_done_holo.png
[  45% ] _update_scan_actions | ic_cab_done_holo_dark.png
[  45% ] _update_scan_actions | ic_cab_done_holo_light.png
[  45% ] _update_scan_actions | ic_cab_done_mtrl_alpha.png
[  45% ] _update_scan_actions | ic_checkmark_holo_light.png
[  45% ] _update_scan_actions | ic_clear_disabled.png
[  45% ] _update_scan_actions | ic_clear_normal.png
[  45% ] _update_scan_actions | ic_clear_search_api_disabled_holo_dark.png
[  45% ] _update_scan_actions | ic_clear_search_api_disabled_holo_light.png
[  45% ] _update_scan_actions | ic_clear_search_api_holo_dark.png
[  45% ] _update_scan_actions | ic_clear_search_api_holo_light.png
[  45% ] _update_scan_actions | ic_coins_l.png
[  45% ] _update_scan_actions | ic_coins_s.png
[  45% ] _update_scan_actions | ic_commit.png
[  45% ] _update_scan_actions | ic_commit_search_api_holo_dark.png
[  45% ] _update_scan_actions | ic_commit_search_api_holo_light.png
[  45% ] _update_scan_actions | ic_commit_search_api_mtrl_alpha.png
[  45% ] _update_scan_actions | ic_contact_picture.png
[  45% ] _update_scan_actions | ic_contact_picture_2.png
[  45% ] _update_scan_actions | ic_contact_picture_3.png
[  45% ] _update_scan_actions | ic_delete.png
[  45% ] _update_scan_actions | ic_dialog_alert.png
[  45% ] _update_scan_actions | ic_dialog_alert_holo_dark.png
[  45% ] _update_scan_actions | ic_dialog_alert_holo_light.png
[  45% ] _update_scan_actions | ic_dialog_close_normal_holo.png
[  45% ] _update_scan_actions | ic_dialog_close_pressed_holo.png
[  45% ] _update_scan_actions | ic_dialog_dialer.png
[  45% ] _update_scan_actions | ic_dialog_email.png
[  45% ] _update_scan_actions | ic_dialog_focused_holo.png
[  45% ] _update_scan_actions | ic_dialog_info.png
[  45% ] _update_scan_actions | ic_dialog_map.png
[  45% ] _update_scan_actions | ic_dialog_time.png
[  45% ] _update_scan_actions | ic_dialog_usb.png
[  45% ] _update_scan_actions | ic_emergency.png
[  45% ] _update_scan_actions | ic_find_next_holo_dark.png
[  45% ] _update_scan_actions | ic_find_next_holo_light.png
[  45% ] _update_scan_actions | ic_find_next_mtrl_alpha.png
[  45% ] _update_scan_actions | ic_find_previous_holo_dark.png
[  45% ] _update_scan_actions | ic_find_previous_holo_light.png
[  45% ] _update_scan_actions | ic_find_previous_mtrl_alpha.png
[  46% ] _update_scan_actions | ic_go.png
[  46% ] _update_scan_actions | ic_go_search_api_holo_dark.png
[  46% ] _update_scan_actions | ic_go_search_api_holo_light.png
[  46% ] _update_scan_actions | ic_input_add.png
[  46% ] _update_scan_actions | ic_input_delete.png
[  46% ] _update_scan_actions | ic_input_get.png
[  46% ] _update_scan_actions | ic_jog_dial_answer.png
[  46% ] _update_scan_actions | ic_jog_dial_answer_and_end.png
[  46% ] _update_scan_actions | ic_jog_dial_answer_and_hold.png
[  46% ] _update_scan_actions | ic_jog_dial_decline.png
[  46% ] _update_scan_actions | ic_jog_dial_sound_off.png
[  46% ] _update_scan_actions | ic_jog_dial_sound_on.png
[  46% ] _update_scan_actions | ic_jog_dial_unlock.png
[  46% ] _update_scan_actions | ic_jog_dial_vibrate_on.png
[  46% ] _update_scan_actions | ic_launcher_android.png
[  46% ] _update_scan_actions | ic_lockscreen_handle_pressed.png
[  46% ] _update_scan_actions | ic_lock_airplane_mode_alpha.png
[  46% ] _update_scan_actions | ic_lock_airplane_mode_off_am_alpha.png
[  46% ] _update_scan_actions | ic_lock_idle_alarm_alpha.png
[  46% ] _update_scan_actions | ic_lock_idle_charging.png
[  46% ] _update_scan_actions | ic_lock_idle_lock.png
[  46% ] _update_scan_actions | ic_lock_idle_low_battery.png
[  46% ] _update_scan_actions | ic_lock_lock_alpha.png
[  46% ] _update_scan_actions | ic_lock_open_wht_24dp.png
[  46% ] _update_scan_actions | ic_lock_outline_wht_24dp.png
[  46% ] _update_scan_actions | ic_lock_power_off_alpha.png
[  46% ] _update_scan_actions | ic_lock_ringer_off_alpha.png
[  46% ] _update_scan_actions | ic_lock_ringer_on_alpha.png
[  46% ] _update_scan_actions | ic_lock_silent_mode.png
[  46% ] _update_scan_actions | ic_lock_silent_mode_off.png
[  46% ] _update_scan_actions | ic_lock_silent_mode_vibrate.png
[  46% ] _update_scan_actions | ic_maps_indicator_current_position.png
[  46% ] _update_scan_actions | ic_maps_indicator_current_position_anim1.png
[  46% ] _update_scan_actions | ic_maps_indicator_current_position_anim2.png
[  46% ] _update_scan_actions | ic_maps_indicator_current_position_anim3.png
[  46% ] _update_scan_actions | ic_media_embed_play.png
[  46% ] _update_scan_actions | ic_media_ff.png
[  46% ] _update_scan_actions | ic_media_fullscreen.png
[  46% ] _update_scan_actions | ic_media_next.png
[  46% ] _update_scan_actions | ic_media_pause.png
[  46% ] _update_scan_actions | ic_media_play.png
[  46% ] _update_scan_actions | ic_media_previous.png
[  46% ] _update_scan_actions | ic_media_rew.png
[  46% ] _update_scan_actions | ic_media_route_connected_dark_00_mtrl.png
[  46% ] _update_scan_actions | ic_media_route_connected_dark_01_mtrl.png
[  46% ] _update_scan_actions | ic_media_route_connected_dark_02_mtrl.png
[  46% ] _update_scan_actions | ic_media_route_connected_dark_03_mtrl.png
[  46% ] _update_scan_actions | ic_media_route_connected_dark_04_mtrl.png
[  46% ] _update_scan_actions | ic_media_route_connected_dark_05_mtrl.png
[  46% ] _update_scan_actions | ic_media_route_connected_dark_06_mtrl.png
[  46% ] _update_scan_actions | ic_media_route_connected_dark_07_mtrl.png
[  46% ] _update_scan_actions | ic_media_route_connected_dark_08_mtrl.png
[  46% ] _update_scan_actions | ic_media_route_connected_dark_09_mtrl.png
[  46% ] _update_scan_actions | ic_media_route_connected_dark_10_mtrl.png
[  46% ] _update_scan_actions | ic_media_route_connected_dark_11_mtrl.png
[  46% ] _update_scan_actions | ic_media_route_connected_dark_12_mtrl.png
[  46% ] _update_scan_actions | ic_media_route_connected_dark_13_mtrl.png
[  46% ] _update_scan_actions | ic_media_route_connected_dark_14_mtrl.png
[  46% ] _update_scan_actions | ic_media_route_connected_dark_15_mtrl.png
[  46% ] _update_scan_actions | ic_media_route_connected_dark_16_mtrl.png
[  46% ] _update_scan_actions | ic_media_route_connected_dark_17_mtrl.png
[  46% ] _update_scan_actions | ic_media_route_connected_dark_18_mtrl.png
[  46% ] _update_scan_actions | ic_media_route_connected_dark_19_mtrl.png
[  46% ] _update_scan_actions | ic_media_route_connected_dark_20_mtrl.png
[  46% ] _update_scan_actions | ic_media_route_connected_dark_21_mtrl.png
[  46% ] _update_scan_actions | ic_media_route_connected_dark_22_mtrl.png
[  46% ] _update_scan_actions | ic_media_route_connected_dark_23_mtrl.png
[  46% ] _update_scan_actions | ic_media_route_connected_dark_24_mtrl.png
[  47% ] _update_scan_actions | ic_media_route_connected_dark_25_mtrl.png
[  47% ] _update_scan_actions | ic_media_route_connected_dark_26_mtrl.png
[  47% ] _update_scan_actions | ic_media_route_connected_dark_27_mtrl.png
[  47% ] _update_scan_actions | ic_media_route_connected_dark_28_mtrl.png
[  47% ] _update_scan_actions | ic_media_route_connected_dark_29_mtrl.png
[  47% ] _update_scan_actions | ic_media_route_connected_dark_30_mtrl.png
[  47% ] _update_scan_actions | ic_media_route_connected_light_00_mtrl.png
[  47% ] _update_scan_actions | ic_media_route_connected_light_01_mtrl.png
[  47% ] _update_scan_actions | ic_media_route_connected_light_02_mtrl.png
[  47% ] _update_scan_actions | ic_media_route_connected_light_03_mtrl.png
[  47% ] _update_scan_actions | ic_media_route_connected_light_04_mtrl.png
[  47% ] _update_scan_actions | ic_media_route_connected_light_05_mtrl.png
[  47% ] _update_scan_actions | ic_media_route_connected_light_06_mtrl.png
[  47% ] _update_scan_actions | ic_media_route_connected_light_07_mtrl.png
[  47% ] _update_scan_actions | ic_media_route_connected_light_08_mtrl.png
[  47% ] _update_scan_actions | ic_media_route_connected_light_09_mtrl.png
[  47% ] _update_scan_actions | ic_media_route_connected_light_10_mtrl.png
[  47% ] _update_scan_actions | ic_media_route_connected_light_11_mtrl.png
[  47% ] _update_scan_actions | ic_media_route_connected_light_12_mtrl.png
[  47% ] _update_scan_actions | ic_media_route_connected_light_13_mtrl.png
[  47% ] _update_scan_actions | ic_media_route_connected_light_14_mtrl.png
[  47% ] _update_scan_actions | ic_media_route_connected_light_15_mtrl.png
[  47% ] _update_scan_actions | ic_media_route_connected_light_16_mtrl.png
[  47% ] _update_scan_actions | ic_media_route_connected_light_17_mtrl.png
[  47% ] _update_scan_actions | ic_media_route_connected_light_18_mtrl.png
[  47% ] _update_scan_actions | ic_media_route_connected_light_19_mtrl.png
[  47% ] _update_scan_actions | ic_media_route_connected_light_20_mtrl.png
[  47% ] _update_scan_actions | ic_media_route_connected_light_21_mtrl.png
[  47% ] _update_scan_actions | ic_media_route_connected_light_22_mtrl.png
[  47% ] _update_scan_actions | ic_media_route_connected_light_23_mtrl.png
[  47% ] _update_scan_actions | ic_media_route_connected_light_24_mtrl.png
[  47% ] _update_scan_actions | ic_media_route_connected_light_25_mtrl.png
[  47% ] _update_scan_actions | ic_media_route_connected_light_26_mtrl.png
[  47% ] _update_scan_actions | ic_media_route_connected_light_27_mtrl.png
[  47% ] _update_scan_actions | ic_media_route_connected_light_28_mtrl.png
[  47% ] _update_scan_actions | ic_media_route_connected_light_29_mtrl.png
[  47% ] _update_scan_actions | ic_media_route_connected_light_30_mtrl.png
[  47% ] _update_scan_actions | ic_media_route_connecting_dark_00_mtrl.png
[  47% ] _update_scan_actions | ic_media_route_connecting_dark_01_mtrl.png
[  47% ] _update_scan_actions | ic_media_route_connecting_dark_02_mtrl.png
[  47% ] _update_scan_actions | ic_media_route_connecting_dark_03_mtrl.png
[  47% ] _update_scan_actions | ic_media_route_connecting_dark_04_mtrl.png
[  47% ] _update_scan_actions | ic_media_route_connecting_dark_05_mtrl.png
[  47% ] _update_scan_actions | ic_media_route_connecting_dark_06_mtrl.png
[  47% ] _update_scan_actions | ic_media_route_connecting_dark_07_mtrl.png
[  47% ] _update_scan_actions | ic_media_route_connecting_dark_08_mtrl.png
[  47% ] _update_scan_actions | ic_media_route_connecting_dark_09_mtrl.png
[  47% ] _update_scan_actions | ic_media_route_connecting_dark_10_mtrl.png
[  47% ] _update_scan_actions | ic_media_route_connecting_dark_11_mtrl.png
[  47% ] _update_scan_actions | ic_media_route_connecting_dark_12_mtrl.png
[  47% ] _update_scan_actions | ic_media_route_connecting_dark_13_mtrl.png
[  47% ] _update_scan_actions | ic_media_route_connecting_dark_14_mtrl.png
[  47% ] _update_scan_actions | ic_media_route_connecting_dark_15_mtrl.png
[  47% ] _update_scan_actions | ic_media_route_connecting_dark_16_mtrl.png
[  47% ] _update_scan_actions | ic_media_route_connecting_dark_17_mtrl.png
[  47% ] _update_scan_actions | ic_media_route_connecting_dark_18_mtrl.png
[  47% ] _update_scan_actions | ic_media_route_connecting_dark_19_mtrl.png
[  47% ] _update_scan_actions | ic_media_route_connecting_dark_20_mtrl.png
[  47% ] _update_scan_actions | ic_media_route_connecting_dark_21_mtrl.png
[  47% ] _update_scan_actions | ic_media_route_connecting_dark_22_mtrl.png
[  47% ] _update_scan_actions | ic_media_route_connecting_dark_23_mtrl.png
[  47% ] _update_scan_actions | ic_media_route_connecting_dark_24_mtrl.png
[  47% ] _update_scan_actions | ic_media_route_connecting_dark_25_mtrl.png
[  47% ] _update_scan_actions | ic_media_route_connecting_dark_26_mtrl.png
[  47% ] _update_scan_actions | ic_media_route_connecting_dark_27_mtrl.png
[  47% ] _update_scan_actions | ic_media_route_connecting_dark_28_mtrl.png
[  47% ] _update_scan_actions | ic_media_route_connecting_dark_29_mtrl.png
[  47% ] _update_scan_actions | ic_media_route_connecting_dark_30_mtrl.png
[  47% ] _update_scan_actions | ic_media_route_connecting_light_00_mtrl.png
[  48% ] _update_scan_actions | ic_media_route_connecting_light_01_mtrl.png
[  48% ] _update_scan_actions | ic_media_route_connecting_light_02_mtrl.png
[  48% ] _update_scan_actions | ic_media_route_connecting_light_03_mtrl.png
[  48% ] _update_scan_actions | ic_media_route_connecting_light_04_mtrl.png
[  48% ] _update_scan_actions | ic_media_route_connecting_light_05_mtrl.png
[  48% ] _update_scan_actions | ic_media_route_connecting_light_06_mtrl.png
[  48% ] _update_scan_actions | ic_media_route_connecting_light_07_mtrl.png
[  48% ] _update_scan_actions | ic_media_route_connecting_light_08_mtrl.png
[  48% ] _update_scan_actions | ic_media_route_connecting_light_09_mtrl.png
[  48% ] _update_scan_actions | ic_media_route_connecting_light_10_mtrl.png
[  48% ] _update_scan_actions | ic_media_route_connecting_light_11_mtrl.png
[  48% ] _update_scan_actions | ic_media_route_connecting_light_12_mtrl.png
[  48% ] _update_scan_actions | ic_media_route_connecting_light_13_mtrl.png
[  48% ] _update_scan_actions | ic_media_route_connecting_light_14_mtrl.png
[  48% ] _update_scan_actions | ic_media_route_connecting_light_15_mtrl.png
[  48% ] _update_scan_actions | ic_media_route_connecting_light_16_mtrl.png
[  48% ] _update_scan_actions | ic_media_route_connecting_light_17_mtrl.png
[  48% ] _update_scan_actions | ic_media_route_connecting_light_18_mtrl.png
[  48% ] _update_scan_actions | ic_media_route_connecting_light_19_mtrl.png
[  48% ] _update_scan_actions | ic_media_route_connecting_light_20_mtrl.png
[  48% ] _update_scan_actions | ic_media_route_connecting_light_21_mtrl.png
[  48% ] _update_scan_actions | ic_media_route_connecting_light_22_mtrl.png
[  48% ] _update_scan_actions | ic_media_route_connecting_light_23_mtrl.png
[  48% ] _update_scan_actions | ic_media_route_connecting_light_24_mtrl.png
[  48% ] _update_scan_actions | ic_media_route_connecting_light_25_mtrl.png
[  48% ] _update_scan_actions | ic_media_route_connecting_light_26_mtrl.png
[  48% ] _update_scan_actions | ic_media_route_connecting_light_27_mtrl.png
[  48% ] _update_scan_actions | ic_media_route_connecting_light_28_mtrl.png
[  48% ] _update_scan_actions | ic_media_route_connecting_light_29_mtrl.png
[  48% ] _update_scan_actions | ic_media_route_connecting_light_30_mtrl.png
[  48% ] _update_scan_actions | ic_media_route_disabled_holo_dark.png
[  48% ] _update_scan_actions | ic_media_route_disabled_holo_light.png
[  48% ] _update_scan_actions | ic_media_route_disabled_mtrl_alpha.png
[  48% ] _update_scan_actions | ic_media_route_off_dark_mtrl.png
[  48% ] _update_scan_actions | ic_media_route_off_holo_dark.png
[  48% ] _update_scan_actions | ic_media_route_off_holo_light.png
[  48% ] _update_scan_actions | ic_media_route_off_light_mtrl.png
[  48% ] _update_scan_actions | ic_media_route_on_0_holo_dark.png
[  48% ] _update_scan_actions | ic_media_route_on_0_holo_light.png
[  48% ] _update_scan_actions | ic_media_route_on_1_holo_dark.png
[  48% ] _update_scan_actions | ic_media_route_on_1_holo_light.png
[  48% ] _update_scan_actions | ic_media_route_on_2_holo_dark.png
[  48% ] _update_scan_actions | ic_media_route_on_2_holo_light.png
[  48% ] _update_scan_actions | ic_media_route_on_holo_dark.png
[  48% ] _update_scan_actions | ic_media_route_on_holo_light.png
[  48% ] _update_scan_actions | ic_media_stop.png
[  48% ] _update_scan_actions | ic_media_video_poster.png
[  48% ] _update_scan_actions | ic_menu_account_list.png
[  48% ] _update_scan_actions | ic_menu_add.png
[  48% ] _update_scan_actions | ic_menu_agenda.png
[  48% ] _update_scan_actions | ic_menu_allfriends.png
[  48% ] _update_scan_actions | ic_menu_always_landscape_portrait.png
[  48% ] _update_scan_actions | ic_menu_archive.png
[  48% ] _update_scan_actions | ic_menu_attachment.png
[  48% ] _update_scan_actions | ic_menu_back.png
[  48% ] _update_scan_actions | ic_menu_block.png
[  48% ] _update_scan_actions | ic_menu_blocked_user.png
[  48% ] _update_scan_actions | ic_menu_btn_add.png
[  48% ] _update_scan_actions | ic_menu_call.png
[  48% ] _update_scan_actions | ic_menu_camera.png
[  48% ] _update_scan_actions | ic_menu_cc_am.png
[  48% ] _update_scan_actions | ic_menu_chat_dashboard.png
[  48% ] _update_scan_actions | ic_menu_clear_playlist.png
[  48% ] _update_scan_actions | ic_menu_close_clear_cancel.png
[  48% ] _update_scan_actions | ic_menu_compass.png
[  48% ] _update_scan_actions | ic_menu_compose.png
[  48% ] _update_scan_actions | ic_menu_copy.png
[  48% ] _update_scan_actions | ic_menu_copy_holo_dark.png
[  49% ] _update_scan_actions | ic_menu_copy_holo_light.png
[  49% ] _update_scan_actions | ic_menu_crop.png
[  49% ] _update_scan_actions | ic_menu_cut.png
[  49% ] _update_scan_actions | ic_menu_cut_holo_dark.png
[  49% ] _update_scan_actions | ic_menu_cut_holo_light.png
[  49% ] _update_scan_actions | ic_menu_day.png
[  49% ] _update_scan_actions | ic_menu_delete.png
[  49% ] _update_scan_actions | ic_menu_directions.png
[  49% ] _update_scan_actions | ic_menu_edit.png
[  49% ] _update_scan_actions | ic_menu_emoticons.png
[  49% ] _update_scan_actions | ic_menu_end_conversation.png
[  49% ] _update_scan_actions | ic_menu_find.png
[  49% ] _update_scan_actions | ic_menu_find_holo_dark.png
[  49% ] _update_scan_actions | ic_menu_find_holo_light.png
[  49% ] _update_scan_actions | ic_menu_find_mtrl_alpha.png
[  49% ] _update_scan_actions | ic_menu_forward.png
[  49% ] _update_scan_actions | ic_menu_friendslist.png
[  49% ] _update_scan_actions | ic_menu_gallery.png
[  49% ] _update_scan_actions | ic_menu_goto.png
[  49% ] _update_scan_actions | ic_menu_help.png
[  49% ] _update_scan_actions | ic_menu_help_holo_light.png
[  49% ] _update_scan_actions | ic_menu_home.png
[  49% ] _update_scan_actions | ic_menu_info_details.png
[  49% ] _update_scan_actions | ic_menu_invite.png
[  49% ] _update_scan_actions | ic_menu_login.png
[  49% ] _update_scan_actions | ic_menu_manage.png
[  49% ] _update_scan_actions | ic_menu_mapmode.png
[  49% ] _update_scan_actions | ic_menu_mark.png
[  49% ] _update_scan_actions | ic_menu_month.png
[  49% ] _update_scan_actions | ic_menu_more.png
[  49% ] _update_scan_actions | ic_menu_moreoverflow.png
[  49% ] _update_scan_actions | ic_menu_moreoverflow_focused_holo_dark.png
[  49% ] _update_scan_actions | ic_menu_moreoverflow_focused_holo_light.png
[  49% ] _update_scan_actions | ic_menu_moreoverflow_normal_holo_dark.png
[  49% ] _update_scan_actions | ic_menu_moreoverflow_normal_holo_light.png
[  49% ] _update_scan_actions | ic_menu_mylocation.png
[  49% ] _update_scan_actions | ic_menu_myplaces.png
[  49% ] _update_scan_actions | ic_menu_my_calendar.png
[  49% ] _update_scan_actions | ic_menu_notifications.png
[  49% ] _update_scan_actions | ic_menu_paste.png
[  49% ] _update_scan_actions | ic_menu_paste_holo_dark.png
[  49% ] _update_scan_actions | ic_menu_paste_holo_light.png
[  49% ] _update_scan_actions | ic_menu_play_clip.png
[  49% ] _update_scan_actions | ic_menu_preferences.png
[  49% ] _update_scan_actions | ic_menu_recent_history.png
[  49% ] _update_scan_actions | ic_menu_report_image.png
[  49% ] _update_scan_actions | ic_menu_revert.png
[  49% ] _update_scan_actions | ic_menu_rotate.png
[  49% ] _update_scan_actions | ic_menu_save.png
[  49% ] _update_scan_actions | ic_menu_search.png
[  49% ] _update_scan_actions | ic_menu_search_holo_dark.png
[  49% ] _update_scan_actions | ic_menu_search_holo_light.png
[  49% ] _update_scan_actions | ic_menu_search_mtrl_alpha.png
[  49% ] _update_scan_actions | ic_menu_selectall_holo_dark.png
[  49% ] _update_scan_actions | ic_menu_selectall_holo_light.png
[  49% ] _update_scan_actions | ic_menu_send.png
[  49% ] _update_scan_actions | ic_menu_settings_holo_light.png
[  49% ] _update_scan_actions | ic_menu_set_as.png
[  49% ] _update_scan_actions | ic_menu_share.png
[  49% ] _update_scan_actions | ic_menu_share_holo_dark.png
[  49% ] _update_scan_actions | ic_menu_share_holo_light.png
[  49% ] _update_scan_actions | ic_menu_slideshow.png
[  49% ] _update_scan_actions | ic_menu_sort_alphabetically.png
[  49% ] _update_scan_actions | ic_menu_sort_by_size.png
[  49% ] _update_scan_actions | ic_menu_star.png
[  49% ] _update_scan_actions | ic_menu_start_conversation.png
[  49% ] _update_scan_actions | ic_menu_stop.png
[  49% ] _update_scan_actions | ic_menu_today.png
[  50% ] _update_scan_actions | ic_menu_upload.png
[  50% ] _update_scan_actions | ic_menu_upload_you_tube.png
[  50% ] _update_scan_actions | ic_menu_view.png
[  50% ] _update_scan_actions | ic_menu_week.png
[  50% ] _update_scan_actions | ic_menu_zoom.png
[  50% ] _update_scan_actions | ic_notification_cast_0.png
[  50% ] _update_scan_actions | ic_notification_cast_1.png
[  50% ] _update_scan_actions | ic_notification_cast_2.png
[  50% ] _update_scan_actions | ic_notification_clear_all.png
[  50% ] _update_scan_actions | ic_notification_overlay.9.png
[  50% ] _update_scan_actions | ic_partial_secure.png
[  50% ] _update_scan_actions | ic_popup_disk_full.png
[  50% ] _update_scan_actions | ic_popup_reminder.png
[  50% ] _update_scan_actions | ic_popup_sync_1.png
[  50% ] _update_scan_actions | ic_popup_sync_2.png
[  50% ] _update_scan_actions | ic_popup_sync_3.png
[  50% ] _update_scan_actions | ic_popup_sync_4.png
[  50% ] _update_scan_actions | ic_popup_sync_5.png
[  50% ] _update_scan_actions | ic_popup_sync_6.png
[  50% ] _update_scan_actions | ic_search.png
[  50% ] _update_scan_actions | ic_search_api_holo_dark.png
[  50% ] _update_scan_actions | ic_search_api_holo_light.png
[  50% ] _update_scan_actions | ic_search_category_default.png
[  50% ] _update_scan_actions | ic_secure.png
[  50% ] _update_scan_actions | ic_settings.png
[  50% ] _update_scan_actions | ic_settings_language.png
[  50% ] _update_scan_actions | ic_sim_card_multi_24px_clr.png
[  50% ] _update_scan_actions | ic_sim_card_multi_48px_clr.png
[  50% ] _update_scan_actions | ic_star_black_16dp.png
[  50% ] _update_scan_actions | ic_star_black_36dp.png
[  50% ] _update_scan_actions | ic_star_black_48dp.png
[  50% ] _update_scan_actions | ic_star_half_black_16dp.png
[  50% ] _update_scan_actions | ic_star_half_black_36dp.png
[  50% ] _update_scan_actions | ic_star_half_black_48dp.png
[  50% ] _update_scan_actions | ic_sysbar_quicksettings.png
[  50% ] _update_scan_actions | ic_vibrate.png
[  50% ] _update_scan_actions | ic_vibrate_small.png
[  50% ] _update_scan_actions | ic_voice_search.png
[  50% ] _update_scan_actions | ic_voice_search_api_holo_dark.png
[  50% ] _update_scan_actions | ic_voice_search_api_holo_light.png
[  50% ] _update_scan_actions | ic_volume.png
[  50% ] _update_scan_actions | ic_volume_bluetooth_ad2p.png
[  50% ] _update_scan_actions | ic_volume_bluetooth_in_call.png
[  50% ] _update_scan_actions | ic_volume_off.png
[  50% ] _update_scan_actions | ic_volume_off_small.png
[  50% ] _update_scan_actions | ic_volume_small.png
[  50% ] _update_scan_actions | ime_qwerty.png
[  50% ] _update_scan_actions | indicator_input_error.png
[  50% ] _update_scan_actions | jog_dial_arrow_long_left_green.png
[  50% ] _update_scan_actions | jog_dial_arrow_long_left_yellow.png
[  50% ] _update_scan_actions | jog_dial_arrow_long_middle_yellow.png
[  50% ] _update_scan_actions | jog_dial_arrow_long_right_red.png
[  50% ] _update_scan_actions | jog_dial_arrow_long_right_yellow.png
[  50% ] _update_scan_actions | jog_dial_arrow_short_left.png
[  50% ] _update_scan_actions | jog_dial_arrow_short_left_and_right.png
[  50% ] _update_scan_actions | jog_dial_arrow_short_right.png
[  50% ] _update_scan_actions | jog_dial_bg.png
[  50% ] _update_scan_actions | jog_dial_dimple.png
[  50% ] _update_scan_actions | jog_dial_dimple_dim.png
[  50% ] _update_scan_actions | jog_tab_bar_left_end_confirm_gray.9.png
[  50% ] _update_scan_actions | jog_tab_bar_left_end_confirm_green.9.png
[  50% ] _update_scan_actions | jog_tab_bar_left_end_confirm_red.9.png
[  50% ] _update_scan_actions | jog_tab_bar_left_end_confirm_yellow.9.png
[  50% ] _update_scan_actions | jog_tab_bar_left_end_normal.9.png
[  50% ] _update_scan_actions | jog_tab_bar_left_end_pressed.9.png
[  50% ] _update_scan_actions | jog_tab_bar_right_end_confirm_gray.9.png
[  50% ] _update_scan_actions | jog_tab_bar_right_end_confirm_green.9.png
[  50% ] _update_scan_actions | jog_tab_bar_right_end_confirm_red.9.png
[  50% ] _update_scan_actions | jog_tab_bar_right_end_confirm_yellow.9.png
[  51% ] _update_scan_actions | jog_tab_bar_right_end_normal.9.png
[  51% ] _update_scan_actions | jog_tab_bar_right_end_pressed.9.png
[  51% ] _update_scan_actions | jog_tab_left_confirm_gray.png
[  51% ] _update_scan_actions | jog_tab_left_confirm_green.png
[  51% ] _update_scan_actions | jog_tab_left_confirm_red.png
[  51% ] _update_scan_actions | jog_tab_left_confirm_yellow.png
[  51% ] _update_scan_actions | jog_tab_left_normal.png
[  51% ] _update_scan_actions | jog_tab_left_pressed.png
[  51% ] _update_scan_actions | jog_tab_right_confirm_gray.png
[  51% ] _update_scan_actions | jog_tab_right_confirm_green.png
[  51% ] _update_scan_actions | jog_tab_right_confirm_red.png
[  51% ] _update_scan_actions | jog_tab_right_confirm_yellow.png
[  51% ] _update_scan_actions | jog_tab_right_normal.png
[  51% ] _update_scan_actions | jog_tab_right_pressed.png
[  51% ] _update_scan_actions | jog_tab_target_gray.png
[  51% ] _update_scan_actions | jog_tab_target_green.png
[  51% ] _update_scan_actions | jog_tab_target_red.png
[  51% ] _update_scan_actions | jog_tab_target_yellow.png
[  51% ] _update_scan_actions | keyboard_accessory_bg_landscape.9.png
[  51% ] _update_scan_actions | keyboard_background.9.png
[  51% ] _update_scan_actions | keyboard_key_feedback_background.9.png
[  51% ] _update_scan_actions | keyboard_key_feedback_more_background.9.png
[  51% ] _update_scan_actions | keyboard_popup_panel_background.9.png
[  51% ] _update_scan_actions | keyboard_popup_panel_trans_background.9.png
[  51% ] _update_scan_actions | light_header.9.png
[  51% ] _update_scan_actions | list_activated_holo.9.png
[  51% ] _update_scan_actions | list_divider_holo_dark.9.png
[  51% ] _update_scan_actions | list_divider_holo_light.9.png
[  51% ] _update_scan_actions | list_divider_horizontal_holo_dark.9.png
[  51% ] _update_scan_actions | list_focused_holo.9.png
[  51% ] _update_scan_actions | list_longpressed_holo.9.png
[  51% ] _update_scan_actions | list_longpressed_holo_dark.9.png
[  51% ] _update_scan_actions | list_longpressed_holo_light.9.png
[  51% ] _update_scan_actions | list_pressed_holo_dark.9.png
[  51% ] _update_scan_actions | list_pressed_holo_light.9.png
[  51% ] _update_scan_actions | list_section_divider_holo_dark.9.png
[  51% ] _update_scan_actions | list_section_divider_holo_light.9.png
[  51% ] _update_scan_actions | list_section_divider_mtrl_alpha.9.png
[  51% ] _update_scan_actions | list_section_header_holo_dark.9.png
[  51% ] _update_scan_actions | list_section_header_holo_light.9.png
[  51% ] _update_scan_actions | list_selected_holo_dark.9.png
[  51% ] _update_scan_actions | list_selected_holo_light.9.png
[  51% ] _update_scan_actions | list_selector_activated_holo_dark.9.png
[  51% ] _update_scan_actions | list_selector_activated_holo_light.9.png
[  51% ] _update_scan_actions | list_selector_background_default.9.png
[  51% ] _update_scan_actions | list_selector_background_default_light.9.png
[  51% ] _update_scan_actions | list_selector_background_disabled.9.png
[  51% ] _update_scan_actions | list_selector_background_disabled_light.9.png
[  51% ] _update_scan_actions | list_selector_background_focus.9.png
[  51% ] _update_scan_actions | list_selector_background_focused.9.png
[  51% ] _update_scan_actions | list_selector_background_focused_light.9.png
[  51% ] _update_scan_actions | list_selector_background_focused_selected.9.png
[  51% ] _update_scan_actions | list_selector_background_longpress.9.png
[  51% ] _update_scan_actions | list_selector_background_longpress_light.9.png
[  51% ] _update_scan_actions | list_selector_background_pressed.9.png
[  51% ] _update_scan_actions | list_selector_background_pressed_light.9.png
[  51% ] _update_scan_actions | list_selector_background_selected.9.png
[  51% ] _update_scan_actions | list_selector_background_selected_light.9.png
[  51% ] _update_scan_actions | list_selector_disabled_holo_dark.9.png
[  51% ] _update_scan_actions | list_selector_disabled_holo_light.9.png
[  51% ] _update_scan_actions | list_selector_focused_holo_dark.9.png
[  51% ] _update_scan_actions | list_selector_focused_holo_light.9.png
[  51% ] _update_scan_actions | list_selector_multiselect_holo_dark.9.png
[  51% ] _update_scan_actions | list_selector_multiselect_holo_light.9.png
[  51% ] _update_scan_actions | list_selector_pressed_holo_dark.9.png
[  51% ] _update_scan_actions | list_selector_pressed_holo_light.9.png
[  51% ] _update_scan_actions | magnified_region_frame.9.png
[  51% ] _update_scan_actions | maps_google_logo.png
[  52% ] _update_scan_actions | menuitem_background_focus.9.png
[  52% ] _update_scan_actions | menuitem_background_pressed.9.png
[  52% ] _update_scan_actions | menuitem_background_solid_focused.9.png
[  52% ] _update_scan_actions | menuitem_background_solid_pressed.9.png
[  52% ] _update_scan_actions | menuitem_checkbox_on.png
[  52% ] _update_scan_actions | menu_background.9.png
[  52% ] _update_scan_actions | menu_background_fill_parent_width.9.png
[  52% ] _update_scan_actions | menu_dropdown_panel_holo_dark.9.png
[  52% ] _update_scan_actions | menu_dropdown_panel_holo_light.9.png
[  52% ] _update_scan_actions | menu_hardkey_panel_holo_dark.9.png
[  52% ] _update_scan_actions | menu_hardkey_panel_holo_light.9.png
[  52% ] _update_scan_actions | menu_popup_panel_holo_dark.9.png
[  52% ] _update_scan_actions | menu_popup_panel_holo_light.9.png
[  52% ] _update_scan_actions | menu_separator.9.png
[  52% ] _update_scan_actions | menu_submenu_background.9.png
[  52% ] _update_scan_actions | minitab_lt_focus.9.png
[  52% ] _update_scan_actions | minitab_lt_press.9.png
[  52% ] _update_scan_actions | minitab_lt_selected.9.png
[  52% ] _update_scan_actions | minitab_lt_unselected.9.png
[  52% ] _update_scan_actions | minitab_lt_unselected_press.9.png
[  52% ] _update_scan_actions | numberpicker_down_disabled.9.png
[  52% ] _update_scan_actions | numberpicker_down_disabled_focused.9.png
[  52% ] _update_scan_actions | numberpicker_down_normal.9.png
[  52% ] _update_scan_actions | numberpicker_down_pressed.9.png
[  52% ] _update_scan_actions | numberpicker_down_selected.9.png
[  52% ] _update_scan_actions | numberpicker_input_disabled.9.png
[  52% ] _update_scan_actions | numberpicker_input_normal.9.png
[  52% ] _update_scan_actions | numberpicker_input_pressed.9.png
[  52% ] _update_scan_actions | numberpicker_input_selected.9.png
[  52% ] _update_scan_actions | numberpicker_selection_divider.9.png
[  52% ] _update_scan_actions | numberpicker_up_disabled.9.png
[  52% ] _update_scan_actions | numberpicker_up_disabled_focused.9.png
[  52% ] _update_scan_actions | numberpicker_up_normal.9.png
[  52% ] _update_scan_actions | numberpicker_up_pressed.9.png
[  52% ] _update_scan_actions | numberpicker_up_selected.9.png
[  52% ] _update_scan_actions | panel_background.9.png
[  52% ] _update_scan_actions | panel_bg_holo_dark.9.png
[  52% ] _update_scan_actions | panel_bg_holo_light.9.png
[  52% ] _update_scan_actions | panel_picture_frame_bg_focus_blue.9.png
[  52% ] _update_scan_actions | panel_picture_frame_bg_normal.9.png
[  52% ] _update_scan_actions | panel_picture_frame_bg_pressed_blue.9.png
[  52% ] _update_scan_actions | password_field_default.9.png
[  52% ] _update_scan_actions | password_keyboard_background_holo.9.png
[  52% ] _update_scan_actions | perm_group_accessibility_features.png
[  52% ] _update_scan_actions | perm_group_affects_battery.png
[  52% ] _update_scan_actions | perm_group_app_info.png
[  52% ] _update_scan_actions | perm_group_audio_settings.png
[  52% ] _update_scan_actions | perm_group_bluetooth.png
[  52% ] _update_scan_actions | perm_group_bookmarks.png
[  52% ] _update_scan_actions | perm_group_device_alarms.png
[  52% ] _update_scan_actions | perm_group_display.png
[  52% ] _update_scan_actions | perm_group_network.png
[  52% ] _update_scan_actions | perm_group_personal_info.png
[  52% ] _update_scan_actions | perm_group_screenlock.png
[  52% ] _update_scan_actions | perm_group_shortrange_network.png
[  52% ] _update_scan_actions | perm_group_status_bar.png
[  52% ] _update_scan_actions | perm_group_sync_settings.png
[  52% ] _update_scan_actions | perm_group_system_clock.png
[  52% ] _update_scan_actions | perm_group_system_tools.png
[  52% ] _update_scan_actions | perm_group_voicemail.png
[  52% ] _update_scan_actions | perm_group_wallpaper.png
[  52% ] _update_scan_actions | picture_emergency.png
[  52% ] _update_scan_actions | picture_frame.9.png
[  52% ] _update_scan_actions | pointer_alias.png
[  52% ] _update_scan_actions | pointer_alias_large.png
[  52% ] _update_scan_actions | pointer_all_scroll.png
[  52% ] _update_scan_actions | pointer_all_scroll_large.png
[  52% ] _update_scan_actions | pointer_arrow.png
[  52% ] _update_scan_actions | pointer_arrow_large.png
[  53% ] _update_scan_actions | pointer_cell.png
[  53% ] _update_scan_actions | pointer_cell_large.png
[  53% ] _update_scan_actions | pointer_context_menu.png
[  53% ] _update_scan_actions | pointer_context_menu_large.png
[  53% ] _update_scan_actions | pointer_copy.png
[  53% ] _update_scan_actions | pointer_copy_large.png
[  53% ] _update_scan_actions | pointer_crosshair.png
[  53% ] _update_scan_actions | pointer_crosshair_large.png
[  53% ] _update_scan_actions | pointer_grab.png
[  53% ] _update_scan_actions | pointer_grabbing.png
[  53% ] _update_scan_actions | pointer_grabbing_large.png
[  53% ] _update_scan_actions | pointer_grab_large.png
[  53% ] _update_scan_actions | pointer_hand.png
[  53% ] _update_scan_actions | pointer_handwriting.png
[  53% ] _update_scan_actions | pointer_hand_large.png
[  53% ] _update_scan_actions | pointer_help.png
[  53% ] _update_scan_actions | pointer_help_large.png
[  53% ] _update_scan_actions | pointer_horizontal_double_arrow.png
[  53% ] _update_scan_actions | pointer_horizontal_double_arrow_large.png
[  53% ] _update_scan_actions | pointer_nodrop.png
[  53% ] _update_scan_actions | pointer_nodrop_large.png
[  53% ] _update_scan_actions | pointer_spot_anchor.png
[  53% ] _update_scan_actions | pointer_spot_hover.png
[  53% ] _update_scan_actions | pointer_spot_touch.png
[  53% ] _update_scan_actions | pointer_text.png
[  53% ] _update_scan_actions | pointer_text_large.png
[  53% ] _update_scan_actions | pointer_top_left_diagonal_double_arrow.png
[  53% ] _update_scan_actions | pointer_top_left_diagonal_double_arrow_large.png
[  53% ] _update_scan_actions | pointer_top_right_diagonal_double_arrow.png
[  53% ] _update_scan_actions | pointer_top_right_diagonal_double_arrow_large.png
[  53% ] _update_scan_actions | pointer_vertical_double_arrow.png
[  53% ] _update_scan_actions | pointer_vertical_double_arrow_large.png
[  53% ] _update_scan_actions | pointer_vertical_text.png
[  53% ] _update_scan_actions | pointer_vertical_text_large.png
[  53% ] _update_scan_actions | pointer_wait_0.png
[  53% ] _update_scan_actions | pointer_wait_1.png
[  53% ] _update_scan_actions | pointer_wait_2.png
[  53% ] _update_scan_actions | pointer_wait_3.png
[  53% ] _update_scan_actions | pointer_wait_4.png
[  53% ] _update_scan_actions | pointer_wait_5.png
[  53% ] _update_scan_actions | pointer_wait_6.png
[  53% ] _update_scan_actions | pointer_wait_7.png
[  53% ] _update_scan_actions | pointer_wait_8.png
[  53% ] _update_scan_actions | pointer_wait_9.png
[  53% ] _update_scan_actions | pointer_wait_10.png
[  53% ] _update_scan_actions | pointer_wait_11.png
[  53% ] _update_scan_actions | pointer_wait_12.png
[  53% ] _update_scan_actions | pointer_wait_13.png
[  53% ] _update_scan_actions | pointer_wait_14.png
[  53% ] _update_scan_actions | pointer_wait_15.png
[  53% ] _update_scan_actions | pointer_wait_16.png
[  53% ] _update_scan_actions | pointer_wait_17.png
[  53% ] _update_scan_actions | pointer_wait_18.png
[  53% ] _update_scan_actions | pointer_wait_19.png
[  53% ] _update_scan_actions | pointer_wait_20.png
[  53% ] _update_scan_actions | pointer_wait_21.png
[  53% ] _update_scan_actions | pointer_wait_22.png
[  53% ] _update_scan_actions | pointer_wait_23.png
[  53% ] _update_scan_actions | pointer_wait_24.png
[  53% ] _update_scan_actions | pointer_wait_25.png
[  53% ] _update_scan_actions | pointer_wait_26.png
[  53% ] _update_scan_actions | pointer_wait_27.png
[  53% ] _update_scan_actions | pointer_wait_28.png
[  53% ] _update_scan_actions | pointer_wait_29.png
[  53% ] _update_scan_actions | pointer_wait_30.png
[  53% ] _update_scan_actions | pointer_wait_31.png
[  53% ] _update_scan_actions | pointer_wait_32.png
[  53% ] _update_scan_actions | pointer_wait_33.png
[  54% ] _update_scan_actions | pointer_wait_34.png
[  54% ] _update_scan_actions | pointer_wait_35.png
[  54% ] _update_scan_actions | pointer_wait_36.png
[  54% ] _update_scan_actions | pointer_wait_37.png
[  54% ] _update_scan_actions | pointer_wait_38.png
[  54% ] _update_scan_actions | pointer_wait_39.png
[  54% ] _update_scan_actions | pointer_wait_40.png
[  54% ] _update_scan_actions | pointer_wait_41.png
[  54% ] _update_scan_actions | pointer_wait_42.png
[  54% ] _update_scan_actions | pointer_wait_43.png
[  54% ] _update_scan_actions | pointer_wait_44.png
[  54% ] _update_scan_actions | pointer_wait_45.png
[  54% ] _update_scan_actions | pointer_wait_46.png
[  54% ] _update_scan_actions | pointer_wait_47.png
[  54% ] _update_scan_actions | pointer_wait_48.png
[  54% ] _update_scan_actions | pointer_wait_49.png
[  54% ] _update_scan_actions | pointer_wait_50.png
[  54% ] _update_scan_actions | pointer_wait_51.png
[  54% ] _update_scan_actions | pointer_wait_52.png
[  54% ] _update_scan_actions | pointer_wait_53.png
[  54% ] _update_scan_actions | pointer_wait_54.png
[  54% ] _update_scan_actions | pointer_wait_55.png
[  54% ] _update_scan_actions | pointer_wait_56.png
[  54% ] _update_scan_actions | pointer_wait_57.png
[  54% ] _update_scan_actions | pointer_wait_58.png
[  54% ] _update_scan_actions | pointer_wait_59.png
[  54% ] _update_scan_actions | pointer_wait_60.png
[  54% ] _update_scan_actions | pointer_wait_61.png
[  54% ] _update_scan_actions | pointer_wait_62.png
[  54% ] _update_scan_actions | pointer_wait_63.png
[  54% ] _update_scan_actions | pointer_wait_64.png
[  54% ] _update_scan_actions | pointer_wait_65.png
[  54% ] _update_scan_actions | pointer_wait_66.png
[  54% ] _update_scan_actions | pointer_wait_67.png
[  54% ] _update_scan_actions | pointer_wait_68.png
[  54% ] _update_scan_actions | pointer_wait_69.png
[  54% ] _update_scan_actions | pointer_wait_70.png
[  54% ] _update_scan_actions | pointer_wait_71.png
[  54% ] _update_scan_actions | pointer_wait_72.png
[  54% ] _update_scan_actions | pointer_wait_73.png
[  54% ] _update_scan_actions | pointer_wait_74.png
[  54% ] _update_scan_actions | pointer_wait_75.png
[  54% ] _update_scan_actions | pointer_wait_76.png
[  54% ] _update_scan_actions | pointer_wait_77.png
[  54% ] _update_scan_actions | pointer_wait_78.png
[  54% ] _update_scan_actions | pointer_wait_79.png
[  54% ] _update_scan_actions | pointer_wait_80.png
[  54% ] _update_scan_actions | pointer_zoom_in.png
[  54% ] _update_scan_actions | pointer_zoom_in_large.png
[  54% ] _update_scan_actions | pointer_zoom_out.png
[  54% ] _update_scan_actions | pointer_zoom_out_large.png
[  54% ] _update_scan_actions | popup_background_mtrl_mult.9.png
[  54% ] _update_scan_actions | popup_bottom_bright.9.png
[  54% ] _update_scan_actions | popup_bottom_dark.9.png
[  54% ] _update_scan_actions | popup_bottom_medium.9.png
[  54% ] _update_scan_actions | popup_center_bright.9.png
[  54% ] _update_scan_actions | popup_center_dark.9.png
[  54% ] _update_scan_actions | popup_center_medium.9.png
[  54% ] _update_scan_actions | popup_full_bright.9.png
[  54% ] _update_scan_actions | popup_full_dark.9.png
[  54% ] _update_scan_actions | popup_inline_error_above_am.9.png
[  54% ] _update_scan_actions | popup_inline_error_above_holo_dark_am.9.png
[  54% ] _update_scan_actions | popup_inline_error_above_holo_light_am.9.png
[  54% ] _update_scan_actions | popup_inline_error_am.9.png
[  54% ] _update_scan_actions | popup_inline_error_holo_dark_am.9.png
[  54% ] _update_scan_actions | popup_inline_error_holo_light_am.9.png
[  54% ] _update_scan_actions | popup_top_bright.9.png
[  54% ] _update_scan_actions | popup_top_dark.9.png
[  55% ] _update_scan_actions | presence_audio_away.png
[  55% ] _update_scan_actions | presence_audio_busy.png
[  55% ] _update_scan_actions | presence_audio_online.png
[  55% ] _update_scan_actions | presence_away.png
[  55% ] _update_scan_actions | presence_busy.png
[  55% ] _update_scan_actions | presence_invisible.png
[  55% ] _update_scan_actions | presence_offline.png
[  55% ] _update_scan_actions | presence_online.png
[  55% ] _update_scan_actions | presence_video_away.png
[  55% ] _update_scan_actions | presence_video_busy.png
[  55% ] _update_scan_actions | presence_video_online.png
[  55% ] _update_scan_actions | pressed_application_background_static.png
[  55% ] _update_scan_actions | progressbar_indeterminate1.png
[  55% ] _update_scan_actions | progressbar_indeterminate2.png
[  55% ] _update_scan_actions | progressbar_indeterminate3.png
[  55% ] _update_scan_actions | progressbar_indeterminate_holo1.png
[  55% ] _update_scan_actions | progressbar_indeterminate_holo2.png
[  55% ] _update_scan_actions | progressbar_indeterminate_holo3.png
[  55% ] _update_scan_actions | progressbar_indeterminate_holo4.png
[  55% ] _update_scan_actions | progressbar_indeterminate_holo5.png
[  55% ] _update_scan_actions | progressbar_indeterminate_holo6.png
[  55% ] _update_scan_actions | progressbar_indeterminate_holo7.png
[  55% ] _update_scan_actions | progressbar_indeterminate_holo8.png
[  55% ] _update_scan_actions | progress_bg_holo_dark.9.png
[  55% ] _update_scan_actions | progress_bg_holo_light.9.png
[  55% ] _update_scan_actions | progress_primary_holo_dark.9.png
[  55% ] _update_scan_actions | progress_primary_holo_light.9.png
[  55% ] _update_scan_actions | progress_secondary_holo_dark.9.png
[  55% ] _update_scan_actions | progress_secondary_holo_light.9.png
[  55% ] _update_scan_actions | quickactions_arrowdown_left_holo_dark.9.png
[  55% ] _update_scan_actions | quickactions_arrowdown_left_holo_light.9.png
[  55% ] _update_scan_actions | quickactions_arrowdown_right_holo_dark.9.png
[  55% ] _update_scan_actions | quickactions_arrowdown_right_holo_light.9.png
[  55% ] _update_scan_actions | quickactions_arrowup_left_holo_dark.9.png
[  55% ] _update_scan_actions | quickactions_arrowup_left_holo_light.9.png
[  55% ] _update_scan_actions | quickactions_arrowup_left_right_holo_dark.9.png
[  55% ] _update_scan_actions | quickactions_arrowup_right_holo_light.9.png
[  55% ] _update_scan_actions | quickcontact_badge_overlay_focused_dark_am.9.png
[  55% ] _update_scan_actions | quickcontact_badge_overlay_focused_light_am.9.png
[  55% ] _update_scan_actions | quickcontact_badge_overlay_normal_dark_am.9.png
[  55% ] _update_scan_actions | quickcontact_badge_overlay_normal_light_am.9.png
[  55% ] _update_scan_actions | quickcontact_badge_overlay_pressed_dark_am.9.png
[  55% ] _update_scan_actions | quickcontact_badge_overlay_pressed_light_am.9.png
[  55% ] _update_scan_actions | radiobutton_off_background.png
[  55% ] _update_scan_actions | radiobutton_on_background.png
[  55% ] _update_scan_actions | rate_star_big_half.png
[  55% ] _update_scan_actions | rate_star_big_half_holo_dark.png
[  55% ] _update_scan_actions | rate_star_big_half_holo_light.png
[  55% ] _update_scan_actions | rate_star_big_off.png
[  55% ] _update_scan_actions | rate_star_big_off_holo_dark.png
[  55% ] _update_scan_actions | rate_star_big_off_holo_light.png
[  55% ] _update_scan_actions | rate_star_big_on.png
[  55% ] _update_scan_actions | rate_star_big_on_holo_dark.png
[  55% ] _update_scan_actions | rate_star_big_on_holo_light.png
[  55% ] _update_scan_actions | rate_star_med_half.png
[  55% ] _update_scan_actions | rate_star_med_half_holo_dark.png
[  55% ] _update_scan_actions | rate_star_med_half_holo_light.png
[  55% ] _update_scan_actions | rate_star_med_off.png
[  55% ] _update_scan_actions | rate_star_med_off_holo_dark.png
[  55% ] _update_scan_actions | rate_star_med_off_holo_light.png
[  55% ] _update_scan_actions | rate_star_med_on.png
[  55% ] _update_scan_actions | rate_star_med_on_holo_dark.png
[  55% ] _update_scan_actions | rate_star_med_on_holo_light.png
[  55% ] _update_scan_actions | rate_star_small_half.png
[  55% ] _update_scan_actions | rate_star_small_half_holo_dark.png
[  55% ] _update_scan_actions | rate_star_small_half_holo_light.png
[  55% ] _update_scan_actions | rate_star_small_off.png
[  55% ] _update_scan_actions | rate_star_small_off_holo_dark.png
[  55% ] _update_scan_actions | rate_star_small_off_holo_light.png
[  56% ] _update_scan_actions | rate_star_small_on.png
[  56% ] _update_scan_actions | rate_star_small_on_holo_dark.png
[  56% ] _update_scan_actions | rate_star_small_on_holo_light.png
[  56% ] _update_scan_actions | recent_dialog_background.9.png
[  56% ] _update_scan_actions | reticle.png
[  56% ] _update_scan_actions | scrollbar_handle_accelerated_anim2.9.png
[  56% ] _update_scan_actions | scrollbar_handle_holo_dark.9.png
[  56% ] _update_scan_actions | scrollbar_handle_holo_light.9.png
[  56% ] _update_scan_actions | scrollbar_handle_horizontal.9.png
[  56% ] _update_scan_actions | scrollbar_handle_vertical.9.png
[  56% ] _update_scan_actions | scrubber_control_disabled_holo.png
[  56% ] _update_scan_actions | scrubber_control_focused_holo.png
[  56% ] _update_scan_actions | scrubber_control_normal_holo.png
[  56% ] _update_scan_actions | scrubber_control_on_mtrl_alpha.png
[  56% ] _update_scan_actions | scrubber_control_on_pressed_mtrl_alpha.png
[  56% ] _update_scan_actions | scrubber_control_pressed_holo.png
[  56% ] _update_scan_actions | scrubber_primary_holo.9.png
[  56% ] _update_scan_actions | scrubber_primary_mtrl_alpha.9.png
[  56% ] _update_scan_actions | scrubber_secondary_holo.9.png
[  56% ] _update_scan_actions | scrubber_track_holo_dark.9.png
[  56% ] _update_scan_actions | scrubber_track_holo_light.9.png
[  56% ] _update_scan_actions | scrubber_track_mtrl_alpha.9.png
[  56% ] _update_scan_actions | search_dropdown_background.9.png
[  56% ] _update_scan_actions | search_plate.9.png
[  56% ] _update_scan_actions | search_plate_global.9.png
[  56% ] _update_scan_actions | seek_thumb_normal.png
[  56% ] _update_scan_actions | seek_thumb_pressed.png
[  56% ] _update_scan_actions | seek_thumb_selected.png
[  56% ] _update_scan_actions | settings_header_raw.9.png
[  56% ] _update_scan_actions | sim_dark_blue.9.png
[  56% ] _update_scan_actions | sim_dark_green.9.png
[  56% ] _update_scan_actions | sim_dark_orange.9.png
[  56% ] _update_scan_actions | sim_dark_purple.9.png
[  56% ] _update_scan_actions | sim_light_blue.9.png
[  56% ] _update_scan_actions | sim_light_green.9.png
[  56% ] _update_scan_actions | sim_light_orange.9.png
[  56% ] _update_scan_actions | sim_light_purple.9.png
[  56% ] _update_scan_actions | spinner_16_inner_holo.png
[  56% ] _update_scan_actions | spinner_16_outer_holo.png
[  56% ] _update_scan_actions | spinner_48_inner_holo.png
[  56% ] _update_scan_actions | spinner_48_outer_holo.png
[  56% ] _update_scan_actions | spinner_76_inner_holo.png
[  56% ] _update_scan_actions | spinner_76_outer_holo.png
[  56% ] _update_scan_actions | spinner_ab_default_holo_dark_am.9.png
[  56% ] _update_scan_actions | spinner_ab_default_holo_light_am.9.png
[  56% ] _update_scan_actions | spinner_ab_disabled_holo_dark_am.9.png
[  56% ] _update_scan_actions | spinner_ab_disabled_holo_light_am.9.png
[  56% ] _update_scan_actions | spinner_ab_focused_holo_dark_am.9.png
[  56% ] _update_scan_actions | spinner_ab_focused_holo_light_am.9.png
[  56% ] _update_scan_actions | spinner_ab_pressed_holo_dark_am.9.png
[  56% ] _update_scan_actions | spinner_ab_pressed_holo_light_am.9.png
[  56% ] _update_scan_actions | spinner_black_16.png
[  56% ] _update_scan_actions | spinner_black_20.png
[  56% ] _update_scan_actions | spinner_black_48.png
[  56% ] _update_scan_actions | spinner_black_76.png
[  56% ] _update_scan_actions | spinner_default_holo_dark_am.9.png
[  56% ] _update_scan_actions | spinner_default_holo_light_am.9.png
[  56% ] _update_scan_actions | spinner_disabled_holo_dark_am.9.png
[  56% ] _update_scan_actions | spinner_disabled_holo_light_am.9.png
[  56% ] _update_scan_actions | spinner_dropdown_background_down.9.png
[  56% ] _update_scan_actions | spinner_dropdown_background_up.9.png
[  56% ] _update_scan_actions | spinner_focused_holo_dark_am.9.png
[  56% ] _update_scan_actions | spinner_focused_holo_light_am.9.png
[  56% ] _update_scan_actions | spinner_normal.9.png
[  56% ] _update_scan_actions | spinner_press.9.png
[  56% ] _update_scan_actions | spinner_pressed_holo_dark_am.9.png
[  56% ] _update_scan_actions | spinner_pressed_holo_light_am.9.png
[  56% ] _update_scan_actions | spinner_select.9.png
[  57% ] _update_scan_actions | spinner_white_16.png
[  57% ] _update_scan_actions | spinner_white_48.png
[  57% ] _update_scan_actions | spinner_white_76.png
[  57% ] _update_scan_actions | star_big_off.png
[  57% ] _update_scan_actions | star_big_on.png
[  57% ] _update_scan_actions | star_off.png
[  57% ] _update_scan_actions | star_on.png
[  57% ] _update_scan_actions | statusbar_background.9.png
[  57% ] _update_scan_actions | status_bar_background.png
[  57% ] _update_scan_actions | status_bar_header_background.9.png
[  57% ] _update_scan_actions | status_bar_item_app_background_normal.9.png
[  57% ] _update_scan_actions | status_bar_item_background_focus.9.png
[  57% ] _update_scan_actions | status_bar_item_background_normal.9.png
[  57% ] _update_scan_actions | status_bar_item_background_pressed.9.png
[  57% ] _update_scan_actions | stat_ecb_mode.png
[  57% ] _update_scan_actions | stat_notify_car_mode.png
[  57% ] _update_scan_actions | stat_notify_chat.png
[  57% ] _update_scan_actions | stat_notify_disk_full.png
[  57% ] _update_scan_actions | stat_notify_email_generic.png
[  57% ] _update_scan_actions | stat_notify_error.png
[  57% ] _update_scan_actions | stat_notify_gmail.png
[  57% ] _update_scan_actions | stat_notify_missed_call.png
[  57% ] _update_scan_actions | stat_notify_more.png
[  57% ] _update_scan_actions | stat_notify_rssi_in_range.png
[  57% ] _update_scan_actions | stat_notify_sdcard.png
[  57% ] _update_scan_actions | stat_notify_sdcard_prepare.png
[  57% ] _update_scan_actions | stat_notify_sdcard_usb.png
[  57% ] _update_scan_actions | stat_notify_sim_toolkit.png
[  57% ] _update_scan_actions | stat_notify_sync.png
[  57% ] _update_scan_actions | stat_notify_sync_anim0.png
[  57% ] _update_scan_actions | stat_notify_sync_error.png
[  57% ] _update_scan_actions | stat_notify_voicemail.png
[  57% ] _update_scan_actions | stat_sys_battery_0.png
[  57% ] _update_scan_actions | stat_sys_battery_15.png
[  57% ] _update_scan_actions | stat_sys_battery_28.png
[  57% ] _update_scan_actions | stat_sys_battery_43.png
[  57% ] _update_scan_actions | stat_sys_battery_57.png
[  57% ] _update_scan_actions | stat_sys_battery_71.png
[  57% ] _update_scan_actions | stat_sys_battery_85.png
[  57% ] _update_scan_actions | stat_sys_battery_100.png
[  57% ] _update_scan_actions | stat_sys_battery_charge_anim0.png
[  57% ] _update_scan_actions | stat_sys_battery_charge_anim15.png
[  57% ] _update_scan_actions | stat_sys_battery_charge_anim28.png
[  57% ] _update_scan_actions | stat_sys_battery_charge_anim43.png
[  57% ] _update_scan_actions | stat_sys_battery_charge_anim57.png
[  57% ] _update_scan_actions | stat_sys_battery_charge_anim71.png
[  57% ] _update_scan_actions | stat_sys_battery_charge_anim85.png
[  57% ] _update_scan_actions | stat_sys_battery_charge_anim100.png
[  57% ] _update_scan_actions | stat_sys_battery_unknown.png
[  57% ] _update_scan_actions | stat_sys_certificate_info.png
[  57% ] _update_scan_actions | stat_sys_data_bluetooth.png
[  57% ] _update_scan_actions | stat_sys_data_usb.png
[  57% ] _update_scan_actions | stat_sys_data_wimax_signal_3_fully.png
[  57% ] _update_scan_actions | stat_sys_data_wimax_signal_disconnected.png
[  57% ] _update_scan_actions | stat_sys_download_anim0.png
[  57% ] _update_scan_actions | stat_sys_download_anim1.png
[  57% ] _update_scan_actions | stat_sys_download_anim2.png
[  57% ] _update_scan_actions | stat_sys_download_anim3.png
[  57% ] _update_scan_actions | stat_sys_download_anim4.png
[  57% ] _update_scan_actions | stat_sys_download_anim5.png
[  57% ] _update_scan_actions | stat_sys_gps_on.png
[  57% ] _update_scan_actions | stat_sys_headset.png
[  57% ] _update_scan_actions | stat_sys_phone_call.png
[  57% ] _update_scan_actions | stat_sys_phone_call_forward.png
[  57% ] _update_scan_actions | stat_sys_phone_call_on_hold.png
[  57% ] _update_scan_actions | stat_sys_ra_signal_0_cdma.png
[  57% ] _update_scan_actions | stat_sys_ra_signal_1_cdma.png
[  57% ] _update_scan_actions | stat_sys_ra_signal_2_cdma.png
[  57% ] _update_scan_actions | stat_sys_ra_signal_3_cdma.png
[  58% ] _update_scan_actions | stat_sys_ra_signal_4_cdma.png
[  58% ] _update_scan_actions | stat_sys_r_signal_0_cdma.png
[  58% ] _update_scan_actions | stat_sys_r_signal_1_cdma.png
[  58% ] _update_scan_actions | stat_sys_r_signal_2_cdma.png
[  58% ] _update_scan_actions | stat_sys_r_signal_3_cdma.png
[  58% ] _update_scan_actions | stat_sys_r_signal_4_cdma.png
[  58% ] _update_scan_actions | stat_sys_signal_0_cdma.png
[  58% ] _update_scan_actions | stat_sys_signal_1_cdma.png
[  58% ] _update_scan_actions | stat_sys_signal_2_cdma.png
[  58% ] _update_scan_actions | stat_sys_signal_3_cdma.png
[  58% ] _update_scan_actions | stat_sys_signal_4_cdma.png
[  58% ] _update_scan_actions | stat_sys_signal_evdo_0.png
[  58% ] _update_scan_actions | stat_sys_signal_evdo_1.png
[  58% ] _update_scan_actions | stat_sys_signal_evdo_2.png
[  58% ] _update_scan_actions | stat_sys_signal_evdo_3.png
[  58% ] _update_scan_actions | stat_sys_signal_evdo_4.png
[  58% ] _update_scan_actions | stat_sys_throttled.png
[  58% ] _update_scan_actions | stat_sys_upload_anim0.png
[  58% ] _update_scan_actions | stat_sys_upload_anim1.png
[  58% ] _update_scan_actions | stat_sys_upload_anim2.png
[  58% ] _update_scan_actions | stat_sys_upload_anim3.png
[  58% ] _update_scan_actions | stat_sys_upload_anim4.png
[  58% ] _update_scan_actions | stat_sys_upload_anim5.png
[  58% ] _update_scan_actions | stat_sys_vp_phone_call.png
[  58% ] _update_scan_actions | stat_sys_vp_phone_call_on_hold.png
[  58% ] _update_scan_actions | stat_sys_warning.png
[  58% ] _update_scan_actions | submenu_arrow_nofocus.png
[  58% ] _update_scan_actions | switch_bg_disabled_holo_dark.9.png
[  58% ] _update_scan_actions | switch_bg_disabled_holo_light.9.png
[  58% ] _update_scan_actions | switch_bg_focused_holo_dark.9.png
[  58% ] _update_scan_actions | switch_bg_focused_holo_light.9.png
[  58% ] _update_scan_actions | switch_bg_holo_dark.9.png
[  58% ] _update_scan_actions | switch_bg_holo_light.9.png
[  58% ] _update_scan_actions | switch_thumb_activated_holo_dark.9.png
[  58% ] _update_scan_actions | switch_thumb_activated_holo_light.9.png
[  58% ] _update_scan_actions | switch_thumb_disabled_holo_dark.9.png
[  58% ] _update_scan_actions | switch_thumb_disabled_holo_light.9.png
[  58% ] _update_scan_actions | switch_thumb_holo_dark.9.png
[  58% ] _update_scan_actions | switch_thumb_holo_light.9.png
[  58% ] _update_scan_actions | switch_thumb_pressed_holo_dark.9.png
[  58% ] _update_scan_actions | switch_thumb_pressed_holo_light.9.png
[  58% ] _update_scan_actions | sym_action_add.png
[  58% ] _update_scan_actions | sym_action_call.png
[  58% ] _update_scan_actions | sym_action_chat.png
[  58% ] _update_scan_actions | sym_action_email.png
[  58% ] _update_scan_actions | sym_call_incoming.png
[  58% ] _update_scan_actions | sym_call_missed.png
[  58% ] _update_scan_actions | sym_call_outgoing.png
[  58% ] _update_scan_actions | sym_contact_card.png
[  58% ] _update_scan_actions | sym_keyboard_delete.png
[  58% ] _update_scan_actions | sym_keyboard_delete_dim.png
[  58% ] _update_scan_actions | sym_keyboard_delete_holo.png
[  58% ] _update_scan_actions | sym_keyboard_enter.png
[  58% ] _update_scan_actions | sym_keyboard_feedback_delete.png
[  58% ] _update_scan_actions | sym_keyboard_feedback_ok.png
[  58% ] _update_scan_actions | sym_keyboard_feedback_return.png
[  58% ] _update_scan_actions | sym_keyboard_feedback_shift.png
[  58% ] _update_scan_actions | sym_keyboard_feedback_shift_locked.png
[  58% ] _update_scan_actions | sym_keyboard_feedback_space.png
[  58% ] _update_scan_actions | sym_keyboard_num0_no_plus.png
[  58% ] _update_scan_actions | sym_keyboard_num1.png
[  58% ] _update_scan_actions | sym_keyboard_num2.png
[  58% ] _update_scan_actions | sym_keyboard_num3.png
[  58% ] _update_scan_actions | sym_keyboard_num4.png
[  58% ] _update_scan_actions | sym_keyboard_num5.png
[  58% ] _update_scan_actions | sym_keyboard_num6.png
[  58% ] _update_scan_actions | sym_keyboard_num7.png
[  58% ] _update_scan_actions | sym_keyboard_num8.png
[  59% ] _update_scan_actions | sym_keyboard_num9.png
[  59% ] _update_scan_actions | sym_keyboard_ok.png
[  59% ] _update_scan_actions | sym_keyboard_ok_dim.png
[  59% ] _update_scan_actions | sym_keyboard_return.png
[  59% ] _update_scan_actions | sym_keyboard_shift.png
[  59% ] _update_scan_actions | sym_keyboard_shift_locked.png
[  59% ] _update_scan_actions | sym_keyboard_space.png
[  59% ] _update_scan_actions | tab_bottom_holo.9.png
[  59% ] _update_scan_actions | tab_focus.9.png
[  59% ] _update_scan_actions | tab_focus_bar_left.9.png
[  59% ] _update_scan_actions | tab_focus_bar_right.9.png
[  59% ] _update_scan_actions | tab_indicator_mtrl_alpha.9.png
[  59% ] _update_scan_actions | tab_press.9.png
[  59% ] _update_scan_actions | tab_pressed_holo.9.png
[  59% ] _update_scan_actions | tab_press_bar_left.9.png
[  59% ] _update_scan_actions | tab_press_bar_right.9.png
[  59% ] _update_scan_actions | tab_selected.9.png
[  59% ] _update_scan_actions | tab_selected_bar_left.9.png
[  59% ] _update_scan_actions | tab_selected_bar_left_v4.9.png
[  59% ] _update_scan_actions | tab_selected_bar_right.9.png
[  59% ] _update_scan_actions | tab_selected_bar_right_v4.9.png
[  59% ] _update_scan_actions | tab_selected_focused_holo.9.png
[  59% ] _update_scan_actions | tab_selected_holo.9.png
[  59% ] _update_scan_actions | tab_selected_pressed_holo.9.png
[  59% ] _update_scan_actions | tab_selected_v4.9.png
[  59% ] _update_scan_actions | tab_unselected.9.png
[  59% ] _update_scan_actions | tab_unselected_focused_holo.9.png
[  59% ] _update_scan_actions | tab_unselected_holo.9.png
[  59% ] _update_scan_actions | tab_unselected_pressed_holo.9.png
[  59% ] _update_scan_actions | tab_unselected_v4.9.png
[  59% ] _update_scan_actions | textfield_activated_holo_dark.9.png
[  59% ] _update_scan_actions | textfield_activated_holo_light.9.png
[  59% ] _update_scan_actions | textfield_activated_mtrl_alpha.9.png
[  59% ] _update_scan_actions | textfield_bg_activated_holo_dark.9.png
[  59% ] _update_scan_actions | textfield_bg_default_holo_dark.9.png
[  59% ] _update_scan_actions | textfield_bg_disabled_focused_holo_dark.9.png
[  59% ] _update_scan_actions | textfield_bg_disabled_holo_dark.9.png
[  59% ] _update_scan_actions | textfield_bg_focused_holo_dark.9.png
[  59% ] _update_scan_actions | textfield_default.9.png
[  59% ] _update_scan_actions | textfield_default_holo_dark.9.png
[  59% ] _update_scan_actions | textfield_default_holo_light.9.png
[  59% ] _update_scan_actions | textfield_default_mtrl_alpha.9.png
[  59% ] _update_scan_actions | textfield_disabled.9.png
[  59% ] _update_scan_actions | textfield_disabled_focused_holo_dark.9.png
[  59% ] _update_scan_actions | textfield_disabled_focused_holo_light.9.png
[  59% ] _update_scan_actions | textfield_disabled_holo_dark.9.png
[  59% ] _update_scan_actions | textfield_disabled_holo_light.9.png
[  59% ] _update_scan_actions | textfield_disabled_selected.9.png
[  59% ] _update_scan_actions | textfield_focused_holo_dark.9.png
[  59% ] _update_scan_actions | textfield_focused_holo_light.9.png
[  59% ] _update_scan_actions | textfield_longpress_holo.9.png
[  59% ] _update_scan_actions | textfield_multiline_activated_holo_dark.9.png
[  59% ] _update_scan_actions | textfield_multiline_activated_holo_light.9.png
[  59% ] _update_scan_actions | textfield_multiline_default_holo_dark.9.png
[  59% ] _update_scan_actions | textfield_multiline_default_holo_light.9.png
[  59% ] _update_scan_actions | textfield_multiline_disabled_focused_holo_dark.9.png
[  59% ] _update_scan_actions | textfield_multiline_disabled_focused_holo_light.9.png
[  59% ] _update_scan_actions | textfield_multiline_disabled_holo_dark.9.png
[  59% ] _update_scan_actions | textfield_multiline_disabled_holo_light.9.png
[  59% ] _update_scan_actions | textfield_multiline_focused_holo_dark.9.png
[  59% ] _update_scan_actions | textfield_multiline_focused_holo_light.9.png
[  59% ] _update_scan_actions | textfield_pressed_holo.9.png
[  59% ] _update_scan_actions | textfield_search_activated_mtrl_alpha.9.png
[  59% ] _update_scan_actions | textfield_search_default.9.png
[  59% ] _update_scan_actions | textfield_search_default_holo_dark.9.png
[  59% ] _update_scan_actions | textfield_search_default_holo_light.9.png
[  59% ] _update_scan_actions | textfield_search_default_mtrl_alpha.9.png
[  59% ] _update_scan_actions | textfield_search_empty_default.9.png
[  60% ] _update_scan_actions | textfield_search_empty_pressed.9.png
[  60% ] _update_scan_actions | textfield_search_empty_selected.9.png
[  60% ] _update_scan_actions | textfield_search_pressed.9.png
[  60% ] _update_scan_actions | textfield_search_right_default_holo_dark.9.png
[  60% ] _update_scan_actions | textfield_search_right_default_holo_light.9.png
[  60% ] _update_scan_actions | textfield_search_right_selected_holo_dark.9.png
[  60% ] _update_scan_actions | textfield_search_right_selected_holo_light.9.png
[  60% ] _update_scan_actions | textfield_search_selected.9.png
[  60% ] _update_scan_actions | textfield_search_selected_holo_dark.9.png
[  60% ] _update_scan_actions | textfield_search_selected_holo_light.9.png
[  60% ] _update_scan_actions | textfield_selected.9.png
[  60% ] _update_scan_actions | text_edit_paste_window.9.png
[  60% ] _update_scan_actions | text_edit_side_paste_window.9.png
[  60% ] _update_scan_actions | text_edit_suggestions_window.9.png
[  60% ] _update_scan_actions | text_select_handle_left_mtrl_alpha.png
[  60% ] _update_scan_actions | text_select_handle_middle_mtrl_alpha.png
[  60% ] _update_scan_actions | text_select_handle_right_mtrl_alpha.png
[  60% ] _update_scan_actions | title_bar_medium.9.png
[  60% ] _update_scan_actions | title_bar_portrait.9.png
[  60% ] _update_scan_actions | title_bar_tall.9.png
[  60% ] _update_scan_actions | transportcontrol_bg.9.png
[  60% ] _update_scan_actions | unknown_image.png
[  60% ] _update_scan_actions | vpn_connected.png
[  60% ] _update_scan_actions | vpn_disconnected.png
[  60% ] _update_scan_actions | zoom_plate.9.png
[  60% ] _update_scan_actions | blank_tile.png
[  60% ] _update_scan_actions | default_wallpaper.png
[  60% ] _update_scan_actions | loading_tile.png
[  60% ] _update_scan_actions | loading_tile_android.png
[  60% ] _update_scan_actions | no_tile_128.png
[  60% ] _update_scan_actions | no_tile_256.png
[  60% ] _update_scan_actions | text_cursor_holo_dark.9.png
[  60% ] _update_scan_actions | text_cursor_holo_light.9.png
[  60% ] _update_scan_actions | ic_lockscreen_handle_pressed.png
[  60% ] _update_scan_actions | sym_keyboard_return_holo.png
[  60% ] _update_scan_actions | unlock_default.png
[  60% ] _update_scan_actions | unlock_halo.png
[  60% ] _update_scan_actions | unlock_ring.png
[  60% ] _update_scan_actions | unlock_wave.png
[  60% ] _update_scan_actions | ic_lockscreen_handle_pressed.png
[  60% ] _update_scan_actions | sym_keyboard_return_holo.png
[  60% ] _update_scan_actions | unlock_default.png
[  60% ] _update_scan_actions | unlock_halo.png
[  60% ] _update_scan_actions | unlock_ring.png
[  60% ] _update_scan_actions | unlock_wave.png
[  60% ] _update_scan_actions | default_wallpaper.png
[  60% ] _update_scan_actions | ic_lockscreen_handle_pressed.png
[  60% ] _update_scan_actions | sym_keyboard_return_holo.png
[  60% ] _update_scan_actions | unlock_default.png
[  60% ] _update_scan_actions | unlock_halo.png
[  60% ] _update_scan_actions | unlock_ring.png
[  60% ] _update_scan_actions | unlock_wave.png
[  60% ] _update_scan_actions | default_wallpaper.png
[  60% ] _update_scan_actions | ab_bottom_solid_dark_holo.9.png
[  60% ] _update_scan_actions | ab_bottom_solid_inverse_holo.9.png
[  60% ] _update_scan_actions | ab_bottom_solid_light_holo.9.png
[  60% ] _update_scan_actions | ab_bottom_transparent_dark_holo.9.png
[  60% ] _update_scan_actions | ab_bottom_transparent_light_holo.9.png
[  60% ] _update_scan_actions | ab_share_pack_holo_dark.9.png
[  60% ] _update_scan_actions | ab_share_pack_holo_light.9.png
[  60% ] _update_scan_actions | ab_share_pack_mtrl_alpha.9.png
[  60% ] _update_scan_actions | ab_solid_dark_holo.9.png
[  60% ] _update_scan_actions | ab_solid_light_holo.9.png
[  60% ] _update_scan_actions | ab_solid_shadow_holo.9.png
[  60% ] _update_scan_actions | ab_solid_shadow_mtrl_alpha.9.png
[  60% ] _update_scan_actions | ab_stacked_solid_dark_holo.9.png
[  60% ] _update_scan_actions | ab_stacked_solid_inverse_holo.9.png
[  60% ] _update_scan_actions | ab_stacked_solid_light_holo.9.png
[  60% ] _update_scan_actions | ab_stacked_transparent_dark_holo.9.png
[  61% ] _update_scan_actions | ab_stacked_transparent_light_holo.9.png
[  61% ] _update_scan_actions | ab_transparent_dark_holo.9.png
[  61% ] _update_scan_actions | ab_transparent_light_holo.9.png
[  61% ] _update_scan_actions | activity_title_bar.9.png
[  61% ] _update_scan_actions | arrow_down_float.png
[  61% ] _update_scan_actions | arrow_up_float.png
[  61% ] _update_scan_actions | battery_charge_background.png
[  61% ] _update_scan_actions | bottom_bar.png
[  61% ] _update_scan_actions | btn_cab_done_default_holo_dark.9.png
[  61% ] _update_scan_actions | btn_cab_done_default_holo_light.9.png
[  61% ] _update_scan_actions | btn_cab_done_focused_holo_dark.9.png
[  61% ] _update_scan_actions | btn_cab_done_focused_holo_light.9.png
[  61% ] _update_scan_actions | btn_cab_done_pressed_holo_dark.9.png
[  61% ] _update_scan_actions | btn_cab_done_pressed_holo_light.9.png
[  61% ] _update_scan_actions | btn_check_buttonless_off.png
[  61% ] _update_scan_actions | btn_check_buttonless_on.png
[  61% ] _update_scan_actions | btn_check_label_background.9.png
[  61% ] _update_scan_actions | btn_check_off.png
[  61% ] _update_scan_actions | btn_check_off_disable.png
[  61% ] _update_scan_actions | btn_check_off_disabled_focused_holo_dark.png
[  61% ] _update_scan_actions | btn_check_off_disabled_focused_holo_light.png
[  61% ] _update_scan_actions | btn_check_off_disabled_holo_dark.png
[  61% ] _update_scan_actions | btn_check_off_disabled_holo_light.png
[  61% ] _update_scan_actions | btn_check_off_disable_focused.png
[  61% ] _update_scan_actions | btn_check_off_disable_focused_holo_dark.png
[  61% ] _update_scan_actions | btn_check_off_disable_focused_holo_light.png
[  61% ] _update_scan_actions | btn_check_off_disable_holo_dark.png
[  61% ] _update_scan_actions | btn_check_off_disable_holo_light.png
[  61% ] _update_scan_actions | btn_check_off_focused_holo_dark.png
[  61% ] _update_scan_actions | btn_check_off_focused_holo_light.png
[  61% ] _update_scan_actions | btn_check_off_holo.png
[  61% ] _update_scan_actions | btn_check_off_holo_dark.png
[  61% ] _update_scan_actions | btn_check_off_holo_light.png
[  61% ] _update_scan_actions | btn_check_off_normal_holo_dark.png
[  61% ] _update_scan_actions | btn_check_off_normal_holo_light.png
[  61% ] _update_scan_actions | btn_check_off_pressed.png
[  61% ] _update_scan_actions | btn_check_off_pressed_holo_dark.png
[  61% ] _update_scan_actions | btn_check_off_pressed_holo_light.png
[  61% ] _update_scan_actions | btn_check_off_selected.png
[  61% ] _update_scan_actions | btn_check_on.png
[  61% ] _update_scan_actions | btn_check_on_disable.png
[  61% ] _update_scan_actions | btn_check_on_disabled_focused_holo_dark.png
[  61% ] _update_scan_actions | btn_check_on_disabled_focused_holo_light.png
[  61% ] _update_scan_actions | btn_check_on_disabled_holo_dark.png
[  61% ] _update_scan_actions | btn_check_on_disabled_holo_light.png
[  61% ] _update_scan_actions | btn_check_on_focused_holo_dark.png
[  61% ] _update_scan_actions | btn_check_on_focused_holo_light.png
[  61% ] _update_scan_actions | btn_check_on_holo.png
[  61% ] _update_scan_actions | btn_check_on_holo_dark.png
[  61% ] _update_scan_actions | btn_check_on_holo_light.png
[  61% ] _update_scan_actions | btn_check_on_pressed.png
[  61% ] _update_scan_actions | btn_check_on_pressed_holo_dark.png
[  61% ] _update_scan_actions | btn_check_on_pressed_holo_light.png
[  61% ] _update_scan_actions | btn_check_on_selected.png
[  61% ] _update_scan_actions | btn_circle_disable.png
[  61% ] _update_scan_actions | btn_circle_disable_focused.png
[  61% ] _update_scan_actions | btn_circle_normal.png
[  61% ] _update_scan_actions | btn_circle_pressed.png
[  61% ] _update_scan_actions | btn_circle_selected.png
[  61% ] _update_scan_actions | btn_close_normal.png
[  61% ] _update_scan_actions | btn_close_pressed.png
[  61% ] _update_scan_actions | btn_close_selected.png
[  61% ] _update_scan_actions | btn_default_disabled_focused_holo_dark.9.png
[  61% ] _update_scan_actions | btn_default_disabled_focused_holo_light.9.png
[  61% ] _update_scan_actions | btn_default_disabled_holo.9.png
[  61% ] _update_scan_actions | btn_default_disabled_holo_dark.9.png
[  61% ] _update_scan_actions | btn_default_disabled_holo_light.9.png
[  61% ] _update_scan_actions | btn_default_focused_holo.9.png
[  62% ] _update_scan_actions | btn_default_focused_holo_dark.9.png
[  62% ] _update_scan_actions | btn_default_focused_holo_light.9.png
[  62% ] _update_scan_actions | btn_default_normal.9.png
[  62% ] _update_scan_actions | btn_default_normal_disable.9.png
[  62% ] _update_scan_actions | btn_default_normal_disable_focused.9.png
[  62% ] _update_scan_actions | btn_default_normal_holo.9.png
[  62% ] _update_scan_actions | btn_default_normal_holo_dark.9.png
[  62% ] _update_scan_actions | btn_default_normal_holo_light.9.png
[  62% ] _update_scan_actions | btn_default_pressed.9.png
[  62% ] _update_scan_actions | btn_default_pressed_holo.9.png
[  62% ] _update_scan_actions | btn_default_pressed_holo_dark.9.png
[  62% ] _update_scan_actions | btn_default_pressed_holo_light.9.png
[  62% ] _update_scan_actions | btn_default_selected.9.png
[  62% ] _update_scan_actions | btn_default_small_normal.9.png
[  62% ] _update_scan_actions | btn_default_small_normal_disable.9.png
[  62% ] _update_scan_actions | btn_default_small_normal_disable_focused.9.png
[  62% ] _update_scan_actions | btn_default_small_pressed.9.png
[  62% ] _update_scan_actions | btn_default_small_selected.9.png
[  62% ] _update_scan_actions | btn_default_transparent_normal.9.png
[  62% ] _update_scan_actions | btn_dialog_disable.png
[  62% ] _update_scan_actions | btn_dialog_normal.png
[  62% ] _update_scan_actions | btn_dialog_pressed.png
[  62% ] _update_scan_actions | btn_dialog_selected.png
[  62% ] _update_scan_actions | btn_dropdown_disabled.9.png
[  62% ] _update_scan_actions | btn_dropdown_disabled_focused.9.png
[  62% ] _update_scan_actions | btn_dropdown_normal.9.png
[  62% ] _update_scan_actions | btn_dropdown_pressed.9.png
[  62% ] _update_scan_actions | btn_dropdown_selected.9.png
[  62% ] _update_scan_actions | btn_erase_default.9.png
[  62% ] _update_scan_actions | btn_erase_pressed.9.png
[  62% ] _update_scan_actions | btn_erase_selected.9.png
[  62% ] _update_scan_actions | btn_global_search_normal.9.png
[  62% ] _update_scan_actions | btn_group_disabled_holo_dark.9.png
[  62% ] _update_scan_actions | btn_group_disabled_holo_light.9.png
[  62% ] _update_scan_actions | btn_group_focused_holo_dark.9.png
[  62% ] _update_scan_actions | btn_group_focused_holo_light.9.png
[  62% ] _update_scan_actions | btn_group_normal_holo_dark.9.png
[  62% ] _update_scan_actions | btn_group_normal_holo_light.9.png
[  62% ] _update_scan_actions | btn_group_pressed_holo_dark.9.png
[  62% ] _update_scan_actions | btn_group_pressed_holo_light.9.png
[  62% ] _update_scan_actions | btn_keyboard_key_dark_normal_holo.9.png
[  62% ] _update_scan_actions | btn_keyboard_key_dark_normal_off_holo.9.png
[  62% ] _update_scan_actions | btn_keyboard_key_dark_normal_on_holo.9.png
[  62% ] _update_scan_actions | btn_keyboard_key_dark_pressed_holo.9.png
[  62% ] _update_scan_actions | btn_keyboard_key_dark_pressed_off_holo.9.png
[  62% ] _update_scan_actions | btn_keyboard_key_dark_pressed_on_holo.9.png
[  62% ] _update_scan_actions | btn_keyboard_key_fulltrans_normal.9.png
[  62% ] _update_scan_actions | btn_keyboard_key_fulltrans_normal_off.9.png
[  62% ] _update_scan_actions | btn_keyboard_key_fulltrans_normal_on.9.png
[  62% ] _update_scan_actions | btn_keyboard_key_fulltrans_pressed.9.png
[  62% ] _update_scan_actions | btn_keyboard_key_fulltrans_pressed_off.9.png
[  62% ] _update_scan_actions | btn_keyboard_key_fulltrans_pressed_on.9.png
[  62% ] _update_scan_actions | btn_keyboard_key_light_normal_holo.9.png
[  62% ] _update_scan_actions | btn_keyboard_key_light_pressed_holo.9.png
[  62% ] _update_scan_actions | btn_keyboard_key_normal.9.png
[  62% ] _update_scan_actions | btn_keyboard_key_normal_off.9.png
[  62% ] _update_scan_actions | btn_keyboard_key_normal_on.9.png
[  62% ] _update_scan_actions | btn_keyboard_key_pressed.9.png
[  62% ] _update_scan_actions | btn_keyboard_key_pressed_off.9.png
[  62% ] _update_scan_actions | btn_keyboard_key_pressed_on.9.png
[  62% ] _update_scan_actions | btn_keyboard_key_trans_normal.9.png
[  62% ] _update_scan_actions | btn_keyboard_key_trans_normal_off.9.png
[  62% ] _update_scan_actions | btn_keyboard_key_trans_normal_on.9.png
[  62% ] _update_scan_actions | btn_keyboard_key_trans_pressed.9.png
[  62% ] _update_scan_actions | btn_keyboard_key_trans_pressed_off.9.png
[  62% ] _update_scan_actions | btn_keyboard_key_trans_pressed_on.9.png
[  62% ] _update_scan_actions | btn_keyboard_key_trans_selected.9.png
[  62% ] _update_scan_actions | btn_media_player.9.png
[  62% ] _update_scan_actions | btn_media_player_disabled.9.png
[  63% ] _update_scan_actions | btn_media_player_disabled_selected.9.png
[  63% ] _update_scan_actions | btn_media_player_pressed.9.png
[  63% ] _update_scan_actions | btn_media_player_selected.9.png
[  63% ] _update_scan_actions | btn_minus_default.png
[  63% ] _update_scan_actions | btn_minus_disable.png
[  63% ] _update_scan_actions | btn_minus_disable_focused.png
[  63% ] _update_scan_actions | btn_minus_pressed.png
[  63% ] _update_scan_actions | btn_minus_selected.png
[  63% ] _update_scan_actions | btn_plus_default.png
[  63% ] _update_scan_actions | btn_plus_disable.png
[  63% ] _update_scan_actions | btn_plus_disable_focused.png
[  63% ] _update_scan_actions | btn_plus_pressed.png
[  63% ] _update_scan_actions | btn_plus_selected.png
[  63% ] _update_scan_actions | btn_radio_label_background.9.png
[  63% ] _update_scan_actions | btn_radio_off.png
[  63% ] _update_scan_actions | btn_radio_off_disabled_focused_holo_dark.png
[  63% ] _update_scan_actions | btn_radio_off_disabled_focused_holo_light.png
[  63% ] _update_scan_actions | btn_radio_off_disabled_holo_dark.png
[  63% ] _update_scan_actions | btn_radio_off_disabled_holo_light.png
[  63% ] _update_scan_actions | btn_radio_off_focused_holo_dark.png
[  63% ] _update_scan_actions | btn_radio_off_focused_holo_light.png
[  63% ] _update_scan_actions | btn_radio_off_holo.png
[  63% ] _update_scan_actions | btn_radio_off_holo_dark.png
[  63% ] _update_scan_actions | btn_radio_off_holo_light.png
[  63% ] _update_scan_actions | btn_radio_off_pressed.png
[  63% ] _update_scan_actions | btn_radio_off_pressed_holo_dark.png
[  63% ] _update_scan_actions | btn_radio_off_pressed_holo_light.png
[  63% ] _update_scan_actions | btn_radio_off_selected.png
[  63% ] _update_scan_actions | btn_radio_on.png
[  63% ] _update_scan_actions | btn_radio_on_disabled_focused_holo_dark.png
[  63% ] _update_scan_actions | btn_radio_on_disabled_focused_holo_light.png
[  63% ] _update_scan_actions | btn_radio_on_disabled_holo_dark.png
[  63% ] _update_scan_actions | btn_radio_on_disabled_holo_light.png
[  63% ] _update_scan_actions | btn_radio_on_focused_holo_dark.png
[  63% ] _update_scan_actions | btn_radio_on_focused_holo_light.png
[  63% ] _update_scan_actions | btn_radio_on_holo.png
[  63% ] _update_scan_actions | btn_radio_on_holo_dark.png
[  63% ] _update_scan_actions | btn_radio_on_holo_light.png
[  63% ] _update_scan_actions | btn_radio_on_mtrl_alpha.png
[  63% ] _update_scan_actions | btn_radio_on_pressed.png
[  63% ] _update_scan_actions | btn_radio_on_pressed_holo_dark.png
[  63% ] _update_scan_actions | btn_radio_on_pressed_holo_light.png
[  63% ] _update_scan_actions | btn_radio_on_pressed_mtrl_alpha.png
[  63% ] _update_scan_actions | btn_radio_on_selected.png
[  63% ] _update_scan_actions | btn_rating_star_off_disabled_focused_holo_dark.png
[  63% ] _update_scan_actions | btn_rating_star_off_disabled_focused_holo_light.png
[  63% ] _update_scan_actions | btn_rating_star_off_disabled_holo_dark.png
[  63% ] _update_scan_actions | btn_rating_star_off_disabled_holo_light.png
[  63% ] _update_scan_actions | btn_rating_star_off_focused_holo_dark.png
[  63% ] _update_scan_actions | btn_rating_star_off_focused_holo_light.png
[  63% ] _update_scan_actions | btn_rating_star_off_mtrl_alpha.png
[  63% ] _update_scan_actions | btn_rating_star_off_normal.png
[  63% ] _update_scan_actions | btn_rating_star_off_normal_holo_dark.png
[  63% ] _update_scan_actions | btn_rating_star_off_normal_holo_light.png
[  63% ] _update_scan_actions | btn_rating_star_off_pressed.png
[  63% ] _update_scan_actions | btn_rating_star_off_pressed_holo_dark.png
[  63% ] _update_scan_actions | btn_rating_star_off_pressed_holo_light.png
[  63% ] _update_scan_actions | btn_rating_star_off_selected.png
[  63% ] _update_scan_actions | btn_rating_star_on_disabled_focused_holo_dark.png
[  63% ] _update_scan_actions | btn_rating_star_on_disabled_focused_holo_light.png
[  63% ] _update_scan_actions | btn_rating_star_on_disabled_holo_dark.png
[  63% ] _update_scan_actions | btn_rating_star_on_disabled_holo_light.png
[  63% ] _update_scan_actions | btn_rating_star_on_focused_holo_dark.png
[  63% ] _update_scan_actions | btn_rating_star_on_focused_holo_light.png
[  63% ] _update_scan_actions | btn_rating_star_on_mtrl_alpha.png
[  63% ] _update_scan_actions | btn_rating_star_on_normal.png
[  63% ] _update_scan_actions | btn_rating_star_on_normal_holo_dark.png
[  63% ] _update_scan_actions | btn_rating_star_on_normal_holo_light.png
[  64% ] _update_scan_actions | btn_rating_star_on_pressed.png
[  64% ] _update_scan_actions | btn_rating_star_on_pressed_holo_dark.png
[  64% ] _update_scan_actions | btn_rating_star_on_pressed_holo_light.png
[  64% ] _update_scan_actions | btn_rating_star_on_selected.png
[  64% ] _update_scan_actions | btn_search_dialog_default.9.png
[  64% ] _update_scan_actions | btn_search_dialog_pressed.9.png
[  64% ] _update_scan_actions | btn_search_dialog_selected.9.png
[  64% ] _update_scan_actions | btn_search_dialog_voice_default.9.png
[  64% ] _update_scan_actions | btn_search_dialog_voice_pressed.9.png
[  64% ] _update_scan_actions | btn_search_dialog_voice_selected.9.png
[  64% ] _update_scan_actions | btn_square_overlay_disabled.png
[  64% ] _update_scan_actions | btn_square_overlay_disabled_focused.png
[  64% ] _update_scan_actions | btn_square_overlay_normal.png
[  64% ] _update_scan_actions | btn_square_overlay_pressed.png
[  64% ] _update_scan_actions | btn_square_overlay_selected.png
[  64% ] _update_scan_actions | btn_star_big_off.png
[  64% ] _update_scan_actions | btn_star_big_off_disable.png
[  64% ] _update_scan_actions | btn_star_big_off_disable_focused.png
[  64% ] _update_scan_actions | btn_star_big_off_pressed.png
[  64% ] _update_scan_actions | btn_star_big_off_selected.png
[  64% ] _update_scan_actions | btn_star_big_on.png
[  64% ] _update_scan_actions | btn_star_big_on_disable.png
[  64% ] _update_scan_actions | btn_star_big_on_disable_focused.png
[  64% ] _update_scan_actions | btn_star_big_on_pressed.png
[  64% ] _update_scan_actions | btn_star_big_on_selected.png
[  64% ] _update_scan_actions | btn_star_label_background.9.png
[  64% ] _update_scan_actions | btn_star_mtrl_alpha.png
[  64% ] _update_scan_actions | btn_star_off_disabled_focused_holo_dark.png
[  64% ] _update_scan_actions | btn_star_off_disabled_focused_holo_light.png
[  64% ] _update_scan_actions | btn_star_off_disabled_holo_dark.png
[  64% ] _update_scan_actions | btn_star_off_disabled_holo_light.png
[  64% ] _update_scan_actions | btn_star_off_focused_holo_dark.png
[  64% ] _update_scan_actions | btn_star_off_focused_holo_light.png
[  64% ] _update_scan_actions | btn_star_off_normal_holo_dark.png
[  64% ] _update_scan_actions | btn_star_off_normal_holo_light.png
[  64% ] _update_scan_actions | btn_star_off_pressed_holo_dark.png
[  64% ] _update_scan_actions | btn_star_off_pressed_holo_light.png
[  64% ] _update_scan_actions | btn_star_on_disabled_focused_holo_dark.png
[  64% ] _update_scan_actions | btn_star_on_disabled_focused_holo_light.png
[  64% ] _update_scan_actions | btn_star_on_disabled_holo_dark.png
[  64% ] _update_scan_actions | btn_star_on_disabled_holo_light.png
[  64% ] _update_scan_actions | btn_star_on_focused_holo_dark.png
[  64% ] _update_scan_actions | btn_star_on_focused_holo_light.png
[  64% ] _update_scan_actions | btn_star_on_normal_holo_dark.png
[  64% ] _update_scan_actions | btn_star_on_normal_holo_light.png
[  64% ] _update_scan_actions | btn_star_on_pressed_holo_dark.png
[  64% ] _update_scan_actions | btn_star_on_pressed_holo_light.png
[  64% ] _update_scan_actions | btn_switch_to_off_mtrl_00001.9.png
[  64% ] _update_scan_actions | btn_switch_to_off_mtrl_00002.9.png
[  64% ] _update_scan_actions | btn_switch_to_off_mtrl_00003.9.png
[  64% ] _update_scan_actions | btn_switch_to_off_mtrl_00004.9.png
[  64% ] _update_scan_actions | btn_switch_to_off_mtrl_00005.9.png
[  64% ] _update_scan_actions | btn_switch_to_off_mtrl_00006.9.png
[  64% ] _update_scan_actions | btn_switch_to_off_mtrl_00007.9.png
[  64% ] _update_scan_actions | btn_switch_to_off_mtrl_00008.9.png
[  64% ] _update_scan_actions | btn_switch_to_off_mtrl_00009.9.png
[  64% ] _update_scan_actions | btn_switch_to_off_mtrl_00010.9.png
[  64% ] _update_scan_actions | btn_switch_to_off_mtrl_00011.9.png
[  64% ] _update_scan_actions | btn_switch_to_off_mtrl_00012.9.png
[  64% ] _update_scan_actions | btn_switch_to_on_mtrl_00001.9.png
[  64% ] _update_scan_actions | btn_switch_to_on_mtrl_00002.9.png
[  64% ] _update_scan_actions | btn_switch_to_on_mtrl_00003.9.png
[  64% ] _update_scan_actions | btn_switch_to_on_mtrl_00004.9.png
[  64% ] _update_scan_actions | btn_switch_to_on_mtrl_00005.9.png
[  64% ] _update_scan_actions | btn_switch_to_on_mtrl_00006.9.png
[  64% ] _update_scan_actions | btn_switch_to_on_mtrl_00007.9.png
[  64% ] _update_scan_actions | btn_switch_to_on_mtrl_00008.9.png
[  64% ] _update_scan_actions | btn_switch_to_on_mtrl_00009.9.png
[  65% ] _update_scan_actions | btn_switch_to_on_mtrl_00010.9.png
[  65% ] _update_scan_actions | btn_switch_to_on_mtrl_00011.9.png
[  65% ] _update_scan_actions | btn_switch_to_on_mtrl_00012.9.png
[  65% ] _update_scan_actions | btn_toggle_off.9.png
[  65% ] _update_scan_actions | btn_toggle_off_disabled_focused_holo_dark.9.png
[  65% ] _update_scan_actions | btn_toggle_off_disabled_focused_holo_light.9.png
[  65% ] _update_scan_actions | btn_toggle_off_disabled_holo_dark.9.png
[  65% ] _update_scan_actions | btn_toggle_off_disabled_holo_light.9.png
[  65% ] _update_scan_actions | btn_toggle_off_focused_holo_dark.9.png
[  65% ] _update_scan_actions | btn_toggle_off_focused_holo_light.9.png
[  65% ] _update_scan_actions | btn_toggle_off_normal_holo_dark.9.png
[  65% ] _update_scan_actions | btn_toggle_off_normal_holo_light.9.png
[  65% ] _update_scan_actions | btn_toggle_off_pressed_holo_dark.9.png
[  65% ] _update_scan_actions | btn_toggle_off_pressed_holo_light.9.png
[  65% ] _update_scan_actions | btn_toggle_on.9.png
[  65% ] _update_scan_actions | btn_toggle_on_disabled_focused_holo_dark.9.png
[  65% ] _update_scan_actions | btn_toggle_on_disabled_focused_holo_light.9.png
[  65% ] _update_scan_actions | btn_toggle_on_disabled_holo_dark.9.png
[  65% ] _update_scan_actions | btn_toggle_on_disabled_holo_light.9.png
[  65% ] _update_scan_actions | btn_toggle_on_focused_holo_dark.9.png
[  65% ] _update_scan_actions | btn_toggle_on_focused_holo_light.9.png
[  65% ] _update_scan_actions | btn_toggle_on_normal_holo_dark.9.png
[  65% ] _update_scan_actions | btn_toggle_on_normal_holo_light.9.png
[  65% ] _update_scan_actions | btn_toggle_on_pressed_holo_dark.9.png
[  65% ] _update_scan_actions | btn_toggle_on_pressed_holo_light.9.png
[  65% ] _update_scan_actions | btn_zoom_down_disabled.9.png
[  65% ] _update_scan_actions | btn_zoom_down_disabled_focused.9.png
[  65% ] _update_scan_actions | btn_zoom_down_normal.9.png
[  65% ] _update_scan_actions | btn_zoom_down_pressed.9.png
[  65% ] _update_scan_actions | btn_zoom_down_selected.9.png
[  65% ] _update_scan_actions | btn_zoom_page_normal.png
[  65% ] _update_scan_actions | btn_zoom_page_press.png
[  65% ] _update_scan_actions | btn_zoom_up_disabled.9.png
[  65% ] _update_scan_actions | btn_zoom_up_disabled_focused.9.png
[  65% ] _update_scan_actions | btn_zoom_up_normal.9.png
[  65% ] _update_scan_actions | btn_zoom_up_pressed.9.png
[  65% ] _update_scan_actions | btn_zoom_up_selected.9.png
[  65% ] _update_scan_actions | button_onoff_indicator_off.png
[  65% ] _update_scan_actions | button_onoff_indicator_on.png
[  65% ] _update_scan_actions | cab_background_bottom_holo_dark.9.png
[  65% ] _update_scan_actions | cab_background_bottom_holo_light.9.png
[  65% ] _update_scan_actions | cab_background_bottom_mtrl_alpha.9.png
[  65% ] _update_scan_actions | cab_background_top_holo_dark.9.png
[  65% ] _update_scan_actions | cab_background_top_holo_light.9.png
[  65% ] _update_scan_actions | cab_background_top_mtrl_alpha.9.png
[  65% ] _update_scan_actions | call_contact.png
[  65% ] _update_scan_actions | checkbox_off_background.png
[  65% ] _update_scan_actions | checkbox_on_background.png
[  65% ] _update_scan_actions | cling_arrow_up.png
[  65% ] _update_scan_actions | cling_bg.9.png
[  65% ] _update_scan_actions | cling_button_normal.9.png
[  65% ] _update_scan_actions | cling_button_pressed.9.png
[  65% ] _update_scan_actions | code_lock_bottom.9.png
[  65% ] _update_scan_actions | code_lock_left.9.png
[  65% ] _update_scan_actions | code_lock_top.9.png
[  65% ] _update_scan_actions | combobox_disabled.png
[  65% ] _update_scan_actions | combobox_nohighlight.png
[  65% ] _update_scan_actions | compass_arrow.png
[  65% ] _update_scan_actions | compass_base.png
[  65% ] _update_scan_actions | contact_header_bg.9.png
[  65% ] _update_scan_actions | create_contact.png
[  65% ] _update_scan_actions | dark_header.9.png
[  65% ] _update_scan_actions | day_picker_week_view_dayline_holo.9.png
[  65% ] _update_scan_actions | dialog_bottom_holo_dark.9.png
[  65% ] _update_scan_actions | dialog_bottom_holo_light.9.png
[  65% ] _update_scan_actions | dialog_divider_horizontal_holo_dark.9.png
[  65% ] _update_scan_actions | dialog_divider_horizontal_holo_light.9.png
[  65% ] _update_scan_actions | dialog_divider_horizontal_light.9.png
[  65% ] _update_scan_actions | dialog_full_holo_dark.9.png
[  66% ] _update_scan_actions | dialog_full_holo_light.9.png
[  66% ] _update_scan_actions | dialog_ic_close_focused_holo_dark.png
[  66% ] _update_scan_actions | dialog_ic_close_focused_holo_light.png
[  66% ] _update_scan_actions | dialog_ic_close_normal_holo_dark.png
[  66% ] _update_scan_actions | dialog_ic_close_normal_holo_light.png
[  66% ] _update_scan_actions | dialog_ic_close_pressed_holo_dark.png
[  66% ] _update_scan_actions | dialog_ic_close_pressed_holo_light.png
[  66% ] _update_scan_actions | dialog_middle_holo_dark.9.png
[  66% ] _update_scan_actions | dialog_middle_holo_light.9.png
[  66% ] _update_scan_actions | dialog_top_holo_dark.9.png
[  66% ] _update_scan_actions | dialog_top_holo_light.9.png
[  66% ] _update_scan_actions | divider_horizontal_bright.9.png
[  66% ] _update_scan_actions | divider_horizontal_bright_opaque.9.png
[  66% ] _update_scan_actions | divider_horizontal_dark.9.png
[  66% ] _update_scan_actions | divider_horizontal_dark_opaque.9.png
[  66% ] _update_scan_actions | divider_horizontal_dim_dark.9.png
[  66% ] _update_scan_actions | divider_horizontal_holo_dark.9.png
[  66% ] _update_scan_actions | divider_horizontal_holo_light.9.png
[  66% ] _update_scan_actions | divider_horizontal_textfield.9.png
[  66% ] _update_scan_actions | divider_vertical_bright.9.png
[  66% ] _update_scan_actions | divider_vertical_bright_opaque.9.png
[  66% ] _update_scan_actions | divider_vertical_dark.9.png
[  66% ] _update_scan_actions | divider_vertical_dark_opaque.9.png
[  66% ] _update_scan_actions | divider_vertical_holo_dark.9.png
[  66% ] _update_scan_actions | divider_vertical_holo_light.9.png
[  66% ] _update_scan_actions | dropdown_disabled_focused_holo_dark.9.png
[  66% ] _update_scan_actions | dropdown_disabled_focused_holo_light.9.png
[  66% ] _update_scan_actions | dropdown_disabled_holo_dark.9.png
[  66% ] _update_scan_actions | dropdown_disabled_holo_light.9.png
[  66% ] _update_scan_actions | dropdown_focused_holo_dark.9.png
[  66% ] _update_scan_actions | dropdown_focused_holo_light.9.png
[  66% ] _update_scan_actions | dropdown_ic_arrow_disabled_focused_holo_dark.png
[  66% ] _update_scan_actions | dropdown_ic_arrow_disabled_focused_holo_light.png
[  66% ] _update_scan_actions | dropdown_ic_arrow_disabled_holo_dark.png
[  66% ] _update_scan_actions | dropdown_ic_arrow_disabled_holo_light.png
[  66% ] _update_scan_actions | dropdown_ic_arrow_focused_holo_light.png
[  66% ] _update_scan_actions | dropdown_ic_arrow_normal_holo_dark.png
[  66% ] _update_scan_actions | dropdown_ic_arrow_normal_holo_light.png
[  66% ] _update_scan_actions | dropdown_ic_arrow_pressed_holo_light.png
[  66% ] _update_scan_actions | dropdown_normal_holo_dark.9.png
[  66% ] _update_scan_actions | dropdown_normal_holo_light.9.png
[  66% ] _update_scan_actions | dropdown_pressed_holo_dark.9.png
[  66% ] _update_scan_actions | dropdown_pressed_holo_light.9.png
[  66% ] _update_scan_actions | editbox_background_focus_yellow.9.png
[  66% ] _update_scan_actions | editbox_background_normal.9.png
[  66% ] _update_scan_actions | editbox_dropdown_background.9.png
[  66% ] _update_scan_actions | editbox_dropdown_background_dark.9.png
[  66% ] _update_scan_actions | edit_query.png
[  66% ] _update_scan_actions | edit_query_background_normal.9.png
[  66% ] _update_scan_actions | edit_query_background_pressed.9.png
[  66% ] _update_scan_actions | edit_query_background_selected.9.png
[  66% ] _update_scan_actions | emo_im_angel.png
[  66% ] _update_scan_actions | emo_im_cool.png
[  66% ] _update_scan_actions | emo_im_crying.png
[  66% ] _update_scan_actions | emo_im_embarrassed.png
[  66% ] _update_scan_actions | emo_im_foot_in_mouth.png
[  66% ] _update_scan_actions | emo_im_happy.png
[  66% ] _update_scan_actions | emo_im_kissing.png
[  66% ] _update_scan_actions | emo_im_laughing.png
[  66% ] _update_scan_actions | emo_im_lips_are_sealed.png
[  66% ] _update_scan_actions | emo_im_money_mouth.png
[  66% ] _update_scan_actions | emo_im_sad.png
[  66% ] _update_scan_actions | emo_im_surprised.png
[  66% ] _update_scan_actions | emo_im_tongue_sticking_out.png
[  66% ] _update_scan_actions | emo_im_undecided.png
[  66% ] _update_scan_actions | emo_im_winking.png
[  66% ] _update_scan_actions | emo_im_wtf.png
[  66% ] _update_scan_actions | emo_im_yelling.png
[  67% ] _update_scan_actions | expander_close_holo_dark.9.png
[  67% ] _update_scan_actions | expander_close_holo_light.9.png
[  67% ] _update_scan_actions | expander_close_mtrl_alpha.9.png
[  67% ] _update_scan_actions | expander_ic_maximized.9.png
[  67% ] _update_scan_actions | expander_ic_minimized.9.png
[  67% ] _update_scan_actions | expander_open_holo_dark.9.png
[  67% ] _update_scan_actions | expander_open_holo_light.9.png
[  67% ] _update_scan_actions | expander_open_mtrl_alpha.9.png
[  67% ] _update_scan_actions | fastscroll_label_left_holo_dark.9.png
[  67% ] _update_scan_actions | fastscroll_label_left_holo_light.9.png
[  67% ] _update_scan_actions | fastscroll_label_right_holo_dark.9.png
[  67% ] _update_scan_actions | fastscroll_label_right_holo_light.9.png
[  67% ] _update_scan_actions | fastscroll_thumb_default_holo.png
[  67% ] _update_scan_actions | fastscroll_thumb_pressed_holo.png
[  67% ] _update_scan_actions | fastscroll_track_default_holo_dark.9.png
[  67% ] _update_scan_actions | fastscroll_track_default_holo_light.9.png
[  67% ] _update_scan_actions | fastscroll_track_pressed_holo_dark.9.png
[  67% ] _update_scan_actions | fastscroll_track_pressed_holo_light.9.png
[  67% ] _update_scan_actions | focused_application_background_static.png
[  67% ] _update_scan_actions | frame_gallery_thumb.9.png
[  67% ] _update_scan_actions | frame_gallery_thumb_pressed.9.png
[  67% ] _update_scan_actions | frame_gallery_thumb_selected.9.png
[  67% ] _update_scan_actions | gallery_selected_default.9.png
[  67% ] _update_scan_actions | gallery_selected_focused.9.png
[  67% ] _update_scan_actions | gallery_selected_pressed.9.png
[  67% ] _update_scan_actions | gallery_unselected_default.9.png
[  67% ] _update_scan_actions | gallery_unselected_pressed.9.png
[  67% ] _update_scan_actions | grid_selector_background_focus.9.png
[  67% ] _update_scan_actions | grid_selector_background_pressed.9.png
[  67% ] _update_scan_actions | highlight_disabled.9.png
[  67% ] _update_scan_actions | highlight_pressed.9.png
[  67% ] _update_scan_actions | highlight_selected.9.png
[  67% ] _update_scan_actions | icon_highlight_rectangle.9.png
[  67% ] _update_scan_actions | icon_highlight_square.9.png
[  67% ] _update_scan_actions | ic_ab_back_holo_dark_am.png
[  67% ] _update_scan_actions | ic_ab_back_holo_light_am.png
[  67% ] _update_scan_actions | ic_aggregated.png
[  67% ] _update_scan_actions | ic_audio_notification_am_alpha.png
[  67% ] _update_scan_actions | ic_audio_notification_mute_am_alpha.png
[  67% ] _update_scan_actions | ic_btn_round_more_disabled.png
[  67% ] _update_scan_actions | ic_btn_round_more_normal.png
[  67% ] _update_scan_actions | ic_btn_search_go.png
[  67% ] _update_scan_actions | ic_btn_speak_now.png
[  67% ] _update_scan_actions | ic_btn_square_browser_zoom_fit_page_disabled.png
[  67% ] _update_scan_actions | ic_btn_square_browser_zoom_fit_page_normal.png
[  67% ] _update_scan_actions | ic_btn_square_browser_zoom_page_overview_disabled.png
[  67% ] _update_scan_actions | ic_btn_square_browser_zoom_page_overview_normal.png
[  67% ] _update_scan_actions | ic_bullet_key_permission.png
[  67% ] _update_scan_actions | ic_cab_done_holo.png
[  67% ] _update_scan_actions | ic_cab_done_holo_dark.png
[  67% ] _update_scan_actions | ic_cab_done_holo_light.png
[  67% ] _update_scan_actions | ic_cab_done_mtrl_alpha.png
[  67% ] _update_scan_actions | ic_checkmark_holo_light.png
[  67% ] _update_scan_actions | ic_clear_disabled.png
[  67% ] _update_scan_actions | ic_clear_search_api_disabled_holo_dark.png
[  67% ] _update_scan_actions | ic_clear_search_api_disabled_holo_light.png
[  67% ] _update_scan_actions | ic_clear_search_api_holo_dark.png
[  67% ] _update_scan_actions | ic_clear_search_api_holo_light.png
[  67% ] _update_scan_actions | ic_coins_l.png
[  67% ] _update_scan_actions | ic_coins_s.png
[  67% ] _update_scan_actions | ic_commit.png
[  67% ] _update_scan_actions | ic_commit_search_api_holo_dark.png
[  67% ] _update_scan_actions | ic_commit_search_api_holo_light.png
[  67% ] _update_scan_actions | ic_commit_search_api_mtrl_alpha.png
[  67% ] _update_scan_actions | ic_contact_picture.png
[  67% ] _update_scan_actions | ic_contact_picture_2.png
[  67% ] _update_scan_actions | ic_contact_picture_3.png
[  67% ] _update_scan_actions | ic_delete.png
[  67% ] _update_scan_actions | ic_dialog_alert.png
[  68% ] _update_scan_actions | ic_dialog_alert_holo_dark.png
[  68% ] _update_scan_actions | ic_dialog_alert_holo_light.png
[  68% ] _update_scan_actions | ic_dialog_close_normal_holo.png
[  68% ] _update_scan_actions | ic_dialog_close_pressed_holo.png
[  68% ] _update_scan_actions | ic_dialog_dialer.png
[  68% ] _update_scan_actions | ic_dialog_email.png
[  68% ] _update_scan_actions | ic_dialog_focused_holo.png
[  68% ] _update_scan_actions | ic_dialog_info.png
[  68% ] _update_scan_actions | ic_dialog_map.png
[  68% ] _update_scan_actions | ic_dialog_time.png
[  68% ] _update_scan_actions | ic_dialog_usb.png
[  68% ] _update_scan_actions | ic_emergency.png
[  68% ] _update_scan_actions | ic_find_next_holo_dark.png
[  68% ] _update_scan_actions | ic_find_next_holo_light.png
[  68% ] _update_scan_actions | ic_find_next_mtrl_alpha.png
[  68% ] _update_scan_actions | ic_find_previous_holo_dark.png
[  68% ] _update_scan_actions | ic_find_previous_holo_light.png
[  68% ] _update_scan_actions | ic_find_previous_mtrl_alpha.png
[  68% ] _update_scan_actions | ic_go.png
[  68% ] _update_scan_actions | ic_go_search_api_holo_dark.png
[  68% ] _update_scan_actions | ic_go_search_api_holo_light.png
[  68% ] _update_scan_actions | ic_input_add.png
[  68% ] _update_scan_actions | ic_input_delete.png
[  68% ] _update_scan_actions | ic_input_get.png
[  68% ] _update_scan_actions | ic_jog_dial_answer.png
[  68% ] _update_scan_actions | ic_jog_dial_answer_and_end.png
[  68% ] _update_scan_actions | ic_jog_dial_answer_and_hold.png
[  68% ] _update_scan_actions | ic_jog_dial_decline.png
[  68% ] _update_scan_actions | ic_jog_dial_sound_off.png
[  68% ] _update_scan_actions | ic_jog_dial_sound_on.png
[  68% ] _update_scan_actions | ic_jog_dial_unlock.png
[  68% ] _update_scan_actions | ic_jog_dial_vibrate_on.png
[  68% ] _update_scan_actions | ic_launcher_android.png
[  68% ] _update_scan_actions | ic_lockscreen_handle_pressed.png
[  68% ] _update_scan_actions | ic_lock_airplane_mode_alpha.png
[  68% ] _update_scan_actions | ic_lock_airplane_mode_off_am_alpha.png
[  68% ] _update_scan_actions | ic_lock_idle_alarm_alpha.png
[  68% ] _update_scan_actions | ic_lock_idle_charging.png
[  68% ] _update_scan_actions | ic_lock_idle_lock.png
[  68% ] _update_scan_actions | ic_lock_idle_low_battery.png
[  68% ] _update_scan_actions | ic_lock_lock_alpha.png
[  68% ] _update_scan_actions | ic_lock_open_wht_24dp.png
[  68% ] _update_scan_actions | ic_lock_outline_wht_24dp.png
[  68% ] _update_scan_actions | ic_lock_power_off_alpha.png
[  68% ] _update_scan_actions | ic_lock_ringer_off_alpha.png
[  68% ] _update_scan_actions | ic_lock_ringer_on_alpha.png
[  68% ] _update_scan_actions | ic_lock_silent_mode.png
[  68% ] _update_scan_actions | ic_lock_silent_mode_off.png
[  68% ] _update_scan_actions | ic_lock_silent_mode_vibrate.png
[  68% ] _update_scan_actions | ic_maps_indicator_current_position.png
[  68% ] _update_scan_actions | ic_maps_indicator_current_position_anim1.png
[  68% ] _update_scan_actions | ic_maps_indicator_current_position_anim2.png
[  68% ] _update_scan_actions | ic_maps_indicator_current_position_anim3.png
[  68% ] _update_scan_actions | ic_media_embed_play.png
[  68% ] _update_scan_actions | ic_media_ff.png
[  68% ] _update_scan_actions | ic_media_fullscreen.png
[  68% ] _update_scan_actions | ic_media_next.png
[  68% ] _update_scan_actions | ic_media_pause.png
[  68% ] _update_scan_actions | ic_media_play.png
[  68% ] _update_scan_actions | ic_media_previous.png
[  68% ] _update_scan_actions | ic_media_rew.png
[  68% ] _update_scan_actions | ic_media_route_connected_dark_00_mtrl.png
[  68% ] _update_scan_actions | ic_media_route_connected_dark_01_mtrl.png
[  68% ] _update_scan_actions | ic_media_route_connected_dark_02_mtrl.png
[  68% ] _update_scan_actions | ic_media_route_connected_dark_03_mtrl.png
[  68% ] _update_scan_actions | ic_media_route_connected_dark_04_mtrl.png
[  68% ] _update_scan_actions | ic_media_route_connected_dark_05_mtrl.png
[  68% ] _update_scan_actions | ic_media_route_connected_dark_06_mtrl.png
[  69% ] _update_scan_actions | ic_media_route_connected_dark_07_mtrl.png
[  69% ] _update_scan_actions | ic_media_route_connected_dark_08_mtrl.png
[  69% ] _update_scan_actions | ic_media_route_connected_dark_09_mtrl.png
[  69% ] _update_scan_actions | ic_media_route_connected_dark_10_mtrl.png
[  69% ] _update_scan_actions | ic_media_route_connected_dark_11_mtrl.png
[  69% ] _update_scan_actions | ic_media_route_connected_dark_12_mtrl.png
[  69% ] _update_scan_actions | ic_media_route_connected_dark_13_mtrl.png
[  69% ] _update_scan_actions | ic_media_route_connected_dark_14_mtrl.png
[  69% ] _update_scan_actions | ic_media_route_connected_dark_15_mtrl.png
[  69% ] _update_scan_actions | ic_media_route_connected_dark_16_mtrl.png
[  69% ] _update_scan_actions | ic_media_route_connected_dark_17_mtrl.png
[  69% ] _update_scan_actions | ic_media_route_connected_dark_18_mtrl.png
[  69% ] _update_scan_actions | ic_media_route_connected_dark_19_mtrl.png
[  69% ] _update_scan_actions | ic_media_route_connected_dark_20_mtrl.png
[  69% ] _update_scan_actions | ic_media_route_connected_dark_21_mtrl.png
[  69% ] _update_scan_actions | ic_media_route_connected_dark_22_mtrl.png
[  69% ] _update_scan_actions | ic_media_route_connected_dark_23_mtrl.png
[  69% ] _update_scan_actions | ic_media_route_connected_dark_24_mtrl.png
[  69% ] _update_scan_actions | ic_media_route_connected_dark_25_mtrl.png
[  69% ] _update_scan_actions | ic_media_route_connected_dark_26_mtrl.png
[  69% ] _update_scan_actions | ic_media_route_connected_dark_27_mtrl.png
[  69% ] _update_scan_actions | ic_media_route_connected_dark_28_mtrl.png
[  69% ] _update_scan_actions | ic_media_route_connected_dark_29_mtrl.png
[  69% ] _update_scan_actions | ic_media_route_connected_dark_30_mtrl.png
[  69% ] _update_scan_actions | ic_media_route_connected_light_00_mtrl.png
[  69% ] _update_scan_actions | ic_media_route_connected_light_01_mtrl.png
[  69% ] _update_scan_actions | ic_media_route_connected_light_02_mtrl.png
[  69% ] _update_scan_actions | ic_media_route_connected_light_03_mtrl.png
[  69% ] _update_scan_actions | ic_media_route_connected_light_04_mtrl.png
[  69% ] _update_scan_actions | ic_media_route_connected_light_05_mtrl.png
[  69% ] _update_scan_actions | ic_media_route_connected_light_06_mtrl.png
[  69% ] _update_scan_actions | ic_media_route_connected_light_07_mtrl.png
[  69% ] _update_scan_actions | ic_media_route_connected_light_08_mtrl.png
[  69% ] _update_scan_actions | ic_media_route_connected_light_09_mtrl.png
[  69% ] _update_scan_actions | ic_media_route_connected_light_10_mtrl.png
[  69% ] _update_scan_actions | ic_media_route_connected_light_11_mtrl.png
[  69% ] _update_scan_actions | ic_media_route_connected_light_12_mtrl.png
[  69% ] _update_scan_actions | ic_media_route_connected_light_13_mtrl.png
[  69% ] _update_scan_actions | ic_media_route_connected_light_14_mtrl.png
[  69% ] _update_scan_actions | ic_media_route_connected_light_15_mtrl.png
[  69% ] _update_scan_actions | ic_media_route_connected_light_16_mtrl.png
[  69% ] _update_scan_actions | ic_media_route_connected_light_17_mtrl.png
[  69% ] _update_scan_actions | ic_media_route_connected_light_18_mtrl.png
[  69% ] _update_scan_actions | ic_media_route_connected_light_19_mtrl.png
[  69% ] _update_scan_actions | ic_media_route_connected_light_20_mtrl.png
[  69% ] _update_scan_actions | ic_media_route_connected_light_21_mtrl.png
[  69% ] _update_scan_actions | ic_media_route_connected_light_22_mtrl.png
[  69% ] _update_scan_actions | ic_media_route_connected_light_23_mtrl.png
[  69% ] _update_scan_actions | ic_media_route_connected_light_24_mtrl.png
[  69% ] _update_scan_actions | ic_media_route_connected_light_25_mtrl.png
[  69% ] _update_scan_actions | ic_media_route_connected_light_26_mtrl.png
[  69% ] _update_scan_actions | ic_media_route_connected_light_27_mtrl.png
[  69% ] _update_scan_actions | ic_media_route_connected_light_28_mtrl.png
[  69% ] _update_scan_actions | ic_media_route_connected_light_29_mtrl.png
[  69% ] _update_scan_actions | ic_media_route_connected_light_30_mtrl.png
[  69% ] _update_scan_actions | ic_media_route_connecting_dark_00_mtrl.png
[  69% ] _update_scan_actions | ic_media_route_connecting_dark_01_mtrl.png
[  69% ] _update_scan_actions | ic_media_route_connecting_dark_02_mtrl.png
[  69% ] _update_scan_actions | ic_media_route_connecting_dark_03_mtrl.png
[  69% ] _update_scan_actions | ic_media_route_connecting_dark_04_mtrl.png
[  69% ] _update_scan_actions | ic_media_route_connecting_dark_05_mtrl.png
[  69% ] _update_scan_actions | ic_media_route_connecting_dark_06_mtrl.png
[  69% ] _update_scan_actions | ic_media_route_connecting_dark_07_mtrl.png
[  69% ] _update_scan_actions | ic_media_route_connecting_dark_08_mtrl.png
[  69% ] _update_scan_actions | ic_media_route_connecting_dark_09_mtrl.png
[  69% ] _update_scan_actions | ic_media_route_connecting_dark_10_mtrl.png
[  69% ] _update_scan_actions | ic_media_route_connecting_dark_11_mtrl.png
[  69% ] _update_scan_actions | ic_media_route_connecting_dark_12_mtrl.png
[  70% ] _update_scan_actions | ic_media_route_connecting_dark_13_mtrl.png
[  70% ] _update_scan_actions | ic_media_route_connecting_dark_14_mtrl.png
[  70% ] _update_scan_actions | ic_media_route_connecting_dark_15_mtrl.png
[  70% ] _update_scan_actions | ic_media_route_connecting_dark_16_mtrl.png
[  70% ] _update_scan_actions | ic_media_route_connecting_dark_17_mtrl.png
[  70% ] _update_scan_actions | ic_media_route_connecting_dark_18_mtrl.png
[  70% ] _update_scan_actions | ic_media_route_connecting_dark_19_mtrl.png
[  70% ] _update_scan_actions | ic_media_route_connecting_dark_20_mtrl.png
[  70% ] _update_scan_actions | ic_media_route_connecting_dark_21_mtrl.png
[  70% ] _update_scan_actions | ic_media_route_connecting_dark_22_mtrl.png
[  70% ] _update_scan_actions | ic_media_route_connecting_dark_23_mtrl.png
[  70% ] _update_scan_actions | ic_media_route_connecting_dark_24_mtrl.png
[  70% ] _update_scan_actions | ic_media_route_connecting_dark_25_mtrl.png
[  70% ] _update_scan_actions | ic_media_route_connecting_dark_26_mtrl.png
[  70% ] _update_scan_actions | ic_media_route_connecting_dark_27_mtrl.png
[  70% ] _update_scan_actions | ic_media_route_connecting_dark_28_mtrl.png
[  70% ] _update_scan_actions | ic_media_route_connecting_dark_29_mtrl.png
[  70% ] _update_scan_actions | ic_media_route_connecting_dark_30_mtrl.png
[  70% ] _update_scan_actions | ic_media_route_connecting_light_00_mtrl.png
[  70% ] _update_scan_actions | ic_media_route_connecting_light_01_mtrl.png
[  70% ] _update_scan_actions | ic_media_route_connecting_light_02_mtrl.png
[  70% ] _update_scan_actions | ic_media_route_connecting_light_03_mtrl.png
[  70% ] _update_scan_actions | ic_media_route_connecting_light_04_mtrl.png
[  70% ] _update_scan_actions | ic_media_route_connecting_light_05_mtrl.png
[  70% ] _update_scan_actions | ic_media_route_connecting_light_06_mtrl.png
[  70% ] _update_scan_actions | ic_media_route_connecting_light_07_mtrl.png
[  70% ] _update_scan_actions | ic_media_route_connecting_light_08_mtrl.png
[  70% ] _update_scan_actions | ic_media_route_connecting_light_09_mtrl.png
[  70% ] _update_scan_actions | ic_media_route_connecting_light_10_mtrl.png
[  70% ] _update_scan_actions | ic_media_route_connecting_light_11_mtrl.png
[  70% ] _update_scan_actions | ic_media_route_connecting_light_12_mtrl.png
[  70% ] _update_scan_actions | ic_media_route_connecting_light_13_mtrl.png
[  70% ] _update_scan_actions | ic_media_route_connecting_light_14_mtrl.png
[  70% ] _update_scan_actions | ic_media_route_connecting_light_15_mtrl.png
[  70% ] _update_scan_actions | ic_media_route_connecting_light_16_mtrl.png
[  70% ] _update_scan_actions | ic_media_route_connecting_light_17_mtrl.png
[  70% ] _update_scan_actions | ic_media_route_connecting_light_18_mtrl.png
[  70% ] _update_scan_actions | ic_media_route_connecting_light_19_mtrl.png
[  70% ] _update_scan_actions | ic_media_route_connecting_light_20_mtrl.png
[  70% ] _update_scan_actions | ic_media_route_connecting_light_21_mtrl.png
[  70% ] _update_scan_actions | ic_media_route_connecting_light_22_mtrl.png
[  70% ] _update_scan_actions | ic_media_route_connecting_light_23_mtrl.png
[  70% ] _update_scan_actions | ic_media_route_connecting_light_24_mtrl.png
[  70% ] _update_scan_actions | ic_media_route_connecting_light_25_mtrl.png
[  70% ] _update_scan_actions | ic_media_route_connecting_light_26_mtrl.png
[  70% ] _update_scan_actions | ic_media_route_connecting_light_27_mtrl.png
[  70% ] _update_scan_actions | ic_media_route_connecting_light_28_mtrl.png
[  70% ] _update_scan_actions | ic_media_route_connecting_light_29_mtrl.png
[  70% ] _update_scan_actions | ic_media_route_connecting_light_30_mtrl.png
[  70% ] _update_scan_actions | ic_media_route_disabled_holo_dark.png
[  70% ] _update_scan_actions | ic_media_route_disabled_holo_light.png
[  70% ] _update_scan_actions | ic_media_route_disabled_mtrl_alpha.png
[  70% ] _update_scan_actions | ic_media_route_off_dark_mtrl.png
[  70% ] _update_scan_actions | ic_media_route_off_holo_dark.png
[  70% ] _update_scan_actions | ic_media_route_off_holo_light.png
[  70% ] _update_scan_actions | ic_media_route_off_light_mtrl.png
[  70% ] _update_scan_actions | ic_media_route_on_0_holo_dark.png
[  70% ] _update_scan_actions | ic_media_route_on_0_holo_light.png
[  70% ] _update_scan_actions | ic_media_route_on_1_holo_dark.png
[  70% ] _update_scan_actions | ic_media_route_on_1_holo_light.png
[  70% ] _update_scan_actions | ic_media_route_on_2_holo_dark.png
[  70% ] _update_scan_actions | ic_media_route_on_2_holo_light.png
[  70% ] _update_scan_actions | ic_media_route_on_holo_dark.png
[  70% ] _update_scan_actions | ic_media_route_on_holo_light.png
[  70% ] _update_scan_actions | ic_media_stop.png
[  70% ] _update_scan_actions | ic_media_video_poster.png
[  70% ] _update_scan_actions | ic_menu_account_list.png
[  70% ] _update_scan_actions | ic_menu_add.png
[  70% ] _update_scan_actions | ic_menu_agenda.png
[  71% ] _update_scan_actions | ic_menu_allfriends.png
[  71% ] _update_scan_actions | ic_menu_always_landscape_portrait.png
[  71% ] _update_scan_actions | ic_menu_archive.png
[  71% ] _update_scan_actions | ic_menu_attachment.png
[  71% ] _update_scan_actions | ic_menu_back.png
[  71% ] _update_scan_actions | ic_menu_block.png
[  71% ] _update_scan_actions | ic_menu_blocked_user.png
[  71% ] _update_scan_actions | ic_menu_btn_add.png
[  71% ] _update_scan_actions | ic_menu_call.png
[  71% ] _update_scan_actions | ic_menu_camera.png
[  71% ] _update_scan_actions | ic_menu_cc_am.png
[  71% ] _update_scan_actions | ic_menu_chat_dashboard.png
[  71% ] _update_scan_actions | ic_menu_clear_playlist.png
[  71% ] _update_scan_actions | ic_menu_close_clear_cancel.png
[  71% ] _update_scan_actions | ic_menu_compass.png
[  71% ] _update_scan_actions | ic_menu_compose.png
[  71% ] _update_scan_actions | ic_menu_copy.png
[  71% ] _update_scan_actions | ic_menu_copy_holo_dark.png
[  71% ] _update_scan_actions | ic_menu_copy_holo_light.png
[  71% ] _update_scan_actions | ic_menu_crop.png
[  71% ] _update_scan_actions | ic_menu_cut.png
[  71% ] _update_scan_actions | ic_menu_cut_holo_dark.png
[  71% ] _update_scan_actions | ic_menu_cut_holo_light.png
[  71% ] _update_scan_actions | ic_menu_day.png
[  71% ] _update_scan_actions | ic_menu_delete.png
[  71% ] _update_scan_actions | ic_menu_directions.png
[  71% ] _update_scan_actions | ic_menu_edit.png
[  71% ] _update_scan_actions | ic_menu_emoticons.png
[  71% ] _update_scan_actions | ic_menu_end_conversation.png
[  71% ] _update_scan_actions | ic_menu_find.png
[  71% ] _update_scan_actions | ic_menu_find_holo_dark.png
[  71% ] _update_scan_actions | ic_menu_find_holo_light.png
[  71% ] _update_scan_actions | ic_menu_find_mtrl_alpha.png
[  71% ] _update_scan_actions | ic_menu_forward.png
[  71% ] _update_scan_actions | ic_menu_friendslist.png
[  71% ] _update_scan_actions | ic_menu_gallery.png
[  71% ] _update_scan_actions | ic_menu_goto.png
[  71% ] _update_scan_actions | ic_menu_help.png
[  71% ] _update_scan_actions | ic_menu_help_holo_light.png
[  71% ] _update_scan_actions | ic_menu_home.png
[  71% ] _update_scan_actions | ic_menu_info_details.png
[  71% ] _update_scan_actions | ic_menu_invite.png
[  71% ] _update_scan_actions | ic_menu_login.png
[  71% ] _update_scan_actions | ic_menu_manage.png
[  71% ] _update_scan_actions | ic_menu_mapmode.png
[  71% ] _update_scan_actions | ic_menu_mark.png
[  71% ] _update_scan_actions | ic_menu_month.png
[  71% ] _update_scan_actions | ic_menu_more.png
[  71% ] _update_scan_actions | ic_menu_moreoverflow.png
[  71% ] _update_scan_actions | ic_menu_moreoverflow_focused_holo_dark.png
[  71% ] _update_scan_actions | ic_menu_moreoverflow_focused_holo_light.png
[  71% ] _update_scan_actions | ic_menu_moreoverflow_normal_holo_dark.png
[  71% ] _update_scan_actions | ic_menu_moreoverflow_normal_holo_light.png
[  71% ] _update_scan_actions | ic_menu_mylocation.png
[  71% ] _update_scan_actions | ic_menu_myplaces.png
[  71% ] _update_scan_actions | ic_menu_my_calendar.png
[  71% ] _update_scan_actions | ic_menu_notifications.png
[  71% ] _update_scan_actions | ic_menu_paste.png
[  71% ] _update_scan_actions | ic_menu_paste_holo_dark.png
[  71% ] _update_scan_actions | ic_menu_paste_holo_light.png
[  71% ] _update_scan_actions | ic_menu_play_clip.png
[  71% ] _update_scan_actions | ic_menu_preferences.png
[  71% ] _update_scan_actions | ic_menu_recent_history.png
[  71% ] _update_scan_actions | ic_menu_report_image.png
[  71% ] _update_scan_actions | ic_menu_revert.png
[  71% ] _update_scan_actions | ic_menu_rotate.png
[  71% ] _update_scan_actions | ic_menu_save.png
[  71% ] _update_scan_actions | ic_menu_search.png
[  72% ] _update_scan_actions | ic_menu_search_holo_dark.png
[  72% ] _update_scan_actions | ic_menu_search_holo_light.png
[  72% ] _update_scan_actions | ic_menu_search_mtrl_alpha.png
[  72% ] _update_scan_actions | ic_menu_selectall_holo_dark.png
[  72% ] _update_scan_actions | ic_menu_selectall_holo_light.png
[  72% ] _update_scan_actions | ic_menu_send.png
[  72% ] _update_scan_actions | ic_menu_settings_holo_light.png
[  72% ] _update_scan_actions | ic_menu_set_as.png
[  72% ] _update_scan_actions | ic_menu_share.png
[  72% ] _update_scan_actions | ic_menu_share_holo_dark.png
[  72% ] _update_scan_actions | ic_menu_share_holo_light.png
[  72% ] _update_scan_actions | ic_menu_slideshow.png
[  72% ] _update_scan_actions | ic_menu_sort_alphabetically.png
[  72% ] _update_scan_actions | ic_menu_sort_by_size.png
[  72% ] _update_scan_actions | ic_menu_star.png
[  72% ] _update_scan_actions | ic_menu_start_conversation.png
[  72% ] _update_scan_actions | ic_menu_stop.png
[  72% ] _update_scan_actions | ic_menu_today.png
[  72% ] _update_scan_actions | ic_menu_upload.png
[  72% ] _update_scan_actions | ic_menu_upload_you_tube.png
[  72% ] _update_scan_actions | ic_menu_view.png
[  72% ] _update_scan_actions | ic_menu_week.png
[  72% ] _update_scan_actions | ic_menu_zoom.png
[  72% ] _update_scan_actions | ic_notification_cast_0.png
[  72% ] _update_scan_actions | ic_notification_cast_1.png
[  72% ] _update_scan_actions | ic_notification_cast_2.png
[  72% ] _update_scan_actions | ic_notification_clear_all.png
[  72% ] _update_scan_actions | ic_notification_overlay.9.png
[  72% ] _update_scan_actions | ic_partial_secure.png
[  72% ] _update_scan_actions | ic_popup_disk_full.png
[  72% ] _update_scan_actions | ic_popup_reminder.png
[  72% ] _update_scan_actions | ic_popup_sync_1.png
[  72% ] _update_scan_actions | ic_popup_sync_2.png
[  72% ] _update_scan_actions | ic_popup_sync_3.png
[  72% ] _update_scan_actions | ic_popup_sync_4.png
[  72% ] _update_scan_actions | ic_popup_sync_5.png
[  72% ] _update_scan_actions | ic_popup_sync_6.png
[  72% ] _update_scan_actions | ic_search.png
[  72% ] _update_scan_actions | ic_search_api_holo_dark.png
[  72% ] _update_scan_actions | ic_search_api_holo_light.png
[  72% ] _update_scan_actions | ic_search_category_default.png
[  72% ] _update_scan_actions | ic_secure.png
[  72% ] _update_scan_actions | ic_settings.png
[  72% ] _update_scan_actions | ic_settings_language.png
[  72% ] _update_scan_actions | ic_sim_card_multi_24px_clr.png
[  72% ] _update_scan_actions | ic_sim_card_multi_48px_clr.png
[  72% ] _update_scan_actions | ic_star_black_16dp.png
[  72% ] _update_scan_actions | ic_star_black_36dp.png
[  72% ] _update_scan_actions | ic_star_black_48dp.png
[  72% ] _update_scan_actions | ic_star_half_black_16dp.png
[  72% ] _update_scan_actions | ic_star_half_black_36dp.png
[  72% ] _update_scan_actions | ic_star_half_black_48dp.png
[  72% ] _update_scan_actions | ic_vibrate.png
[  72% ] _update_scan_actions | ic_vibrate_small.png
[  72% ] _update_scan_actions | ic_voice_search.png
[  72% ] _update_scan_actions | ic_voice_search_api_holo_dark.png
[  72% ] _update_scan_actions | ic_voice_search_api_holo_light.png
[  72% ] _update_scan_actions | ic_volume.png
[  72% ] _update_scan_actions | ic_volume_bluetooth_ad2p.png
[  72% ] _update_scan_actions | ic_volume_bluetooth_in_call.png
[  72% ] _update_scan_actions | ic_volume_off.png
[  72% ] _update_scan_actions | ic_volume_off_small.png
[  72% ] _update_scan_actions | ic_volume_small.png
[  72% ] _update_scan_actions | ime_qwerty.png
[  72% ] _update_scan_actions | indicator_input_error.png
[  72% ] _update_scan_actions | jog_dial_arrow_long_left_green.png
[  72% ] _update_scan_actions | jog_dial_arrow_long_left_yellow.png
[  72% ] _update_scan_actions | jog_dial_arrow_long_middle_yellow.png
[  72% ] _update_scan_actions | jog_dial_arrow_long_right_red.png
[  73% ] _update_scan_actions | jog_dial_arrow_long_right_yellow.png
[  73% ] _update_scan_actions | jog_dial_arrow_short_left.png
[  73% ] _update_scan_actions | jog_dial_arrow_short_left_and_right.png
[  73% ] _update_scan_actions | jog_dial_arrow_short_right.png
[  73% ] _update_scan_actions | jog_dial_bg.png
[  73% ] _update_scan_actions | jog_dial_dimple.png
[  73% ] _update_scan_actions | jog_dial_dimple_dim.png
[  73% ] _update_scan_actions | keyboard_accessory_bg_landscape.9.png
[  73% ] _update_scan_actions | keyboard_background.9.png
[  73% ] _update_scan_actions | keyboard_key_feedback_background.9.png
[  73% ] _update_scan_actions | keyboard_key_feedback_more_background.9.png
[  73% ] _update_scan_actions | keyboard_popup_panel_background.9.png
[  73% ] _update_scan_actions | keyboard_popup_panel_trans_background.9.png
[  73% ] _update_scan_actions | light_header.9.png
[  73% ] _update_scan_actions | list_activated_holo.9.png
[  73% ] _update_scan_actions | list_divider_holo_dark.9.png
[  73% ] _update_scan_actions | list_divider_holo_light.9.png
[  73% ] _update_scan_actions | list_divider_horizontal_holo_dark.9.png
[  73% ] _update_scan_actions | list_focused_holo.9.png
[  73% ] _update_scan_actions | list_longpressed_holo.9.png
[  73% ] _update_scan_actions | list_longpressed_holo_dark.9.png
[  73% ] _update_scan_actions | list_longpressed_holo_light.9.png
[  73% ] _update_scan_actions | list_pressed_holo_dark.9.png
[  73% ] _update_scan_actions | list_pressed_holo_light.9.png
[  73% ] _update_scan_actions | list_section_divider_holo_dark.9.png
[  73% ] _update_scan_actions | list_section_divider_holo_light.9.png
[  73% ] _update_scan_actions | list_section_divider_mtrl_alpha.9.png
[  73% ] _update_scan_actions | list_section_header_holo_dark.9.png
[  73% ] _update_scan_actions | list_section_header_holo_light.9.png
[  73% ] _update_scan_actions | list_selected_holo_dark.9.png
[  73% ] _update_scan_actions | list_selected_holo_light.9.png
[  73% ] _update_scan_actions | list_selector_activated_holo_dark.9.png
[  73% ] _update_scan_actions | list_selector_activated_holo_light.9.png
[  73% ] _update_scan_actions | list_selector_background_default.9.png
[  73% ] _update_scan_actions | list_selector_background_default_light.9.png
[  73% ] _update_scan_actions | list_selector_background_disabled.9.png
[  73% ] _update_scan_actions | list_selector_background_disabled_light.9.png
[  73% ] _update_scan_actions | list_selector_background_focus.9.png
[  73% ] _update_scan_actions | list_selector_background_focused.9.png
[  73% ] _update_scan_actions | list_selector_background_focused_light.9.png
[  73% ] _update_scan_actions | list_selector_background_focused_selected.9.png
[  73% ] _update_scan_actions | list_selector_background_longpress.9.png
[  73% ] _update_scan_actions | list_selector_background_longpress_light.9.png
[  73% ] _update_scan_actions | list_selector_background_pressed.9.png
[  73% ] _update_scan_actions | list_selector_background_pressed_light.9.png
[  73% ] _update_scan_actions | list_selector_background_selected.9.png
[  73% ] _update_scan_actions | list_selector_background_selected_light.9.png
[  73% ] _update_scan_actions | list_selector_disabled_holo_dark.9.png
[  73% ] _update_scan_actions | list_selector_disabled_holo_light.9.png
[  73% ] _update_scan_actions | list_selector_focused_holo_dark.9.png
[  73% ] _update_scan_actions | list_selector_focused_holo_light.9.png
[  73% ] _update_scan_actions | list_selector_multiselect_holo_dark.9.png
[  73% ] _update_scan_actions | list_selector_multiselect_holo_light.9.png
[  73% ] _update_scan_actions | list_selector_pressed_holo_dark.9.png
[  73% ] _update_scan_actions | list_selector_pressed_holo_light.9.png
[  73% ] _update_scan_actions | magnified_region_frame.9.png
[  73% ] _update_scan_actions | maps_google_logo.png
[  73% ] _update_scan_actions | menuitem_background_focus.9.png
[  73% ] _update_scan_actions | menuitem_background_pressed.9.png
[  73% ] _update_scan_actions | menuitem_background_solid_focused.9.png
[  73% ] _update_scan_actions | menuitem_background_solid_pressed.9.png
[  73% ] _update_scan_actions | menuitem_checkbox_on.png
[  73% ] _update_scan_actions | menu_background.9.png
[  73% ] _update_scan_actions | menu_background_fill_parent_width.9.png
[  73% ] _update_scan_actions | menu_dropdown_panel_holo_dark.9.png
[  73% ] _update_scan_actions | menu_dropdown_panel_holo_light.9.png
[  73% ] _update_scan_actions | menu_hardkey_panel_holo_dark.9.png
[  73% ] _update_scan_actions | menu_hardkey_panel_holo_light.9.png
[  74% ] _update_scan_actions | menu_popup_panel_holo_dark.9.png
[  74% ] _update_scan_actions | menu_popup_panel_holo_light.9.png
[  74% ] _update_scan_actions | menu_separator.9.png
[  74% ] _update_scan_actions | menu_submenu_background.9.png
[  74% ] _update_scan_actions | minitab_lt_focus.9.png
[  74% ] _update_scan_actions | minitab_lt_press.9.png
[  74% ] _update_scan_actions | minitab_lt_selected.9.png
[  74% ] _update_scan_actions | minitab_lt_unselected.9.png
[  74% ] _update_scan_actions | minitab_lt_unselected_press.9.png
[  74% ] _update_scan_actions | numberpicker_down_disabled.9.png
[  74% ] _update_scan_actions | numberpicker_down_disabled_focused.9.png
[  74% ] _update_scan_actions | numberpicker_down_normal.9.png
[  74% ] _update_scan_actions | numberpicker_down_pressed.9.png
[  74% ] _update_scan_actions | numberpicker_down_selected.9.png
[  74% ] _update_scan_actions | numberpicker_input_disabled.9.png
[  74% ] _update_scan_actions | numberpicker_input_normal.9.png
[  74% ] _update_scan_actions | numberpicker_input_pressed.9.png
[  74% ] _update_scan_actions | numberpicker_input_selected.9.png
[  74% ] _update_scan_actions | numberpicker_selection_divider.9.png
[  74% ] _update_scan_actions | numberpicker_up_disabled.9.png
[  74% ] _update_scan_actions | numberpicker_up_disabled_focused.9.png
[  74% ] _update_scan_actions | numberpicker_up_normal.9.png
[  74% ] _update_scan_actions | numberpicker_up_pressed.9.png
[  74% ] _update_scan_actions | numberpicker_up_selected.9.png
[  74% ] _update_scan_actions | panel_background.9.png
[  74% ] _update_scan_actions | panel_bg_holo_dark.9.png
[  74% ] _update_scan_actions | panel_bg_holo_light.9.png
[  74% ] _update_scan_actions | panel_picture_frame_bg_focus_blue.9.png
[  74% ] _update_scan_actions | panel_picture_frame_bg_normal.9.png
[  74% ] _update_scan_actions | panel_picture_frame_bg_pressed_blue.9.png
[  74% ] _update_scan_actions | password_field_default.9.png
[  74% ] _update_scan_actions | password_keyboard_background_holo.9.png
[  74% ] _update_scan_actions | perm_group_accessibility_features.png
[  74% ] _update_scan_actions | perm_group_affects_battery.png
[  74% ] _update_scan_actions | perm_group_app_info.png
[  74% ] _update_scan_actions | perm_group_audio_settings.png
[  74% ] _update_scan_actions | perm_group_bluetooth.png
[  74% ] _update_scan_actions | perm_group_bookmarks.png
[  74% ] _update_scan_actions | perm_group_device_alarms.png
[  74% ] _update_scan_actions | perm_group_display.png
[  74% ] _update_scan_actions | perm_group_network.png
[  74% ] _update_scan_actions | perm_group_personal_info.png
[  74% ] _update_scan_actions | perm_group_screenlock.png
[  74% ] _update_scan_actions | perm_group_shortrange_network.png
[  74% ] _update_scan_actions | perm_group_status_bar.png
[  74% ] _update_scan_actions | perm_group_sync_settings.png
[  74% ] _update_scan_actions | perm_group_system_clock.png
[  74% ] _update_scan_actions | perm_group_system_tools.png
[  74% ] _update_scan_actions | perm_group_voicemail.png
[  74% ] _update_scan_actions | perm_group_wallpaper.png
[  74% ] _update_scan_actions | picture_emergency.png
[  74% ] _update_scan_actions | picture_frame.9.png
[  74% ] _update_scan_actions | pointer_alias.png
[  74% ] _update_scan_actions | pointer_alias_large.png
[  74% ] _update_scan_actions | pointer_all_scroll.png
[  74% ] _update_scan_actions | pointer_all_scroll_large.png
[  74% ] _update_scan_actions | pointer_arrow.png
[  74% ] _update_scan_actions | pointer_arrow_large.png
[  74% ] _update_scan_actions | pointer_cell.png
[  74% ] _update_scan_actions | pointer_cell_large.png
[  74% ] _update_scan_actions | pointer_context_menu.png
[  74% ] _update_scan_actions | pointer_context_menu_large.png
[  74% ] _update_scan_actions | pointer_copy.png
[  74% ] _update_scan_actions | pointer_copy_large.png
[  74% ] _update_scan_actions | pointer_crosshair.png
[  74% ] _update_scan_actions | pointer_crosshair_large.png
[  74% ] _update_scan_actions | pointer_grab.png
[  74% ] _update_scan_actions | pointer_grabbing.png
[  75% ] _update_scan_actions | pointer_grabbing_large.png
[  75% ] _update_scan_actions | pointer_grab_large.png
[  75% ] _update_scan_actions | pointer_hand.png
[  75% ] _update_scan_actions | pointer_handwriting.png
[  75% ] _update_scan_actions | pointer_hand_large.png
[  75% ] _update_scan_actions | pointer_help.png
[  75% ] _update_scan_actions | pointer_help_large.png
[  75% ] _update_scan_actions | pointer_horizontal_double_arrow.png
[  75% ] _update_scan_actions | pointer_horizontal_double_arrow_large.png
[  75% ] _update_scan_actions | pointer_nodrop.png
[  75% ] _update_scan_actions | pointer_nodrop_large.png
[  75% ] _update_scan_actions | pointer_spot_anchor.png
[  75% ] _update_scan_actions | pointer_spot_hover.png
[  75% ] _update_scan_actions | pointer_spot_touch.png
[  75% ] _update_scan_actions | pointer_text.png
[  75% ] _update_scan_actions | pointer_text_large.png
[  75% ] _update_scan_actions | pointer_top_left_diagonal_double_arrow.png
[  75% ] _update_scan_actions | pointer_top_left_diagonal_double_arrow_large.png
[  75% ] _update_scan_actions | pointer_top_right_diagonal_double_arrow.png
[  75% ] _update_scan_actions | pointer_top_right_diagonal_double_arrow_large.png
[  75% ] _update_scan_actions | pointer_vertical_double_arrow.png
[  75% ] _update_scan_actions | pointer_vertical_double_arrow_large.png
[  75% ] _update_scan_actions | pointer_vertical_text.png
[  75% ] _update_scan_actions | pointer_vertical_text_large.png
[  75% ] _update_scan_actions | pointer_wait_0.png
[  75% ] _update_scan_actions | pointer_wait_1.png
[  75% ] _update_scan_actions | pointer_wait_2.png
[  75% ] _update_scan_actions | pointer_wait_3.png
[  75% ] _update_scan_actions | pointer_wait_4.png
[  75% ] _update_scan_actions | pointer_wait_5.png
[  75% ] _update_scan_actions | pointer_wait_6.png
[  75% ] _update_scan_actions | pointer_wait_7.png
[  75% ] _update_scan_actions | pointer_wait_8.png
[  75% ] _update_scan_actions | pointer_wait_9.png
[  75% ] _update_scan_actions | pointer_wait_10.png
[  75% ] _update_scan_actions | pointer_wait_11.png
[  75% ] _update_scan_actions | pointer_wait_12.png
[  75% ] _update_scan_actions | pointer_wait_13.png
[  75% ] _update_scan_actions | pointer_wait_14.png
[  75% ] _update_scan_actions | pointer_wait_15.png
[  75% ] _update_scan_actions | pointer_wait_16.png
[  75% ] _update_scan_actions | pointer_wait_17.png
[  75% ] _update_scan_actions | pointer_wait_18.png
[  75% ] _update_scan_actions | pointer_wait_19.png
[  75% ] _update_scan_actions | pointer_wait_20.png
[  75% ] _update_scan_actions | pointer_wait_21.png
[  75% ] _update_scan_actions | pointer_wait_22.png
[  75% ] _update_scan_actions | pointer_wait_23.png
[  75% ] _update_scan_actions | pointer_wait_24.png
[  75% ] _update_scan_actions | pointer_wait_25.png
[  75% ] _update_scan_actions | pointer_wait_26.png
[  75% ] _update_scan_actions | pointer_wait_27.png
[  75% ] _update_scan_actions | pointer_wait_28.png
[  75% ] _update_scan_actions | pointer_wait_29.png
[  75% ] _update_scan_actions | pointer_wait_30.png
[  75% ] _update_scan_actions | pointer_wait_31.png
[  75% ] _update_scan_actions | pointer_wait_32.png
[  75% ] _update_scan_actions | pointer_wait_33.png
[  75% ] _update_scan_actions | pointer_wait_34.png
[  75% ] _update_scan_actions | pointer_wait_35.png
[  75% ] _update_scan_actions | pointer_wait_36.png
[  75% ] _update_scan_actions | pointer_wait_37.png
[  75% ] _update_scan_actions | pointer_wait_38.png
[  75% ] _update_scan_actions | pointer_wait_39.png
[  75% ] _update_scan_actions | pointer_wait_40.png
[  75% ] _update_scan_actions | pointer_wait_41.png
[  75% ] _update_scan_actions | pointer_wait_42.png
[  75% ] _update_scan_actions | pointer_wait_43.png
[  75% ] _update_scan_actions | pointer_wait_44.png
[  76% ] _update_scan_actions | pointer_wait_45.png
[  76% ] _update_scan_actions | pointer_wait_46.png
[  76% ] _update_scan_actions | pointer_wait_47.png
[  76% ] _update_scan_actions | pointer_wait_48.png
[  76% ] _update_scan_actions | pointer_wait_49.png
[  76% ] _update_scan_actions | pointer_wait_50.png
[  76% ] _update_scan_actions | pointer_wait_51.png
[  76% ] _update_scan_actions | pointer_wait_52.png
[  76% ] _update_scan_actions | pointer_wait_53.png
[  76% ] _update_scan_actions | pointer_wait_54.png
[  76% ] _update_scan_actions | pointer_wait_55.png
[  76% ] _update_scan_actions | pointer_wait_56.png
[  76% ] _update_scan_actions | pointer_wait_57.png
[  76% ] _update_scan_actions | pointer_wait_58.png
[  76% ] _update_scan_actions | pointer_wait_59.png
[  76% ] _update_scan_actions | pointer_wait_60.png
[  76% ] _update_scan_actions | pointer_wait_61.png
[  76% ] _update_scan_actions | pointer_wait_62.png
[  76% ] _update_scan_actions | pointer_wait_63.png
[  76% ] _update_scan_actions | pointer_wait_64.png
[  76% ] _update_scan_actions | pointer_wait_65.png
[  76% ] _update_scan_actions | pointer_wait_66.png
[  76% ] _update_scan_actions | pointer_wait_67.png
[  76% ] _update_scan_actions | pointer_wait_68.png
[  76% ] _update_scan_actions | pointer_wait_69.png
[  76% ] _update_scan_actions | pointer_wait_70.png
[  76% ] _update_scan_actions | pointer_wait_71.png
[  76% ] _update_scan_actions | pointer_wait_72.png
[  76% ] _update_scan_actions | pointer_wait_73.png
[  76% ] _update_scan_actions | pointer_wait_74.png
[  76% ] _update_scan_actions | pointer_wait_75.png
[  76% ] _update_scan_actions | pointer_wait_76.png
[  76% ] _update_scan_actions | pointer_wait_77.png
[  76% ] _update_scan_actions | pointer_wait_78.png
[  76% ] _update_scan_actions | pointer_wait_79.png
[  76% ] _update_scan_actions | pointer_wait_80.png
[  76% ] _update_scan_actions | pointer_zoom_in.png
[  76% ] _update_scan_actions | pointer_zoom_in_large.png
[  76% ] _update_scan_actions | pointer_zoom_out.png
[  76% ] _update_scan_actions | pointer_zoom_out_large.png
[  76% ] _update_scan_actions | popup_background_mtrl_mult.9.png
[  76% ] _update_scan_actions | popup_bottom_bright.9.png
[  76% ] _update_scan_actions | popup_bottom_dark.9.png
[  76% ] _update_scan_actions | popup_bottom_medium.9.png
[  76% ] _update_scan_actions | popup_center_bright.9.png
[  76% ] _update_scan_actions | popup_center_dark.9.png
[  76% ] _update_scan_actions | popup_center_medium.9.png
[  76% ] _update_scan_actions | popup_full_bright.9.png
[  76% ] _update_scan_actions | popup_full_dark.9.png
[  76% ] _update_scan_actions | popup_inline_error_above_am.9.png
[  76% ] _update_scan_actions | popup_inline_error_above_holo_dark_am.9.png
[  76% ] _update_scan_actions | popup_inline_error_above_holo_light_am.9.png
[  76% ] _update_scan_actions | popup_inline_error_am.9.png
[  76% ] _update_scan_actions | popup_inline_error_holo_dark_am.9.png
[  76% ] _update_scan_actions | popup_inline_error_holo_light_am.9.png
[  76% ] _update_scan_actions | popup_top_bright.9.png
[  76% ] _update_scan_actions | popup_top_dark.9.png
[  76% ] _update_scan_actions | presence_audio_away.png
[  76% ] _update_scan_actions | presence_audio_busy.png
[  76% ] _update_scan_actions | presence_audio_online.png
[  76% ] _update_scan_actions | presence_away.png
[  76% ] _update_scan_actions | presence_busy.png
[  76% ] _update_scan_actions | presence_invisible.png
[  76% ] _update_scan_actions | presence_offline.png
[  76% ] _update_scan_actions | presence_online.png
[  76% ] _update_scan_actions | presence_video_away.png
[  76% ] _update_scan_actions | presence_video_busy.png
[  76% ] _update_scan_actions | presence_video_online.png
[  77% ] _update_scan_actions | pressed_application_background_static.png
[  77% ] _update_scan_actions | progressbar_indeterminate1.png
[  77% ] _update_scan_actions | progressbar_indeterminate2.png
[  77% ] _update_scan_actions | progressbar_indeterminate3.png
[  77% ] _update_scan_actions | progressbar_indeterminate_holo1.png
[  77% ] _update_scan_actions | progressbar_indeterminate_holo2.png
[  77% ] _update_scan_actions | progressbar_indeterminate_holo3.png
[  77% ] _update_scan_actions | progressbar_indeterminate_holo4.png
[  77% ] _update_scan_actions | progressbar_indeterminate_holo5.png
[  77% ] _update_scan_actions | progressbar_indeterminate_holo6.png
[  77% ] _update_scan_actions | progressbar_indeterminate_holo7.png
[  77% ] _update_scan_actions | progressbar_indeterminate_holo8.png
[  77% ] _update_scan_actions | progress_bg_holo_dark.9.png
[  77% ] _update_scan_actions | progress_bg_holo_light.9.png
[  77% ] _update_scan_actions | progress_primary_holo_dark.9.png
[  77% ] _update_scan_actions | progress_primary_holo_light.9.png
[  77% ] _update_scan_actions | progress_secondary_holo_dark.9.png
[  77% ] _update_scan_actions | progress_secondary_holo_light.9.png
[  77% ] _update_scan_actions | quickactions_arrowdown_left_holo_dark.9.png
[  77% ] _update_scan_actions | quickactions_arrowdown_left_holo_light.9.png
[  77% ] _update_scan_actions | quickactions_arrowdown_right_holo_dark.9.png
[  77% ] _update_scan_actions | quickactions_arrowdown_right_holo_light.9.png
[  77% ] _update_scan_actions | quickactions_arrowup_left_holo_dark.9.png
[  77% ] _update_scan_actions | quickactions_arrowup_left_holo_light.9.png
[  77% ] _update_scan_actions | quickactions_arrowup_left_right_holo_dark.9.png
[  77% ] _update_scan_actions | quickactions_arrowup_right_holo_light.9.png
[  77% ] _update_scan_actions | quickcontact_badge_overlay_focused_dark_am.9.png
[  77% ] _update_scan_actions | quickcontact_badge_overlay_focused_light_am.9.png
[  77% ] _update_scan_actions | quickcontact_badge_overlay_normal_dark_am.9.png
[  77% ] _update_scan_actions | quickcontact_badge_overlay_normal_light_am.9.png
[  77% ] _update_scan_actions | quickcontact_badge_overlay_pressed_dark_am.9.png
[  77% ] _update_scan_actions | quickcontact_badge_overlay_pressed_light_am.9.png
[  77% ] _update_scan_actions | radiobutton_off_background.png
[  77% ] _update_scan_actions | radiobutton_on_background.png
[  77% ] _update_scan_actions | rate_star_big_half.png
[  77% ] _update_scan_actions | rate_star_big_half_holo_dark.png
[  77% ] _update_scan_actions | rate_star_big_half_holo_light.png
[  77% ] _update_scan_actions | rate_star_big_off.png
[  77% ] _update_scan_actions | rate_star_big_off_holo_dark.png
[  77% ] _update_scan_actions | rate_star_big_off_holo_light.png
[  77% ] _update_scan_actions | rate_star_big_on.png
[  77% ] _update_scan_actions | rate_star_big_on_holo_dark.png
[  77% ] _update_scan_actions | rate_star_big_on_holo_light.png
[  77% ] _update_scan_actions | rate_star_med_half.png
[  77% ] _update_scan_actions | rate_star_med_half_holo_dark.png
[  77% ] _update_scan_actions | rate_star_med_half_holo_light.png
[  77% ] _update_scan_actions | rate_star_med_off.png
[  77% ] _update_scan_actions | rate_star_med_off_holo_dark.png
[  77% ] _update_scan_actions | rate_star_med_off_holo_light.png
[  77% ] _update_scan_actions | rate_star_med_on.png
[  77% ] _update_scan_actions | rate_star_med_on_holo_dark.png
[  77% ] _update_scan_actions | rate_star_med_on_holo_light.png
[  77% ] _update_scan_actions | rate_star_small_half.png
[  77% ] _update_scan_actions | rate_star_small_half_holo_dark.png
[  77% ] _update_scan_actions | rate_star_small_half_holo_light.png
[  77% ] _update_scan_actions | rate_star_small_off.png
[  77% ] _update_scan_actions | rate_star_small_off_holo_dark.png
[  77% ] _update_scan_actions | rate_star_small_off_holo_light.png
[  77% ] _update_scan_actions | rate_star_small_on.png
[  77% ] _update_scan_actions | rate_star_small_on_holo_dark.png
[  77% ] _update_scan_actions | rate_star_small_on_holo_light.png
[  77% ] _update_scan_actions | recent_dialog_background.9.png
[  77% ] _update_scan_actions | reticle.png
[  77% ] _update_scan_actions | scrollbar_handle_accelerated_anim2.9.png
[  77% ] _update_scan_actions | scrollbar_handle_holo_dark.9.png
[  77% ] _update_scan_actions | scrollbar_handle_holo_light.9.png
[  77% ] _update_scan_actions | scrollbar_handle_horizontal.9.png
[  77% ] _update_scan_actions | scrollbar_handle_vertical.9.png
[  77% ] _update_scan_actions | scrubber_control_disabled_holo.png
[  78% ] _update_scan_actions | scrubber_control_focused_holo.png
[  78% ] _update_scan_actions | scrubber_control_normal_holo.png
[  78% ] _update_scan_actions | scrubber_control_on_mtrl_alpha.png
[  78% ] _update_scan_actions | scrubber_control_on_pressed_mtrl_alpha.png
[  78% ] _update_scan_actions | scrubber_control_pressed_holo.png
[  78% ] _update_scan_actions | scrubber_primary_holo.9.png
[  78% ] _update_scan_actions | scrubber_primary_mtrl_alpha.9.png
[  78% ] _update_scan_actions | scrubber_secondary_holo.9.png
[  78% ] _update_scan_actions | scrubber_track_holo_dark.9.png
[  78% ] _update_scan_actions | scrubber_track_holo_light.9.png
[  78% ] _update_scan_actions | scrubber_track_mtrl_alpha.9.png
[  78% ] _update_scan_actions | search_dropdown_background.9.png
[  78% ] _update_scan_actions | search_plate.9.png
[  78% ] _update_scan_actions | search_plate_global.9.png
[  78% ] _update_scan_actions | seek_thumb_normal.png
[  78% ] _update_scan_actions | seek_thumb_pressed.png
[  78% ] _update_scan_actions | seek_thumb_selected.png
[  78% ] _update_scan_actions | settings_header_raw.9.png
[  78% ] _update_scan_actions | spinner_16_inner_holo.png
[  78% ] _update_scan_actions | spinner_16_outer_holo.png
[  78% ] _update_scan_actions | spinner_48_inner_holo.png
[  78% ] _update_scan_actions | spinner_48_outer_holo.png
[  78% ] _update_scan_actions | spinner_76_inner_holo.png
[  78% ] _update_scan_actions | spinner_76_outer_holo.png
[  78% ] _update_scan_actions | spinner_ab_default_holo_dark_am.9.png
[  78% ] _update_scan_actions | spinner_ab_default_holo_light_am.9.png
[  78% ] _update_scan_actions | spinner_ab_disabled_holo_dark_am.9.png
[  78% ] _update_scan_actions | spinner_ab_disabled_holo_light_am.9.png
[  78% ] _update_scan_actions | spinner_ab_focused_holo_dark_am.9.png
[  78% ] _update_scan_actions | spinner_ab_focused_holo_light_am.9.png
[  78% ] _update_scan_actions | spinner_ab_pressed_holo_dark_am.9.png
[  78% ] _update_scan_actions | spinner_ab_pressed_holo_light_am.9.png
[  78% ] _update_scan_actions | spinner_black_16.png
[  78% ] _update_scan_actions | spinner_black_20.png
[  78% ] _update_scan_actions | spinner_black_48.png
[  78% ] _update_scan_actions | spinner_black_76.png
[  78% ] _update_scan_actions | spinner_default_holo_dark_am.9.png
[  78% ] _update_scan_actions | spinner_default_holo_light_am.9.png
[  78% ] _update_scan_actions | spinner_disabled_holo_dark_am.9.png
[  78% ] _update_scan_actions | spinner_disabled_holo_light_am.9.png
[  78% ] _update_scan_actions | spinner_dropdown_background_down.9.png
[  78% ] _update_scan_actions | spinner_dropdown_background_up.9.png
[  78% ] _update_scan_actions | spinner_focused_holo_dark_am.9.png
[  78% ] _update_scan_actions | spinner_focused_holo_light_am.9.png
[  78% ] _update_scan_actions | spinner_normal.9.png
[  78% ] _update_scan_actions | spinner_press.9.png
[  78% ] _update_scan_actions | spinner_pressed_holo_dark_am.9.png
[  78% ] _update_scan_actions | spinner_pressed_holo_light_am.9.png
[  78% ] _update_scan_actions | spinner_select.9.png
[  78% ] _update_scan_actions | spinner_white_16.png
[  78% ] _update_scan_actions | spinner_white_48.png
[  78% ] _update_scan_actions | spinner_white_76.png
[  78% ] _update_scan_actions | star_big_off.png
[  78% ] _update_scan_actions | star_big_on.png
[  78% ] _update_scan_actions | star_off.png
[  78% ] _update_scan_actions | star_on.png
[  78% ] _update_scan_actions | statusbar_background.9.png
[  78% ] _update_scan_actions | status_bar_background.png
[  78% ] _update_scan_actions | status_bar_header_background.9.png
[  78% ] _update_scan_actions | status_bar_item_app_background_normal.9.png
[  78% ] _update_scan_actions | status_bar_item_background_focus.9.png
[  78% ] _update_scan_actions | status_bar_item_background_normal.9.png
[  78% ] _update_scan_actions | status_bar_item_background_pressed.9.png
[  78% ] _update_scan_actions | stat_ecb_mode.png
[  78% ] _update_scan_actions | stat_notify_car_mode.png
[  78% ] _update_scan_actions | stat_notify_chat.png
[  78% ] _update_scan_actions | stat_notify_disk_full.png
[  78% ] _update_scan_actions | stat_notify_email_generic.png
[  79% ] _update_scan_actions | stat_notify_error.png
[  79% ] _update_scan_actions | stat_notify_gmail.png
[  79% ] _update_scan_actions | stat_notify_missed_call.png
[  79% ] _update_scan_actions | stat_notify_mmcc_indication_icn.png
[  79% ] _update_scan_actions | stat_notify_more.png
[  79% ] _update_scan_actions | stat_notify_rssi_in_range.png
[  79% ] _update_scan_actions | stat_notify_sdcard.png
[  79% ] _update_scan_actions | stat_notify_sdcard_prepare.png
[  79% ] _update_scan_actions | stat_notify_sdcard_usb.png
[  79% ] _update_scan_actions | stat_notify_sim_toolkit.png
[  79% ] _update_scan_actions | stat_notify_sync.png
[  79% ] _update_scan_actions | stat_notify_sync_anim0.png
[  79% ] _update_scan_actions | stat_notify_sync_error.png
[  79% ] _update_scan_actions | stat_notify_voicemail.png
[  79% ] _update_scan_actions | stat_sys_battery_0.png
[  79% ] _update_scan_actions | stat_sys_battery_15.png
[  79% ] _update_scan_actions | stat_sys_battery_28.png
[  79% ] _update_scan_actions | stat_sys_battery_43.png
[  79% ] _update_scan_actions | stat_sys_battery_57.png
[  79% ] _update_scan_actions | stat_sys_battery_71.png
[  79% ] _update_scan_actions | stat_sys_battery_85.png
[  79% ] _update_scan_actions | stat_sys_battery_100.png
[  79% ] _update_scan_actions | stat_sys_battery_charge_anim0.png
[  79% ] _update_scan_actions | stat_sys_battery_charge_anim15.png
[  79% ] _update_scan_actions | stat_sys_battery_charge_anim28.png
[  79% ] _update_scan_actions | stat_sys_battery_charge_anim43.png
[  79% ] _update_scan_actions | stat_sys_battery_charge_anim57.png
[  79% ] _update_scan_actions | stat_sys_battery_charge_anim71.png
[  79% ] _update_scan_actions | stat_sys_battery_charge_anim85.png
[  79% ] _update_scan_actions | stat_sys_battery_charge_anim100.png
[  79% ] _update_scan_actions | stat_sys_battery_unknown.png
[  79% ] _update_scan_actions | stat_sys_certificate_info.png
[  79% ] _update_scan_actions | stat_sys_data_bluetooth.png
[  79% ] _update_scan_actions | stat_sys_data_usb.png
[  79% ] _update_scan_actions | stat_sys_data_wimax_signal_3_fully.png
[  79% ] _update_scan_actions | stat_sys_data_wimax_signal_disconnected.png
[  79% ] _update_scan_actions | stat_sys_download_anim0.png
[  79% ] _update_scan_actions | stat_sys_download_anim1.png
[  79% ] _update_scan_actions | stat_sys_download_anim2.png
[  79% ] _update_scan_actions | stat_sys_download_anim3.png
[  79% ] _update_scan_actions | stat_sys_download_anim4.png
[  79% ] _update_scan_actions | stat_sys_download_anim5.png
[  79% ] _update_scan_actions | stat_sys_gps_on.png
[  79% ] _update_scan_actions | stat_sys_headset.png
[  79% ] _update_scan_actions | stat_sys_phone_call.png
[  79% ] _update_scan_actions | stat_sys_phone_call_forward.png
[  79% ] _update_scan_actions | stat_sys_phone_call_on_hold.png
[  79% ] _update_scan_actions | stat_sys_ra_signal_0_cdma.png
[  79% ] _update_scan_actions | stat_sys_ra_signal_1_cdma.png
[  79% ] _update_scan_actions | stat_sys_ra_signal_2_cdma.png
[  79% ] _update_scan_actions | stat_sys_ra_signal_3_cdma.png
[  79% ] _update_scan_actions | stat_sys_ra_signal_4_cdma.png
[  79% ] _update_scan_actions | stat_sys_r_signal_0_cdma.png
[  79% ] _update_scan_actions | stat_sys_r_signal_1_cdma.png
[  79% ] _update_scan_actions | stat_sys_r_signal_2_cdma.png
[  79% ] _update_scan_actions | stat_sys_r_signal_3_cdma.png
[  79% ] _update_scan_actions | stat_sys_r_signal_4_cdma.png
[  79% ] _update_scan_actions | stat_sys_signal_0_cdma.png
[  79% ] _update_scan_actions | stat_sys_signal_1_cdma.png
[  79% ] _update_scan_actions | stat_sys_signal_2_cdma.png
[  79% ] _update_scan_actions | stat_sys_signal_3_cdma.png
[  79% ] _update_scan_actions | stat_sys_signal_4_cdma.png
[  79% ] _update_scan_actions | stat_sys_signal_evdo_0.png
[  79% ] _update_scan_actions | stat_sys_signal_evdo_1.png
[  79% ] _update_scan_actions | stat_sys_signal_evdo_2.png
[  79% ] _update_scan_actions | stat_sys_signal_evdo_3.png
[  79% ] _update_scan_actions | stat_sys_signal_evdo_4.png
[  79% ] _update_scan_actions | stat_sys_throttled.png
[  80% ] _update_scan_actions | stat_sys_upload_anim0.png
[  80% ] _update_scan_actions | stat_sys_upload_anim1.png
[  80% ] _update_scan_actions | stat_sys_upload_anim2.png
[  80% ] _update_scan_actions | stat_sys_upload_anim3.png
[  80% ] _update_scan_actions | stat_sys_upload_anim4.png
[  80% ] _update_scan_actions | stat_sys_upload_anim5.png
[  80% ] _update_scan_actions | stat_sys_vp_phone_call.png
[  80% ] _update_scan_actions | stat_sys_vp_phone_call_on_hold.png
[  80% ] _update_scan_actions | stat_sys_warning.png
[  80% ] _update_scan_actions | submenu_arrow_nofocus.png
[  80% ] _update_scan_actions | switch_bg_disabled_holo_dark.9.png
[  80% ] _update_scan_actions | switch_bg_disabled_holo_light.9.png
[  80% ] _update_scan_actions | switch_bg_focused_holo_dark.9.png
[  80% ] _update_scan_actions | switch_bg_focused_holo_light.9.png
[  80% ] _update_scan_actions | switch_bg_holo_dark.9.png
[  80% ] _update_scan_actions | switch_bg_holo_light.9.png
[  80% ] _update_scan_actions | switch_thumb_activated_holo_dark.9.png
[  80% ] _update_scan_actions | switch_thumb_activated_holo_light.9.png
[  80% ] _update_scan_actions | switch_thumb_disabled_holo_dark.9.png
[  80% ] _update_scan_actions | switch_thumb_disabled_holo_light.9.png
[  80% ] _update_scan_actions | switch_thumb_holo_dark.9.png
[  80% ] _update_scan_actions | switch_thumb_holo_light.9.png
[  80% ] _update_scan_actions | switch_thumb_pressed_holo_dark.9.png
[  80% ] _update_scan_actions | switch_thumb_pressed_holo_light.9.png
[  80% ] _update_scan_actions | sym_action_add.png
[  80% ] _update_scan_actions | sym_action_call.png
[  80% ] _update_scan_actions | sym_action_chat.png
[  80% ] _update_scan_actions | sym_action_email.png
[  80% ] _update_scan_actions | sym_call_incoming.png
[  80% ] _update_scan_actions | sym_call_missed.png
[  80% ] _update_scan_actions | sym_call_outgoing.png
[  80% ] _update_scan_actions | sym_contact_card.png
[  80% ] _update_scan_actions | sym_keyboard_delete.png
[  80% ] _update_scan_actions | sym_keyboard_delete_dim.png
[  80% ] _update_scan_actions | sym_keyboard_enter.png
[  80% ] _update_scan_actions | sym_keyboard_feedback_delete.png
[  80% ] _update_scan_actions | sym_keyboard_feedback_ok.png
[  80% ] _update_scan_actions | sym_keyboard_feedback_return.png
[  80% ] _update_scan_actions | sym_keyboard_feedback_shift.png
[  80% ] _update_scan_actions | sym_keyboard_feedback_shift_locked.png
[  80% ] _update_scan_actions | sym_keyboard_feedback_space.png
[  80% ] _update_scan_actions | sym_keyboard_num0_no_plus.png
[  80% ] _update_scan_actions | sym_keyboard_num1.png
[  80% ] _update_scan_actions | sym_keyboard_num2.png
[  80% ] _update_scan_actions | sym_keyboard_num3.png
[  80% ] _update_scan_actions | sym_keyboard_num4.png
[  80% ] _update_scan_actions | sym_keyboard_num5.png
[  80% ] _update_scan_actions | sym_keyboard_num6.png
[  80% ] _update_scan_actions | sym_keyboard_num7.png
[  80% ] _update_scan_actions | sym_keyboard_num8.png
[  80% ] _update_scan_actions | sym_keyboard_num9.png
[  80% ] _update_scan_actions | sym_keyboard_ok.png
[  80% ] _update_scan_actions | sym_keyboard_ok_dim.png
[  80% ] _update_scan_actions | sym_keyboard_return.png
[  80% ] _update_scan_actions | sym_keyboard_shift.png
[  80% ] _update_scan_actions | sym_keyboard_shift_locked.png
[  80% ] _update_scan_actions | sym_keyboard_space.png
[  80% ] _update_scan_actions | tab_bottom_holo.9.png
[  80% ] _update_scan_actions | tab_focus.9.png
[  80% ] _update_scan_actions | tab_focus_bar_left.9.png
[  80% ] _update_scan_actions | tab_focus_bar_right.9.png
[  80% ] _update_scan_actions | tab_indicator_mtrl_alpha.9.png
[  80% ] _update_scan_actions | tab_press.9.png
[  80% ] _update_scan_actions | tab_pressed_holo.9.png
[  80% ] _update_scan_actions | tab_press_bar_left.9.png
[  80% ] _update_scan_actions | tab_press_bar_right.9.png
[  80% ] _update_scan_actions | tab_selected.9.png
[  80% ] _update_scan_actions | tab_selected_bar_left.9.png
[  80% ] _update_scan_actions | tab_selected_bar_left_v4.9.png
[  81% ] _update_scan_actions | tab_selected_bar_right.9.png
[  81% ] _update_scan_actions | tab_selected_bar_right_v4.9.png
[  81% ] _update_scan_actions | tab_selected_focused_holo.9.png
[  81% ] _update_scan_actions | tab_selected_holo.9.png
[  81% ] _update_scan_actions | tab_selected_pressed_holo.9.png
[  81% ] _update_scan_actions | tab_selected_v4.9.png
[  81% ] _update_scan_actions | tab_unselected.9.png
[  81% ] _update_scan_actions | tab_unselected_focused_holo.9.png
[  81% ] _update_scan_actions | tab_unselected_holo.9.png
[  81% ] _update_scan_actions | tab_unselected_pressed_holo.9.png
[  81% ] _update_scan_actions | tab_unselected_v4.9.png
[  81% ] _update_scan_actions | textfield_activated_holo_dark.9.png
[  81% ] _update_scan_actions | textfield_activated_holo_light.9.png
[  81% ] _update_scan_actions | textfield_activated_mtrl_alpha.9.png
[  81% ] _update_scan_actions | textfield_default.9.png
[  81% ] _update_scan_actions | textfield_default_holo_dark.9.png
[  81% ] _update_scan_actions | textfield_default_holo_light.9.png
[  81% ] _update_scan_actions | textfield_default_mtrl_alpha.9.png
[  81% ] _update_scan_actions | textfield_disabled.9.png
[  81% ] _update_scan_actions | textfield_disabled_focused_holo_dark.9.png
[  81% ] _update_scan_actions | textfield_disabled_focused_holo_light.9.png
[  81% ] _update_scan_actions | textfield_disabled_holo_dark.9.png
[  81% ] _update_scan_actions | textfield_disabled_holo_light.9.png
[  81% ] _update_scan_actions | textfield_disabled_selected.9.png
[  81% ] _update_scan_actions | textfield_focused_holo_dark.9.png
[  81% ] _update_scan_actions | textfield_focused_holo_light.9.png
[  81% ] _update_scan_actions | textfield_multiline_activated_holo_dark.9.png
[  81% ] _update_scan_actions | textfield_multiline_activated_holo_light.9.png
[  81% ] _update_scan_actions | textfield_multiline_default_holo_dark.9.png
[  81% ] _update_scan_actions | textfield_multiline_default_holo_light.9.png
[  81% ] _update_scan_actions | textfield_multiline_disabled_focused_holo_dark.9.png
[  81% ] _update_scan_actions | textfield_multiline_disabled_focused_holo_light.9.png
[  81% ] _update_scan_actions | textfield_multiline_disabled_holo_dark.9.png
[  81% ] _update_scan_actions | textfield_multiline_disabled_holo_light.9.png
[  81% ] _update_scan_actions | textfield_multiline_focused_holo_dark.9.png
[  81% ] _update_scan_actions | textfield_multiline_focused_holo_light.9.png
[  81% ] _update_scan_actions | textfield_search_activated_mtrl_alpha.9.png
[  81% ] _update_scan_actions | textfield_search_default.9.png
[  81% ] _update_scan_actions | textfield_search_default_holo_dark.9.png
[  81% ] _update_scan_actions | textfield_search_default_holo_light.9.png
[  81% ] _update_scan_actions | textfield_search_default_mtrl_alpha.9.png
[  81% ] _update_scan_actions | textfield_search_empty_default.9.png
[  81% ] _update_scan_actions | textfield_search_empty_pressed.9.png
[  81% ] _update_scan_actions | textfield_search_empty_selected.9.png
[  81% ] _update_scan_actions | textfield_search_pressed.9.png
[  81% ] _update_scan_actions | textfield_search_right_default_holo_dark.9.png
[  81% ] _update_scan_actions | textfield_search_right_default_holo_light.9.png
[  81% ] _update_scan_actions | textfield_search_right_selected_holo_dark.9.png
[  81% ] _update_scan_actions | textfield_search_right_selected_holo_light.9.png
[  81% ] _update_scan_actions | textfield_search_selected.9.png
[  81% ] _update_scan_actions | textfield_search_selected_holo_dark.9.png
[  81% ] _update_scan_actions | textfield_search_selected_holo_light.9.png
[  81% ] _update_scan_actions | textfield_selected.9.png
[  81% ] _update_scan_actions | text_edit_paste_window.9.png
[  81% ] _update_scan_actions | text_edit_side_paste_window.9.png
[  81% ] _update_scan_actions | text_edit_suggestions_window.9.png
[  81% ] _update_scan_actions | text_select_handle_left_mtrl_alpha.png
[  81% ] _update_scan_actions | text_select_handle_middle_mtrl_alpha.png
[  81% ] _update_scan_actions | text_select_handle_right_mtrl_alpha.png
[  81% ] _update_scan_actions | title_bar_medium.9.png
[  81% ] _update_scan_actions | title_bar_portrait.9.png
[  81% ] _update_scan_actions | title_bar_tall.9.png
[  81% ] _update_scan_actions | transportcontrol_bg.9.png
[  81% ] _update_scan_actions | unknown_image.png
[  81% ] _update_scan_actions | vpn_connected.png
[  81% ] _update_scan_actions | vpn_disconnected.png
[  81% ] _update_scan_actions | watch_switch_thumb_mtrl_14w.png
[  81% ] _update_scan_actions | watch_switch_thumb_mtrl_15w.png
[  82% ] _update_scan_actions | watch_switch_thumb_mtrl_16w.png
[  82% ] _update_scan_actions | watch_switch_thumb_mtrl_17w.png
[  82% ] _update_scan_actions | watch_switch_thumb_mtrl_18w.png
[  82% ] _update_scan_actions | watch_switch_track_mtrl.png
[  82% ] _update_scan_actions | zoom_plate.9.png
[  82% ] _update_scan_actions | ab_bottom_solid_dark_holo.9.png
[  82% ] _update_scan_actions | ab_bottom_solid_inverse_holo.9.png
[  82% ] _update_scan_actions | ab_bottom_solid_light_holo.9.png
[  82% ] _update_scan_actions | ab_bottom_transparent_dark_holo.9.png
[  82% ] _update_scan_actions | ab_bottom_transparent_light_holo.9.png
[  82% ] _update_scan_actions | ab_share_pack_holo_dark.9.png
[  82% ] _update_scan_actions | ab_share_pack_holo_light.9.png
[  82% ] _update_scan_actions | ab_share_pack_mtrl_alpha.9.png
[  82% ] _update_scan_actions | ab_solid_dark_holo.9.png
[  82% ] _update_scan_actions | ab_solid_light_holo.9.png
[  82% ] _update_scan_actions | ab_solid_shadow_holo.9.png
[  82% ] _update_scan_actions | ab_solid_shadow_mtrl_alpha.9.png
[  82% ] _update_scan_actions | ab_stacked_solid_dark_holo.9.png
[  82% ] _update_scan_actions | ab_stacked_solid_inverse_holo.9.png
[  82% ] _update_scan_actions | ab_stacked_solid_light_holo.9.png
[  82% ] _update_scan_actions | ab_stacked_transparent_dark_holo.9.png
[  82% ] _update_scan_actions | ab_stacked_transparent_light_holo.9.png
[  82% ] _update_scan_actions | ab_transparent_dark_holo.9.png
[  82% ] _update_scan_actions | ab_transparent_light_holo.9.png
[  82% ] _update_scan_actions | btn_cab_done_default_holo_dark.9.png
[  82% ] _update_scan_actions | btn_cab_done_default_holo_light.9.png
[  82% ] _update_scan_actions | btn_cab_done_focused_holo_dark.9.png
[  82% ] _update_scan_actions | btn_cab_done_focused_holo_light.9.png
[  82% ] _update_scan_actions | btn_cab_done_pressed_holo_dark.9.png
[  82% ] _update_scan_actions | btn_cab_done_pressed_holo_light.9.png
[  82% ] _update_scan_actions | btn_check_off_disabled_focused_holo_dark.png
[  82% ] _update_scan_actions | btn_check_off_disabled_focused_holo_light.png
[  82% ] _update_scan_actions | btn_check_off_disabled_holo_dark.png
[  82% ] _update_scan_actions | btn_check_off_disabled_holo_light.png
[  82% ] _update_scan_actions | btn_check_off_focused_holo_dark.png
[  82% ] _update_scan_actions | btn_check_off_focused_holo_light.png
[  82% ] _update_scan_actions | btn_check_off_holo.png
[  82% ] _update_scan_actions | btn_check_off_holo_dark.png
[  82% ] _update_scan_actions | btn_check_off_holo_light.png
[  82% ] _update_scan_actions | btn_check_off_pressed_holo_dark.png
[  82% ] _update_scan_actions | btn_check_off_pressed_holo_light.png
[  82% ] _update_scan_actions | btn_check_on_disabled_focused_holo_dark.png
[  82% ] _update_scan_actions | btn_check_on_disabled_focused_holo_light.png
[  82% ] _update_scan_actions | btn_check_on_disabled_holo_dark.png
[  82% ] _update_scan_actions | btn_check_on_disabled_holo_light.png
[  82% ] _update_scan_actions | btn_check_on_focused_holo_dark.png
[  82% ] _update_scan_actions | btn_check_on_focused_holo_light.png
[  82% ] _update_scan_actions | btn_check_on_holo.png
[  82% ] _update_scan_actions | btn_check_on_holo_dark.png
[  82% ] _update_scan_actions | btn_check_on_holo_light.png
[  82% ] _update_scan_actions | btn_check_on_pressed_holo_dark.png
[  82% ] _update_scan_actions | btn_check_on_pressed_holo_light.png
[  82% ] _update_scan_actions | btn_default_disabled_focused_holo_dark.9.png
[  82% ] _update_scan_actions | btn_default_disabled_focused_holo_light.9.png
[  82% ] _update_scan_actions | btn_default_disabled_holo.9.png
[  82% ] _update_scan_actions | btn_default_disabled_holo_dark.9.png
[  82% ] _update_scan_actions | btn_default_disabled_holo_light.9.png
[  82% ] _update_scan_actions | btn_default_focused_holo.9.png
[  82% ] _update_scan_actions | btn_default_focused_holo_dark.9.png
[  82% ] _update_scan_actions | btn_default_focused_holo_light.9.png
[  82% ] _update_scan_actions | btn_default_normal_holo.9.png
[  82% ] _update_scan_actions | btn_default_normal_holo_dark.9.png
[  82% ] _update_scan_actions | btn_default_normal_holo_light.9.png
[  82% ] _update_scan_actions | btn_default_pressed_holo.9.png
[  82% ] _update_scan_actions | btn_default_pressed_holo_dark.9.png
[  82% ] _update_scan_actions | btn_default_pressed_holo_light.9.png
[  82% ] _update_scan_actions | btn_group_disabled_holo_dark.9.png
[  82% ] _update_scan_actions | btn_group_disabled_holo_light.9.png
[  82% ] _update_scan_actions | btn_group_focused_holo_dark.9.png
[  83% ] _update_scan_actions | btn_group_focused_holo_light.9.png
[  83% ] _update_scan_actions | btn_group_normal_holo_dark.9.png
[  83% ] _update_scan_actions | btn_group_normal_holo_light.9.png
[  83% ] _update_scan_actions | btn_group_pressed_holo_dark.9.png
[  83% ] _update_scan_actions | btn_group_pressed_holo_light.9.png
[  83% ] _update_scan_actions | btn_radio_off_disabled_focused_holo_dark.png
[  83% ] _update_scan_actions | btn_radio_off_disabled_focused_holo_light.png
[  83% ] _update_scan_actions | btn_radio_off_disabled_holo_dark.png
[  83% ] _update_scan_actions | btn_radio_off_disabled_holo_light.png
[  83% ] _update_scan_actions | btn_radio_off_focused_holo_dark.png
[  83% ] _update_scan_actions | btn_radio_off_focused_holo_light.png
[  83% ] _update_scan_actions | btn_radio_off_holo.png
[  83% ] _update_scan_actions | btn_radio_off_holo_dark.png
[  83% ] _update_scan_actions | btn_radio_off_holo_light.png
[  83% ] _update_scan_actions | btn_radio_off_pressed_holo_dark.png
[  83% ] _update_scan_actions | btn_radio_off_pressed_holo_light.png
[  83% ] _update_scan_actions | btn_radio_on_disabled_focused_holo_dark.png
[  83% ] _update_scan_actions | btn_radio_on_disabled_focused_holo_light.png
[  83% ] _update_scan_actions | btn_radio_on_disabled_holo_dark.png
[  83% ] _update_scan_actions | btn_radio_on_disabled_holo_light.png
[  83% ] _update_scan_actions | btn_radio_on_focused_holo_dark.png
[  83% ] _update_scan_actions | btn_radio_on_focused_holo_light.png
[  83% ] _update_scan_actions | btn_radio_on_holo.png
[  83% ] _update_scan_actions | btn_radio_on_holo_dark.png
[  83% ] _update_scan_actions | btn_radio_on_holo_light.png
[  83% ] _update_scan_actions | btn_radio_on_pressed_holo_dark.png
[  83% ] _update_scan_actions | btn_radio_on_pressed_holo_light.png
[  83% ] _update_scan_actions | btn_rating_star_off_disabled_focused_holo_dark.png
[  83% ] _update_scan_actions | btn_rating_star_off_disabled_focused_holo_light.png
[  83% ] _update_scan_actions | btn_rating_star_off_disabled_holo_dark.png
[  83% ] _update_scan_actions | btn_rating_star_off_disabled_holo_light.png
[  83% ] _update_scan_actions | btn_rating_star_off_focused_holo_dark.png
[  83% ] _update_scan_actions | btn_rating_star_off_focused_holo_light.png
[  83% ] _update_scan_actions | btn_rating_star_off_mtrl_alpha.png
[  83% ] _update_scan_actions | btn_rating_star_off_normal_holo_dark.png
[  83% ] _update_scan_actions | btn_rating_star_off_normal_holo_light.png
[  83% ] _update_scan_actions | btn_rating_star_off_pressed_holo_dark.png
[  83% ] _update_scan_actions | btn_rating_star_off_pressed_holo_light.png
[  83% ] _update_scan_actions | btn_rating_star_on_disabled_focused_holo_dark.png
[  83% ] _update_scan_actions | btn_rating_star_on_disabled_focused_holo_light.png
[  83% ] _update_scan_actions | btn_rating_star_on_disabled_holo_dark.png
[  83% ] _update_scan_actions | btn_rating_star_on_disabled_holo_light.png
[  83% ] _update_scan_actions | btn_rating_star_on_focused_holo_dark.png
[  83% ] _update_scan_actions | btn_rating_star_on_focused_holo_light.png
[  83% ] _update_scan_actions | btn_rating_star_on_mtrl_alpha.png
[  83% ] _update_scan_actions | btn_rating_star_on_normal_holo_dark.png
[  83% ] _update_scan_actions | btn_rating_star_on_normal_holo_light.png
[  83% ] _update_scan_actions | btn_rating_star_on_pressed_holo_dark.png
[  83% ] _update_scan_actions | btn_rating_star_on_pressed_holo_light.png
[  83% ] _update_scan_actions | btn_star_mtrl_alpha.png
[  83% ] _update_scan_actions | btn_star_off_disabled_focused_holo_dark.png
[  83% ] _update_scan_actions | btn_star_off_disabled_focused_holo_light.png
[  83% ] _update_scan_actions | btn_star_off_disabled_holo_dark.png
[  83% ] _update_scan_actions | btn_star_off_disabled_holo_light.png
[  83% ] _update_scan_actions | btn_star_off_focused_holo_dark.png
[  83% ] _update_scan_actions | btn_star_off_focused_holo_light.png
[  83% ] _update_scan_actions | btn_star_off_normal_holo_dark.png
[  83% ] _update_scan_actions | btn_star_off_normal_holo_light.png
[  83% ] _update_scan_actions | btn_star_off_pressed_holo_dark.png
[  83% ] _update_scan_actions | btn_star_off_pressed_holo_light.png
[  83% ] _update_scan_actions | btn_star_on_disabled_focused_holo_dark.png
[  83% ] _update_scan_actions | btn_star_on_disabled_focused_holo_light.png
[  83% ] _update_scan_actions | btn_star_on_disabled_holo_dark.png
[  83% ] _update_scan_actions | btn_star_on_disabled_holo_light.png
[  83% ] _update_scan_actions | btn_star_on_focused_holo_dark.png
[  83% ] _update_scan_actions | btn_star_on_focused_holo_light.png
[  83% ] _update_scan_actions | btn_star_on_normal_holo_dark.png
[  83% ] _update_scan_actions | btn_star_on_normal_holo_light.png
[  84% ] _update_scan_actions | btn_star_on_pressed_holo_dark.png
[  84% ] _update_scan_actions | btn_star_on_pressed_holo_light.png
[  84% ] _update_scan_actions | btn_switch_to_off_mtrl_00001.9.png
[  84% ] _update_scan_actions | btn_switch_to_off_mtrl_00002.9.png
[  84% ] _update_scan_actions | btn_switch_to_off_mtrl_00003.9.png
[  84% ] _update_scan_actions | btn_switch_to_off_mtrl_00004.9.png
[  84% ] _update_scan_actions | btn_switch_to_off_mtrl_00005.9.png
[  84% ] _update_scan_actions | btn_switch_to_off_mtrl_00006.9.png
[  84% ] _update_scan_actions | btn_switch_to_off_mtrl_00007.9.png
[  84% ] _update_scan_actions | btn_switch_to_off_mtrl_00008.9.png
[  84% ] _update_scan_actions | btn_switch_to_off_mtrl_00009.9.png
[  84% ] _update_scan_actions | btn_switch_to_off_mtrl_00010.9.png
[  84% ] _update_scan_actions | btn_switch_to_off_mtrl_00011.9.png
[  84% ] _update_scan_actions | btn_switch_to_off_mtrl_00012.9.png
[  84% ] _update_scan_actions | btn_switch_to_on_mtrl_00001.9.png
[  84% ] _update_scan_actions | btn_switch_to_on_mtrl_00002.9.png
[  84% ] _update_scan_actions | btn_switch_to_on_mtrl_00003.9.png
[  84% ] _update_scan_actions | btn_switch_to_on_mtrl_00004.9.png
[  84% ] _update_scan_actions | btn_switch_to_on_mtrl_00005.9.png
[  84% ] _update_scan_actions | btn_switch_to_on_mtrl_00006.9.png
[  84% ] _update_scan_actions | btn_switch_to_on_mtrl_00007.9.png
[  84% ] _update_scan_actions | btn_switch_to_on_mtrl_00008.9.png
[  84% ] _update_scan_actions | btn_switch_to_on_mtrl_00009.9.png
[  84% ] _update_scan_actions | btn_switch_to_on_mtrl_00010.9.png
[  84% ] _update_scan_actions | btn_switch_to_on_mtrl_00011.9.png
[  84% ] _update_scan_actions | btn_switch_to_on_mtrl_00012.9.png
[  84% ] _update_scan_actions | btn_toggle_off_disabled_focused_holo_dark.9.png
[  84% ] _update_scan_actions | btn_toggle_off_disabled_focused_holo_light.9.png
[  84% ] _update_scan_actions | btn_toggle_off_disabled_holo_dark.9.png
[  84% ] _update_scan_actions | btn_toggle_off_disabled_holo_light.9.png
[  84% ] _update_scan_actions | btn_toggle_off_focused_holo_dark.9.png
[  84% ] _update_scan_actions | btn_toggle_off_focused_holo_light.9.png
[  84% ] _update_scan_actions | btn_toggle_off_normal_holo_dark.9.png
[  84% ] _update_scan_actions | btn_toggle_off_normal_holo_light.9.png
[  84% ] _update_scan_actions | btn_toggle_off_pressed_holo_dark.9.png
[  84% ] _update_scan_actions | btn_toggle_off_pressed_holo_light.9.png
[  84% ] _update_scan_actions | btn_toggle_on_disabled_focused_holo_dark.9.png
[  84% ] _update_scan_actions | btn_toggle_on_disabled_focused_holo_light.9.png
[  84% ] _update_scan_actions | btn_toggle_on_disabled_holo_dark.9.png
[  84% ] _update_scan_actions | btn_toggle_on_disabled_holo_light.9.png
[  84% ] _update_scan_actions | btn_toggle_on_focused_holo_dark.9.png
[  84% ] _update_scan_actions | btn_toggle_on_focused_holo_light.9.png
[  84% ] _update_scan_actions | btn_toggle_on_normal_holo_dark.9.png
[  84% ] _update_scan_actions | btn_toggle_on_normal_holo_light.9.png
[  84% ] _update_scan_actions | btn_toggle_on_pressed_holo_dark.9.png
[  84% ] _update_scan_actions | btn_toggle_on_pressed_holo_light.9.png
[  84% ] _update_scan_actions | cab_background_bottom_holo_dark.9.png
[  84% ] _update_scan_actions | cab_background_bottom_holo_light.9.png
[  84% ] _update_scan_actions | cab_background_bottom_mtrl_alpha.9.png
[  84% ] _update_scan_actions | cab_background_top_holo_dark.9.png
[  84% ] _update_scan_actions | cab_background_top_holo_light.9.png
[  84% ] _update_scan_actions | cab_background_top_mtrl_alpha.9.png
[  84% ] _update_scan_actions | cling_arrow_up.png
[  84% ] _update_scan_actions | cling_bg.9.png
[  84% ] _update_scan_actions | cling_button_normal.9.png
[  84% ] _update_scan_actions | cling_button_pressed.9.png
[  84% ] _update_scan_actions | combobox_disabled.png
[  84% ] _update_scan_actions | combobox_nohighlight.png
[  84% ] _update_scan_actions | create_contact.png
[  84% ] _update_scan_actions | day_picker_week_view_dayline_holo.9.png
[  84% ] _update_scan_actions | dialog_bottom_holo_dark.9.png
[  84% ] _update_scan_actions | dialog_bottom_holo_light.9.png
[  84% ] _update_scan_actions | dialog_full_holo_dark.9.png
[  84% ] _update_scan_actions | dialog_full_holo_light.9.png
[  84% ] _update_scan_actions | dialog_ic_close_focused_holo_dark.png
[  84% ] _update_scan_actions | dialog_ic_close_focused_holo_light.png
[  84% ] _update_scan_actions | dialog_ic_close_normal_holo_dark.png
[  84% ] _update_scan_actions | dialog_ic_close_normal_holo_light.png
[  85% ] _update_scan_actions | dialog_ic_close_pressed_holo_dark.png
[  85% ] _update_scan_actions | dialog_ic_close_pressed_holo_light.png
[  85% ] _update_scan_actions | dialog_middle_holo_dark.9.png
[  85% ] _update_scan_actions | dialog_middle_holo_light.9.png
[  85% ] _update_scan_actions | dialog_top_holo_dark.9.png
[  85% ] _update_scan_actions | dialog_top_holo_light.9.png
[  85% ] _update_scan_actions | emo_im_angel.png
[  85% ] _update_scan_actions | emo_im_cool.png
[  85% ] _update_scan_actions | emo_im_crying.png
[  85% ] _update_scan_actions | emo_im_embarrassed.png
[  85% ] _update_scan_actions | emo_im_foot_in_mouth.png
[  85% ] _update_scan_actions | emo_im_happy.png
[  85% ] _update_scan_actions | emo_im_kissing.png
[  85% ] _update_scan_actions | emo_im_laughing.png
[  85% ] _update_scan_actions | emo_im_lips_are_sealed.png
[  85% ] _update_scan_actions | emo_im_money_mouth.png
[  85% ] _update_scan_actions | emo_im_sad.png
[  85% ] _update_scan_actions | emo_im_surprised.png
[  85% ] _update_scan_actions | emo_im_tongue_sticking_out.png
[  85% ] _update_scan_actions | emo_im_undecided.png
[  85% ] _update_scan_actions | emo_im_winking.png
[  85% ] _update_scan_actions | emo_im_wtf.png
[  85% ] _update_scan_actions | emo_im_yelling.png
[  85% ] _update_scan_actions | expander_close_holo_dark.9.png
[  85% ] _update_scan_actions | expander_close_holo_light.9.png
[  85% ] _update_scan_actions | expander_close_mtrl_alpha.9.png
[  85% ] _update_scan_actions | expander_open_holo_dark.9.png
[  85% ] _update_scan_actions | expander_open_holo_light.9.png
[  85% ] _update_scan_actions | expander_open_mtrl_alpha.9.png
[  85% ] _update_scan_actions | fastscroll_label_left_holo_dark.9.png
[  85% ] _update_scan_actions | fastscroll_label_left_holo_light.9.png
[  85% ] _update_scan_actions | fastscroll_label_right_holo_dark.9.png
[  85% ] _update_scan_actions | fastscroll_label_right_holo_light.9.png
[  85% ] _update_scan_actions | fastscroll_thumb_default_holo.png
[  85% ] _update_scan_actions | fastscroll_thumb_pressed_holo.png
[  85% ] _update_scan_actions | fastscroll_track_default_holo_dark.9.png
[  85% ] _update_scan_actions | fastscroll_track_default_holo_light.9.png
[  85% ] _update_scan_actions | fastscroll_track_pressed_holo_dark.9.png
[  85% ] _update_scan_actions | fastscroll_track_pressed_holo_light.9.png
[  85% ] _update_scan_actions | ic_ab_back_holo_dark_am.png
[  85% ] _update_scan_actions | ic_ab_back_holo_light_am.png
[  85% ] _update_scan_actions | ic_audio_notification_am_alpha.png
[  85% ] _update_scan_actions | ic_audio_notification_mute_am_alpha.png
[  85% ] _update_scan_actions | ic_btn_search_go.png
[  85% ] _update_scan_actions | ic_btn_speak_now.png
[  85% ] _update_scan_actions | ic_bullet_key_permission.png
[  85% ] _update_scan_actions | ic_cab_done_holo.png
[  85% ] _update_scan_actions | ic_cab_done_holo_dark.png
[  85% ] _update_scan_actions | ic_cab_done_holo_light.png
[  85% ] _update_scan_actions | ic_cab_done_mtrl_alpha.png
[  85% ] _update_scan_actions | ic_commit_search_api_holo_dark.png
[  85% ] _update_scan_actions | ic_commit_search_api_holo_light.png
[  85% ] _update_scan_actions | ic_commit_search_api_mtrl_alpha.png
[  85% ] _update_scan_actions | ic_contact_picture.png
[  85% ] _update_scan_actions | ic_contact_picture_180_holo_dark.png
[  85% ] _update_scan_actions | ic_contact_picture_180_holo_light.png
[  85% ] _update_scan_actions | ic_contact_picture_holo_dark.png
[  85% ] _update_scan_actions | ic_contact_picture_holo_light.png
[  85% ] _update_scan_actions | ic_dialog_alert_holo_dark.png
[  85% ] _update_scan_actions | ic_dialog_alert_holo_light.png
[  85% ] _update_scan_actions | ic_emergency.png
[  85% ] _update_scan_actions | ic_find_next_mtrl_alpha.png
[  85% ] _update_scan_actions | ic_find_previous_mtrl_alpha.png
[  85% ] _update_scan_actions | ic_input_delete.png
[  85% ] _update_scan_actions | ic_launcher_android.png
[  85% ] _update_scan_actions | ic_lockscreens_now_button.png
[  85% ] _update_scan_actions | ic_lockscreen_alarm.png
[  85% ] _update_scan_actions | ic_lockscreen_answer_active.png
[  85% ] _update_scan_actions | ic_lockscreen_answer_focused.png
[  86% ] _update_scan_actions | ic_lockscreen_answer_normal.png
[  86% ] _update_scan_actions | ic_lockscreen_camera_activated.png
[  86% ] _update_scan_actions | ic_lockscreen_camera_normal.png
[  86% ] _update_scan_actions | ic_lockscreen_chevron_down.png
[  86% ] _update_scan_actions | ic_lockscreen_chevron_left.png
[  86% ] _update_scan_actions | ic_lockscreen_chevron_right.png
[  86% ] _update_scan_actions | ic_lockscreen_chevron_up.png
[  86% ] _update_scan_actions | ic_lockscreen_decline_activated.png
[  86% ] _update_scan_actions | ic_lockscreen_decline_focused.png
[  86% ] _update_scan_actions | ic_lockscreen_decline_normal.png
[  86% ] _update_scan_actions | ic_lockscreen_emergencycall_normal.png
[  86% ] _update_scan_actions | ic_lockscreen_emergencycall_pressed.png
[  86% ] _update_scan_actions | ic_lockscreen_forgotpassword_normal.png
[  86% ] _update_scan_actions | ic_lockscreen_forgotpassword_pressed.png
[  86% ] _update_scan_actions | ic_lockscreen_google_activated.png
[  86% ] _update_scan_actions | ic_lockscreen_google_focused.png
[  86% ] _update_scan_actions | ic_lockscreen_google_normal.png
[  86% ] _update_scan_actions | ic_lockscreen_handle_normal.png
[  86% ] _update_scan_actions | ic_lockscreen_handle_pressed.png
[  86% ] _update_scan_actions | ic_lockscreen_player_background.9.png
[  86% ] _update_scan_actions | ic_lockscreen_puk.png
[  86% ] _update_scan_actions | ic_lockscreen_silent_activated.png
[  86% ] _update_scan_actions | ic_lockscreen_silent_focused.png
[  86% ] _update_scan_actions | ic_lockscreen_silent_normal.png
[  86% ] _update_scan_actions | ic_lockscreen_sim.png
[  86% ] _update_scan_actions | ic_lockscreen_soundon_activated.png
[  86% ] _update_scan_actions | ic_lockscreen_soundon_focused.png
[  86% ] _update_scan_actions | ic_lockscreen_soundon_normal.png
[  86% ] _update_scan_actions | ic_lockscreen_text_activated.png
[  86% ] _update_scan_actions | ic_lockscreen_text_focusde.png
[  86% ] _update_scan_actions | ic_lockscreen_text_normal.png
[  86% ] _update_scan_actions | ic_lockscreen_unlock_activated.png
[  86% ] _update_scan_actions | ic_lockscreen_unlock_normal.png
[  86% ] _update_scan_actions | ic_lock_airplane_mode_alpha.png
[  86% ] _update_scan_actions | ic_lock_airplane_mode_off_am_alpha.png
[  86% ] _update_scan_actions | ic_lock_idle_alarm_alpha.png
[  86% ] _update_scan_actions | ic_lock_lock_alpha.png
[  86% ] _update_scan_actions | ic_lock_open_wht_24dp.png
[  86% ] _update_scan_actions | ic_lock_outline_wht_24dp.png
[  86% ] _update_scan_actions | ic_lock_power_off_alpha.png
[  86% ] _update_scan_actions | ic_lock_silent_mode_off.png
[  86% ] _update_scan_actions | ic_media_embed_play.png
[  86% ] _update_scan_actions | ic_media_ff.png
[  86% ] _update_scan_actions | ic_media_fullscreen.png
[  86% ] _update_scan_actions | ic_media_next.png
[  86% ] _update_scan_actions | ic_media_pause.png
[  86% ] _update_scan_actions | ic_media_play.png
[  86% ] _update_scan_actions | ic_media_previous.png
[  86% ] _update_scan_actions | ic_media_rew.png
[  86% ] _update_scan_actions | ic_media_route_connected_dark_00_mtrl.png
[  86% ] _update_scan_actions | ic_media_route_connected_dark_01_mtrl.png
[  86% ] _update_scan_actions | ic_media_route_connected_dark_02_mtrl.png
[  86% ] _update_scan_actions | ic_media_route_connected_dark_03_mtrl.png
[  86% ] _update_scan_actions | ic_media_route_connected_dark_04_mtrl.png
[  86% ] _update_scan_actions | ic_media_route_connected_dark_05_mtrl.png
[  86% ] _update_scan_actions | ic_media_route_connected_dark_06_mtrl.png
[  86% ] _update_scan_actions | ic_media_route_connected_dark_07_mtrl.png
[  86% ] _update_scan_actions | ic_media_route_connected_dark_08_mtrl.png
[  86% ] _update_scan_actions | ic_media_route_connected_dark_09_mtrl.png
[  86% ] _update_scan_actions | ic_media_route_connected_dark_10_mtrl.png
[  86% ] _update_scan_actions | ic_media_route_connected_dark_11_mtrl.png
[  86% ] _update_scan_actions | ic_media_route_connected_dark_12_mtrl.png
[  86% ] _update_scan_actions | ic_media_route_connected_dark_13_mtrl.png
[  86% ] _update_scan_actions | ic_media_route_connected_dark_14_mtrl.png
[  86% ] _update_scan_actions | ic_media_route_connected_dark_15_mtrl.png
[  86% ] _update_scan_actions | ic_media_route_connected_dark_16_mtrl.png
[  86% ] _update_scan_actions | ic_media_route_connected_dark_17_mtrl.png
[  86% ] _update_scan_actions | ic_media_route_connected_dark_18_mtrl.png
[  87% ] _update_scan_actions | ic_media_route_connected_dark_19_mtrl.png
[  87% ] _update_scan_actions | ic_media_route_connected_dark_20_mtrl.png
[  87% ] _update_scan_actions | ic_media_route_connected_dark_21_mtrl.png
[  87% ] _update_scan_actions | ic_media_route_connected_dark_22_mtrl.png
[  87% ] _update_scan_actions | ic_media_route_connected_dark_23_mtrl.png
[  87% ] _update_scan_actions | ic_media_route_connected_dark_24_mtrl.png
[  87% ] _update_scan_actions | ic_media_route_connected_dark_25_mtrl.png
[  87% ] _update_scan_actions | ic_media_route_connected_dark_26_mtrl.png
[  87% ] _update_scan_actions | ic_media_route_connected_dark_27_mtrl.png
[  87% ] _update_scan_actions | ic_media_route_connected_dark_28_mtrl.png
[  87% ] _update_scan_actions | ic_media_route_connected_dark_29_mtrl.png
[  87% ] _update_scan_actions | ic_media_route_connected_dark_30_mtrl.png
[  87% ] _update_scan_actions | ic_media_route_connected_light_00_mtrl.png
[  87% ] _update_scan_actions | ic_media_route_connected_light_01_mtrl.png
[  87% ] _update_scan_actions | ic_media_route_connected_light_02_mtrl.png
[  87% ] _update_scan_actions | ic_media_route_connected_light_03_mtrl.png
[  87% ] _update_scan_actions | ic_media_route_connected_light_04_mtrl.png
[  87% ] _update_scan_actions | ic_media_route_connected_light_05_mtrl.png
[  87% ] _update_scan_actions | ic_media_route_connected_light_06_mtrl.png
[  87% ] _update_scan_actions | ic_media_route_connected_light_07_mtrl.png
[  87% ] _update_scan_actions | ic_media_route_connected_light_08_mtrl.png
[  87% ] _update_scan_actions | ic_media_route_connected_light_09_mtrl.png
[  87% ] _update_scan_actions | ic_media_route_connected_light_10_mtrl.png
[  87% ] _update_scan_actions | ic_media_route_connected_light_11_mtrl.png
[  87% ] _update_scan_actions | ic_media_route_connected_light_12_mtrl.png
[  87% ] _update_scan_actions | ic_media_route_connected_light_13_mtrl.png
[  87% ] _update_scan_actions | ic_media_route_connected_light_14_mtrl.png
[  87% ] _update_scan_actions | ic_media_route_connected_light_15_mtrl.png
[  87% ] _update_scan_actions | ic_media_route_connected_light_16_mtrl.png
[  87% ] _update_scan_actions | ic_media_route_connected_light_17_mtrl.png
[  87% ] _update_scan_actions | ic_media_route_connected_light_18_mtrl.png
[  87% ] _update_scan_actions | ic_media_route_connected_light_19_mtrl.png
[  87% ] _update_scan_actions | ic_media_route_connected_light_20_mtrl.png
[  87% ] _update_scan_actions | ic_media_route_connected_light_21_mtrl.png
[  87% ] _update_scan_actions | ic_media_route_connected_light_22_mtrl.png
[  87% ] _update_scan_actions | ic_media_route_connected_light_23_mtrl.png
[  87% ] _update_scan_actions | ic_media_route_connected_light_24_mtrl.png
[  87% ] _update_scan_actions | ic_media_route_connected_light_25_mtrl.png
[  87% ] _update_scan_actions | ic_media_route_connected_light_26_mtrl.png
[  87% ] _update_scan_actions | ic_media_route_connected_light_27_mtrl.png
[  87% ] _update_scan_actions | ic_media_route_connected_light_28_mtrl.png
[  87% ] _update_scan_actions | ic_media_route_connected_light_29_mtrl.png
[  87% ] _update_scan_actions | ic_media_route_connected_light_30_mtrl.png
[  87% ] _update_scan_actions | ic_media_route_connecting_dark_00_mtrl.png
[  87% ] _update_scan_actions | ic_media_route_connecting_dark_01_mtrl.png
[  87% ] _update_scan_actions | ic_media_route_connecting_dark_02_mtrl.png
[  87% ] _update_scan_actions | ic_media_route_connecting_dark_03_mtrl.png
[  87% ] _update_scan_actions | ic_media_route_connecting_dark_04_mtrl.png
[  87% ] _update_scan_actions | ic_media_route_connecting_dark_05_mtrl.png
[  87% ] _update_scan_actions | ic_media_route_connecting_dark_06_mtrl.png
[  87% ] _update_scan_actions | ic_media_route_connecting_dark_07_mtrl.png
[  87% ] _update_scan_actions | ic_media_route_connecting_dark_08_mtrl.png
[  87% ] _update_scan_actions | ic_media_route_connecting_dark_09_mtrl.png
[  87% ] _update_scan_actions | ic_media_route_connecting_dark_10_mtrl.png
[  87% ] _update_scan_actions | ic_media_route_connecting_dark_11_mtrl.png
[  87% ] _update_scan_actions | ic_media_route_connecting_dark_12_mtrl.png
[  87% ] _update_scan_actions | ic_media_route_connecting_dark_13_mtrl.png
[  87% ] _update_scan_actions | ic_media_route_connecting_dark_14_mtrl.png
[  87% ] _update_scan_actions | ic_media_route_connecting_dark_15_mtrl.png
[  87% ] _update_scan_actions | ic_media_route_connecting_dark_16_mtrl.png
[  87% ] _update_scan_actions | ic_media_route_connecting_dark_17_mtrl.png
[  87% ] _update_scan_actions | ic_media_route_connecting_dark_18_mtrl.png
[  87% ] _update_scan_actions | ic_media_route_connecting_dark_19_mtrl.png
[  87% ] _update_scan_actions | ic_media_route_connecting_dark_20_mtrl.png
[  87% ] _update_scan_actions | ic_media_route_connecting_dark_21_mtrl.png
[  87% ] _update_scan_actions | ic_media_route_connecting_dark_22_mtrl.png
[  87% ] _update_scan_actions | ic_media_route_connecting_dark_23_mtrl.png
[  87% ] _update_scan_actions | ic_media_route_connecting_dark_24_mtrl.png
[  87% ] _update_scan_actions | ic_media_route_connecting_dark_25_mtrl.png
[  88% ] _update_scan_actions | ic_media_route_connecting_dark_26_mtrl.png
[  88% ] _update_scan_actions | ic_media_route_connecting_dark_27_mtrl.png
[  88% ] _update_scan_actions | ic_media_route_connecting_dark_28_mtrl.png
[  88% ] _update_scan_actions | ic_media_route_connecting_dark_29_mtrl.png
[  88% ] _update_scan_actions | ic_media_route_connecting_dark_30_mtrl.png
[  88% ] _update_scan_actions | ic_media_route_connecting_light_00_mtrl.png
[  88% ] _update_scan_actions | ic_media_route_connecting_light_01_mtrl.png
[  88% ] _update_scan_actions | ic_media_route_connecting_light_02_mtrl.png
[  88% ] _update_scan_actions | ic_media_route_connecting_light_03_mtrl.png
[  88% ] _update_scan_actions | ic_media_route_connecting_light_04_mtrl.png
[  88% ] _update_scan_actions | ic_media_route_connecting_light_05_mtrl.png
[  88% ] _update_scan_actions | ic_media_route_connecting_light_06_mtrl.png
[  88% ] _update_scan_actions | ic_media_route_connecting_light_07_mtrl.png
[  88% ] _update_scan_actions | ic_media_route_connecting_light_08_mtrl.png
[  88% ] _update_scan_actions | ic_media_route_connecting_light_09_mtrl.png
[  88% ] _update_scan_actions | ic_media_route_connecting_light_10_mtrl.png
[  88% ] _update_scan_actions | ic_media_route_connecting_light_11_mtrl.png
[  88% ] _update_scan_actions | ic_media_route_connecting_light_12_mtrl.png
[  88% ] _update_scan_actions | ic_media_route_connecting_light_13_mtrl.png
[  88% ] _update_scan_actions | ic_media_route_connecting_light_14_mtrl.png
[  88% ] _update_scan_actions | ic_media_route_connecting_light_15_mtrl.png
[  88% ] _update_scan_actions | ic_media_route_connecting_light_16_mtrl.png
[  88% ] _update_scan_actions | ic_media_route_connecting_light_17_mtrl.png
[  88% ] _update_scan_actions | ic_media_route_connecting_light_18_mtrl.png
[  88% ] _update_scan_actions | ic_media_route_connecting_light_19_mtrl.png
[  88% ] _update_scan_actions | ic_media_route_connecting_light_20_mtrl.png
[  88% ] _update_scan_actions | ic_media_route_connecting_light_21_mtrl.png
[  88% ] _update_scan_actions | ic_media_route_connecting_light_22_mtrl.png
[  88% ] _update_scan_actions | ic_media_route_connecting_light_23_mtrl.png
[  88% ] _update_scan_actions | ic_media_route_connecting_light_24_mtrl.png
[  88% ] _update_scan_actions | ic_media_route_connecting_light_25_mtrl.png
[  88% ] _update_scan_actions | ic_media_route_connecting_light_26_mtrl.png
[  88% ] _update_scan_actions | ic_media_route_connecting_light_27_mtrl.png
[  88% ] _update_scan_actions | ic_media_route_connecting_light_28_mtrl.png
[  88% ] _update_scan_actions | ic_media_route_connecting_light_29_mtrl.png
[  88% ] _update_scan_actions | ic_media_route_connecting_light_30_mtrl.png
[  88% ] _update_scan_actions | ic_media_route_disabled_holo_dark.png
[  88% ] _update_scan_actions | ic_media_route_disabled_holo_light.png
[  88% ] _update_scan_actions | ic_media_route_disabled_mtrl_alpha.png
[  88% ] _update_scan_actions | ic_media_route_off_dark_mtrl.png
[  88% ] _update_scan_actions | ic_media_route_off_holo_dark.png
[  88% ] _update_scan_actions | ic_media_route_off_holo_light.png
[  88% ] _update_scan_actions | ic_media_route_off_light_mtrl.png
[  88% ] _update_scan_actions | ic_media_route_on_0_holo_dark.png
[  88% ] _update_scan_actions | ic_media_route_on_0_holo_light.png
[  88% ] _update_scan_actions | ic_media_route_on_1_holo_dark.png
[  88% ] _update_scan_actions | ic_media_route_on_1_holo_light.png
[  88% ] _update_scan_actions | ic_media_route_on_2_holo_dark.png
[  88% ] _update_scan_actions | ic_media_route_on_2_holo_light.png
[  88% ] _update_scan_actions | ic_media_route_on_holo_dark.png
[  88% ] _update_scan_actions | ic_media_route_on_holo_light.png
[  88% ] _update_scan_actions | ic_media_stop.png
[  88% ] _update_scan_actions | ic_menu_account_list.png
[  88% ] _update_scan_actions | ic_menu_add.png
[  88% ] _update_scan_actions | ic_menu_agenda.png
[  88% ] _update_scan_actions | ic_menu_allfriends.png
[  88% ] _update_scan_actions | ic_menu_always_landscape_portrait.png
[  88% ] _update_scan_actions | ic_menu_archive.png
[  88% ] _update_scan_actions | ic_menu_attachment.png
[  88% ] _update_scan_actions | ic_menu_back.png
[  88% ] _update_scan_actions | ic_menu_block.png
[  88% ] _update_scan_actions | ic_menu_blocked_user.png
[  88% ] _update_scan_actions | ic_menu_btn_add.png
[  88% ] _update_scan_actions | ic_menu_call.png
[  88% ] _update_scan_actions | ic_menu_camera.png
[  88% ] _update_scan_actions | ic_menu_cc_am.png
[  88% ] _update_scan_actions | ic_menu_chat_dashboard.png
[  88% ] _update_scan_actions | ic_menu_clear_playlist.png
[  89% ] _update_scan_actions | ic_menu_compass.png
[  89% ] _update_scan_actions | ic_menu_compose.png
[  89% ] _update_scan_actions | ic_menu_copy.png
[  89% ] _update_scan_actions | ic_menu_copy_holo_dark.png
[  89% ] _update_scan_actions | ic_menu_copy_holo_light.png
[  89% ] _update_scan_actions | ic_menu_crop.png
[  89% ] _update_scan_actions | ic_menu_cut.png
[  89% ] _update_scan_actions | ic_menu_cut_holo_dark.png
[  89% ] _update_scan_actions | ic_menu_cut_holo_light.png
[  89% ] _update_scan_actions | ic_menu_day.png
[  89% ] _update_scan_actions | ic_menu_delete.png
[  89% ] _update_scan_actions | ic_menu_directions.png
[  89% ] _update_scan_actions | ic_menu_edit.png
[  89% ] _update_scan_actions | ic_menu_emoticons.png
[  89% ] _update_scan_actions | ic_menu_end_conversation.png
[  89% ] _update_scan_actions | ic_menu_find.png
[  89% ] _update_scan_actions | ic_menu_find_holo_dark.png
[  89% ] _update_scan_actions | ic_menu_find_holo_light.png
[  89% ] _update_scan_actions | ic_menu_find_mtrl_alpha.png
[  89% ] _update_scan_actions | ic_menu_forward.png
[  89% ] _update_scan_actions | ic_menu_friendslist.png
[  89% ] _update_scan_actions | ic_menu_gallery.png
[  89% ] _update_scan_actions | ic_menu_goto.png
[  89% ] _update_scan_actions | ic_menu_help.png
[  89% ] _update_scan_actions | ic_menu_help_holo_light.png
[  89% ] _update_scan_actions | ic_menu_home.png
[  89% ] _update_scan_actions | ic_menu_info_details.png
[  89% ] _update_scan_actions | ic_menu_invite.png
[  89% ] _update_scan_actions | ic_menu_login.png
[  89% ] _update_scan_actions | ic_menu_manage.png
[  89% ] _update_scan_actions | ic_menu_mapmode.png
[  89% ] _update_scan_actions | ic_menu_mark.png
[  89% ] _update_scan_actions | ic_menu_month.png
[  89% ] _update_scan_actions | ic_menu_more.png
[  89% ] _update_scan_actions | ic_menu_moreoverflow.png
[  89% ] _update_scan_actions | ic_menu_moreoverflow_focused_holo_dark.png
[  89% ] _update_scan_actions | ic_menu_moreoverflow_focused_holo_light.png
[  89% ] _update_scan_actions | ic_menu_moreoverflow_normal_holo_dark.png
[  89% ] _update_scan_actions | ic_menu_moreoverflow_normal_holo_light.png
[  89% ] _update_scan_actions | ic_menu_mylocation.png
[  89% ] _update_scan_actions | ic_menu_myplaces.png
[  89% ] _update_scan_actions | ic_menu_my_calendar.png
[  89% ] _update_scan_actions | ic_menu_notifications.png
[  89% ] _update_scan_actions | ic_menu_paste.png
[  89% ] _update_scan_actions | ic_menu_paste_holo_dark.png
[  89% ] _update_scan_actions | ic_menu_paste_holo_light.png
[  89% ] _update_scan_actions | ic_menu_play_clip.png
[  89% ] _update_scan_actions | ic_menu_preferences.png
[  89% ] _update_scan_actions | ic_menu_recent_history.png
[  89% ] _update_scan_actions | ic_menu_report_image.png
[  89% ] _update_scan_actions | ic_menu_revert.png
[  89% ] _update_scan_actions | ic_menu_rotate.png
[  89% ] _update_scan_actions | ic_menu_save.png
[  89% ] _update_scan_actions | ic_menu_search.png
[  89% ] _update_scan_actions | ic_menu_search_holo_dark.png
[  89% ] _update_scan_actions | ic_menu_search_holo_light.png
[  89% ] _update_scan_actions | ic_menu_search_mtrl_alpha.png
[  89% ] _update_scan_actions | ic_menu_selectall_holo_dark.png
[  89% ] _update_scan_actions | ic_menu_selectall_holo_light.png
[  89% ] _update_scan_actions | ic_menu_send.png
[  89% ] _update_scan_actions | ic_menu_settings_holo_light.png
[  89% ] _update_scan_actions | ic_menu_set_as.png
[  89% ] _update_scan_actions | ic_menu_share.png
[  89% ] _update_scan_actions | ic_menu_share_holo_dark.png
[  89% ] _update_scan_actions | ic_menu_share_holo_light.png
[  89% ] _update_scan_actions | ic_menu_slideshow.png
[  89% ] _update_scan_actions | ic_menu_sort_alphabetically.png
[  89% ] _update_scan_actions | ic_menu_sort_by_size.png
[  90% ] _update_scan_actions | ic_menu_star.png
[  90% ] _update_scan_actions | ic_menu_start_conversation.png
[  90% ] _update_scan_actions | ic_menu_stop.png
[  90% ] _update_scan_actions | ic_menu_today.png
[  90% ] _update_scan_actions | ic_menu_upload.png
[  90% ] _update_scan_actions | ic_menu_upload_you_tube.png
[  90% ] _update_scan_actions | ic_menu_view.png
[  90% ] _update_scan_actions | ic_menu_week.png
[  90% ] _update_scan_actions | ic_menu_zoom.png
[  90% ] _update_scan_actions | ic_notification_cast_0.png
[  90% ] _update_scan_actions | ic_notification_cast_1.png
[  90% ] _update_scan_actions | ic_notification_cast_2.png
[  90% ] _update_scan_actions | ic_notification_media_route.png
[  90% ] _update_scan_actions | ic_perm_group_app_info.png
[  90% ] _update_scan_actions | ic_perm_group_audio_settings.png
[  90% ] _update_scan_actions | ic_perm_group_bluetooth.png
[  90% ] _update_scan_actions | ic_perm_group_bookmarks.png
[  90% ] _update_scan_actions | ic_perm_group_calendar.png
[  90% ] _update_scan_actions | ic_perm_group_camera.png
[  90% ] _update_scan_actions | ic_perm_group_device_alarms.png
[  90% ] _update_scan_actions | ic_perm_group_display.png
[  90% ] _update_scan_actions | ic_perm_group_effects_battery.png
[  90% ] _update_scan_actions | ic_perm_group_location.png
[  90% ] _update_scan_actions | ic_perm_group_messages.png
[  90% ] _update_scan_actions | ic_perm_group_microphone.png
[  90% ] _update_scan_actions | ic_perm_group_network.png
[  90% ] _update_scan_actions | ic_perm_group_personal_info.png
[  90% ] _update_scan_actions | ic_perm_group_phone_calls.png
[  90% ] _update_scan_actions | ic_perm_group_screenlock.png
[  90% ] _update_scan_actions | ic_perm_group_shortrange_network.png
[  90% ] _update_scan_actions | ic_perm_group_social_info.png
[  90% ] _update_scan_actions | ic_perm_group_status_bar.png
[  90% ] _update_scan_actions | ic_perm_group_sync_settings.png
[  90% ] _update_scan_actions | ic_perm_group_system_clock.png
[  90% ] _update_scan_actions | ic_perm_group_system_tools.png
[  90% ] _update_scan_actions | ic_perm_group_voicemail.png
[  90% ] _update_scan_actions | ic_perm_group_wallpapewr.png
[  90% ] _update_scan_actions | ic_search_api_holo_dark.png
[  90% ] _update_scan_actions | ic_search_api_holo_light.png
[  90% ] _update_scan_actions | ic_settings.png
[  90% ] _update_scan_actions | ic_sim_card_multi_24px_clr.png
[  90% ] _update_scan_actions | ic_sim_card_multi_48px_clr.png
[  90% ] _update_scan_actions | ic_star_black_16dp.png
[  90% ] _update_scan_actions | ic_star_black_36dp.png
[  90% ] _update_scan_actions | ic_star_black_48dp.png
[  90% ] _update_scan_actions | ic_star_half_black_16dp.png
[  90% ] _update_scan_actions | ic_star_half_black_36dp.png
[  90% ] _update_scan_actions | ic_star_half_black_48dp.png
[  90% ] _update_scan_actions | ic_suggestions_add.png
[  90% ] _update_scan_actions | ic_suggestions_delete.png
[  90% ] _update_scan_actions | ic_voice_search_api_holo_dark.png
[  90% ] _update_scan_actions | ic_voice_search_api_holo_light.png
[  90% ] _update_scan_actions | indicator_input_error.png
[  90% ] _update_scan_actions | list_activated_holo.9.png
[  90% ] _update_scan_actions | list_divider_holo_dark.9.png
[  90% ] _update_scan_actions | list_divider_holo_light.9.png
[  90% ] _update_scan_actions | list_focused_holo.9.png
[  90% ] _update_scan_actions | list_longpressed_holo.9.png
[  90% ] _update_scan_actions | list_longpressed_holo_dark.9.png
[  90% ] _update_scan_actions | list_longpressed_holo_light.9.png
[  90% ] _update_scan_actions | list_pressed_holo_dark.9.png
[  90% ] _update_scan_actions | list_pressed_holo_light.9.png
[  90% ] _update_scan_actions | list_section_divider_holo_dark.9.png
[  90% ] _update_scan_actions | list_section_divider_holo_light.9.png
[  90% ] _update_scan_actions | list_section_divider_mtrl_alpha.9.png
[  90% ] _update_scan_actions | list_selected_holo_dark.9.png
[  90% ] _update_scan_actions | list_selected_holo_light.9.png
[  90% ] _update_scan_actions | list_selector_background_disabled.9.png
[  90% ] _update_scan_actions | list_selector_background_focus.9.png
[  91% ] _update_scan_actions | list_selector_background_longpress.9.png
[  91% ] _update_scan_actions | list_selector_background_pressed.9.png
[  91% ] _update_scan_actions | lockscreen_protection_pattern.png
[  91% ] _update_scan_actions | magnified_region_frame.9.png
[  91% ] _update_scan_actions | menu_dropdown_panel_holo_dark.9.png
[  91% ] _update_scan_actions | menu_dropdown_panel_holo_light.9.png
[  91% ] _update_scan_actions | menu_hardkey_panel_holo_dark.9.png
[  91% ] _update_scan_actions | menu_hardkey_panel_holo_light.9.png
[  91% ] _update_scan_actions | menu_popup_panel_holo_dark.9.png
[  91% ] _update_scan_actions | menu_popup_panel_holo_light.9.png
[  91% ] _update_scan_actions | numberpicker_down_disabled_focused_holo_dark.png
[  91% ] _update_scan_actions | numberpicker_down_disabled_focused_holo_light.png
[  91% ] _update_scan_actions | numberpicker_down_disabled_holo_dark.png
[  91% ] _update_scan_actions | numberpicker_down_disabled_holo_light.png
[  91% ] _update_scan_actions | numberpicker_down_focused_holo_dark.png
[  91% ] _update_scan_actions | numberpicker_down_focused_holo_light.png
[  91% ] _update_scan_actions | numberpicker_down_longpressed_holo_dark.png
[  91% ] _update_scan_actions | numberpicker_down_longpressed_holo_light.png
[  91% ] _update_scan_actions | numberpicker_down_normal_holo_dark.png
[  91% ] _update_scan_actions | numberpicker_down_normal_holo_light.png
[  91% ] _update_scan_actions | numberpicker_down_pressed_holo_dark.png
[  91% ] _update_scan_actions | numberpicker_down_pressed_holo_light.png
[  91% ] _update_scan_actions | numberpicker_selection_divider.9.png
[  91% ] _update_scan_actions | numberpicker_up_disabled_focused_holo_dark.png
[  91% ] _update_scan_actions | numberpicker_up_disabled_focused_holo_light.png
[  91% ] _update_scan_actions | numberpicker_up_disabled_holo_dark.png
[  91% ] _update_scan_actions | numberpicker_up_disabled_holo_light.png
[  91% ] _update_scan_actions | numberpicker_up_focused_holo_dark.png
[  91% ] _update_scan_actions | numberpicker_up_focused_holo_light.png
[  91% ] _update_scan_actions | numberpicker_up_longpressed_holo_dark.png
[  91% ] _update_scan_actions | numberpicker_up_longpressed_holo_light.png
[  91% ] _update_scan_actions | numberpicker_up_normal_holo_dark.png
[  91% ] _update_scan_actions | numberpicker_up_normal_holo_light.png
[  91% ] _update_scan_actions | numberpicker_up_pressed_holo_dark.png
[  91% ] _update_scan_actions | numberpicker_up_pressed_holo_light.png
[  91% ] _update_scan_actions | panel_bg_holo_dark.9.png
[  91% ] _update_scan_actions | panel_bg_holo_light.9.png
[  91% ] _update_scan_actions | perm_group_accessibility_features.png
[  91% ] _update_scan_actions | perm_group_affects_battery.png
[  91% ] _update_scan_actions | perm_group_app_info.png
[  91% ] _update_scan_actions | perm_group_audio_settings.png
[  91% ] _update_scan_actions | perm_group_bluetooth.png
[  91% ] _update_scan_actions | perm_group_bookmarks.png
[  91% ] _update_scan_actions | perm_group_device_alarms.png
[  91% ] _update_scan_actions | perm_group_display.png
[  91% ] _update_scan_actions | perm_group_network.png
[  91% ] _update_scan_actions | perm_group_personal_info.png
[  91% ] _update_scan_actions | perm_group_screenlock.png
[  91% ] _update_scan_actions | perm_group_shortrange_network.png
[  91% ] _update_scan_actions | perm_group_status_bar.png
[  91% ] _update_scan_actions | perm_group_sync_settings.png
[  91% ] _update_scan_actions | perm_group_system_clock.png
[  91% ] _update_scan_actions | perm_group_system_tools.png
[  91% ] _update_scan_actions | perm_group_voicemail.png
[  91% ] _update_scan_actions | perm_group_wallpaper.png
[  91% ] _update_scan_actions | pointer_alias.png
[  91% ] _update_scan_actions | pointer_all_scroll.png
[  91% ] _update_scan_actions | pointer_arrow.png
[  91% ] _update_scan_actions | pointer_cell.png
[  91% ] _update_scan_actions | pointer_context_menu.png
[  91% ] _update_scan_actions | pointer_copy.png
[  91% ] _update_scan_actions | pointer_crosshair.png
[  91% ] _update_scan_actions | pointer_grab.png
[  91% ] _update_scan_actions | pointer_grabbing.png
[  91% ] _update_scan_actions | pointer_hand.png
[  91% ] _update_scan_actions | pointer_handwriting.png
[  91% ] _update_scan_actions | pointer_help.png
[  91% ] _update_scan_actions | pointer_horizontal_double_arrow.png
[  92% ] _update_scan_actions | pointer_nodrop.png
[  92% ] _update_scan_actions | pointer_spot_anchor.png
[  92% ] _update_scan_actions | pointer_spot_hover.png
[  92% ] _update_scan_actions | pointer_spot_touch.png
[  92% ] _update_scan_actions | pointer_text.png
[  92% ] _update_scan_actions | pointer_top_left_diagonal_double_arrow.png
[  92% ] _update_scan_actions | pointer_top_right_diagonal_double_arrow.png
[  92% ] _update_scan_actions | pointer_vertical_double_arrow.png
[  92% ] _update_scan_actions | pointer_vertical_text.png
[  92% ] _update_scan_actions | pointer_zoom_in.png
[  92% ] _update_scan_actions | pointer_zoom_out.png
[  92% ] _update_scan_actions | popup_background_mtrl_mult.9.png
[  92% ] _update_scan_actions | popup_inline_error_above_holo_dark_am.9.png
[  92% ] _update_scan_actions | popup_inline_error_above_holo_light_am.9.png
[  92% ] _update_scan_actions | popup_inline_error_holo_dark_am.9.png
[  92% ] _update_scan_actions | popup_inline_error_holo_light_am.9.png
[  92% ] _update_scan_actions | presence_audio_away.png
[  92% ] _update_scan_actions | presence_audio_busy.png
[  92% ] _update_scan_actions | presence_audio_online.png
[  92% ] _update_scan_actions | presence_away.png
[  92% ] _update_scan_actions | presence_busy.png
[  92% ] _update_scan_actions | presence_invisible.png
[  92% ] _update_scan_actions | presence_offline.png
[  92% ] _update_scan_actions | presence_online.png
[  92% ] _update_scan_actions | presence_video_away.png
[  92% ] _update_scan_actions | presence_video_busy.png
[  92% ] _update_scan_actions | presence_video_online.png
[  92% ] _update_scan_actions | progressbar_indeterminate_holo1.png
[  92% ] _update_scan_actions | progressbar_indeterminate_holo2.png
[  92% ] _update_scan_actions | progressbar_indeterminate_holo3.png
[  92% ] _update_scan_actions | progressbar_indeterminate_holo4.png
[  92% ] _update_scan_actions | progressbar_indeterminate_holo5.png
[  92% ] _update_scan_actions | progressbar_indeterminate_holo6.png
[  92% ] _update_scan_actions | progressbar_indeterminate_holo7.png
[  92% ] _update_scan_actions | progressbar_indeterminate_holo8.png
[  92% ] _update_scan_actions | progress_bg_holo_dark.9.png
[  92% ] _update_scan_actions | progress_bg_holo_light.9.png
[  92% ] _update_scan_actions | progress_primary_holo_dark.9.png
[  92% ] _update_scan_actions | progress_primary_holo_light.9.png
[  92% ] _update_scan_actions | progress_secondary_holo_dark.9.png
[  92% ] _update_scan_actions | progress_secondary_holo_light.9.png
[  92% ] _update_scan_actions | quickcontact_badge_overlay_focused_dark_am.9.png
[  92% ] _update_scan_actions | quickcontact_badge_overlay_focused_light_am.9.png
[  92% ] _update_scan_actions | quickcontact_badge_overlay_normal_dark_am.9.png
[  92% ] _update_scan_actions | quickcontact_badge_overlay_normal_light_am.9.png
[  92% ] _update_scan_actions | quickcontact_badge_overlay_pressed_dark_am.9.png
[  92% ] _update_scan_actions | quickcontact_badge_overlay_pressed_light_am.9.png
[  92% ] _update_scan_actions | rate_star_big_half_holo_dark.png
[  92% ] _update_scan_actions | rate_star_big_half_holo_light.png
[  92% ] _update_scan_actions | rate_star_big_off_holo_dark.png
[  92% ] _update_scan_actions | rate_star_big_off_holo_light.png
[  92% ] _update_scan_actions | rate_star_big_on_holo_dark.png
[  92% ] _update_scan_actions | rate_star_big_on_holo_light.png
[  92% ] _update_scan_actions | rate_star_med_half_holo_dark.png
[  92% ] _update_scan_actions | rate_star_med_half_holo_light.png
[  92% ] _update_scan_actions | rate_star_med_off_holo_dark.png
[  92% ] _update_scan_actions | rate_star_med_off_holo_light.png
[  92% ] _update_scan_actions | rate_star_med_on_holo_dark.png
[  92% ] _update_scan_actions | rate_star_med_on_holo_light.png
[  92% ] _update_scan_actions | rate_star_small_half_holo_dark.png
[  92% ] _update_scan_actions | rate_star_small_half_holo_light.png
[  92% ] _update_scan_actions | rate_star_small_off_holo_dark.png
[  92% ] _update_scan_actions | rate_star_small_off_holo_light.png
[  92% ] _update_scan_actions | rate_star_small_on_holo_dark.png
[  92% ] _update_scan_actions | rate_star_small_on_holo_light.png
[  92% ] _update_scan_actions | scrollbar_handle_holo_dark.9.png
[  92% ] _update_scan_actions | scrollbar_handle_holo_light.9.png
[  92% ] _update_scan_actions | scrubber_control_disabled_holo.png
[  92% ] _update_scan_actions | scrubber_control_focused_holo.png
[  93% ] _update_scan_actions | scrubber_control_normal_holo.png
[  93% ] _update_scan_actions | scrubber_control_on_mtrl_alpha.png
[  93% ] _update_scan_actions | scrubber_control_on_pressed_mtrl_alpha.png
[  93% ] _update_scan_actions | scrubber_control_pressed_holo.png
[  93% ] _update_scan_actions | scrubber_primary_holo.9.png
[  93% ] _update_scan_actions | scrubber_primary_mtrl_alpha.9.png
[  93% ] _update_scan_actions | scrubber_secondary_holo.9.png
[  93% ] _update_scan_actions | scrubber_track_holo_dark.9.png
[  93% ] _update_scan_actions | scrubber_track_holo_light.9.png
[  93% ] _update_scan_actions | scrubber_track_mtrl_alpha.9.png
[  93% ] _update_scan_actions | spinner_16_inner_holo.png
[  93% ] _update_scan_actions | spinner_16_outer_holo.png
[  93% ] _update_scan_actions | spinner_48_inner_holo.png
[  93% ] _update_scan_actions | spinner_48_outer_holo.png
[  93% ] _update_scan_actions | spinner_76_inner_holo.png
[  93% ] _update_scan_actions | spinner_76_outer_holo.png
[  93% ] _update_scan_actions | spinner_ab_activated_holo_dark.9.png
[  93% ] _update_scan_actions | spinner_ab_activated_holo_light.9.png
[  93% ] _update_scan_actions | spinner_ab_default_holo_dark_am.9.png
[  93% ] _update_scan_actions | spinner_ab_default_holo_light_am.9.png
[  93% ] _update_scan_actions | spinner_ab_disabled_holo_dark_am.9.png
[  93% ] _update_scan_actions | spinner_ab_disabled_holo_light_am.9.png
[  93% ] _update_scan_actions | spinner_ab_focused_holo_dark_am.9.png
[  93% ] _update_scan_actions | spinner_ab_focused_holo_light_am.9.png
[  93% ] _update_scan_actions | spinner_ab_pressed_holo_dark_am.9.png
[  93% ] _update_scan_actions | spinner_ab_pressed_holo_light_am.9.png
[  93% ] _update_scan_actions | spinner_activated_holo_dark.9.png
[  93% ] _update_scan_actions | spinner_activated_holo_light.9.png
[  93% ] _update_scan_actions | spinner_default_holo_dark_am.9.png
[  93% ] _update_scan_actions | spinner_default_holo_light_am.9.png
[  93% ] _update_scan_actions | spinner_disabled_holo.9.png
[  93% ] _update_scan_actions | spinner_disabled_holo_dark_am.9.png
[  93% ] _update_scan_actions | spinner_disabled_holo_light_am.9.png
[  93% ] _update_scan_actions | spinner_focused_holo_dark_am.9.png
[  93% ] _update_scan_actions | spinner_focused_holo_light_am.9.png
[  93% ] _update_scan_actions | spinner_normal_holo.9.png
[  93% ] _update_scan_actions | spinner_pressed_holo_dark_am.9.png
[  93% ] _update_scan_actions | spinner_pressed_holo_light_am.9.png
[  93% ] _update_scan_actions | stat_notify_car_mode.png
[  93% ] _update_scan_actions | stat_notify_chat.png
[  93% ] _update_scan_actions | stat_notify_disk_full.png
[  93% ] _update_scan_actions | stat_notify_email_generic.png
[  93% ] _update_scan_actions | stat_notify_error.png
[  93% ] _update_scan_actions | stat_notify_gmail.png
[  93% ] _update_scan_actions | stat_notify_missed_call.png
[  93% ] _update_scan_actions | stat_notify_mmcc_indication_icn.png
[  93% ] _update_scan_actions | stat_notify_more.png
[  93% ] _update_scan_actions | stat_notify_rssi_in_range.png
[  93% ] _update_scan_actions | stat_notify_sdcard.png
[  93% ] _update_scan_actions | stat_notify_sdcard_prepare.png
[  93% ] _update_scan_actions | stat_notify_sdcard_usb.png
[  93% ] _update_scan_actions | stat_notify_sim_toolkit.png
[  93% ] _update_scan_actions | stat_notify_sync.png
[  93% ] _update_scan_actions | stat_notify_sync_anim0.png
[  93% ] _update_scan_actions | stat_notify_sync_error.png
[  93% ] _update_scan_actions | stat_notify_voicemail.png
[  93% ] _update_scan_actions | stat_sys_certificate_info.png
[  93% ] _update_scan_actions | stat_sys_data_bluetooth.png
[  93% ] _update_scan_actions | stat_sys_data_usb.png
[  93% ] _update_scan_actions | stat_sys_data_wimax_signal_3_fully.png
[  93% ] _update_scan_actions | stat_sys_data_wimax_signal_disconnected.png
[  93% ] _update_scan_actions | stat_sys_download_anim0.png
[  93% ] _update_scan_actions | stat_sys_download_anim1.png
[  93% ] _update_scan_actions | stat_sys_download_anim2.png
[  93% ] _update_scan_actions | stat_sys_download_anim3.png
[  93% ] _update_scan_actions | stat_sys_download_anim4.png
[  93% ] _update_scan_actions | stat_sys_download_anim5.png
[  93% ] _update_scan_actions | stat_sys_gps_on.png
[  94% ] _update_scan_actions | stat_sys_phone_call.png
[  94% ] _update_scan_actions | stat_sys_throttled.png
[  94% ] _update_scan_actions | stat_sys_upload_anim0.png
[  94% ] _update_scan_actions | stat_sys_upload_anim1.png
[  94% ] _update_scan_actions | stat_sys_upload_anim2.png
[  94% ] _update_scan_actions | stat_sys_upload_anim3.png
[  94% ] _update_scan_actions | stat_sys_upload_anim4.png
[  94% ] _update_scan_actions | stat_sys_upload_anim5.png
[  94% ] _update_scan_actions | stat_sys_warning.png
[  94% ] _update_scan_actions | switch_bg_disabled_holo_dark.9.png
[  94% ] _update_scan_actions | switch_bg_disabled_holo_light.9.png
[  94% ] _update_scan_actions | switch_bg_focused_holo_dark.9.png
[  94% ] _update_scan_actions | switch_bg_focused_holo_light.9.png
[  94% ] _update_scan_actions | switch_bg_holo_dark.9.png
[  94% ] _update_scan_actions | switch_bg_holo_light.9.png
[  94% ] _update_scan_actions | switch_thumb_activated_holo_dark.9.png
[  94% ] _update_scan_actions | switch_thumb_activated_holo_light.9.png
[  94% ] _update_scan_actions | switch_thumb_disabled_holo_dark.9.png
[  94% ] _update_scan_actions | switch_thumb_disabled_holo_light.9.png
[  94% ] _update_scan_actions | switch_thumb_holo_dark.9.png
[  94% ] _update_scan_actions | switch_thumb_holo_light.9.png
[  94% ] _update_scan_actions | switch_thumb_holo_light_v2.9.png
[  94% ] _update_scan_actions | switch_thumb_pressed_holo_dark.9.png
[  94% ] _update_scan_actions | switch_thumb_pressed_holo_light.9.png
[  94% ] _update_scan_actions | sym_keyboard_delete.png
[  94% ] _update_scan_actions | sym_keyboard_enter.png
[  94% ] _update_scan_actions | sym_keyboard_num0_no_plus.png
[  94% ] _update_scan_actions | sym_keyboard_num1.png
[  94% ] _update_scan_actions | sym_keyboard_num2.png
[  94% ] _update_scan_actions | sym_keyboard_num3.png
[  94% ] _update_scan_actions | sym_keyboard_num4.png
[  94% ] _update_scan_actions | sym_keyboard_num5.png
[  94% ] _update_scan_actions | sym_keyboard_num6.png
[  94% ] _update_scan_actions | sym_keyboard_num7.png
[  94% ] _update_scan_actions | sym_keyboard_num8.png
[  94% ] _update_scan_actions | sym_keyboard_num9.png
[  94% ] _update_scan_actions | sym_keyboard_return_holo.png
[  94% ] _update_scan_actions | tab_indicator_mtrl_alpha.9.png
[  94% ] _update_scan_actions | tab_selected_focused_holo.9.png
[  94% ] _update_scan_actions | tab_selected_holo.9.png
[  94% ] _update_scan_actions | tab_selected_pressed_holo.9.png
[  94% ] _update_scan_actions | tab_unselected_focused_holo.9.png
[  94% ] _update_scan_actions | tab_unselected_holo.9.png
[  94% ] _update_scan_actions | tab_unselected_pressed_holo.9.png
[  94% ] _update_scan_actions | textfield_activated_holo_dark.9.png
[  94% ] _update_scan_actions | textfield_activated_holo_light.9.png
[  94% ] _update_scan_actions | textfield_activated_mtrl_alpha.9.png
[  94% ] _update_scan_actions | textfield_default_holo_dark.9.png
[  94% ] _update_scan_actions | textfield_default_holo_light.9.png
[  94% ] _update_scan_actions | textfield_default_mtrl_alpha.9.png
[  94% ] _update_scan_actions | textfield_disabled_focused_holo_dark.9.png
[  94% ] _update_scan_actions | textfield_disabled_focused_holo_light.9.png
[  94% ] _update_scan_actions | textfield_disabled_holo_dark.9.png
[  94% ] _update_scan_actions | textfield_disabled_holo_light.9.png
[  94% ] _update_scan_actions | textfield_focused_holo_dark.9.png
[  94% ] _update_scan_actions | textfield_focused_holo_light.9.png
[  94% ] _update_scan_actions | textfield_multiline_activated_holo_dark.9.png
[  94% ] _update_scan_actions | textfield_multiline_activated_holo_light.9.png
[  94% ] _update_scan_actions | textfield_multiline_default_holo_dark.9.png
[  94% ] _update_scan_actions | textfield_multiline_default_holo_light.9.png
[  94% ] _update_scan_actions | textfield_multiline_disabled_focused_holo_dark.9.png
[  94% ] _update_scan_actions | textfield_multiline_disabled_focused_holo_light.9.png
[  94% ] _update_scan_actions | textfield_multiline_disabled_holo_dark.9.png
[  94% ] _update_scan_actions | textfield_multiline_disabled_holo_light.9.png
[  94% ] _update_scan_actions | textfield_multiline_focused_holo_dark.9.png
[  94% ] _update_scan_actions | textfield_multiline_focused_holo_light.9.png
[  94% ] _update_scan_actions | textfield_search_activated_mtrl_alpha.9.png
[  94% ] _update_scan_actions | textfield_search_default_holo_dark.9.png
[  95% ] _update_scan_actions | textfield_search_default_holo_light.9.png
[  95% ] _update_scan_actions | textfield_search_default_mtrl_alpha.9.png
[  95% ] _update_scan_actions | textfield_search_right_default_holo_dark.9.png
[  95% ] _update_scan_actions | textfield_search_right_default_holo_light.9.png
[  95% ] _update_scan_actions | textfield_search_right_selected_holo_dark.9.png
[  95% ] _update_scan_actions | textfield_search_right_selected_holo_light.9.png
[  95% ] _update_scan_actions | textfield_search_selected_holo_dark.9.png
[  95% ] _update_scan_actions | textfield_search_selected_holo_light.9.png
[  95% ] _update_scan_actions | text_edit_paste_window.9.png
[  95% ] _update_scan_actions | text_edit_suggestions_window.9.png
[  95% ] _update_scan_actions | text_select_handle_left_mtrl_alpha.png
[  95% ] _update_scan_actions | text_select_handle_middle_mtrl_alpha.png
[  95% ] _update_scan_actions | text_select_handle_right_mtrl_alpha.png
[  95% ] _update_scan_actions | transportcontrol_bg.9.png
[  95% ] _update_scan_actions | vpn_connected.png
[  95% ] _update_scan_actions | vpn_disconnected.png
[  95% ] _update_scan_actions | watch_switch_thumb_mtrl_14w.png
[  95% ] _update_scan_actions | watch_switch_thumb_mtrl_15w.png
[  95% ] _update_scan_actions | watch_switch_thumb_mtrl_16w.png
[  95% ] _update_scan_actions | watch_switch_thumb_mtrl_17w.png
[  95% ] _update_scan_actions | watch_switch_thumb_mtrl_18w.png
[  95% ] _update_scan_actions | watch_switch_track_mtrl.png
[  95% ] _update_scan_actions | btn_switch_to_off_mtrl_00001.9.png
[  95% ] _update_scan_actions | btn_switch_to_off_mtrl_00002.9.png
[  95% ] _update_scan_actions | btn_switch_to_off_mtrl_00003.9.png
[  95% ] _update_scan_actions | btn_switch_to_off_mtrl_00004.9.png
[  95% ] _update_scan_actions | btn_switch_to_off_mtrl_00005.9.png
[  95% ] _update_scan_actions | btn_switch_to_off_mtrl_00006.9.png
[  95% ] _update_scan_actions | btn_switch_to_off_mtrl_00007.9.png
[  95% ] _update_scan_actions | btn_switch_to_off_mtrl_00008.9.png
[  95% ] _update_scan_actions | btn_switch_to_off_mtrl_00009.9.png
[  95% ] _update_scan_actions | btn_switch_to_off_mtrl_00010.9.png
[  95% ] _update_scan_actions | btn_switch_to_off_mtrl_00011.9.png
[  95% ] _update_scan_actions | btn_switch_to_off_mtrl_00012.9.png
[  95% ] _update_scan_actions | btn_switch_to_on_mtrl_00001.9.png
[  95% ] _update_scan_actions | btn_switch_to_on_mtrl_00002.9.png
[  95% ] _update_scan_actions | btn_switch_to_on_mtrl_00003.9.png
[  95% ] _update_scan_actions | btn_switch_to_on_mtrl_00004.9.png
[  95% ] _update_scan_actions | btn_switch_to_on_mtrl_00005.9.png
[  95% ] _update_scan_actions | btn_switch_to_on_mtrl_00006.9.png
[  95% ] _update_scan_actions | btn_switch_to_on_mtrl_00007.9.png
[  95% ] _update_scan_actions | btn_switch_to_on_mtrl_00008.9.png
[  95% ] _update_scan_actions | btn_switch_to_on_mtrl_00009.9.png
[  95% ] _update_scan_actions | btn_switch_to_on_mtrl_00010.9.png
[  95% ] _update_scan_actions | btn_switch_to_on_mtrl_00011.9.png
[  95% ] _update_scan_actions | btn_switch_to_on_mtrl_00012.9.png
[  95% ] _update_scan_actions | ic_launcher_android.png
[  95% ] _update_scan_actions | ic_lock_open_wht_24dp.png
[  95% ] _update_scan_actions | ic_lock_outline_wht_24dp.png
[  95% ] _update_scan_actions | ic_media_route_connected_dark_00_mtrl.png
[  95% ] _update_scan_actions | ic_media_route_connected_dark_01_mtrl.png
[  95% ] _update_scan_actions | ic_media_route_connected_dark_02_mtrl.png
[  95% ] _update_scan_actions | ic_media_route_connected_dark_03_mtrl.png
[  95% ] _update_scan_actions | ic_media_route_connected_dark_04_mtrl.png
[  95% ] _update_scan_actions | ic_media_route_connected_dark_05_mtrl.png
[  95% ] _update_scan_actions | ic_media_route_connected_dark_06_mtrl.png
[  95% ] _update_scan_actions | ic_media_route_connected_dark_07_mtrl.png
[  95% ] _update_scan_actions | ic_media_route_connected_dark_08_mtrl.png
[  95% ] _update_scan_actions | ic_media_route_connected_dark_09_mtrl.png
[  95% ] _update_scan_actions | ic_media_route_connected_dark_10_mtrl.png
[  95% ] _update_scan_actions | ic_media_route_connected_dark_11_mtrl.png
[  95% ] _update_scan_actions | ic_media_route_connected_dark_12_mtrl.png
[  95% ] _update_scan_actions | ic_media_route_connected_dark_13_mtrl.png
[  95% ] _update_scan_actions | ic_media_route_connected_dark_14_mtrl.png
[  95% ] _update_scan_actions | ic_media_route_connected_dark_15_mtrl.png
[  95% ] _update_scan_actions | ic_media_route_connected_dark_16_mtrl.png
[  95% ] _update_scan_actions | ic_media_route_connected_dark_17_mtrl.png
[  95% ] _update_scan_actions | ic_media_route_connected_dark_18_mtrl.png
[  95% ] _update_scan_actions | ic_media_route_connected_dark_19_mtrl.png
[  96% ] _update_scan_actions | ic_media_route_connected_dark_20_mtrl.png
[  96% ] _update_scan_actions | ic_media_route_connected_dark_21_mtrl.png
[  96% ] _update_scan_actions | ic_media_route_connected_dark_22_mtrl.png
[  96% ] _update_scan_actions | ic_media_route_connected_dark_23_mtrl.png
[  96% ] _update_scan_actions | ic_media_route_connected_dark_24_mtrl.png
[  96% ] _update_scan_actions | ic_media_route_connected_dark_25_mtrl.png
[  96% ] _update_scan_actions | ic_media_route_connected_dark_26_mtrl.png
[  96% ] _update_scan_actions | ic_media_route_connected_dark_27_mtrl.png
[  96% ] _update_scan_actions | ic_media_route_connected_dark_28_mtrl.png
[  96% ] _update_scan_actions | ic_media_route_connected_dark_29_mtrl.png
[  96% ] _update_scan_actions | ic_media_route_connected_dark_30_mtrl.png
[  96% ] _update_scan_actions | ic_media_route_connected_light_00_mtrl.png
[  96% ] _update_scan_actions | ic_media_route_connected_light_01_mtrl.png
[  96% ] _update_scan_actions | ic_media_route_connected_light_02_mtrl.png
[  96% ] _update_scan_actions | ic_media_route_connected_light_03_mtrl.png
[  96% ] _update_scan_actions | ic_media_route_connected_light_04_mtrl.png
[  96% ] _update_scan_actions | ic_media_route_connected_light_05_mtrl.png
[  96% ] _update_scan_actions | ic_media_route_connected_light_06_mtrl.png
[  96% ] _update_scan_actions | ic_media_route_connected_light_07_mtrl.png
[  96% ] _update_scan_actions | ic_media_route_connected_light_08_mtrl.png
[  96% ] _update_scan_actions | ic_media_route_connected_light_09_mtrl.png
[  96% ] _update_scan_actions | ic_media_route_connected_light_10_mtrl.png
[  96% ] _update_scan_actions | ic_media_route_connected_light_11_mtrl.png
[  96% ] _update_scan_actions | ic_media_route_connected_light_12_mtrl.png
[  96% ] _update_scan_actions | ic_media_route_connected_light_13_mtrl.png
[  96% ] _update_scan_actions | ic_media_route_connected_light_14_mtrl.png
[  96% ] _update_scan_actions | ic_media_route_connected_light_15_mtrl.png
[  96% ] _update_scan_actions | ic_media_route_connected_light_16_mtrl.png
[  96% ] _update_scan_actions | ic_media_route_connected_light_17_mtrl.png
[  96% ] _update_scan_actions | ic_media_route_connected_light_18_mtrl.png
[  96% ] _update_scan_actions | ic_media_route_connected_light_19_mtrl.png
[  96% ] _update_scan_actions | ic_media_route_connected_light_20_mtrl.png
[  96% ] _update_scan_actions | ic_media_route_connected_light_21_mtrl.png
[  96% ] _update_scan_actions | ic_media_route_connected_light_22_mtrl.png
[  96% ] _update_scan_actions | ic_media_route_connected_light_23_mtrl.png
[  96% ] _update_scan_actions | ic_media_route_connected_light_24_mtrl.png
[  96% ] _update_scan_actions | ic_media_route_connected_light_25_mtrl.png
[  96% ] _update_scan_actions | ic_media_route_connected_light_26_mtrl.png
[  96% ] _update_scan_actions | ic_media_route_connected_light_27_mtrl.png
[  96% ] _update_scan_actions | ic_media_route_connected_light_28_mtrl.png
[  96% ] _update_scan_actions | ic_media_route_connected_light_29_mtrl.png
[  96% ] _update_scan_actions | ic_media_route_connected_light_30_mtrl.png
[  96% ] _update_scan_actions | ic_media_route_connecting_dark_00_mtrl.png
[  96% ] _update_scan_actions | ic_media_route_connecting_dark_01_mtrl.png
[  96% ] _update_scan_actions | ic_media_route_connecting_dark_02_mtrl.png
[  96% ] _update_scan_actions | ic_media_route_connecting_dark_03_mtrl.png
[  96% ] _update_scan_actions | ic_media_route_connecting_dark_04_mtrl.png
[  96% ] _update_scan_actions | ic_media_route_connecting_dark_05_mtrl.png
[  96% ] _update_scan_actions | ic_media_route_connecting_dark_06_mtrl.png
[  96% ] _update_scan_actions | ic_media_route_connecting_dark_07_mtrl.png
[  96% ] _update_scan_actions | ic_media_route_connecting_dark_08_mtrl.png
[  96% ] _update_scan_actions | ic_media_route_connecting_dark_09_mtrl.png
[  96% ] _update_scan_actions | ic_media_route_connecting_dark_10_mtrl.png
[  96% ] _update_scan_actions | ic_media_route_connecting_dark_11_mtrl.png
[  96% ] _update_scan_actions | ic_media_route_connecting_dark_12_mtrl.png
[  96% ] _update_scan_actions | ic_media_route_connecting_dark_13_mtrl.png
[  96% ] _update_scan_actions | ic_media_route_connecting_dark_14_mtrl.png
[  96% ] _update_scan_actions | ic_media_route_connecting_dark_15_mtrl.png
[  96% ] _update_scan_actions | ic_media_route_connecting_dark_16_mtrl.png
[  96% ] _update_scan_actions | ic_media_route_connecting_dark_17_mtrl.png
[  96% ] _update_scan_actions | ic_media_route_connecting_dark_18_mtrl.png
[  96% ] _update_scan_actions | ic_media_route_connecting_dark_19_mtrl.png
[  96% ] _update_scan_actions | ic_media_route_connecting_dark_20_mtrl.png
[  96% ] _update_scan_actions | ic_media_route_connecting_dark_21_mtrl.png
[  96% ] _update_scan_actions | ic_media_route_connecting_dark_22_mtrl.png
[  96% ] _update_scan_actions | ic_media_route_connecting_dark_23_mtrl.png
[  96% ] _update_scan_actions | ic_media_route_connecting_dark_24_mtrl.png
[  96% ] _update_scan_actions | ic_media_route_connecting_dark_25_mtrl.png
[  97% ] _update_scan_actions | ic_media_route_connecting_dark_26_mtrl.png
[  97% ] _update_scan_actions | ic_media_route_connecting_dark_27_mtrl.png
[  97% ] _update_scan_actions | ic_media_route_connecting_dark_28_mtrl.png
[  97% ] _update_scan_actions | ic_media_route_connecting_dark_29_mtrl.png
[  97% ] _update_scan_actions | ic_media_route_connecting_dark_30_mtrl.png
[  97% ] _update_scan_actions | ic_media_route_connecting_light_00_mtrl.png
[  97% ] _update_scan_actions | ic_media_route_connecting_light_01_mtrl.png
[  97% ] _update_scan_actions | ic_media_route_connecting_light_02_mtrl.png
[  97% ] _update_scan_actions | ic_media_route_connecting_light_03_mtrl.png
[  97% ] _update_scan_actions | ic_media_route_connecting_light_04_mtrl.png
[  97% ] _update_scan_actions | ic_media_route_connecting_light_05_mtrl.png
[  97% ] _update_scan_actions | ic_media_route_connecting_light_06_mtrl.png
[  97% ] _update_scan_actions | ic_media_route_connecting_light_07_mtrl.png
[  97% ] _update_scan_actions | ic_media_route_connecting_light_08_mtrl.png
[  97% ] _update_scan_actions | ic_media_route_connecting_light_09_mtrl.png
[  97% ] _update_scan_actions | ic_media_route_connecting_light_10_mtrl.png
[  97% ] _update_scan_actions | ic_media_route_connecting_light_11_mtrl.png
[  97% ] _update_scan_actions | ic_media_route_connecting_light_12_mtrl.png
[  97% ] _update_scan_actions | ic_media_route_connecting_light_13_mtrl.png
[  97% ] _update_scan_actions | ic_media_route_connecting_light_14_mtrl.png
[  97% ] _update_scan_actions | ic_media_route_connecting_light_15_mtrl.png
[  97% ] _update_scan_actions | ic_media_route_connecting_light_16_mtrl.png
[  97% ] _update_scan_actions | ic_media_route_connecting_light_17_mtrl.png
[  97% ] _update_scan_actions | ic_media_route_connecting_light_18_mtrl.png
[  97% ] _update_scan_actions | ic_media_route_connecting_light_19_mtrl.png
[  97% ] _update_scan_actions | ic_media_route_connecting_light_20_mtrl.png
[  97% ] _update_scan_actions | ic_media_route_connecting_light_21_mtrl.png
[  97% ] _update_scan_actions | ic_media_route_connecting_light_22_mtrl.png
[  97% ] _update_scan_actions | ic_media_route_connecting_light_23_mtrl.png
[  97% ] _update_scan_actions | ic_media_route_connecting_light_24_mtrl.png
[  97% ] _update_scan_actions | ic_media_route_connecting_light_25_mtrl.png
[  97% ] _update_scan_actions | ic_media_route_connecting_light_26_mtrl.png
[  97% ] _update_scan_actions | ic_media_route_connecting_light_27_mtrl.png
[  97% ] _update_scan_actions | ic_media_route_connecting_light_28_mtrl.png
[  97% ] _update_scan_actions | ic_media_route_connecting_light_29_mtrl.png
[  97% ] _update_scan_actions | ic_media_route_connecting_light_30_mtrl.png
[  97% ] _update_scan_actions | ic_menu_search_mtrl_alpha.png
[  97% ] _update_scan_actions | ic_sim_card_multi_24px_clr.png
[  97% ] _update_scan_actions | ic_sim_card_multi_48px_clr.png
[  97% ] _update_scan_actions | ic_star_black_16dp.png
[  97% ] _update_scan_actions | ic_star_black_36dp.png
[  97% ] _update_scan_actions | ic_star_black_48dp.png
[  97% ] _update_scan_actions | ic_star_half_black_16dp.png
[  97% ] _update_scan_actions | ic_star_half_black_36dp.png
[  97% ] _update_scan_actions | ic_star_half_black_48dp.png
[  97% ] _update_scan_actions | perm_group_accessibility_features.png
[  97% ] _update_scan_actions | perm_group_affects_battery.png
[  97% ] _update_scan_actions | perm_group_app_info.png
[  97% ] _update_scan_actions | perm_group_audio_settings.png
[  97% ] _update_scan_actions | perm_group_bluetooth.png
[  97% ] _update_scan_actions | perm_group_bookmarks.png
[  97% ] _update_scan_actions | perm_group_device_alarms.png
[  97% ] _update_scan_actions | perm_group_display.png
[  97% ] _update_scan_actions | perm_group_network.png
[  97% ] _update_scan_actions | perm_group_personal_info.png
[  97% ] _update_scan_actions | perm_group_screenlock.png
[  97% ] _update_scan_actions | perm_group_shortrange_network.png
[  97% ] _update_scan_actions | perm_group_status_bar.png
[  97% ] _update_scan_actions | perm_group_sync_settings.png
[  97% ] _update_scan_actions | perm_group_system_clock.png
[  97% ] _update_scan_actions | perm_group_system_tools.png
[  97% ] _update_scan_actions | perm_group_voicemail.png
[  97% ] _update_scan_actions | perm_group_wallpaper.png
[  97% ] _update_scan_actions | tab_indicator_mtrl_alpha.9.png
[  97% ] _update_scan_actions | text_select_handle_left_mtrl_alpha.png
[  97% ] _update_scan_actions | text_select_handle_right_mtrl_alpha.png
[  97% ] _update_scan_actions | sym_def_app_icon.png
[  97% ] _update_scan_actions | sym_def_app_icon_foreground.png
[  97% ] _update_scan_actions | sym_def_app_icon.png
[  98% ] _update_scan_actions | sym_def_app_icon_maskable.png
[  98% ] _update_scan_actions | sym_def_app_icon.png
[  98% ] _update_scan_actions | sym_def_app_icon_foreground.png
[  98% ] _update_scan_actions | sym_def_app_icon.png
[  98% ] _update_scan_actions | sym_def_app_icon_foreground.png
[  98% ] _update_scan_actions | sym_def_app_icon.png
[  98% ] _update_scan_actions | sym_def_app_icon_foreground.png
[  98% ] _update_scan_actions | sym_def_app_icon.png
[  98% ] _update_scan_actions | sym_def_app_icon_foreground.png
[  98% ] _update_scan_actions | fallbackring.ogg
[  98% ] _update_scan_actions | fallback_categories.csv
[  98% ] _update_scan_actions | arrow_down.png
[  98% ] _update_scan_actions | arrow_left.png
[  98% ] _update_scan_actions | arrow_right.png
[  98% ] _update_scan_actions | arrow_up.png
[  98% ] _update_scan_actions | background_land.png
[  98% ] _update_scan_actions | background_port.png
[  98% ] _update_scan_actions | button.png
[  98% ] _update_scan_actions | controls.png
[  98% ] _update_scan_actions | key.png
[  98% ] _update_scan_actions | keyboard.png
[  98% ] _update_scan_actions | select.png
[  98% ] _update_scan_actions | spacebar.png
[  98% ] _update_scan_actions | arrow_down.png
[  98% ] _update_scan_actions | arrow_left.png
[  98% ] _update_scan_actions | arrow_right.png
[  98% ] _update_scan_actions | arrow_up.png
[  98% ] _update_scan_actions | background_land.png
[  98% ] _update_scan_actions | background_port.png
[  98% ] _update_scan_actions | button.png
[  98% ] _update_scan_actions | controls.png
[  98% ] _update_scan_actions | key.png
[  98% ] _update_scan_actions | keyboard.png
[  98% ] _update_scan_actions | select.png
[  98% ] _update_scan_actions | spacebar.png
[  98% ] _update_scan_actions | arrow_down.png
[  98% ] _update_scan_actions | arrow_left.png
[  98% ] _update_scan_actions | arrow_right.png
[  98% ] _update_scan_actions | arrow_up.png
[  98% ] _update_scan_actions | background_land.png
[  98% ] _update_scan_actions | background_port.png
[  98% ] _update_scan_actions | button.png
[  98% ] _update_scan_actions | controls.png
[  98% ] _update_scan_actions | key.png
[  98% ] _update_scan_actions | keyboard.png
[  98% ] _update_scan_actions | select.png
[  98% ] _update_scan_actions | spacebar.png
[  98% ] _update_scan_actions | arrow_down.png
[  98% ] _update_scan_actions | arrow_left.png
[  98% ] _update_scan_actions | arrow_right.png
[  98% ] _update_scan_actions | arrow_up.png
[  98% ] _update_scan_actions | background_land.png
[  98% ] _update_scan_actions | background_port.png
[  98% ] _update_scan_actions | button.png
[  98% ] _update_scan_actions | controls.png
[  98% ] _update_scan_actions | key.png
[  98% ] _update_scan_actions | keyboard.png
[  98% ] _update_scan_actions | select.png
[  98% ] _update_scan_actions | spacebar.png
[  98% ] _update_scan_actions | arrow_down.png
[  98% ] _update_scan_actions | arrow_left.png
[  98% ] _update_scan_actions | arrow_right.png
[  98% ] _update_scan_actions | arrow_up.png
[  98% ] _update_scan_actions | background_land.png
[  98% ] _update_scan_actions | background_port.png
[  98% ] _update_scan_actions | button.png
[  98% ] _update_scan_actions | controls.png
[  98% ] _update_scan_actions | key.png
[  99% ] _update_scan_actions | keyboard.png
[  99% ] _update_scan_actions | select.png
[  99% ] _update_scan_actions | spacebar.png
[  99% ] _update_scan_actions | arrow_down.png
[  99% ] _update_scan_actions | arrow_left.png
[  99% ] _update_scan_actions | arrow_right.png
[  99% ] _update_scan_actions | arrow_up.png
[  99% ] _update_scan_actions | background_land.png
[  99% ] _update_scan_actions | background_port.png
[  99% ] _update_scan_actions | button.png
[  99% ] _update_scan_actions | controls.png
[  99% ] _update_scan_actions | key.png
[  99% ] _update_scan_actions | keyboard.png
[  99% ] _update_scan_actions | select.png
[  99% ] _update_scan_actions | spacebar.png
[  99% ] _update_scan_actions | arrow_down.png
[  99% ] _update_scan_actions | arrow_left.png
[  99% ] _update_scan_actions | arrow_right.png
[  99% ] _update_scan_actions | arrow_up.png
[  99% ] _update_scan_actions | background_land.png
[  99% ] _update_scan_actions | background_port.png
[  99% ] _update_scan_actions | button.png
[  99% ] _update_scan_actions | controls.png
[  99% ] _update_scan_actions | key.png
[  99% ] _update_scan_actions | keyboard.png
[  99% ] _update_scan_actions | select.png
[  99% ] _update_scan_actions | spacebar.png
[  99% ] _update_scan_actions | arrow_down.png
[  99% ] _update_scan_actions | arrow_left.png
[  99% ] _update_scan_actions | arrow_right.png
[  99% ] _update_scan_actions | arrow_up.png
[  99% ] _update_scan_actions | background_land.png
[  99% ] _update_scan_actions | background_port.png
[  99% ] _update_scan_actions | button.png
[  99% ] _update_scan_actions | controls.png
[  99% ] _update_scan_actions | key.png
[  99% ] _update_scan_actions | keyboard.png
[  99% ] _update_scan_actions | select.png
[  99% ] _update_scan_actions | spacebar.png
[  99% ] _update_scan_actions | arrow_down.png
[  99% ] _update_scan_actions | arrow_left.png
[  99% ] _update_scan_actions | arrow_right.png
[  99% ] _update_scan_actions | arrow_up.png
[  99% ] _update_scan_actions | background_land.png
[  99% ] _update_scan_actions | background_port.png
[  99% ] _update_scan_actions | button.png
[  99% ] _update_scan_actions | controls.png
[  99% ] _update_scan_actions | key.png
[  99% ] _update_scan_actions | keyboard.png
[  99% ] _update_scan_actions | select.png
[  99% ] _update_scan_actions | spacebar.png
[  99% ] _update_scan_actions | arrow_down.png
[  99% ] _update_scan_actions | arrow_left.png
[  99% ] _update_scan_actions | arrow_right.png
[  99% ] _update_scan_actions | arrow_up.png
[  99% ] _update_scan_actions | background_land.png
[  99% ] _update_scan_actions | background_port.png
[  99% ] _update_scan_actions | button.png
[  99% ] _update_scan_actions | controls.png
[  99% ] _update_scan_actions | key.png
[  99% ] _update_scan_actions | keyboard.png
[  99% ] _update_scan_actions | select.png
[  99% ] _update_scan_actions | spacebar.png
[  99% ] _update_scan_actions | ic_launcher_hdpi.png
[  99% ] _update_scan_actions | ic_launcher_ldpi.png
[  99% ] _update_scan_actions | ic_launcher_mdpi.png
[  99% ] _update_scan_actions | ic_launcher_xhdpi.png
[ DONE ] _update_scan_actions

[   0% ] reimport | Started 正在导入或重新导入资产 (394 steps)
[   0% ] reimport | 正在准备重新导入文件……
[   0% ] reimport | 正在准备重新导入文件……
[   0% ] reimport | 正在准备重新导入文件……
[   0% ] reimport | 正在准备重新导入文件……
[   1% ] reimport | 正在准备重新导入文件……
[   1% ] reimport | 正在准备重新导入文件……
[   1% ] reimport | 正在准备重新导入文件……
[   1% ] reimport | 正在准备重新导入文件……
[   2% ] reimport | 正在准备重新导入文件……
[   2% ] reimport | 正在准备重新导入文件……
[   2% ] reimport | 正在准备重新导入文件……
[   2% ] reimport | 正在准备重新导入文件……
[   3% ] reimport | 正在准备重新导入文件……
[   3% ] reimport | 正在准备重新导入文件……
[   3% ] reimport | 正在准备重新导入文件……
[   3% ] reimport | 正在准备重新导入文件……
[   4% ] reimport | 正在准备重新导入文件……
[   4% ] reimport | 正在准备重新导入文件……
[   4% ] reimport | 正在准备重新导入文件……
[   4% ] reimport | 正在准备重新导入文件……
[   5% ] reimport | 正在准备重新导入文件……
[   5% ] reimport | 正在准备重新导入文件……
[   5% ] reimport | 正在准备重新导入文件……
[   5% ] reimport | 正在准备重新导入文件……
[   6% ] reimport | 正在准备重新导入文件……
[   6% ] reimport | 正在准备重新导入文件……
[   6% ] reimport | 正在准备重新导入文件……
[   6% ] reimport | 正在准备重新导入文件……
[   7% ] reimport | 正在准备重新导入文件……
[   7% ] reimport | 正在准备重新导入文件……
[   7% ] reimport | 正在准备重新导入文件……
[   7% ] reimport | 正在准备重新导入文件……
[   8% ] reimport | 正在准备重新导入文件……
[   8% ] reimport | 正在准备重新导入文件……
[   8% ] reimport | 正在准备重新导入文件……
[   8% ] reimport | 正在准备重新导入文件……
[   9% ] reimport | 正在准备重新导入文件……
[   9% ] reimport | 正在准备重新导入文件……
[   9% ] reimport | 正在准备重新导入文件……
[   9% ] reimport | 正在准备重新导入文件……
[  10% ] reimport | 正在准备重新导入文件……
[  10% ] reimport | 正在准备重新导入文件……
[  10% ] reimport | 正在准备重新导入文件……
[  10% ] reimport | 正在准备重新导入文件……
[  11% ] reimport | 正在准备重新导入文件……
[  11% ] reimport | 正在准备重新导入文件……
[  11% ] reimport | 正在准备重新导入文件……
[  11% ] reimport | 正在准备重新导入文件……
[  12% ] reimport | 正在准备重新导入文件……
[  12% ] reimport | 正在准备重新导入文件……
[  12% ] reimport | 正在准备重新导入文件……
[  12% ] reimport | 正在准备重新导入文件……
[  13% ] reimport | 正在准备重新导入文件……
[  13% ] reimport | 正在准备重新导入文件……
[  13% ] reimport | 正在准备重新导入文件……
[  13% ] reimport | 正在准备重新导入文件……
[  14% ] reimport | 正在准备重新导入文件……
[  14% ] reimport | 正在准备重新导入文件……
[  14% ] reimport | 正在准备重新导入文件……
[  14% ] reimport | 正在准备重新导入文件……
[  15% ] reimport | 正在准备重新导入文件……
[  15% ] reimport | 正在准备重新导入文件……
[  15% ] reimport | 正在准备重新导入文件……
[  15% ] reimport | 正在准备重新导入文件……
[  16% ] reimport | 正在准备重新导入文件……
[  16% ] reimport | 正在准备重新导入文件……
[  16% ] reimport | 正在准备重新导入文件……
[  16% ] reimport | 正在准备重新导入文件……
[  17% ] reimport | 正在准备重新导入文件……
[  17% ] reimport | 正在准备重新导入文件……
[  17% ] reimport | 正在准备重新导入文件……
[  17% ] reimport | 正在准备重新导入文件……
[  18% ] reimport | 正在准备重新导入文件……
[  18% ] reimport | 正在准备重新导入文件……
[  18% ] reimport | 正在准备重新导入文件……
[  18% ] reimport | 正在准备重新导入文件……
[  19% ] reimport | 正在准备重新导入文件……
[  19% ] reimport | 正在准备重新导入文件……
[  19% ] reimport | 正在准备重新导入文件……
[  20% ] reimport | 正在准备重新导入文件……
[  20% ] reimport | 正在准备重新导入文件……
[  20% ] reimport | 正在准备重新导入文件……
[  20% ] reimport | 正在准备重新导入文件……
[  21% ] reimport | 正在准备重新导入文件……
[  21% ] reimport | 正在准备重新导入文件……
[  21% ] reimport | 正在准备重新导入文件……
[  21% ] reimport | 正在准备重新导入文件……
[  22% ] reimport | 正在准备重新导入文件……
[  22% ] reimport | 正在准备重新导入文件……
[  22% ] reimport | 正在准备重新导入文件……
[  22% ] reimport | 正在准备重新导入文件……
[  23% ] reimport | 正在准备重新导入文件……
[  23% ] reimport | 正在准备重新导入文件……
[  23% ] reimport | 正在准备重新导入文件……
[  23% ] reimport | 正在准备重新导入文件……
[  24% ] reimport | 正在准备重新导入文件……
[  24% ] reimport | 正在准备重新导入文件……
[  24% ] reimport | 正在准备重新导入文件……
[  24% ] reimport | 正在准备重新导入文件……
[  25% ] reimport | 正在准备重新导入文件……
[  25% ] reimport | 正在准备重新导入文件……
[  25% ] reimport | 正在准备重新导入文件……
[  25% ] reimport | 正在准备重新导入文件……
[  26% ] reimport | 正在准备重新导入文件……
[  26% ] reimport | 正在准备重新导入文件……
[  26% ] reimport | 正在准备重新导入文件……
[  26% ] reimport | 正在准备重新导入文件……
[  27% ] reimport | 正在准备重新导入文件……
[  27% ] reimport | 正在准备重新导入文件……
[  27% ] reimport | 正在准备重新导入文件……
[  27% ] reimport | 正在准备重新导入文件……
[  28% ] reimport | 正在准备重新导入文件……
[  28% ] reimport | 正在准备重新导入文件……
[  28% ] reimport | 正在准备重新导入文件……
[  28% ] reimport | 正在准备重新导入文件……
[  29% ] reimport | 正在准备重新导入文件……
[  29% ] reimport | 正在准备重新导入文件……
[  29% ] reimport | 正在准备重新导入文件……
[  29% ] reimport | 正在准备重新导入文件……
[  30% ] reimport | 正在准备重新导入文件……
[  30% ] reimport | 正在准备重新导入文件……
[  30% ] reimport | 正在准备重新导入文件……
[  30% ] reimport | 正在准备重新导入文件……
[  31% ] reimport | 正在准备重新导入文件……
[  31% ] reimport | 正在准备重新导入文件……
[  31% ] reimport | 正在准备重新导入文件……
[  31% ] reimport | 正在准备重新导入文件……
[  32% ] reimport | 正在准备重新导入文件……
[  32% ] reimport | 正在准备重新导入文件……
[  32% ] reimport | 正在准备重新导入文件……
[  32% ] reimport | 正在准备重新导入文件……
[  33% ] reimport | 正在准备重新导入文件……
[  33% ] reimport | 正在准备重新导入文件……
[  33% ] reimport | 正在准备重新导入文件……
[  33% ] reimport | 正在准备重新导入文件……
[  34% ] reimport | 正在准备重新导入文件……
[  34% ] reimport | 正在准备重新导入文件……
[  34% ] reimport | 正在准备重新导入文件……
[  34% ] reimport | 正在准备重新导入文件……
[  35% ] reimport | 正在准备重新导入文件……
[  35% ] reimport | 正在准备重新导入文件……
[  35% ] reimport | 正在准备重新导入文件……
[  35% ] reimport | 正在准备重新导入文件……
[  36% ] reimport | 正在准备重新导入文件……
[  36% ] reimport | 正在准备重新导入文件……
[  36% ] reimport | 正在准备重新导入文件……
[  36% ] reimport | 正在准备重新导入文件……
[  37% ] reimport | 正在准备重新导入文件……
[  37% ] reimport | 正在准备重新导入文件……
[  37% ] reimport | 正在准备重新导入文件……
[  37% ] reimport | 正在准备重新导入文件……
[  38% ] reimport | 正在准备重新导入文件……
[  38% ] reimport | 正在准备重新导入文件……
[  38% ] reimport | 正在准备重新导入文件……
[  38% ] reimport | 正在准备重新导入文件……
[  39% ] reimport | 正在准备重新导入文件……
[  39% ] reimport | 正在准备重新导入文件……
[  39% ] reimport | 正在准备重新导入文件……
[  40% ] reimport | 正在准备重新导入文件……
[  40% ] reimport | 正在准备重新导入文件……
[  40% ] reimport | 正在准备重新导入文件……
[  40% ] reimport | 正在准备重新导入文件……
[  41% ] reimport | 正在准备重新导入文件……
[  41% ] reimport | 正在准备重新导入文件……
[  41% ] reimport | 正在准备重新导入文件……
[  41% ] reimport | 正在准备重新导入文件……
[  42% ] reimport | 正在准备重新导入文件……
[  42% ] reimport | 正在准备重新导入文件……
[  42% ] reimport | 正在准备重新导入文件……
[  42% ] reimport | 正在准备重新导入文件……
[  43% ] reimport | 正在准备重新导入文件……
[  43% ] reimport | 正在准备重新导入文件……
[  43% ] reimport | 正在准备重新导入文件……
[  43% ] reimport | 正在准备重新导入文件……
[  44% ] reimport | 正在准备重新导入文件……
[  44% ] reimport | 正在准备重新导入文件……
[  44% ] reimport | 正在准备重新导入文件……
[  44% ] reimport | 正在准备重新导入文件……
[  45% ] reimport | 正在准备重新导入文件……
[  45% ] reimport | 正在准备重新导入文件……
[  45% ] reimport | 正在准备重新导入文件……
[  45% ] reimport | 正在准备重新导入文件……
[  46% ] reimport | 正在准备重新导入文件……
[  46% ] reimport | 正在准备重新导入文件……
[  46% ] reimport | 正在准备重新导入文件……
[  46% ] reimport | 正在准备重新导入文件……
[  47% ] reimport | 正在准备重新导入文件……
[  47% ] reimport | 正在准备重新导入文件……
[  47% ] reimport | 正在准备重新导入文件……
[  47% ] reimport | 正在准备重新导入文件……
[  48% ] reimport | 正在准备重新导入文件……
[  48% ] reimport | 正在准备重新导入文件……
[  48% ] reimport | 正在准备重新导入文件……
[  48% ] reimport | 正在准备重新导入文件……
[  49% ] reimport | 正在准备重新导入文件……
[  49% ] reimport | 正在准备重新导入文件……
[  49% ] reimport | 正在准备重新导入文件……
[  49% ] reimport | 正在准备重新导入文件……
[  50% ] reimport | 正在准备重新导入文件……
[  50% ] reimport | 正在准备重新导入文件……
[  50% ] reimport | 正在准备重新导入文件……
[  50% ] reimport | 正在准备重新导入文件……
[  51% ] reimport | 正在准备重新导入文件……
[  51% ] reimport | 正在准备重新导入文件……
[  51% ] reimport | 正在准备重新导入文件……
[  51% ] reimport | 正在准备重新导入文件……
[  52% ] reimport | 正在准备重新导入文件……
[  52% ] reimport | 正在准备重新导入文件……
[  52% ] reimport | 正在准备重新导入文件……
[  52% ] reimport | 正在准备重新导入文件……
[  53% ] reimport | 正在准备重新导入文件……
[  53% ] reimport | 正在准备重新导入文件……
[  53% ] reimport | 正在准备重新导入文件……
[  53% ] reimport | 正在准备重新导入文件……
[  54% ] reimport | 正在准备重新导入文件……
[  54% ] reimport | 正在准备重新导入文件……
[  54% ] reimport | 正在准备重新导入文件……
[  54% ] reimport | 正在准备重新导入文件……
[  55% ] reimport | 正在准备重新导入文件……
[  55% ] reimport | 正在准备重新导入文件……
[  55% ] reimport | 正在准备重新导入文件……
[  55% ] reimport | 正在准备重新导入文件……
[  56% ] reimport | 正在准备重新导入文件……
[  56% ] reimport | 正在准备重新导入文件……
[  56% ] reimport | 正在准备重新导入文件……
[  56% ] reimport | 正在准备重新导入文件……
[  57% ] reimport | 正在准备重新导入文件……
[  57% ] reimport | 正在准备重新导入文件……
[  57% ] reimport | 正在准备重新导入文件……
[  57% ] reimport | 正在准备重新导入文件……
[  58% ] reimport | 正在准备重新导入文件……
[  58% ] reimport | 正在准备重新导入文件……
[  58% ] reimport | 正在准备重新导入文件……
[  58% ] reimport | 正在准备重新导入文件……
[  59% ] reimport | 正在准备重新导入文件……
[  59% ] reimport | 正在准备重新导入文件……
[  59% ] reimport | 正在准备重新导入文件……
[  60% ] reimport | 正在准备重新导入文件……
[  60% ] reimport | 正在准备重新导入文件……
[  60% ] reimport | 正在准备重新导入文件……
[  60% ] reimport | 正在准备重新导入文件……
[  61% ] reimport | 正在准备重新导入文件……
[  61% ] reimport | 正在准备重新导入文件……
[  61% ] reimport | 正在准备重新导入文件……
[  61% ] reimport | 正在准备重新导入文件……
[  62% ] reimport | 正在准备重新导入文件……
[  62% ] reimport | 正在准备重新导入文件……
[  62% ] reimport | 正在准备重新导入文件……
[  62% ] reimport | 正在准备重新导入文件……
[  63% ] reimport | 正在准备重新导入文件……
[  63% ] reimport | 正在准备重新导入文件……
[  63% ] reimport | 正在准备重新导入文件……
[  63% ] reimport | 正在准备重新导入文件……
[  64% ] reimport | 正在准备重新导入文件……
[  64% ] reimport | 正在准备重新导入文件……
[  64% ] reimport | 正在准备重新导入文件……
[  64% ] reimport | 正在准备重新导入文件……
[  65% ] reimport | 正在准备重新导入文件……
[  65% ] reimport | 正在准备重新导入文件……
[  65% ] reimport | 正在准备重新导入文件……
[  65% ] reimport | 正在准备重新导入文件……
[  66% ] reimport | 正在准备重新导入文件……
[  66% ] reimport | 正在准备重新导入文件……
[  66% ] reimport | 正在准备重新导入文件……
[  66% ] reimport | 正在准备重新导入文件……
[  67% ] reimport | 正在准备重新导入文件……
[  67% ] reimport | 正在准备重新导入文件……
[  67% ] reimport | 正在准备重新导入文件……
[  67% ] reimport | 正在准备重新导入文件……
[  68% ] reimport | 正在准备重新导入文件……
[  68% ] reimport | 正在准备重新导入文件……
[  68% ] reimport | 正在准备重新导入文件……
[  68% ] reimport | 正在准备重新导入文件……
[  69% ] reimport | 正在准备重新导入文件……
[  69% ] reimport | 正在准备重新导入文件……
[  69% ] reimport | 正在准备重新导入文件……
[  69% ] reimport | 正在准备重新导入文件……
[  70% ] reimport | 正在准备重新导入文件……
[  70% ] reimport | 正在准备重新导入文件……
[  70% ] reimport | 正在准备重新导入文件……
[  70% ] reimport | 正在准备重新导入文件……
[  71% ] reimport | 正在准备重新导入文件……
[  71% ] reimport | 正在准备重新导入文件……
[  71% ] reimport | 正在准备重新导入文件……
[  71% ] reimport | 正在准备重新导入文件……
[  72% ] reimport | 正在准备重新导入文件……
[  72% ] reimport | 正在准备重新导入文件……
[  72% ] reimport | 正在准备重新导入文件……
[  72% ] reimport | 正在准备重新导入文件……
[  73% ] reimport | 正在准备重新导入文件……
[  73% ] reimport | 正在准备重新导入文件……
[  73% ] reimport | 正在准备重新导入文件……
[  73% ] reimport | 正在准备重新导入文件……
[  74% ] reimport | 正在准备重新导入文件……
[  74% ] reimport | 正在准备重新导入文件……
[  74% ] reimport | 正在准备重新导入文件……
[  74% ] reimport | 正在准备重新导入文件……
[  75% ] reimport | 正在准备重新导入文件……
[  75% ] reimport | 正在准备重新导入文件……
[  75% ] reimport | 正在准备重新导入文件……
[  75% ] reimport | 正在准备重新导入文件……
[  76% ] reimport | 正在准备重新导入文件……
[  76% ] reimport | 正在准备重新导入文件……
[  76% ] reimport | 正在准备重新导入文件……
[  76% ] reimport | 正在准备重新导入文件……
[  77% ] reimport | 正在准备重新导入文件……
[  77% ] reimport | 正在准备重新导入文件……
[  77% ] reimport | 正在准备重新导入文件……
[  77% ] reimport | 正在准备重新导入文件……
[  78% ] reimport | 正在准备重新导入文件……
[  78% ] reimport | 正在准备重新导入文件……
[  78% ] reimport | 正在准备重新导入文件……
[  78% ] reimport | 正在准备重新导入文件……
[  79% ] reimport | 正在准备重新导入文件……
[  79% ] reimport | 正在准备重新导入文件……
[  79% ] reimport | 正在准备重新导入文件……
[  80% ] reimport | 正在准备重新导入文件……
[  80% ] reimport | 正在准备重新导入文件……
[  80% ] reimport | 正在准备重新导入文件……
[  80% ] reimport | 正在准备重新导入文件……
[  81% ] reimport | 正在准备重新导入文件……
[  81% ] reimport | 正在准备重新导入文件……
[  81% ] reimport | 正在准备重新导入文件……
[  81% ] reimport | 正在准备重新导入文件……
[  82% ] reimport | 正在准备重新导入文件……
[  82% ] reimport | 正在准备重新导入文件……
[  82% ] reimport | 正在准备重新导入文件……
[  82% ] reimport | 正在准备重新导入文件……
[  83% ] reimport | 正在准备重新导入文件……
[  83% ] reimport | 正在准备重新导入文件……
[  83% ] reimport | 正在准备重新导入文件……
[  83% ] reimport | 正在准备重新导入文件……
[  84% ] reimport | 正在准备重新导入文件……
[  84% ] reimport | 正在准备重新导入文件……
[  84% ] reimport | 正在准备重新导入文件……
[  84% ] reimport | 正在准备重新导入文件……
[  85% ] reimport | 正在准备重新导入文件……
[  85% ] reimport | 正在准备重新导入文件……
[  85% ] reimport | 正在准备重新导入文件……
[  85% ] reimport | 正在准备重新导入文件……
[  86% ] reimport | 正在准备重新导入文件……
[  86% ] reimport | 正在准备重新导入文件……
[  86% ] reimport | 正在准备重新导入文件……
[  86% ] reimport | 正在准备重新导入文件……
[  87% ] reimport | 正在准备重新导入文件……
[  87% ] reimport | 正在准备重新导入文件……
[  87% ] reimport | 正在准备重新导入文件……
[  87% ] reimport | 正在准备重新导入文件……
[  88% ] reimport | 正在准备重新导入文件……
[  88% ] reimport | 正在准备重新导入文件……
[  88% ] reimport | 正在准备重新导入文件……
[  88% ] reimport | 正在准备重新导入文件……
[  89% ] reimport | 正在准备重新导入文件……
[  89% ] reimport | 正在准备重新导入文件……
[  89% ] reimport | 正在准备重新导入文件……
[  89% ] reimport | 正在准备重新导入文件……
[  90% ] reimport | 正在准备重新导入文件……
[  90% ] reimport | 正在准备重新导入文件……
[  90% ] reimport | 正在准备重新导入文件……
[  90% ] reimport | 正在准备重新导入文件……
[  91% ] reimport | 正在准备重新导入文件……
[  91% ] reimport | 正在准备重新导入文件……
[  91% ] reimport | 正在准备重新导入文件……
[  91% ] reimport | 正在准备重新导入文件……
[  92% ] reimport | 正在准备重新导入文件……
[  92% ] reimport | 正在准备重新导入文件……
[  92% ] reimport | 正在准备重新导入文件……
[  92% ] reimport | 正在准备重新导入文件……
[  93% ] reimport | 正在准备重新导入文件……
[  93% ] reimport | 正在准备重新导入文件……
[  93% ] reimport | 正在准备重新导入文件……
[  93% ] reimport | 正在准备重新导入文件……
[  94% ] reimport | 正在准备重新导入文件……
[  94% ] reimport | 正在准备重新导入文件……
[  94% ] reimport | 正在准备重新导入文件……
[  94% ] reimport | 正在准备重新导入文件……
[  95% ] reimport | 正在准备重新导入文件……
[  95% ] reimport | 正在准备重新导入文件……
[  95% ] reimport | 正在准备重新导入文件……
[  95% ] reimport | 正在准备重新导入文件……
[  96% ] reimport | 正在准备重新导入文件……
[  96% ] reimport | 正在准备重新导入文件……
[  96% ] reimport | 正在准备重新导入文件……
[  96% ] reimport | 正在准备重新导入文件……
[  97% ] reimport | 正在准备重新导入文件……
[  97% ] reimport | 正在准备重新导入文件……
[  97% ] reimport | 正在准备重新导入文件……
[  97% ] reimport | 正在准备重新导入文件……
[  98% ] reimport | 正在准备重新导入文件……
[  98% ] reimport | 正在准备重新导入文件……
[  98% ] reimport | 正在准备重新导入文件……
[  98% ] reimport | 正在准备重新导入文件……
[  99% ] reimport | 正在准备重新导入文件……
[  99% ] reimport | 正在准备重新导入文件……
[   0% ] reimport | 正在执行重新导入的前置操作……
[   0% ] reimport | frame_05.png
[   0% ] reimport | frame_04.png
[   0% ] reimport | frame_03.png
[   0% ] reimport | frame_02.png
[   1% ] reimport | frame_01.png
[   1% ] reimport | frame_00.png
[   1% ] reimport | frame_05.png
[   1% ] reimport | frame_04.png
[   2% ] reimport | frame_03.png
[   2% ] reimport | frame_02.png
[   2% ] reimport | frame_01.png
[   2% ] reimport | frame_00.png
[   3% ] reimport | frame_05.png
[   3% ] reimport | frame_04.png
[   3% ] reimport | frame_03.png
[   3% ] reimport | frame_02.png
[   4% ] reimport | frame_01.png
[   4% ] reimport | frame_00.png
[   4% ] reimport | frame_05.png
[   4% ] reimport | frame_04.png
[   5% ] reimport | frame_03.png
[   5% ] reimport | frame_02.png
[   5% ] reimport | frame_01.png
[   5% ] reimport | frame_00.png
[   6% ] reimport | frame_00.png
[   6% ] reimport | frame_05.png
[   6% ] reimport | frame_04.png
[   6% ] reimport | frame_03.png
[   7% ] reimport | frame_02.png
[   7% ] reimport | frame_01.png
[   7% ] reimport | frame_00.png
[   7% ] reimport | frame_05.png
[   8% ] reimport | frame_04.png
[   8% ] reimport | frame_03.png
[   8% ] reimport | frame_02.png
[   8% ] reimport | frame_01.png
[   9% ] reimport | frame_00.png
[   9% ] reimport | frame_05.png
[   9% ] reimport | frame_04.png
[   9% ] reimport | frame_03.png
[  10% ] reimport | frame_02.png
[  10% ] reimport | frame_01.png
[  10% ] reimport | frame_00.png
[  10% ] reimport | frame_05.png
[  11% ] reimport | frame_04.png
[  11% ] reimport | frame_03.png
[  11% ] reimport | frame_02.png
[  11% ] reimport | frame_01.png
[  12% ] reimport | frame_00.png
[  12% ] reimport | frame_02.png
[  12% ] reimport | frame_01.png
[  12% ] reimport | frame_00.png
[  13% ] reimport | frame_05.png
[  13% ] reimport | frame_04.png
[  13% ] reimport | frame_03.png
[  13% ] reimport | frame_02.png
[  14% ] reimport | frame_01.png
[  14% ] reimport | frame_00.png
[  14% ] reimport | frame_05.png
[  14% ] reimport | frame_04.png
[  15% ] reimport | frame_03.png
[  15% ] reimport | frame_02.png
[  15% ] reimport | frame_01.png
[  15% ] reimport | frame_00.png
[  16% ] reimport | frame_05.png
[  16% ] reimport | frame_04.png
[  16% ] reimport | frame_03.png
[  16% ] reimport | frame_02.png
[  17% ] reimport | frame_01.png
[  17% ] reimport | frame_00.png
[  17% ] reimport | frame_05.png
[  17% ] reimport | frame_04.png
[  18% ] reimport | frame_03.png
[  18% ] reimport | frame_05.png
[  18% ] reimport | frame_04.png
[  18% ] reimport | frame_03.png
[  19% ] reimport | frame_02.png
[  19% ] reimport | frame_01.png
[  19% ] reimport | frame_00.png
[  20% ] reimport | frame_05.png
[  20% ] reimport | frame_04.png
[  20% ] reimport | frame_03.png
[  20% ] reimport | frame_02.png
[  21% ] reimport | frame_01.png
[  21% ] reimport | frame_00.png
[  21% ] reimport | frame_09.png
[  21% ] reimport | frame_08.png
[  22% ] reimport | frame_07.png
[  22% ] reimport | frame_06.png
[  22% ] reimport | frame_05.png
[  22% ] reimport | frame_04.png
[  23% ] reimport | frame_03.png
[  23% ] reimport | frame_02.png
[  23% ] reimport | frame_01.png
[  23% ] reimport | frame_00.png
[  24% ] reimport | frame_05.png
[  24% ] reimport | frame_04.png
[  24% ] reimport | frame_03.png
[  24% ] reimport | frame_06.png
[  25% ] reimport | frame_05.png
[  25% ] reimport | frame_04.png
[  25% ] reimport | frame_03.png
[  25% ] reimport | frame_02.png
[  26% ] reimport | frame_01.png
[  26% ] reimport | frame_00.png
[  26% ] reimport | frame_09.png
[  26% ] reimport | frame_08.png
[  27% ] reimport | frame_07.png
[  27% ] reimport | frame_06.png
[  27% ] reimport | frame_05.png
[  27% ] reimport | frame_04.png
[  28% ] reimport | frame_03.png
[  28% ] reimport | frame_02.png
[  28% ] reimport | frame_01.png
[  28% ] reimport | frame_00.png
[  29% ] reimport | frame_09.png
[  29% ] reimport | frame_08.png
[  29% ] reimport | frame_07.png
[  29% ] reimport | frame_06.png
[  30% ] reimport | frame_05.png
[  30% ] reimport | frame_04.png
[  30% ] reimport | frame_03.png
[  30% ] reimport | temptation_light.png
[  31% ] reimport | teleport.png
[  31% ] reimport | repulsion_ring.png
[  31% ] reimport | hell_lightning.png
[  31% ] reimport | hellfire.png
[  32% ] reimport | great_fireball.png
[  32% ] reimport | fire_wall.png
[  32% ] reimport | fireball.png
[  32% ] reimport | exploding_flame.png
[  33% ] reimport | wide_hit.png
[  33% ] reimport | power_hit.png
[  33% ] reimport | long_hit.png
[  33% ] reimport | fire_hit_d1_f1.png
[  34% ] reimport | fire_hit_d1_f0.png
[  34% ] reimport | fire_hit_d0_f1.png
[  34% ] reimport | fire_hit_d0_f0.png
[  34% ] reimport | frame_15.png
[  35% ] reimport | frame_14.png
[  35% ] reimport | frame_13.png
[  35% ] reimport | frame_12.png
[  35% ] reimport | frame_11.png
[  36% ] reimport | frame_10.png
[  36% ] reimport | frame_09.png
[  36% ] reimport | frame_08.png
[  36% ] reimport | frame_07.png
[  37% ] reimport | frame_01.png
[  37% ] reimport | frame_00.png
[  37% ] reimport | frame_05.png
[  37% ] reimport | frame_04.png
[  38% ] reimport | frame_03.png
[  38% ] reimport | frame_02.png
[  38% ] reimport | frame_01.png
[  38% ] reimport | frame_00.png
[  39% ] reimport | frame_05.png
[  39% ] reimport | frame_04.png
[  39% ] reimport | frame_03.png
[  40% ] reimport | frame_02.png
[  40% ] reimport | frame_01.png
[  40% ] reimport | frame_00.png
[  40% ] reimport | frame_05.png
[  41% ] reimport | frame_04.png
[  41% ] reimport | frame_03.png
[  41% ] reimport | frame_02.png
[  41% ] reimport | frame_01.png
[  42% ] reimport | frame_00.png
[  42% ] reimport | frame_05.png
[  42% ] reimport | frame_04.png
[  42% ] reimport | frame_03.png
[  43% ] reimport | frame_02.png
[  43% ] reimport | frame_01.png
[  43% ] reimport | frame_02.png
[  43% ] reimport | frame_01.png
[  44% ] reimport | frame_00.png
[  44% ] reimport | frame_05.png
[  44% ] reimport | frame_04.png
[  44% ] reimport | frame_03.png
[  45% ] reimport | frame_02.png
[  45% ] reimport | frame_01.png
[  45% ] reimport | frame_00.png
[  45% ] reimport | frame_05.png
[  46% ] reimport | frame_04.png
[  46% ] reimport | frame_03.png
[  46% ] reimport | frame_02.png
[  46% ] reimport | frame_01.png
[  47% ] reimport | frame_00.png
[  47% ] reimport | frame_05.png
[  47% ] reimport | frame_04.png
[  47% ] reimport | frame_03.png
[  48% ] reimport | frame_02.png
[  48% ] reimport | frame_01.png
[  48% ] reimport | frame_00.png
[  48% ] reimport | frame_05.png
[  49% ] reimport | frame_04.png
[  49% ] reimport | frame_03.png
[  49% ] reimport | frame_02.png
[  49% ] reimport | frame_04.png
[  50% ] reimport | frame_03.png
[  50% ] reimport | frame_02.png
[  50% ] reimport | frame_01.png
[  50% ] reimport | frame_00.png
[  51% ] reimport | frame_05.png
[  51% ] reimport | frame_04.png
[  51% ] reimport | frame_03.png
[  51% ] reimport | frame_02.png
[  52% ] reimport | frame_01.png
[  52% ] reimport | frame_00.png
[  52% ] reimport | frame_05.png
[  52% ] reimport | frame_04.png
[  53% ] reimport | frame_03.png
[  53% ] reimport | frame_02.png
[  53% ] reimport | frame_01.png
[  53% ] reimport | frame_00.png
[  54% ] reimport | frame_05.png
[  54% ] reimport | frame_04.png
[  54% ] reimport | frame_03.png
[  54% ] reimport | frame_02.png
[  55% ] reimport | frame_01.png
[  55% ] reimport | frame_00.png
[  55% ] reimport | frame_05.png
[  55% ] reimport | frame_05.png
[  56% ] reimport | frame_04.png
[  56% ] reimport | frame_03.png
[  56% ] reimport | frame_02.png
[  56% ] reimport | frame_01.png
[  57% ] reimport | frame_00.png
[  57% ] reimport | frame_05.png
[  57% ] reimport | frame_04.png
[  57% ] reimport | frame_03.png
[  58% ] reimport | frame_02.png
[  58% ] reimport | frame_01.png
[  58% ] reimport | frame_00.png
[  58% ] reimport | frame_05.png
[  59% ] reimport | frame_04.png
[  59% ] reimport | frame_03.png
[  59% ] reimport | frame_02.png
[  60% ] reimport | frame_01.png
[  60% ] reimport | frame_00.png
[  60% ] reimport | frame_05.png
[  60% ] reimport | frame_04.png
[  61% ] reimport | frame_03.png
[  61% ] reimport | frame_02.png
[  61% ] reimport | frame_01.png
[  61% ] reimport | frame_00.png
[  62% ] reimport | frame_05.png
[  62% ] reimport | frame_03.png
[  62% ] reimport | frame_02.png
[  62% ] reimport | frame_01.png
[  63% ] reimport | frame_00.png
[  63% ] reimport | frame_19.png
[  63% ] reimport | frame_18.png
[  63% ] reimport | frame_17.png
[  64% ] reimport | frame_16.png
[  64% ] reimport | frame_15.png
[  64% ] reimport | frame_14.png
[  64% ] reimport | frame_13.png
[  65% ] reimport | frame_12.png
[  65% ] reimport | frame_11.png
[  65% ] reimport | frame_10.png
[  65% ] reimport | frame_09.png
[  66% ] reimport | frame_08.png
[  66% ] reimport | frame_07.png
[  66% ] reimport | frame_06.png
[  66% ] reimport | frame_05.png
[  67% ] reimport | frame_04.png
[  67% ] reimport | frame_03.png
[  67% ] reimport | frame_02.png
[  67% ] reimport | frame_01.png
[  68% ] reimport | frame_00.png
[  68% ] reimport | frame_04.png
[  68% ] reimport | frame_03.png
[  68% ] reimport | frame_02.png
[  69% ] reimport | frame_01.png
[  69% ] reimport | frame_00.png
[  69% ] reimport | frame_05.png
[  69% ] reimport | frame_04.png
[  70% ] reimport | frame_03.png
[  70% ] reimport | frame_02.png
[  70% ] reimport | frame_01.png
[  70% ] reimport | frame_00.png
[  71% ] reimport | frame_05.png
[  71% ] reimport | frame_04.png
[  71% ] reimport | frame_03.png
[  71% ] reimport | frame_02.png
[  72% ] reimport | frame_01.png
[  72% ] reimport | frame_00.png
[  72% ] reimport | frame_05.png
[  72% ] reimport | frame_04.png
[  73% ] reimport | frame_03.png
[  73% ] reimport | frame_02.png
[  73% ] reimport | frame_01.png
[  73% ] reimport | frame_00.png
[  74% ] reimport | frame_05.png
[  74% ] reimport | frame_04.png
[  74% ] reimport | frame_01.png
[  74% ] reimport | frame_00.png
[  75% ] reimport | frame_05.png
[  75% ] reimport | frame_04.png
[  75% ] reimport | frame_03.png
[  75% ] reimport | frame_02.png
[  76% ] reimport | frame_01.png
[  76% ] reimport | frame_00.png
[  76% ] reimport | frame_05.png
[  76% ] reimport | frame_04.png
[  77% ] reimport | frame_03.png
[  77% ] reimport | frame_02.png
[  77% ] reimport | frame_01.png
[  77% ] reimport | frame_00.png
[  78% ] reimport | frame_05.png
[  78% ] reimport | frame_04.png
[  78% ] reimport | frame_03.png
[  78% ] reimport | frame_02.png
[  79% ] reimport | frame_01.png
[  79% ] reimport | frame_00.png
[  79% ] reimport | frame_05.png
[  80% ] reimport | frame_04.png
[  80% ] reimport | frame_03.png
[  80% ] reimport | frame_02.png
[  80% ] reimport | frame_02.png
[  81% ] reimport | frame_01.png
[  81% ] reimport | frame_00.png
[  81% ] reimport | frame_05.png
[  81% ] reimport | frame_04.png
[  82% ] reimport | frame_03.png
[  82% ] reimport | frame_02.png
[  82% ] reimport | frame_01.png
[  82% ] reimport | frame_00.png
[  83% ] reimport | frame_05.png
[  83% ] reimport | frame_04.png
[  83% ] reimport | frame_03.png
[  83% ] reimport | frame_02.png
[  84% ] reimport | frame_01.png
[  84% ] reimport | frame_00.png
[  84% ] reimport | frame_05.png
[  84% ] reimport | frame_04.png
[  85% ] reimport | frame_03.png
[  85% ] reimport | frame_02.png
[  85% ] reimport | frame_01.png
[  85% ] reimport | frame_00.png
[  86% ] reimport | frame_05.png
[  86% ] reimport | frame_04.png
[  86% ] reimport | frame_03.png
[  86% ] reimport | frame_02.png
[  87% ] reimport | frame_00.png
[  87% ] reimport | frame_05.png
[  87% ] reimport | frame_04.png
[  87% ] reimport | frame_03.png
[  88% ] reimport | frame_02.png
[  88% ] reimport | frame_01.png
[  88% ] reimport | frame_00.png
[  88% ] reimport | frame_05.png
[  89% ] reimport | frame_04.png
[  89% ] reimport | frame_03.png
[  89% ] reimport | frame_02.png
[  89% ] reimport | frame_01.png
[  90% ] reimport | frame_00.png
[  90% ] reimport | frame_05.png
[  90% ] reimport | frame_04.png
[  90% ] reimport | frame_03.png
[  91% ] reimport | frame_02.png
[  91% ] reimport | frame_01.png
[  91% ] reimport | frame_00.png
[  91% ] reimport | frame_05.png
[  92% ] reimport | frame_04.png
[  92% ] reimport | frame_03.png
[  92% ] reimport | frame_02.png
[  92% ] reimport | frame_01.png
[  93% ] reimport | frame_00.png
[  93% ] reimport | frame_01.png
[  93% ] reimport | frame_00.png
[  93% ] reimport | frame_05.png
[  94% ] reimport | frame_04.png
[  94% ] reimport | frame_03.png
[  94% ] reimport | frame_02.png
[  94% ] reimport | frame_01.png
[  95% ] reimport | frame_00.png
[  95% ] reimport | frame_05.png
[  95% ] reimport | frame_04.png
[  95% ] reimport | frame_03.png
[  96% ] reimport | frame_02.png
[  96% ] reimport | frame_01.png
[  96% ] reimport | frame_00.png
[  96% ] reimport | frame_05.png
[  97% ] reimport | frame_04.png
[  97% ] reimport | frame_03.png
[  97% ] reimport | frame_02.png
[  97% ] reimport | frame_01.png
[  98% ] reimport | frame_00.png
[  98% ] reimport | frame_05.png
[  98% ] reimport | frame_04.png
[  98% ] reimport | frame_03.png
[  99% ] reimport | frame_02.png
[  99% ] reimport | frame_01.png
[  99% ] reimport | 正在结束资产导入……
[ DONE ] reimport

[   0% ] reimport | Started 正在导入或重新导入资产 (394 steps)
[   0% ] reimport | 正在执行重新导入的后置操作……
[ DONE ] reimport

[   0% ] loading_editor_layout | Started 正在加载编辑器 (5 steps)
[   0% ] loading_editor_layout | 正在加载编辑器布局……
[  16% ] loading_editor_layout | 正在加载停靠面板……
[ DONE ] loading_editor_layout

