工作表,怪物ID,Excel行,物品名,B物品ID,C奖励类型,D金币金额,E公式或原数字,E表示类型,数值候选或公式精确分数,F显示来源,G历史构成,H原槽字段
稻草人,21,6,金币,,金币,150,'=1/4,exact_formula,1/4,'=E6,SPB:BYPASS_GOLD,dpv2.direct.m21.slot_001
稻草人,21,7,金创药(小量),920045,物品,,'=1/5,exact_formula,1/5,'=E7,SPB:BYPASS_COMMON_RECOVERY,dpv2.direct.m21.slot_002
稻草人,21,8,魔法药(小量),920053,物品,,'=1/5,exact_formula,1/5,'=E8,SPB:BYPASS_COMMON_RECOVERY,dpv2.direct.m21.slot_003
稻草人,21,9,乌木剑,82,物品,,'=1/20,exact_formula,1/20,'=E9,SPB:AUTO_BOOST;小怪装备分母x3,dpv2.direct.m21.slot_008
稻草人,21,10,传统项链,154,物品,,'=1/20,exact_formula,1/20,'=E10,SPB:AUTO_BOOST;小怪装备分母x3,dpv2.direct.m21.slot_004
稻草人,21,11,匕首,81,物品,,'=1/20,exact_formula,1/20,'=E11,SPB:AUTO_BOOST;小怪装备分母x3,dpv2.direct.m21.slot_009
稻草人,21,12,古铜戒指,197,物品,,'=1/20,exact_formula,1/20,'=E12,SPB:AUTO_BOOST;小怪装备分母x3,dpv2.direct.m21.slot_006
稻草人,21,13,布衣(男),116,物品,,'=1/20,exact_formula,1/20,'=E13,SPB:AUTO_BOOST;小怪装备分母x3,dpv2.direct.m21.slot_012
稻草人,21,15,木剑,80,物品,,'=1/20,exact_formula,1/20,'=E15,SPB:AUTO_BOOST;小怪装备分母x3,dpv2.direct.m21.slot_010
稻草人,21,16,金项链,153,物品,,'=1/20,exact_formula,1/20,'=E16,SPB:AUTO_BOOST;小怪装备分母x3,dpv2.direct.m21.slot_007
稻草人,21,17,铁手镯,174,物品,,'=1/20,exact_formula,1/20,'=E17,SPB:AUTO_BOOST;小怪装备分母x3,dpv2.direct.m21.slot_005
稻草人,21,18,体力强效神水,910001,物品,,'=1/60,exact_formula,1/60,'=E18,SPB:AUTO_BOOST;小怪神水分母x6,dpv2.direct.m21.slot_013
稻草人,21,19,攻击神水,910004,物品,,'=1/60,exact_formula,1/60,'=E19,SPB:AUTO_BOOST;小怪神水分母x6,dpv2.direct.m21.slot_015
稻草人,21,20,疾风神水,910003,物品,,'=1/60,exact_formula,1/60,'=E20,SPB:AUTO_BOOST;小怪神水分母x6,dpv2.direct.m21.slot_014
多钩猫,24,6,金币,,金币,250,'=1/4,exact_formula,1/4,'=E6,SPB:BYPASS_GOLD,dpv2.direct.m24.slot_001
多钩猫,24,7,乌木剑,82,物品,,'=1/20,exact_formula,1/20,'=E7,SPB:AUTO_BOOST;SPB_CEILING_1_20;小怪装备分母x3,dpv2.direct.m24.slot_007
多钩猫,24,8,传统项链,154,物品,,'=1/20,exact_formula,1/20,'=E8,SPB:AUTO_BOOST;SPB_CEILING_1_20;小怪装备分母x3,dpv2.direct.m24.slot_003
多钩猫,24,9,匕首,81,物品,,'=1/20,exact_formula,1/20,'=E9,SPB:AUTO_BOOST;SPB_CEILING_1_20;小怪装备分母x3,dpv2.direct.m24.slot_008
多钩猫,24,10,古铜戒指,197,物品,,'=1/20,exact_formula,1/20,'=E10,SPB:AUTO_BOOST;SPB_CEILING_1_20;小怪装备分母x3,dpv2.direct.m24.slot_005
多钩猫,24,11,布衣(男),116,物品,,'=1/20,exact_formula,1/20,'=E11,SPB:AUTO_BOOST;SPB_CEILING_1_20;小怪装备分母x3,dpv2.direct.m24.slot_011
多钩猫,24,13,木剑,80,物品,,'=1/20,exact_formula,1/20,'=E13,SPB:AUTO_BOOST;SPB_CEILING_1_20;小怪装备分母x3,dpv2.direct.m24.slot_009
多钩猫,24,14,金项链,153,物品,,'=1/20,exact_formula,1/20,'=E14,SPB:AUTO_BOOST;SPB_CEILING_1_20;小怪装备分母x3,dpv2.direct.m24.slot_006
多钩猫,24,15,铁手镯,174,物品,,'=1/20,exact_formula,1/20,'=E15,SPB:AUTO_BOOST;SPB_CEILING_1_20;小怪装备分母x3,dpv2.direct.m24.slot_004
多钩猫,24,16,魔法头盔,148,物品,,'=1/20,exact_formula,1/20,'=E16,SPB:AUTO_BOOST;SPB_CEILING_1_20;小怪装备分母x3,dpv2.direct.m24.slot_002
多钩猫,24,17,体力强效神水,910001,物品,,'=1/60,exact_formula,1/60,'=E17,SPB:AUTO_BOOST;小怪神水分母x6,dpv2.direct.m24.slot_012
多钩猫,24,18,攻击神水,910004,物品,,'=1/60,exact_formula,1/60,'=E18,SPB:AUTO_BOOST;小怪神水分母x6,dpv2.direct.m24.slot_014
多钩猫,24,19,疾风神水,910003,物品,,'=1/60,exact_formula,1/60,'=E19,SPB:AUTO_BOOST;小怪神水分母x6,dpv2.direct.m24.slot_013
钉耙猫,26,6,金币,,金币,250,'=1/4,exact_formula,1/4,'=E6,SPB:BYPASS_GOLD,dpv2.direct.m26.slot_001
钉耙猫,26,7,乌木剑,82,物品,,'=1/20,exact_formula,1/20,'=E7,SPB:AUTO_BOOST;SPB_CEILING_1_20;小怪装备分母x3,dpv2.direct.m26.slot_006
钉耙猫,26,8,传统项链,154,物品,,'=1/20,exact_formula,1/20,'=E8,SPB:AUTO_BOOST;SPB_CEILING_1_20;小怪装备分母x3,dpv2.direct.m26.slot_002
钉耙猫,26,9,匕首,81,物品,,'=1/20,exact_formula,1/20,'=E9,SPB:AUTO_BOOST;SPB_CEILING_1_20;小怪装备分母x3,dpv2.direct.m26.slot_007
钉耙猫,26,10,古铜戒指,197,物品,,'=1/20,exact_formula,1/20,'=E10,SPB:AUTO_BOOST;SPB_CEILING_1_20;小怪装备分母x3,dpv2.direct.m26.slot_004
钉耙猫,26,11,布衣(男),116,物品,,'=1/20,exact_formula,1/20,'=E11,SPB:AUTO_BOOST;SPB_CEILING_1_20;小怪装备分母x3,dpv2.direct.m26.slot_010
钉耙猫,26,13,木剑,80,物品,,'=1/20,exact_formula,1/20,'=E13,SPB:AUTO_BOOST;SPB_CEILING_1_20;小怪装备分母x3,dpv2.direct.m26.slot_008
钉耙猫,26,14,金项链,153,物品,,'=1/20,exact_formula,1/20,'=E14,SPB:AUTO_BOOST;SPB_CEILING_1_20;小怪装备分母x3,dpv2.direct.m26.slot_005
钉耙猫,26,15,铁手镯,174,物品,,'=1/20,exact_formula,1/20,'=E15,SPB:AUTO_BOOST;SPB_CEILING_1_20;小怪装备分母x3,dpv2.direct.m26.slot_003
钉耙猫,26,16,体力强效神水,910001,物品,,'=1/60,exact_formula,1/60,'=E16,SPB:AUTO_BOOST;小怪神水分母x6,dpv2.direct.m26.slot_011
钉耙猫,26,17,攻击神水,910004,物品,,'=1/60,exact_formula,1/60,'=E17,SPB:AUTO_BOOST;小怪神水分母x6,dpv2.direct.m26.slot_013
钉耙猫,26,18,疾风神水,910003,物品,,'=1/60,exact_formula,1/60,'=E18,SPB:AUTO_BOOST;小怪神水分母x6,dpv2.direct.m26.slot_012
森林雪人,28,6,金币,,金币,350,'=1/4,exact_formula,1/4,'=E6,SPB:BYPASS_GOLD,dpv2.direct.m28.slot_001
森林雪人,28,7,金创药(小量),920045,物品,,'=1/5,exact_formula,1/5,'=E7,SPB:BYPASS_COMMON_RECOVERY,dpv2.direct.m28.slot_002
森林雪人,28,8,魔法药(小量),920053,物品,,'=1/5,exact_formula,1/5,'=E8,SPB:BYPASS_COMMON_RECOVERY,dpv2.direct.m28.slot_003
森林雪人,28,9,乌木剑,82,物品,,'=1/20,exact_formula,1/20,'=E9,SPB:AUTO_BOOST;SPB_CEILING_1_20;小怪装备分母x3,dpv2.direct.m28.slot_018
森林雪人,28,10,传统项链,154,物品,,'=1/20,exact_formula,1/20,'=E10,SPB:AUTO_BOOST;SPB_CEILING_1_20;小怪装备分母x3,dpv2.direct.m28.slot_022
森林雪人,28,11,匕首,81,物品,,'=1/20,exact_formula,1/20,'=E11,SPB:AUTO_BOOST;SPB_CEILING_1_20;小怪装备分母x3,dpv2.direct.m28.slot_017
森林雪人,28,12,古铜戒指,197,物品,,'=1/20,exact_formula,1/20,'=E12,SPB:AUTO_BOOST;SPB_CEILING_1_20;小怪装备分母x3,dpv2.direct.m28.slot_020
森林雪人,28,13,布衣(男),116,物品,,'=1/20,exact_formula,1/20,'=E13,SPB:AUTO_BOOST;SPB_CEILING_1_20;小怪装备分母x3,dpv2.direct.m28.slot_014
森林雪人,28,15,木剑,80,物品,,'=1/20,exact_formula,1/20,'=E15,SPB:AUTO_BOOST;SPB_CEILING_1_20;小怪装备分母x3,dpv2.direct.m28.slot_016
森林雪人,28,16,金项链,153,物品,,'=1/20,exact_formula,1/20,'=E16,SPB:AUTO_BOOST;SPB_CEILING_1_20;小怪装备分母x3,dpv2.direct.m28.slot_019
森林雪人,28,17,铁手镯,174,物品,,'=1/20,exact_formula,1/20,'=E17,SPB:AUTO_BOOST;SPB_CEILING_1_20;小怪装备分母x3,dpv2.direct.m28.slot_021
森林雪人,28,18,六角戒指,198,物品,,'=1/20,exact_formula,1/20,'=E18,SPB:AUTO_BOOST;小怪装备分母x3,dpv2.direct.m28.slot_008
森林雪人,28,19,大手镯,179,物品,,'=1/20,exact_formula,1/20,'=E19,SPB:AUTO_BOOST;小怪装备分母x3,dpv2.direct.m28.slot_013
森林雪人,28,20,小手镯,175,物品,,'=1/20,exact_formula,1/20,'=E20,SPB:AUTO_BOOST;小怪装备分母x3,dpv2.direct.m28.slot_006
森林雪人,28,21,牛角戒指,200,物品,,'=1/20,exact_formula,1/20,'=E21,SPB:AUTO_BOOST;小怪装备分母x3,dpv2.direct.m28.slot_012
森林雪人,28,22,玻璃戒指,199,物品,,'=1/20,exact_formula,1/20,'=E22,SPB:AUTO_BOOST;小怪装备分母x3,dpv2.direct.m28.slot_007
森林雪人,28,23,皮制手套,177,物品,,'=1/20,exact_formula,1/20,'=E23,SPB:AUTO_BOOST;小怪装备分母x3,dpv2.direct.m28.slot_009
森林雪人,28,24,钢手镯,178,物品,,'=1/20,exact_formula,1/20,'=E24,SPB:AUTO_BOOST;小怪装备分母x3,dpv2.direct.m28.slot_011
森林雪人,28,25,银手镯,176,物品,,'=1/20,exact_formula,1/20,'=E25,SPB:AUTO_BOOST;小怪装备分母x3,dpv2.direct.m28.slot_010
森林雪人,28,26,青铜剑,83,物品,,'=1/20,exact_formula,1/20,'=E26,SPB:AUTO_BOOST;小怪装备分母x3,dpv2.direct.m28.slot_005
森林雪人,28,27,太阳水,920014,物品,,'=1/5,exact_formula,1/5,'=E27,SPB:BYPASS_COMMON_RECOVERY,dpv2.direct.m28.slot_004
森林雪人,28,28,体力强效神水,910001,物品,,'=1/60,exact_formula,1/60,'=E28,SPB:AUTO_BOOST;小怪神水分母x6,dpv2.direct.m28.slot_025
森林雪人,28,29,攻击神水,910004,物品,,'=1/60,exact_formula,1/60,'=E29,SPB:AUTO_BOOST;小怪神水分母x6,dpv2.direct.m28.slot_023
森林雪人,28,30,疾风神水,910003,物品,,'=1/60,exact_formula,1/60,'=E30,SPB:AUTO_BOOST;小怪神水分母x6,dpv2.direct.m28.slot_024
半兽人,34,6,金币,,金币,500,'=1/2,exact_formula,1/2,'=E6,SPB:BYPASS_GOLD,dpv2.direct.m34.slot_001
半兽人,34,7,乌木剑,82,物品,,'=1/30,exact_formula,1/30,'=E7,SPB:AUTO_BOOST;小怪装备分母x3,dpv2.direct.m34.slot_016
半兽人,34,8,传统项链,154,物品,,'=1/30,exact_formula,1/30,'=E8,SPB:AUTO_BOOST;小怪装备分母x3,dpv2.direct.m34.slot_020
半兽人,34,9,匕首,81,物品,,'=1/30,exact_formula,1/30,'=E9,SPB:AUTO_BOOST;小怪装备分母x3,dpv2.direct.m34.slot_015
半兽人,34,10,古铜戒指,197,物品,,'=1/30,exact_formula,1/30,'=E10,SPB:AUTO_BOOST;小怪装备分母x3,dpv2.direct.m34.slot_018
半兽人,34,11,布衣(男),116,物品,,'=1/30,exact_formula,1/30,'=E11,SPB:AUTO_BOOST;小怪装备分母x3,dpv2.direct.m34.slot_012
半兽人,34,13,木剑,80,物品,,'=1/30,exact_formula,1/30,'=E13,SPB:AUTO_BOOST;小怪装备分母x3,dpv2.direct.m34.slot_014
半兽人,34,14,金项链,153,物品,,'=1/30,exact_formula,1/30,'=E14,SPB:AUTO_BOOST;小怪装备分母x3,dpv2.direct.m34.slot_017
半兽人,34,15,铁手镯,174,物品,,'=1/30,exact_formula,1/30,'=E15,SPB:AUTO_BOOST;小怪装备分母x3,dpv2.direct.m34.slot_019
半兽人,34,16,体力强效神水,910001,物品,,'=1/60,exact_formula,1/60,'=E16,SPB:AUTO_BOOST;小怪神水分母x6,dpv2.direct.m34.slot_023
半兽人,34,17,攻击神水,910004,物品,,'=1/60,exact_formula,1/60,'=E17,SPB:AUTO_BOOST;小怪神水分母x6,dpv2.direct.m34.slot_021
半兽人,34,18,疾风神水,910003,物品,,'=1/60,exact_formula,1/60,'=E18,SPB:AUTO_BOOST;小怪神水分母x6,dpv2.direct.m34.slot_022
半兽人,34,19,六角戒指,198,物品,,'=1/30,exact_formula,1/30,'=E19,SPB:AUTO_BOOST;小怪装备分母x3,dpv2.direct.m34.slot_006
半兽人,34,20,大手镯,179,物品,,'=1/30,exact_formula,1/30,'=E20,SPB:AUTO_BOOST;小怪装备分母x3,dpv2.direct.m34.slot_011
半兽人,34,21,小手镯,175,物品,,'=1/30,exact_formula,1/30,'=E21,SPB:AUTO_BOOST;小怪装备分母x3,dpv2.direct.m34.slot_004
半兽人,34,22,牛角戒指,200,物品,,'=1/30,exact_formula,1/30,'=E22,SPB:AUTO_BOOST;小怪装备分母x3,dpv2.direct.m34.slot_010
半兽人,34,23,玻璃戒指,199,物品,,'=1/30,exact_formula,1/30,'=E23,SPB:AUTO_BOOST;小怪装备分母x3,dpv2.direct.m34.slot_005
半兽人,34,24,皮制手套,177,物品,,'=1/30,exact_formula,1/30,'=E24,SPB:AUTO_BOOST;小怪装备分母x3,dpv2.direct.m34.slot_007
半兽人,34,25,钢手镯,178,物品,,'=1/30,exact_formula,1/30,'=E25,SPB:AUTO_BOOST;小怪装备分母x3,dpv2.direct.m34.slot_009
半兽人,34,26,银手镯,176,物品,,'=1/30,exact_formula,1/30,'=E26,SPB:AUTO_BOOST;小怪装备分母x3,dpv2.direct.m34.slot_008
半兽人,34,27,青铜剑,83,物品,,'=1/30,exact_formula,1/30,'=E27,SPB:AUTO_BOOST;小怪装备分母x3,dpv2.direct.m34.slot_003
半兽人,34,28,金币,,金币,5000,'=1/100,exact_formula,1/100,'=E28,SPB:BYPASS_GOLD,dpv2.direct.m34.slot_002
半兽战士,36,6,金币,,金币,1000,'=1/4,exact_formula,1/4,'=E6,SPB:BYPASS_GOLD,dpv2.direct.m36.slot_001
半兽战士,36,7,乌木剑,82,物品,,'=1/30,exact_formula,1/30,'=E7,SPB:AUTO_BOOST;SPB_CEILING_1_20;小怪装备分母x3,dpv2.direct.m36.slot_006
半兽战士,36,8,传统项链,154,物品,,'=1/30,exact_formula,1/30,'=E8,SPB:AUTO_BOOST;SPB_CEILING_1_20;小怪装备分母x3,dpv2.direct.m36.slot_002
半兽战士,36,9,六角戒指,198,物品,,'=1/30,exact_formula,1/30,'=E9,SPB:AUTO_BOOST;SPB_CEILING_1_20;小怪装备分母x3,dpv2.direct.m36.slot_016
半兽战士,36,10,匕首,81,物品,,'=1/30,exact_formula,1/30,'=E10,SPB:AUTO_BOOST;SPB_CEILING_1_20;小怪装备分母x3,dpv2.direct.m36.slot_007
半兽战士,36,11,古铜戒指,197,物品,,'=1/30,exact_formula,1/30,'=E11,SPB:AUTO_BOOST;SPB_CEILING_1_20;小怪装备分母x3,dpv2.direct.m36.slot_004
半兽战士,36,12,大手镯,179,物品,,'=1/30,exact_formula,1/30,'=E12,SPB:AUTO_BOOST;SPB_CEILING_1_20;小怪装备分母x3,dpv2.direct.m36.slot_011
半兽战士,36,13,小手镯,175,物品,,'=1/30,exact_formula,1/30,'=E13,SPB:AUTO_BOOST;SPB_CEILING_1_20;小怪装备分母x3,dpv2.direct.m36.slot_018
半兽战士,36,14,布衣(男),116,物品,,'=1/30,exact_formula,1/30,'=E14,SPB:AUTO_BOOST;SPB_CEILING_1_20;小怪装备分母x3,dpv2.direct.m36.slot_010
半兽战士,36,16,木剑,80,物品,,'=1/30,exact_formula,1/30,'=E16,SPB:AUTO_BOOST;SPB_CEILING_1_20;小怪装备分母x3,dpv2.direct.m36.slot_008
半兽战士,36,17,牛角戒指,200,物品,,'=1/30,exact_formula,1/30,'=E17,SPB:AUTO_BOOST;SPB_CEILING_1_20;小怪装备分母x3,dpv2.direct.m36.slot_012
半兽战士,36,18,玻璃戒指,199,物品,,'=1/30,exact_formula,1/30,'=E18,SPB:AUTO_BOOST;SPB_CEILING_1_20;小怪装备分母x3,dpv2.direct.m36.slot_017
半兽战士,36,19,皮制手套,177,物品,,'=1/30,exact_formula,1/30,'=E19,SPB:AUTO_BOOST;SPB_CEILING_1_20;小怪装备分母x3,dpv2.direct.m36.slot_015
半兽战士,36,20,金项链,153,物品,,'=1/30,exact_formula,1/30,'=E20,SPB:AUTO_BOOST;SPB_CEILING_1_20;小怪装备分母x3,dpv2.direct.m36.slot_005
半兽战士,36,21,钢手镯,178,物品,,'=1/30,exact_formula,1/30,'=E21,SPB:AUTO_BOOST;SPB_CEILING_1_20;小怪装备分母x3,dpv2.direct.m36.slot_013
半兽战士,36,22,铁手镯,174,物品,,'=1/30,exact_formula,1/30,'=E22,SPB:AUTO_BOOST;SPB_CEILING_1_20;小怪装备分母x3,dpv2.direct.m36.slot_003
半兽战士,36,23,银手镯,176,物品,,'=1/30,exact_formula,1/30,'=E23,SPB:AUTO_BOOST;SPB_CEILING_1_20;小怪装备分母x3,dpv2.direct.m36.slot_014
半兽战士,36,24,青铜剑,83,物品,,'=1/30,exact_formula,1/30,'=E24,SPB:AUTO_BOOST;SPB_CEILING_1_20;小怪装备分母x3,dpv2.direct.m36.slot_019
半兽战士,36,25,短剑,84,物品,,'=1/30,exact_formula,1/30,'=E25,SPB:AUTO_BOOST;小怪装备分母x3,dpv2.direct.m36.slot_027
半兽战士,36,26,轻型盔甲(男),118,物品,,'=1/30,exact_formula,1/30,'=E26,SPB:AUTO_BOOST;小怪装备分母x3,dpv2.direct.m36.slot_026
半兽战士,36,27,轻型盔甲(男),119,物品,,'=1/30,exact_formula,1/30,'=E27,SPB:AUTO_BOOST;小怪装备分母x3,dpv2.direct.m36.slot_025
半兽战士,36,28,铁剑,85,物品,,'=1/30,exact_formula,1/30,'=E28,SPB:AUTO_BOOST;小怪装备分母x3,dpv2.direct.m36.slot_028
半兽战士,36,29,青铜头盔,147,物品,,'=1/30,exact_formula,1/30,'=E29,SPB:AUTO_BOOST;小怪装备分母x3,dpv2.direct.m36.slot_020
半兽战士,36,30,青铜斧,87,物品,,'=1/30,exact_formula,1/30,'=E30,SPB:AUTO_BOOST;小怪装备分母x3,dpv2.direct.m36.slot_024
半兽战士,36,31,黄色水晶项链,158,物品,,'=1/30,exact_formula,1/30,'=E31,SPB:AUTO_BOOST;小怪装备分母x3,dpv2.direct.m36.slot_022
半兽战士,36,32,黑檀项链,157,物品,,'=1/30,exact_formula,1/30,'=E32,SPB:AUTO_BOOST;小怪装备分母x3,dpv2.direct.m36.slot_023
半兽战士,36,33,黑色水晶项链,156,物品,,'=1/30,exact_formula,1/30,'=E33,SPB:AUTO_BOOST;小怪装备分母x3,dpv2.direct.m36.slot_021
山洞蝙蝠,43,6,金币,,金币,250,'=1/4,exact_formula,1/4,'=E6,SPB:BYPASS_GOLD,dpv2.direct.m43.slot_001
山洞蝙蝠,43,7,金创药(小量),920045,物品,,'=1/5,exact_formula,1/5,'=E7,SPB:BYPASS_COMMON_RECOVERY,dpv2.direct.m43.slot_002
山洞蝙蝠,43,8,魔法药(小量),920053,物品,,'=1/5,exact_formula,1/5,'=E8,SPB:BYPASS_COMMON_RECOVERY,dpv2.direct.m43.slot_003
山洞蝙蝠,43,9,回城卷,920007,物品,,'=1/10,exact_formula,1/10,'=E9,SPB:BYPASS_UNCLASSIFIED,dpv2.direct.m43.slot_004
山洞蝙蝠,43,10,疾风神水,910003,物品,,'=1/60,exact_formula,1/60,'=E10,SPB:AUTO_BOOST;小怪神水分母x6,dpv2.direct.m43.slot_007
山洞蝙蝠,43,11,精神神水,910006,物品,,'=1/60,exact_formula,1/60,'=E11,SPB:AUTO_BOOST;小怪神水分母x6,dpv2.direct.m43.slot_006
山洞蝙蝠,43,12,魔力神水,910005,物品,,'=1/60,exact_formula,1/60,'=E12,SPB:AUTO_BOOST;小怪神水分母x6,dpv2.direct.m43.slot_005
洞蛆,46,7,麻痹戒指,252,物品,,'=1/1000,exact_formula,1/1000,'=E7,SPB:AUTO_BOOST;小怪装备分母x3,dpv2.direct.m46.slot_002
骷髅,47,6,金币,,金币,1000,'=1/3,exact_formula,1/3,'=E6,SPB:BYPASS_GOLD,dpv2.direct.m47.slot_001
骷髅,47,7,六角戒指,198,物品,,'=1/30,exact_formula,1/30,'=E7,SPB:AUTO_BOOST;小怪装备分母x3,dpv2.direct.m47.slot_005
骷髅,47,8,大手镯,179,物品,,'=1/30,exact_formula,1/30,'=E8,SPB:AUTO_BOOST;小怪装备分母x3,dpv2.direct.m47.slot_010
骷髅,47,9,小手镯,175,物品,,'=1/30,exact_formula,1/30,'=E9,SPB:AUTO_BOOST;小怪装备分母x3,dpv2.direct.m47.slot_003
骷髅,47,10,牛角戒指,200,物品,,'=1/30,exact_formula,1/30,'=E10,SPB:AUTO_BOOST;小怪装备分母x3,dpv2.direct.m47.slot_009
骷髅,47,11,玻璃戒指,199,物品,,'=1/30,exact_formula,1/30,'=E11,SPB:AUTO_BOOST;小怪装备分母x3,dpv2.direct.m47.slot_004
骷髅,47,12,皮制手套,177,物品,,'=1/30,exact_formula,1/30,'=E12,SPB:AUTO_BOOST;小怪装备分母x3,dpv2.direct.m47.slot_006
骷髅,47,13,钢手镯,178,物品,,'=1/30,exact_formula,1/30,'=E13,SPB:AUTO_BOOST;小怪装备分母x3,dpv2.direct.m47.slot_008
骷髅,47,14,银手镯,176,物品,,'=1/30,exact_formula,1/30,'=E14,SPB:AUTO_BOOST;小怪装备分母x3,dpv2.direct.m47.slot_007
骷髅,47,15,青铜剑,83,物品,,'=1/30,exact_formula,1/30,'=E15,SPB:AUTO_BOOST;小怪装备分母x3,dpv2.direct.m47.slot_002
骷髅,47,16,体力强效神水,910001,物品,,'=1/60,exact_formula,1/60,'=E16,SPB:AUTO_BOOST;小怪神水分母x6,dpv2.direct.m47.slot_013
骷髅,47,17,攻击神水,910004,物品,,'=1/60,exact_formula,1/60,'=E17,SPB:AUTO_BOOST;小怪神水分母x6,dpv2.direct.m47.slot_011
骷髅,47,18,短剑,84,物品,,'=1/30,exact_formula,1/30,'=E18,SPB:AUTO_BOOST;小怪装备分母x3,dpv2.direct.m47.slot_016
骷髅,47,19,轻型盔甲(男),118,物品,,'=1/30,exact_formula,1/30,'=E19,SPB:AUTO_BOOST;小怪装备分母x3,dpv2.direct.m47.slot_017
骷髅,47,21,铁剑,85,物品,,'=1/30,exact_formula,1/30,'=E21,SPB:AUTO_BOOST;小怪装备分母x3,dpv2.direct.m47.slot_015
骷髅,47,22,青铜头盔,147,物品,,'=1/30,exact_formula,1/30,'=E22,SPB:AUTO_BOOST;小怪装备分母x3,dpv2.direct.m47.slot_023
骷髅,47,23,青铜斧,87,物品,,'=1/30,exact_formula,1/30,'=E23,SPB:AUTO_BOOST;小怪装备分母x3,dpv2.direct.m47.slot_019
骷髅,47,24,魔力强效神水,910002,物品,,'=1/30,exact_formula,1/30,'=E24,SPB:AUTO_BOOST;小怪神水分母x6,dpv2.direct.m47.slot_014
骷髅,47,25,魔力神水,910005,物品,,'=1/30,exact_formula,1/30,'=E25,SPB:AUTO_BOOST;小怪神水分母x6,dpv2.direct.m47.slot_012
骷髅,47,26,黄色水晶项链,158,物品,,'=1/30,exact_formula,1/30,'=E26,SPB:AUTO_BOOST;小怪装备分母x3,dpv2.direct.m47.slot_021
骷髅,47,27,黑檀项链,157,物品,,'=1/30,exact_formula,1/30,'=E27,SPB:AUTO_BOOST;小怪装备分母x3,dpv2.direct.m47.slot_020
骷髅,47,28,黑色水晶项链,156,物品,,'=1/30,exact_formula,1/30,'=E28,SPB:AUTO_BOOST;小怪装备分母x3,dpv2.direct.m47.slot_022
骷髅,47,29,八荒,89,物品,,'=1/40,exact_formula,1/40,'=E29,SPB:AUTO_BOOST;小怪装备分母x3,dpv2.direct.m47.slot_024
骷髅,47,30,凌风,92,物品,,'=1/40,exact_formula,1/40,'=E30,SPB:AUTO_BOOST;小怪装备分母x3,dpv2.direct.m47.slot_027
骷髅,47,31,凤凰明珠,163,物品,,'=1/40,exact_formula,1/40,'=E31,SPB:AUTO_BOOST;小怪装备分母x3,dpv2.direct.m47.slot_031
骷髅,47,32,半月,91,物品,,'=1/40,exact_formula,1/40,'=E32,SPB:AUTO_BOOST;小怪装备分母x3,dpv2.direct.m47.slot_025
骷髅,47,33,坚固手套,182,物品,,'=1/40,exact_formula,1/40,'=E33,SPB:AUTO_BOOST;小怪装备分母x3,dpv2.direct.m47.slot_032
骷髅,47,34,海魂,90,物品,,'=1/40,exact_formula,1/40,'=E34,SPB:AUTO_BOOST;小怪装备分母x3,dpv2.direct.m47.slot_026
骷髅,47,35,灯笼项链,164,物品,,'=1/40,exact_formula,1/40,'=E35,SPB:AUTO_BOOST;小怪装备分母x3,dpv2.direct.m47.slot_034
骷髅,47,36,琥珀项链,162,物品,,'=1/40,exact_formula,1/40,'=E36,SPB:AUTO_BOOST;小怪装备分母x3,dpv2.direct.m47.slot_030
骷髅,47,37,蓝色水晶戒指,202,物品,,'=1/40,exact_formula,1/40,'=E37,SPB:AUTO_BOOST;小怪装备分母x3,dpv2.direct.m47.slot_028
骷髅,47,38,魔法手镯,183,物品,,'=1/40,exact_formula,1/40,'=E38,SPB:AUTO_BOOST;小怪装备分母x3,dpv2.direct.m47.slot_033
骷髅,47,39,魔鬼项链,161,物品,,'=1/40,exact_formula,1/40,'=E39,SPB:AUTO_BOOST;小怪装备分母x3,dpv2.direct.m47.slot_029
骷髅战士,52,6,金币,,金币,1000,'=1/2,exact_formula,1/2,'=E6,SPB:BYPASS_GOLD,dpv2.direct.m52.slot_001
骷髅战士,52,7,金创药(小量),920045,物品,,'=1/15,exact_formula,1/15,'=E7,SPB:BYPASS_COMMON_RECOVERY,dpv2.direct.m52.slot_002
骷髅战士,52,8,魔法药(小量),920053,物品,,'=1/25,exact_formula,1/25,'=E8,SPB:BYPASS_COMMON_RECOVERY,dpv2.direct.m52.slot_003
骷髅战士,52,9,六角戒指,198,物品,,'=1/30,exact_formula,1/30,'=E9,SPB:AUTO_BOOST;SPB_CEILING_1_20;小怪装备分母x3,dpv2.direct.m52.slot_027
骷髅战士,52,10,大手镯,179,物品,,'=1/30,exact_formula,1/30,'=E10,SPB:AUTO_BOOST;SPB_CEILING_1_20;小怪装备分母x3,dpv2.direct.m52.slot_032
骷髅战士,52,11,小手镯,175,物品,,'=1/30,exact_formula,1/30,'=E11,SPB:AUTO_BOOST;SPB_CEILING_1_20;小怪装备分母x3,dpv2.direct.m52.slot_025
骷髅战士,52,12,牛角戒指,200,物品,,'=1/30,exact_formula,1/30,'=E12,SPB:AUTO_BOOST;SPB_CEILING_1_20;小怪装备分母x3,dpv2.direct.m52.slot_031
骷髅战士,52,13,玻璃戒指,199,物品,,'=1/30,exact_formula,1/30,'=E13,SPB:AUTO_BOOST;SPB_CEILING_1_20;小怪装备分母x3,dpv2.direct.m52.slot_026
骷髅战士,52,14,皮制手套,177,物品,,'=1/30,exact_formula,1/30,'=E14,SPB:AUTO_BOOST;SPB_CEILING_1_20;小怪装备分母x3,dpv2.direct.m52.slot_028
骷髅战士,52,15,钢手镯,178,物品,,'=1/30,exact_formula,1/30,'=E15,SPB:AUTO_BOOST;SPB_CEILING_1_20;小怪装备分母x3,dpv2.direct.m52.slot_030
骷髅战士,52,16,银手镯,176,物品,,'=1/30,exact_formula,1/30,'=E16,SPB:AUTO_BOOST;SPB_CEILING_1_20;小怪装备分母x3,dpv2.direct.m52.slot_029
骷髅战士,52,17,青铜剑,83,物品,,'=1/30,exact_formula,1/30,'=E17,SPB:AUTO_BOOST;SPB_CEILING_1_20;小怪装备分母x3,dpv2.direct.m52.slot_024
骷髅战士,52,18,短剑,84,物品,,'=1/30,exact_formula,1/30,'=E18,SPB:AUTO_BOOST;小怪装备分母x3,dpv2.direct.m52.slot_016
骷髅战士,52,19,轻型盔甲(男),118,物品,,'=1/30,exact_formula,1/30,'=E19,SPB:AUTO_BOOST;小怪装备分母x3,dpv2.direct.m52.slot_017
骷髅战士,52,21,铁剑,85,物品,,'=1/30,exact_formula,1/30,'=E21,SPB:AUTO_BOOST;小怪装备分母x3,dpv2.direct.m52.slot_015
骷髅战士,52,22,青铜头盔,147,物品,,'=1/30,exact_formula,1/30,'=E22,SPB:AUTO_BOOST;小怪装备分母x3,dpv2.direct.m52.slot_023
骷髅战士,52,23,青铜斧,87,物品,,'=1/30,exact_formula,1/30,'=E23,SPB:AUTO_BOOST;小怪装备分母x3,dpv2.direct.m52.slot_019
骷髅战士,52,24,黄色水晶项链,158,物品,,'=1/30,exact_formula,1/30,'=E24,SPB:AUTO_BOOST;小怪装备分母x3,dpv2.direct.m52.slot_021
骷髅战士,52,25,黑檀项链,157,物品,,'=1/30,exact_formula,1/30,'=E25,SPB:AUTO_BOOST;小怪装备分母x3,dpv2.direct.m52.slot_020
骷髅战士,52,26,黑色水晶项链,156,物品,,'=1/30,exact_formula,1/30,'=E26,SPB:AUTO_BOOST;小怪装备分母x3,dpv2.direct.m52.slot_022
骷髅战士,52,27,体力强效神水,910001,物品,,'=1/30,exact_formula,1/30,'=E27,SPB:AUTO_BOOST;小怪神水分母x6,dpv2.direct.m52.slot_035
骷髅战士,52,28,攻击神水,910004,物品,,'=1/60,exact_formula,1/60,'=E28,SPB:AUTO_BOOST;小怪神水分母x6,dpv2.direct.m52.slot_033
骷髅战士,52,29,魔力强效神水,910002,物品,,'=1/60,exact_formula,1/60,'=E29,SPB:AUTO_BOOST;小怪神水分母x6,dpv2.direct.m52.slot_036
骷髅战士,52,30,魔力神水,910005,物品,,'=1/60,exact_formula,1/60,'=E30,SPB:AUTO_BOOST;小怪神水分母x6,dpv2.direct.m52.slot_034
骷髅战士,52,31,八荒,89,物品,,'=1/60,exact_formula,1/60,'=E31,SPB:AUTO_BOOST;小怪装备分母x3,dpv2.direct.m52.slot_004
骷髅战士,52,32,凌风,92,物品,,'=1/60,exact_formula,1/60,'=E32,SPB:AUTO_BOOST;小怪装备分母x3,dpv2.direct.m52.slot_007
骷髅战士,52,33,凤凰明珠,163,物品,,'=1/60,exact_formula,1/60,'=E33,SPB:AUTO_BOOST;小怪装备分母x3,dpv2.direct.m52.slot_011
骷髅战士,52,34,半月,91,物品,,'=1/60,exact_formula,1/60,'=E34,SPB:AUTO_BOOST;小怪装备分母x3,dpv2.direct.m52.slot_005
骷髅战士,52,35,坚固手套,182,物品,,'=1/60,exact_formula,1/60,'=E35,SPB:AUTO_BOOST;小怪装备分母x3,dpv2.direct.m52.slot_012
骷髅战士,52,36,海魂,90,物品,,'=1/60,exact_formula,1/60,'=E36,SPB:AUTO_BOOST;小怪装备分母x3,dpv2.direct.m52.slot_006
骷髅战士,52,37,灯笼项链,164,物品,,'=1/60,exact_formula,1/60,'=E37,SPB:AUTO_BOOST;小怪装备分母x3,dpv2.direct.m52.slot_014
骷髅战士,52,38,琥珀项链,162,物品,,'=1/60,exact_formula,1/60,'=E38,SPB:AUTO_BOOST;小怪装备分母x3,dpv2.direct.m52.slot_010
骷髅战士,52,39,蓝色水晶戒指,202,物品,,'=1/60,exact_formula,1/60,'=E39,SPB:AUTO_BOOST;小怪装备分母x3,dpv2.direct.m52.slot_008
骷髅战士,52,40,魔法手镯,183,物品,,'=1/60,exact_formula,1/60,'=E40,SPB:AUTO_BOOST;小怪装备分母x3,dpv2.direct.m52.slot_013
骷髅战士,52,41,魔鬼项链,161,物品,,'=1/60,exact_formula,1/60,'=E41,SPB:AUTO_BOOST;小怪装备分母x3,dpv2.direct.m52.slot_009
粪虫,60,6,金创药(小量),920045,物品,,'=1/5,exact_formula,1/5,'=E6,SPB:BYPASS_COMMON_RECOVERY,dpv2.direct.m60.slot_001
粪虫,60,7,魔法药(小量),920053,物品,,'=1/5,exact_formula,1/5,'=E7,SPB:BYPASS_COMMON_RECOVERY,dpv2.direct.m60.slot_002
粪虫,60,8,太阳水,920014,物品,,'=1/5,exact_formula,1/5,'=E8,SPB:BYPASS_COMMON_RECOVERY,dpv2.direct.m60.slot_003
粪虫,60,9,麻痹戒指,252,物品,,'=1/1200,exact_formula,1/1200,'=E9,SPB:AUTO_BOOST;小怪装备分母x3,dpv2.direct.m60.slot_004
暗黑战士,62,6,金币,,金币,950,'=1/4,exact_formula,1/4,'=E6,SPB:BYPASS_GOLD,dpv2.direct.m62.slot_001
暗黑战士,62,7,金创药(小量),920045,物品,,'=1/5,exact_formula,1/5,'=E7,SPB:BYPASS_COMMON_RECOVERY,dpv2.direct.m62.slot_002
暗黑战士,62,8,魔法药(小量),920053,物品,,'=1/5,exact_formula,1/5,'=E8,SPB:BYPASS_COMMON_RECOVERY,dpv2.direct.m62.slot_003
暗黑战士,62,9,八荒,89,物品,,'=1/40,exact_formula,1/40,'=E9,SPB:AUTO_BOOST;SPB_CEILING_1_20;小怪装备分母x3,dpv2.direct.m62.slot_004
暗黑战士,62,10,六角戒指,198,物品,,'=1/40,exact_formula,1/40,'=E10,SPB:AUTO_BOOST;SPB_CEILING_1_20;小怪装备分母x3,dpv2.direct.m62.slot_027
暗黑战士,62,11,凌风,92,物品,,'=1/40,exact_formula,1/40,'=E11,SPB:AUTO_BOOST;SPB_CEILING_1_20;小怪装备分母x3,dpv2.direct.m62.slot_007
暗黑战士,62,12,凤凰明珠,163,物品,,'=1/40,exact_formula,1/40,'=E12,SPB:AUTO_BOOST;SPB_CEILING_1_20;小怪装备分母x3,dpv2.direct.m62.slot_011
暗黑战士,62,13,半月,91,物品,,'=1/40,exact_formula,1/40,'=E13,SPB:AUTO_BOOST;SPB_CEILING_1_20;小怪装备分母x3,dpv2.direct.m62.slot_005
暗黑战士,62,14,坚固手套,182,物品,,'=1/40,exact_formula,1/40,'=E14,SPB:AUTO_BOOST;SPB_CEILING_1_20;小怪装备分母x3,dpv2.direct.m62.slot_012
暗黑战士,62,15,大手镯,179,物品,,'=1/40,exact_formula,1/40,'=E15,SPB:AUTO_BOOST;SPB_CEILING_1_20;小怪装备分母x3,dpv2.direct.m62.slot_032
暗黑战士,62,16,小手镯,175,物品,,'=1/40,exact_formula,1/40,'=E16,SPB:AUTO_BOOST;SPB_CEILING_1_20;小怪装备分母x3,dpv2.direct.m62.slot_025
暗黑战士,62,17,海魂,90,物品,,'=1/40,exact_formula,1/40,'=E17,SPB:AUTO_BOOST;SPB_CEILING_1_20;小怪装备分母x3,dpv2.direct.m62.slot_006
暗黑战士,62,18,灯笼项链,164,物品,,'=1/40,exact_formula,1/40,'=E18,SPB:AUTO_BOOST;SPB_CEILING_1_20;小怪装备分母x3,dpv2.direct.m62.slot_014
暗黑战士,62,19,牛角戒指,200,物品,,'=1/40,exact_formula,1/40,'=E19,SPB:AUTO_BOOST;SPB_CEILING_1_20;小怪装备分母x3,dpv2.direct.m62.slot_031
暗黑战士,62,20,玻璃戒指,199,物品,,'=1/40,exact_formula,1/40,'=E20,SPB:AUTO_BOOST;SPB_CEILING_1_20;小怪装备分母x3,dpv2.direct.m62.slot_026
暗黑战士,62,21,琥珀项链,162,物品,,'=1/40,exact_formula,1/40,'=E21,SPB:AUTO_BOOST;SPB_CEILING_1_20;小怪装备分母x3,dpv2.direct.m62.slot_010
暗黑战士,62,22,皮制手套,177,物品,,'=1/40,exact_formula,1/40,'=E22,SPB:AUTO_BOOST;SPB_CEILING_1_20;小怪装备分母x3,dpv2.direct.m62.slot_028
暗黑战士,62,23,短剑,84,物品,,'=1/40,exact_formula,1/40,'=E23,SPB:AUTO_BOOST;SPB_CEILING_1_20;小怪装备分母x3,dpv2.direct.m62.slot_016
暗黑战士,62,24,蓝色水晶戒指,202,物品,,'=1/40,exact_formula,1/40,'=E24,SPB:AUTO_BOOST;SPB_CEILING_1_20;小怪装备分母x3,dpv2.direct.m62.slot_008
暗黑战士,62,25,轻型盔甲(男),118,物品,,'=1/40,exact_formula,1/40,'=E25,SPB:AUTO_BOOST;SPB_CEILING_1_20;小怪装备分母x3,dpv2.direct.m62.slot_017
暗黑战士,62,27,铁剑,85,物品,,'=1/40,exact_formula,1/40,'=E27,SPB:AUTO_BOOST;SPB_CEILING_1_20;小怪装备分母x3,dpv2.direct.m62.slot_015
暗黑战士,62,28,银手镯,176,物品,,'=1/40,exact_formula,1/40,'=E28,SPB:AUTO_BOOST;SPB_CEILING_1_20;小怪装备分母x3,dpv2.direct.m62.slot_029
暗黑战士,62,29,青铜剑,83,物品,,'=1/40,exact_formula,1/40,'=E29,SPB:AUTO_BOOST;SPB_CEILING_1_20;小怪装备分母x3,dpv2.direct.m62.slot_024
暗黑战士,62,30,青铜头盔,147,物品,,'=1/40,exact_formula,1/40,'=E30,SPB:AUTO_BOOST;SPB_CEILING_1_20;小怪装备分母x3,dpv2.direct.m62.slot_023
暗黑战士,62,31,青铜斧,87,物品,,'=1/40,exact_formula,1/40,'=E31,SPB:AUTO_BOOST;SPB_CEILING_1_20;小怪装备分母x3,dpv2.direct.m62.slot_019
暗黑战士,62,32,魔法头盔,148,物品,,'=1/40,exact_formula,1/40,'=E32,SPB:AUTO_BOOST;SPB_CEILING_1_20;小怪装备分母x3,dpv2.direct.m62.slot_030
暗黑战士,62,33,魔法手镯,183,物品,,'=1/40,exact_formula,1/40,'=E33,SPB:AUTO_BOOST;SPB_CEILING_1_20;小怪装备分母x3,dpv2.direct.m62.slot_013
暗黑战士,62,34,魔鬼项链,161,物品,,'=1/40,exact_formula,1/40,'=E34,SPB:AUTO_BOOST;SPB_CEILING_1_20;小怪装备分母x3,dpv2.direct.m62.slot_009
暗黑战士,62,35,黄色水晶项链,158,物品,,'=1/40,exact_formula,1/40,'=E35,SPB:AUTO_BOOST;SPB_CEILING_1_20;小怪装备分母x3,dpv2.direct.m62.slot_021
暗黑战士,62,36,黑檀项链,157,物品,,'=1/40,exact_formula,1/40,'=E36,SPB:AUTO_BOOST;SPB_CEILING_1_20;小怪装备分母x3,dpv2.direct.m62.slot_020
暗黑战士,62,37,黑色水晶项链,156,物品,,'=1/40,exact_formula,1/40,'=E37,SPB:AUTO_BOOST;SPB_CEILING_1_20;小怪装备分母x3,dpv2.direct.m62.slot_022
暗黑战士,62,38,偃月,95,物品,,'=1/80,exact_formula,1/80,'=E38,SPB:AUTO_BOOST;小怪装备分母x3,dpv2.direct.m62.slot_042
暗黑战士,62,39,小手镯,175,物品,,'=1/80,exact_formula,1/80,'=E39,SPB:AUTO_BOOST;小怪装备分母x3,dpv2.direct.m62.slot_048
暗黑战士,62,40,斩马刀,94,物品,,'=1/80,exact_formula,1/80,'=E40,SPB:AUTO_BOOST;小怪装备分母x3,dpv2.direct.m62.slot_041
暗黑战士,62,41,珍珠戒指,205,物品,,'=1/80,exact_formula,1/80,'=E41,SPB:AUTO_BOOST;小怪装备分母x3,dpv2.direct.m62.slot_039
暗黑战士,62,42,生铁戒指,201,物品,,'=1/80,exact_formula,1/80,'=E42,SPB:AUTO_BOOST;小怪装备分母x3,dpv2.direct.m62.slot_044
暗黑战士,62,43,白色虎齿项链,159,物品,,'=1/80,exact_formula,1/80,'=E43,SPB:AUTO_BOOST;小怪装备分母x3,dpv2.direct.m62.slot_045
暗黑战士,62,44,白金项链,155,物品,,'=1/80,exact_formula,1/80,'=E44,SPB:AUTO_BOOST;小怪装备分母x3,dpv2.direct.m62.slot_046
暗黑战士,62,45,破魂,93,物品,,'=1/80,exact_formula,1/80,'=E45,SPB:AUTO_BOOST;小怪装备分母x3,dpv2.direct.m62.slot_040
暗黑战士,62,46,蛇眼戒指,204,物品,,'=1/80,exact_formula,1/80,'=E46,SPB:AUTO_BOOST;小怪装备分母x3,dpv2.direct.m62.slot_038
暗黑战士,62,47,道士手镯,185,物品,,'=1/80,exact_formula,1/80,'=E47,SPB:AUTO_BOOST;小怪装备分母x3,dpv2.direct.m62.slot_033
暗黑战士,62,48,降魔 ×2,96,物品,,'=1/80,exact_formula,1/80,'=E48,SPB:AUTO_BOOST;小怪装备分母x3,dpv2.direct.m62.slot_036 等2个独立槽
暗黑战士,62,49,骷髅戒指,207,物品,,'=1/80,exact_formula,1/80,'=E49,SPB:AUTO_BOOST;小怪装备分母x3,dpv2.direct.m62.slot_047
暗黑战士,62,50,魔力手镯,186,物品,,'=1/80,exact_formula,1/80,'=E50,SPB:AUTO_BOOST;小怪装备分母x3,dpv2.direct.m62.slot_035
暗黑战士,62,51,黑檀手镯,184,物品,,'=1/80,exact_formula,1/80,'=E51,SPB:AUTO_BOOST;小怪装备分母x3,dpv2.direct.m62.slot_034
暗黑战士,62,52,黑色水晶戒指,203,物品,,'=1/80,exact_formula,1/80,'=E52,SPB:AUTO_BOOST;小怪装备分母x3,dpv2.direct.m62.slot_037
沃玛战士,64,6,金币,,金币,1000,'=1/4,exact_formula,1/4,'=E6,SPB:BYPASS_GOLD,dpv2.direct.m64.slot_001
沃玛战士,64,7,八荒,89,物品,,'=1/40,exact_formula,1/40,'=E7,SPB:AUTO_BOOST;小怪装备分母x3,dpv2.direct.m64.slot_033
沃玛战士,64,8,六角戒指,198,物品,,'=1/40,exact_formula,1/40,'=E8,SPB:AUTO_BOOST;小怪装备分母x3,dpv2.direct.m64.slot_010
沃玛战士,64,9,凌风,92,物品,,'=1/40,exact_formula,1/40,'=E9,SPB:AUTO_BOOST;小怪装备分母x3,dpv2.direct.m64.slot_030
沃玛战士,64,10,凤凰明珠,163,物品,,'=1/40,exact_formula,1/40,'=E10,SPB:AUTO_BOOST;小怪装备分母x3,dpv2.direct.m64.slot_026
沃玛战士,64,11,半月,91,物品,,'=1/40,exact_formula,1/40,'=E11,SPB:AUTO_BOOST;小怪装备分母x3,dpv2.direct.m64.slot_032
沃玛战士,64,12,古铜戒指,197,物品,,'=1/40,exact_formula,1/40,'=E12,SPB:AUTO_BOOST;小怪装备分母x3,dpv2.direct.m64.slot_006
沃玛战士,64,13,坚固手套,182,物品,,'=1/40,exact_formula,1/40,'=E13,SPB:AUTO_BOOST;小怪装备分母x3,dpv2.direct.m64.slot_025
沃玛战士,64,14,大手镯,179,物品,,'=1/40,exact_formula,1/40,'=E14,SPB:AUTO_BOOST;小怪装备分母x3,dpv2.direct.m64.slot_004
沃玛战士,64,15,小手镯,175,物品,,'=1/40,exact_formula,1/40,'=E15,SPB:AUTO_BOOST;小怪装备分母x3,dpv2.direct.m64.slot_012
沃玛战士,64,16,海魂,90,物品,,'=1/40,exact_formula,1/40,'=E16,SPB:AUTO_BOOST;小怪装备分母x3,dpv2.direct.m64.slot_031
沃玛战士,64,17,灯笼项链,164,物品,,'=1/40,exact_formula,1/40,'=E17,SPB:AUTO_BOOST;小怪装备分母x3,dpv2.direct.m64.slot_023
沃玛战士,64,18,牛角戒指,200,物品,,'=1/40,exact_formula,1/40,'=E18,SPB:AUTO_BOOST;小怪装备分母x3,dpv2.direct.m64.slot_005
沃玛战士,64,19,玻璃戒指,199,物品,,'=1/40,exact_formula,1/40,'=E19,SPB:AUTO_BOOST;小怪装备分母x3,dpv2.direct.m64.slot_011
沃玛战士,64,20,琥珀项链,162,物品,,'=1/40,exact_formula,1/40,'=E20,SPB:AUTO_BOOST;小怪装备分母x3,dpv2.direct.m64.slot_027
沃玛战士,64,21,皮制手套,177,物品,,'=1/40,exact_formula,1/40,'=E21,SPB:AUTO_BOOST;小怪装备分母x3,dpv2.direct.m64.slot_009
沃玛战士,64,22,短剑,84,物品,,'=1/40,exact_formula,1/40,'=E22,SPB:AUTO_BOOST;小怪装备分母x3,dpv2.direct.m64.slot_021
沃玛战士,64,23,蓝色水晶戒指,202,物品,,'=1/40,exact_formula,1/40,'=E23,SPB:AUTO_BOOST;小怪装备分母x3,dpv2.direct.m64.slot_029
沃玛战士,64,24,轻型盔甲(男),118,物品,,'=1/40,exact_formula,1/40,'=E24,SPB:AUTO_BOOST;小怪装备分母x3,dpv2.direct.m64.slot_020
沃玛战士,64,26,钢手镯,178,物品,,'=1/40,exact_formula,1/40,'=E26,SPB:AUTO_BOOST;小怪装备分母x3,dpv2.direct.m64.slot_007
沃玛战士,64,27,铁剑,85,物品,,'=1/40,exact_formula,1/40,'=E27,SPB:AUTO_BOOST;小怪装备分母x3,dpv2.direct.m64.slot_022
沃玛战士,64,28,银手镯,176,物品,,'=1/40,exact_formula,1/40,'=E28,SPB:AUTO_BOOST;小怪装备分母x3,dpv2.direct.m64.slot_008
沃玛战士,64,29,青铜剑,83,物品,,'=1/40,exact_formula,1/40,'=E29,SPB:AUTO_BOOST;小怪装备分母x3,dpv2.direct.m64.slot_013
沃玛战士,64,30,青铜头盔,147,物品,,'=1/40,exact_formula,1/40,'=E30,SPB:AUTO_BOOST;小怪装备分母x3,dpv2.direct.m64.slot_014
沃玛战士,64,31,青铜斧,87,物品,,'=1/40,exact_formula,1/40,'=E31,SPB:AUTO_BOOST;小怪装备分母x3,dpv2.direct.m64.slot_018
沃玛战士,64,32,魔法手镯,183,物品,,'=1/40,exact_formula,1/40,'=E32,SPB:AUTO_BOOST;小怪装备分母x3,dpv2.direct.m64.slot_024
沃玛战士,64,33,魔鬼项链,161,物品,,'=1/40,exact_formula,1/40,'=E33,SPB:AUTO_BOOST;小怪装备分母x3,dpv2.direct.m64.slot_028
沃玛战士,64,34,黄色水晶项链,158,物品,,'=1/40,exact_formula,1/40,'=E34,SPB:AUTO_BOOST;小怪装备分母x3,dpv2.direct.m64.slot_016
沃玛战士,64,35,黑檀项链,157,物品,,'=1/40,exact_formula,1/40,'=E35,SPB:AUTO_BOOST;小怪装备分母x3,dpv2.direct.m64.slot_017
沃玛战士,64,36,黑色水晶项链,156,物品,,'=1/40,exact_formula,1/40,'=E36,SPB:AUTO_BOOST;小怪装备分母x3,dpv2.direct.m64.slot_015
沃玛战士,64,37,金创药(小量),920045,物品,,'=1/5,exact_formula,1/5,'=E37,SPB:BYPASS_COMMON_RECOVERY,dpv2.direct.m64.slot_002
沃玛战士,64,38,偃月,95,物品,,'=1/80,exact_formula,1/80,'=E38,SPB:AUTO_BOOST;小怪装备分母x3,dpv2.direct.m64.slot_040
沃玛战士,64,39,小手镯,175,物品,,'=1/80,exact_formula,1/80,'=E39,SPB:AUTO_BOOST;小怪装备分母x3,dpv2.direct.m64.slot_035
沃玛战士,64,40,斩马刀,94,物品,,'=1/80,exact_formula,1/80,'=E40,SPB:AUTO_BOOST;小怪装备分母x3,dpv2.direct.m64.slot_041
沃玛战士,64,41,珍珠戒指,205,物品,,'=1/80,exact_formula,1/80,'=E41,SPB:AUTO_BOOST;小怪装备分母x3,dpv2.direct.m64.slot_043
沃玛战士,64,42,生铁戒指,201,物品,,'=1/80,exact_formula,1/80,'=E42,SPB:AUTO_BOOST;小怪装备分母x3,dpv2.direct.m64.slot_039
沃玛战士,64,43,白色虎齿项链,159,物品,,'=1/80,exact_formula,1/80,'=E43,SPB:AUTO_BOOST;小怪装备分母x3,dpv2.direct.m64.slot_038
沃玛战士,64,44,白金项链,155,物品,,'=1/80,exact_formula,1/80,'=E44,SPB:AUTO_BOOST;小怪装备分母x3,dpv2.direct.m64.slot_037
沃玛战士,64,45,破魂,93,物品,,'=1/80,exact_formula,1/80,'=E45,SPB:AUTO_BOOST;小怪装备分母x3,dpv2.direct.m64.slot_042
沃玛战士,64,46,蛇眼戒指,204,物品,,'=1/80,exact_formula,1/80,'=E46,SPB:AUTO_BOOST;小怪装备分母x3,dpv2.direct.m64.slot_044
沃玛战士,64,47,道士手镯,185,物品,,'=1/80,exact_formula,1/80,'=E47,SPB:AUTO_BOOST;小怪装备分母x3,dpv2.direct.m64.slot_049
沃玛战士,64,48,降魔,96,物品,,'=1/80,exact_formula,1/80,'=E48,SPB:AUTO_BOOST;小怪装备分母x3,dpv2.direct.m64.slot_046
沃玛战士,64,49,骷髅戒指,207,物品,,'=1/80,exact_formula,1/80,'=E49,SPB:AUTO_BOOST;小怪装备分母x3,dpv2.direct.m64.slot_036
沃玛战士,64,50,魔力手镯,186,物品,,'=1/80,exact_formula,1/80,'=E50,SPB:AUTO_BOOST;小怪装备分母x3,dpv2.direct.m64.slot_047
沃玛战士,64,51,黑檀手镯,184,物品,,'=1/80,exact_formula,1/80,'=E51,SPB:AUTO_BOOST;小怪装备分母x3,dpv2.direct.m64.slot_048
沃玛战士,64,52,黑色水晶戒指,203,物品,,'=1/80,exact_formula,1/80,'=E52,SPB:AUTO_BOOST;小怪装备分母x3,dpv2.direct.m64.slot_045
沃玛战士,64,53,魔法药(小量),920053,物品,,'=1/5,exact_formula,1/5,'=E53,SPB:BYPASS_COMMON_RECOVERY,dpv2.direct.m64.slot_003
沃玛战士,64,54,太阳水,920014,物品,,'=1/5,exact_formula,1/5,'=E54,SPB:BYPASS_COMMON_RECOVERY,dpv2.direct.m64.slot_034
沃玛战士,64,55,金币,,金币,2500,'=1/100,exact_formula,1/100,'=E55,SPB:BYPASS_GOLD,dpv2.direct.m64.slot_050
沃玛勇士,66,6,金币,,金币,1100,'=1/4,exact_formula,1/4,'=E6,SPB:BYPASS_GOLD,dpv2.direct.m66.slot_001
沃玛勇士,66,7,金创药(中量),920044,物品,,'=1/5,exact_formula,1/5,'=E7,SPB:BYPASS_COMMON_RECOVERY,dpv2.direct.m66.slot_002
沃玛勇士,66,8,魔法药(中量),920052,物品,,'=1/5,exact_formula,1/5,'=E8,SPB:BYPASS_COMMON_RECOVERY,dpv2.direct.m66.slot_003
沃玛勇士,66,9,太阳水,920014,物品,,'=1/5,exact_formula,1/5,'=E9,SPB:BYPASS_COMMON_RECOVERY,dpv2.direct.m66.slot_004
沃玛勇士,66,10,六角戒指,198,物品,,'=1/40,exact_formula,1/40,'=E10,SPB:AUTO_BOOST;小怪装备分母x3,dpv2.direct.m66.slot_043
沃玛勇士,66,11,大手镯,179,物品,,'=1/40,exact_formula,1/40,'=E11,SPB:AUTO_BOOST;小怪装备分母x3,dpv2.direct.m66.slot_048
沃玛勇士,66,12,小手镯,175,物品,,'=1/40,exact_formula,1/40,'=E12,SPB:AUTO_BOOST;小怪装备分母x3,dpv2.direct.m66.slot_041
沃玛勇士,66,13,牛角戒指,200,物品,,'=1/40,exact_formula,1/40,'=E13,SPB:AUTO_BOOST;小怪装备分母x3,dpv2.direct.m66.slot_047
沃玛勇士,66,14,玻璃戒指,199,物品,,'=1/40,exact_formula,1/40,'=E14,SPB:AUTO_BOOST;小怪装备分母x3,dpv2.direct.m66.slot_042
沃玛勇士,66,15,皮制手套,177,物品,,'=1/40,exact_formula,1/40,'=E15,SPB:AUTO_BOOST;小怪装备分母x3,dpv2.direct.m66.slot_044
沃玛勇士,66,16,短剑,84,物品,,'=1/40,exact_formula,1/40,'=E16,SPB:AUTO_BOOST;小怪装备分母x3,dpv2.direct.m66.slot_032
沃玛勇士,66,17,轻型盔甲(男),118,物品,,'=1/40,exact_formula,1/40,'=E17,SPB:AUTO_BOOST;小怪装备分母x3,dpv2.direct.m66.slot_033
沃玛勇士,66,19,钢手镯,178,物品,,'=1/40,exact_formula,1/40,'=E19,SPB:AUTO_BOOST;小怪装备分母x3,dpv2.direct.m66.slot_046
沃玛勇士,66,20,铁剑,85,物品,,'=1/40,exact_formula,1/40,'=E20,SPB:AUTO_BOOST;小怪装备分母x3,dpv2.direct.m66.slot_031
沃玛勇士,66,21,银手镯,176,物品,,'=1/40,exact_formula,1/40,'=E21,SPB:AUTO_BOOST;小怪装备分母x3,dpv2.direct.m66.slot_045
沃玛勇士,66,22,青铜剑,83,物品,,'=1/40,exact_formula,1/40,'=E22,SPB:AUTO_BOOST;小怪装备分母x3,dpv2.direct.m66.slot_040
沃玛勇士,66,23,青铜头盔,147,物品,,'=1/40,exact_formula,1/40,'=E23,SPB:AUTO_BOOST;小怪装备分母x3,dpv2.direct.m66.slot_039
沃玛勇士,66,24,青铜斧,87,物品,,'=1/40,exact_formula,1/40,'=E24,SPB:AUTO_BOOST;小怪装备分母x3,dpv2.direct.m66.slot_035
沃玛勇士,66,25,黄色水晶项链,158,物品,,'=1/40,exact_formula,1/40,'=E25,SPB:AUTO_BOOST;小怪装备分母x3,dpv2.direct.m66.slot_037
沃玛勇士,66,26,黑檀项链,157,物品,,'=1/40,exact_formula,1/40,'=E26,SPB:AUTO_BOOST;小怪装备分母x3,dpv2.direct.m66.slot_036
沃玛勇士,66,27,黑色水晶项链,156,物品,,'=1/40,exact_formula,1/40,'=E27,SPB:AUTO_BOOST;小怪装备分母x3,dpv2.direct.m66.slot_038
沃玛勇士,66,28,八荒,89,物品,,'=1/80,exact_formula,1/80,'=E28,SPB:AUTO_BOOST;小怪装备分母x3,dpv2.direct.m66.slot_020
沃玛勇士,66,29,凌风,92,物品,,'=1/80,exact_formula,1/80,'=E29,SPB:AUTO_BOOST;小怪装备分母x3,dpv2.direct.m66.slot_023
沃玛勇士,66,30,凤凰明珠,163,物品,,'=1/80,exact_formula,1/80,'=E30,SPB:AUTO_BOOST;小怪装备分母x3,dpv2.direct.m66.slot_027
沃玛勇士,66,31,半月,91,物品,,'=1/80,exact_formula,1/80,'=E31,SPB:AUTO_BOOST;小怪装备分母x3,dpv2.direct.m66.slot_021
沃玛勇士,66,32,坚固手套,182,物品,,'=1/80,exact_formula,1/80,'=E32,SPB:AUTO_BOOST;小怪装备分母x3,dpv2.direct.m66.slot_028
沃玛勇士,66,33,海魂,90,物品,,'=1/80,exact_formula,1/80,'=E33,SPB:AUTO_BOOST;小怪装备分母x3,dpv2.direct.m66.slot_022
沃玛勇士,66,34,灯笼项链,164,物品,,'=1/80,exact_formula,1/80,'=E34,SPB:AUTO_BOOST;小怪装备分母x3,dpv2.direct.m66.slot_030
沃玛勇士,66,35,琥珀项链,162,物品,,'=1/80,exact_formula,1/80,'=E35,SPB:AUTO_BOOST;小怪装备分母x3,dpv2.direct.m66.slot_026
沃玛勇士,66,36,蓝色水晶戒指,202,物品,,'=1/80,exact_formula,1/80,'=E36,SPB:AUTO_BOOST;小怪装备分母x3,dpv2.direct.m66.slot_024
沃玛勇士,66,37,魔法手镯,183,物品,,'=1/80,exact_formula,1/80,'=E37,SPB:AUTO_BOOST;小怪装备分母x3,dpv2.direct.m66.slot_029
沃玛勇士,66,38,魔鬼项链,161,物品,,'=1/80,exact_formula,1/80,'=E38,SPB:AUTO_BOOST;小怪装备分母x3,dpv2.direct.m66.slot_025
沃玛勇士,66,39,体力强效神水,910001,物品,,'=1/60,exact_formula,1/60,'=E39,SPB:AUTO_BOOST;小怪神水分母x6,dpv2.direct.m66.slot_051
沃玛勇士,66,40,攻击神水,910004,物品,,'=1/60,exact_formula,1/60,'=E40,SPB:AUTO_BOOST;小怪神水分母x6,dpv2.direct.m66.slot_049
沃玛勇士,66,41,疾风神水,910003,物品,,'=1/60,exact_formula,1/60,'=E41,SPB:AUTO_BOOST;小怪神水分母x6,dpv2.direct.m66.slot_050
沃玛勇士,66,42,魔力强效神水,910002,物品,,'=1/60,exact_formula,1/60,'=E42,SPB:AUTO_BOOST;小怪神水分母x6,dpv2.direct.m66.slot_052
沃玛勇士,66,43,偃月,95,物品,,'=1/80,exact_formula,1/80,'=E43,SPB:AUTO_BOOST;小怪装备分母x3,dpv2.direct.m66.slot_014
沃玛勇士,66,44,小手镯,175,物品,,'=1/80,exact_formula,1/80,'=E44,SPB:AUTO_BOOST;小怪装备分母x3,dpv2.direct.m66.slot_019
沃玛勇士,66,45,斩马刀,94,物品,,'=1/80,exact_formula,1/80,'=E45,SPB:AUTO_BOOST;小怪装备分母x3,dpv2.direct.m66.slot_013
沃玛勇士,66,46,珍珠戒指,205,物品,,'=1/80,exact_formula,1/80,'=E46,SPB:AUTO_BOOST;小怪装备分母x3,dpv2.direct.m66.slot_011
沃玛勇士,66,47,生铁戒指,201,物品,,'=1/80,exact_formula,1/80,'=E47,SPB:AUTO_BOOST;小怪装备分母x3,dpv2.direct.m66.slot_015
沃玛勇士,66,48,白色虎齿项链,159,物品,,'=1/80,exact_formula,1/80,'=E48,SPB:AUTO_BOOST;小怪装备分母x3,dpv2.direct.m66.slot_016
沃玛勇士,66,49,白金项链,155,物品,,'=1/80,exact_formula,1/80,'=E49,SPB:AUTO_BOOST;小怪装备分母x3,dpv2.direct.m66.slot_017
沃玛勇士,66,50,破魂,93,物品,,'=1/80,exact_formula,1/80,'=E50,SPB:AUTO_BOOST;小怪装备分母x3,dpv2.direct.m66.slot_012
沃玛勇士,66,51,蛇眼戒指,204,物品,,'=1/80,exact_formula,1/80,'=E51,SPB:AUTO_BOOST;小怪装备分母x3,dpv2.direct.m66.slot_010
沃玛勇士,66,52,道士手镯,185,物品,,'=1/80,exact_formula,1/80,'=E52,SPB:AUTO_BOOST;小怪装备分母x3,dpv2.direct.m66.slot_005
沃玛勇士,66,53,降魔,96,物品,,'=1/80,exact_formula,1/80,'=E53,SPB:AUTO_BOOST;小怪装备分母x3,dpv2.direct.m66.slot_008
沃玛勇士,66,54,骷髅戒指,207,物品,,'=1/80,exact_formula,1/80,'=E54,SPB:AUTO_BOOST;小怪装备分母x3,dpv2.direct.m66.slot_018
沃玛勇士,66,55,魔力手镯,186,物品,,'=1/80,exact_formula,1/80,'=E55,SPB:AUTO_BOOST;小怪装备分母x3,dpv2.direct.m66.slot_007
沃玛勇士,66,56,黑檀手镯,184,物品,,'=1/80,exact_formula,1/80,'=E56,SPB:AUTO_BOOST;小怪装备分母x3,dpv2.direct.m66.slot_006
沃玛勇士,66,57,黑色水晶戒指,203,物品,,'=1/80,exact_formula,1/80,'=E57,SPB:AUTO_BOOST;小怪装备分母x3,dpv2.direct.m66.slot_009
沃玛战将,68,6,金币,,金币,1100,'=1/4,exact_formula,1/4,'=E6,SPB:BYPASS_GOLD,dpv2.direct.m68.slot_001
沃玛战将,68,7,金创药(中量),920044,物品,,'=1/5,exact_formula,1/5,'=E7,SPB:BYPASS_COMMON_RECOVERY,dpv2.direct.m68.slot_002
沃玛战将,68,8,魔法药(中量),920052,物品,,0.2,numeric_literal,1/5,'=E8,SPB:BYPASS_COMMON_RECOVERY,dpv2.direct.m68.slot_003
沃玛战将,68,9,太阳水,920014,物品,,0.2,numeric_literal,1/5,'=E9,SPB:BYPASS_COMMON_RECOVERY,dpv2.direct.m68.slot_004
沃玛战将,68,10,八荒,89,物品,,0.025,numeric_literal,1/40,'=E10,SPB:AUTO_BOOST;小怪装备分母x3,dpv2.direct.m68.slot_005
沃玛战将,68,11,六角戒指,198,物品,,0.025,numeric_literal,1/40,'=E11,SPB:AUTO_BOOST;小怪装备分母x3,dpv2.direct.m68.slot_028
沃玛战将,68,12,凌风,92,物品,,0.025,numeric_literal,1/40,'=E12,SPB:AUTO_BOOST;小怪装备分母x3,dpv2.direct.m68.slot_008
沃玛战将,68,13,凤凰明珠,163,物品,,0.025,numeric_literal,1/40,'=E13,SPB:AUTO_BOOST;小怪装备分母x3,dpv2.direct.m68.slot_012
沃玛战将,68,14,半月,91,物品,,0.025,numeric_literal,1/40,'=E14,SPB:AUTO_BOOST;小怪装备分母x3,dpv2.direct.m68.slot_006
沃玛战将,68,15,古铜戒指,197,物品,,0.025,numeric_literal,1/40,'=E15,SPB:AUTO_BOOST;小怪装备分母x3,dpv2.direct.m68.slot_032
沃玛战将,68,16,坚固手套,182,物品,,0.025,numeric_literal,1/40,'=E16,SPB:AUTO_BOOST;小怪装备分母x3,dpv2.direct.m68.slot_013
沃玛战将,68,17,大手镯,179,物品,,0.025,numeric_literal,1/40,'=E17,SPB:AUTO_BOOST;小怪装备分母x3,dpv2.direct.m68.slot_034
沃玛战将,68,18,小手镯,175,物品,,0.025,numeric_literal,1/40,'=E18,SPB:AUTO_BOOST;小怪装备分母x3,dpv2.direct.m68.slot_026
沃玛战将,68,19,海魂,90,物品,,0.025,numeric_literal,1/40,'=E19,SPB:AUTO_BOOST;小怪装备分母x3,dpv2.direct.m68.slot_007
沃玛战将,68,20,灯笼项链,164,物品,,0.025,numeric_literal,1/40,'=E20,SPB:AUTO_BOOST;小怪装备分母x3,dpv2.direct.m68.slot_015
沃玛战将,68,21,牛角戒指,200,物品,,0.025,numeric_literal,1/40,'=E21,SPB:AUTO_BOOST;小怪装备分母x3,dpv2.direct.m68.slot_033
沃玛战将,68,22,玻璃戒指,199,物品,,0.025,numeric_literal,1/40,'=E22,SPB:AUTO_BOOST;小怪装备分母x3,dpv2.direct.m68.slot_027
沃玛战将,68,23,琥珀项链,162,物品,,0.025,numeric_literal,1/40,'=E23,SPB:AUTO_BOOST;小怪装备分母x3,dpv2.direct.m68.slot_011
沃玛战将,68,24,皮制手套,177,物品,,0.025,numeric_literal,1/40,'=E24,SPB:AUTO_BOOST;小怪装备分母x3,dpv2.direct.m68.slot_029
沃玛战将,68,25,短剑,84,物品,,0.025,numeric_literal,1/40,'=E25,SPB:AUTO_BOOST;小怪装备分母x3,dpv2.direct.m68.slot_017
沃玛战将,68,26,蓝色水晶戒指,202,物品,,0.025,numeric_literal,1/40,'=E26,SPB:AUTO_BOOST;小怪装备分母x3,dpv2.direct.m68.slot_009
沃玛战将,68,27,轻型盔甲(男),118,物品,,0.025,numeric_literal,1/40,'=E27,SPB:AUTO_BOOST;小怪装备分母x3,dpv2.direct.m68.slot_018
沃玛战将,68,29,钢手镯,178,物品,,0.025,numeric_literal,1/40,'=E29,SPB:AUTO_BOOST;小怪装备分母x3,dpv2.direct.m68.slot_031
沃玛战将,68,30,铁剑,85,物品,,0.025,numeric_literal,1/40,'=E30,SPB:AUTO_BOOST;小怪装备分母x3,dpv2.direct.m68.slot_016
沃玛战将,68,31,银手镯,176,物品,,0.025,numeric_literal,1/40,'=E31,SPB:AUTO_BOOST;小怪装备分母x3,dpv2.direct.m68.slot_030
沃玛战将,68,32,青铜剑,83,物品,,0.025,numeric_literal,1/40,'=E32,SPB:AUTO_BOOST;小怪装备分母x3,dpv2.direct.m68.slot_025
沃玛战将,68,33,青铜头盔,147,物品,,0.025,numeric_literal,1/40,'=E33,SPB:AUTO_BOOST;小怪装备分母x3,dpv2.direct.m68.slot_024
沃玛战将,68,34,青铜斧,87,物品,,0.025,numeric_literal,1/40,'=E34,SPB:AUTO_BOOST;小怪装备分母x3,dpv2.direct.m68.slot_020
沃玛战将,68,35,魔法手镯,183,物品,,0.025,numeric_literal,1/40,'=E35,SPB:AUTO_BOOST;小怪装备分母x3,dpv2.direct.m68.slot_014
沃玛战将,68,36,魔鬼项链,161,物品,,0.025,numeric_literal,1/40,'=E36,SPB:AUTO_BOOST;小怪装备分母x3,dpv2.direct.m68.slot_010
沃玛战将,68,37,黄色水晶项链,158,物品,,0.025,numeric_literal,1/40,'=E37,SPB:AUTO_BOOST;小怪装备分母x3,dpv2.direct.m68.slot_022
沃玛战将,68,38,黑檀项链,157,物品,,0.025,numeric_literal,1/40,'=E38,SPB:AUTO_BOOST;小怪装备分母x3,dpv2.direct.m68.slot_021
沃玛战将,68,39,黑色水晶项链,156,物品,,0.025,numeric_literal,1/40,'=E39,SPB:AUTO_BOOST;小怪装备分母x3,dpv2.direct.m68.slot_023
沃玛战将,68,40,偃月,95,物品,,'=1/80,exact_formula,1/80,'=E40,SPB:AUTO_BOOST;小怪装备分母x3,dpv2.direct.m68.slot_044
沃玛战将,68,41,小手镯,175,物品,,'=1/80,exact_formula,1/80,'=E41,SPB:AUTO_BOOST;小怪装备分母x3,dpv2.direct.m68.slot_049
沃玛战将,68,42,斩马刀,94,物品,,'=1/80,exact_formula,1/80,'=E42,SPB:AUTO_BOOST;小怪装备分母x3,dpv2.direct.m68.slot_043
沃玛战将,68,43,珍珠戒指,205,物品,,'=1/80,exact_formula,1/80,'=E43,SPB:AUTO_BOOST;小怪装备分母x3,dpv2.direct.m68.slot_041
沃玛战将,68,44,生铁戒指,201,物品,,'=1/80,exact_formula,1/80,'=E44,SPB:AUTO_BOOST;小怪装备分母x3,dpv2.direct.m68.slot_045
沃玛战将,68,45,白色虎齿项链,159,物品,,'=1/80,exact_formula,1/80,'=E45,SPB:AUTO_BOOST;小怪装备分母x3,dpv2.direct.m68.slot_046
沃玛战将,68,46,白金项链,155,物品,,'=1/80,exact_formula,1/80,'=E46,SPB:AUTO_BOOST;小怪装备分母x3,dpv2.direct.m68.slot_047
沃玛战将,68,47,破魂,93,物品,,'=1/80,exact_formula,1/80,'=E47,SPB:AUTO_BOOST;小怪装备分母x3,dpv2.direct.m68.slot_042
沃玛战将,68,48,蛇眼戒指,204,物品,,'=1/80,exact_formula,1/80,'=E48,SPB:AUTO_BOOST;小怪装备分母x3,dpv2.direct.m68.slot_040
沃玛战将,68,49,道士手镯,185,物品,,'=1/80,exact_formula,1/80,'=E49,SPB:AUTO_BOOST;小怪装备分母x3,dpv2.direct.m68.slot_035
沃玛战将,68,50,降魔,96,物品,,'=1/80,exact_formula,1/80,'=E50,SPB:AUTO_BOOST;小怪装备分母x3,dpv2.direct.m68.slot_038
沃玛战将,68,51,骷髅戒指,207,物品,,'=1/80,exact_formula,1/80,'=E51,SPB:AUTO_BOOST;小怪装备分母x3,dpv2.direct.m68.slot_048
沃玛战将,68,52,魔力手镯,186,物品,,'=1/80,exact_formula,1/80,'=E52,SPB:AUTO_BOOST;小怪装备分母x3,dpv2.direct.m68.slot_037
沃玛战将,68,53,黑檀手镯,184,物品,,'=1/80,exact_formula,1/80,'=E53,SPB:AUTO_BOOST;小怪装备分母x3,dpv2.direct.m68.slot_036
沃玛战将,68,54,黑色水晶戒指,203,物品,,'=1/80,exact_formula,1/80,'=E54,SPB:AUTO_BOOST;小怪装备分母x3,dpv2.direct.m68.slot_039
火焰沃玛,70,6,金币,,金币,500,'=1/40,exact_formula,1/40,'=E6,SPB:BYPASS_GOLD,dpv2.direct.m70.slot_001
火焰沃玛,70,7,短剑,84,物品,,'=1/40,exact_formula,1/40,'=E7,SPB:AUTO_BOOST;小怪装备分母x3,dpv2.direct.m70.slot_032
火焰沃玛,70,8,轻型盔甲(男),118,物品,,'=1/40,exact_formula,1/40,'=E8,SPB:AUTO_BOOST;小怪装备分母x3,dpv2.direct.m70.slot_033
火焰沃玛,70,9,轻型盔甲(男),119,物品,,'=1/40,exact_formula,1/40,'=E9,SPB:AUTO_BOOST;小怪装备分母x3,dpv2.direct.m70.slot_034
火焰沃玛,70,10,铁剑,85,物品,,'=1/40,exact_formula,1/40,'=E10,SPB:AUTO_BOOST;小怪装备分母x3,dpv2.direct.m70.slot_031
火焰沃玛,70,11,青铜头盔,147,物品,,'=1/40,exact_formula,1/40,'=E11,SPB:AUTO_BOOST;小怪装备分母x3,dpv2.direct.m70.slot_039
火焰沃玛,70,12,青铜斧,87,物品,,'=1/40,exact_formula,1/40,'=E12,SPB:AUTO_BOOST;小怪装备分母x3,dpv2.direct.m70.slot_035
火焰沃玛,70,13,黄色水晶项链,158,物品,,'=1/40,exact_formula,1/40,'=E13,SPB:AUTO_BOOST;小怪装备分母x3,dpv2.direct.m70.slot_037
火焰沃玛,70,14,黑檀项链,157,物品,,'=1/40,exact_formula,1/40,'=E14,SPB:AUTO_BOOST;小怪装备分母x3,dpv2.direct.m70.slot_036
火焰沃玛,70,15,黑色水晶项链,156,物品,,'=1/40,exact_formula,1/40,'=E15,SPB:AUTO_BOOST;小怪装备分母x3,dpv2.direct.m70.slot_038
火焰沃玛,70,16,太阳水,920014,物品,,0.2,numeric_literal,1/5,'=E16,SPB:BYPASS_COMMON_RECOVERY,dpv2.direct.m70.slot_002
火焰沃玛,70,17,金创药(中量),920044,物品,,0.2,numeric_literal,1/5,'=E17,SPB:BYPASS_COMMON_RECOVERY,dpv2.direct.m70.slot_003
火焰沃玛,70,18,魔法药(中量),920052,物品,,0.2,numeric_literal,1/5,'=E18,SPB:BYPASS_COMMON_RECOVERY,dpv2.direct.m70.slot_004
火焰沃玛,70,19,八荒,89,物品,,'=1/40,exact_formula,1/40,'=E19,SPB:AUTO_BOOST;小怪装备分母x3,dpv2.direct.m70.slot_020
火焰沃玛,70,20,凌风,92,物品,,'=1/40,exact_formula,1/40,'=E20,SPB:AUTO_BOOST;小怪装备分母x3,dpv2.direct.m70.slot_023
火焰沃玛,70,21,凤凰明珠,163,物品,,'=1/40,exact_formula,1/40,'=E21,SPB:AUTO_BOOST;小怪装备分母x3,dpv2.direct.m70.slot_027
火焰沃玛,70,22,半月,91,物品,,'=1/40,exact_formula,1/40,'=E22,SPB:AUTO_BOOST;小怪装备分母x3,dpv2.direct.m70.slot_021
火焰沃玛,70,23,坚固手套,182,物品,,'=1/40,exact_formula,1/40,'=E23,SPB:AUTO_BOOST;小怪装备分母x3,dpv2.direct.m70.slot_028
火焰沃玛,70,24,海魂,90,物品,,'=1/40,exact_formula,1/40,'=E24,SPB:AUTO_BOOST;小怪装备分母x3,dpv2.direct.m70.slot_022
火焰沃玛,70,25,灯笼项链,164,物品,,'=1/40,exact_formula,1/40,'=E25,SPB:AUTO_BOOST;小怪装备分母x3,dpv2.direct.m70.slot_030
火焰沃玛,70,26,琥珀项链,162,物品,,'=1/40,exact_formula,1/40,'=E26,SPB:AUTO_BOOST;小怪装备分母x3,dpv2.direct.m70.slot_026
火焰沃玛,70,27,蓝色水晶戒指,202,物品,,'=1/40,exact_formula,1/40,'=E27,SPB:AUTO_BOOST;小怪装备分母x3,dpv2.direct.m70.slot_024
火焰沃玛,70,28,魔法手镯,183,物品,,'=1/40,exact_formula,1/40,'=E28,SPB:AUTO_BOOST;小怪装备分母x3,dpv2.direct.m70.slot_029
火焰沃玛,70,29,魔鬼项链,161,物品,,'=1/40,exact_formula,1/40,'=E29,SPB:AUTO_BOOST;小怪装备分母x3,dpv2.direct.m70.slot_025
火焰沃玛,70,30,精神神水,910006,物品,,'=1/60,exact_formula,1/60,'=E30,SPB:AUTO_BOOST;小怪神水分母x6,dpv2.direct.m70.slot_041
火焰沃玛,70,31,魔力神水,910005,物品,,'=1/60,exact_formula,1/60,'=E31,SPB:AUTO_BOOST;小怪神水分母x6,dpv2.direct.m70.slot_040
火焰沃玛,70,32,偃月,95,物品,,'=1/80,exact_formula,1/80,'=E32,SPB:AUTO_BOOST;小怪装备分母x3,dpv2.direct.m70.slot_014
火焰沃玛,70,33,小手镯,175,物品,,'=1/80,exact_formula,1/80,'=E33,SPB:AUTO_BOOST;小怪装备分母x3,dpv2.direct.m70.slot_019
火焰沃玛,70,34,斩马刀,94,物品,,'=1/80,exact_formula,1/80,'=E34,SPB:AUTO_BOOST;小怪装备分母x3,dpv2.direct.m70.slot_013
火焰沃玛,70,35,珍珠戒指,205,物品,,'=1/80,exact_formula,1/80,'=E35,SPB:AUTO_BOOST;小怪装备分母x3,dpv2.direct.m70.slot_011
火焰沃玛,70,36,生铁戒指,201,物品,,'=1/80,exact_formula,1/80,'=E36,SPB:AUTO_BOOST;小怪装备分母x3,dpv2.direct.m70.slot_015
火焰沃玛,70,37,白色虎齿项链,159,物品,,'=1/80,exact_formula,1/80,'=E37,SPB:AUTO_BOOST;小怪装备分母x3,dpv2.direct.m70.slot_016
火焰沃玛,70,38,白金项链,155,物品,,'=1/80,exact_formula,1/80,'=E38,SPB:AUTO_BOOST;小怪装备分母x3,dpv2.direct.m70.slot_017
火焰沃玛,70,39,破魂,93,物品,,'=1/80,exact_formula,1/80,'=E39,SPB:AUTO_BOOST;小怪装备分母x3,dpv2.direct.m70.slot_012
火焰沃玛,70,40,蛇眼戒指,204,物品,,'=1/80,exact_formula,1/80,'=E40,SPB:AUTO_BOOST;小怪装备分母x3,dpv2.direct.m70.slot_010
火焰沃玛,70,41,道士手镯,185,物品,,'=1/80,exact_formula,1/80,'=E41,SPB:AUTO_BOOST;小怪装备分母x3,dpv2.direct.m70.slot_005
火焰沃玛,70,42,降魔,96,物品,,'=1/80,exact_formula,1/80,'=E42,SPB:AUTO_BOOST;小怪装备分母x3,dpv2.direct.m70.slot_008
火焰沃玛,70,43,骷髅戒指,207,物品,,'=1/80,exact_formula,1/80,'=E43,SPB:AUTO_BOOST;小怪装备分母x3,dpv2.direct.m70.slot_018
火焰沃玛,70,44,魔力手镯,186,物品,,'=1/80,exact_formula,1/80,'=E44,SPB:AUTO_BOOST;小怪装备分母x3,dpv2.direct.m70.slot_007
火焰沃玛,70,45,黑檀手镯,184,物品,,'=1/80,exact_formula,1/80,'=E45,SPB:AUTO_BOOST;小怪装备分母x3,dpv2.direct.m70.slot_006
火焰沃玛,70,46,黑色水晶戒指,203,物品,,'=1/80,exact_formula,1/80,'=E46,SPB:AUTO_BOOST;小怪装备分母x3,dpv2.direct.m70.slot_009
僵尸1,79,6,金币,,金币,1400,'=1/2,exact_formula,1/2,'=E6,SPB:BYPASS_GOLD,dpv2.direct.m79.v505_0001
僵尸1,79,7,召唤骷髅,920006,物品,,'=1/30,exact_formula,1/30,'=E7,SPB:BYPASS_UNCLASSIFIED;v80:CURRENT_ZOMBIE_BOOK_X5,dpv2.direct.m79.slot_017
僵尸1,79,8,地狱火,920010,物品,,'=1/30,exact_formula,1/30,'=E8,SPB:BYPASS_UNCLASSIFIED;v80:CURRENT_ZOMBIE_BOOK_X5,dpv2.direct.m79.slot_021
僵尸1,79,9,基本剑术,920012,物品,,'=1/30,exact_formula,1/30,'=E9,SPB:BYPASS_UNCLASSIFIED;v80:CURRENT_ZOMBIE_BOOK_X5,dpv2.direct.m79.slot_027
僵尸1,79,10,大火球,920013,物品,,'=1/30,exact_formula,1/30,'=E10,SPB:BYPASS_UNCLASSIFIED;v80:CURRENT_ZOMBIE_BOOK_X5,dpv2.direct.m79.slot_016
僵尸1,79,11,抗拒火环,920020,物品,,'=1/30,exact_formula,1/30,'=E11,SPB:BYPASS_UNCLASSIFIED;v80:CURRENT_ZOMBIE_BOOK_X5,dpv2.direct.m79.slot_023
僵尸1,79,12,施毒术,920022,物品,,'=1/30,exact_formula,1/30,'=E12,SPB:BYPASS_UNCLASSIFIED;v80:CURRENT_ZOMBIE_BOOK_X5,dpv2.direct.m79.slot_013
僵尸1,79,13,治愈术,920024,物品,,'=1/30,exact_formula,1/30,'=E13,SPB:BYPASS_UNCLASSIFIED;v80:CURRENT_ZOMBIE_BOOK_X5,dpv2.direct.m79.slot_026
僵尸1,79,14,火球术,920026,物品,,'=1/30,exact_formula,1/30,'=E14,SPB:BYPASS_UNCLASSIFIED;v80:CURRENT_ZOMBIE_BOOK_X5,dpv2.direct.m79.slot_025
僵尸1,79,15,灵魂火符,920027,物品,,'=1/30,exact_formula,1/30,'=E15,SPB:BYPASS_UNCLASSIFIED;v80:CURRENT_ZOMBIE_BOOK_X5,dpv2.direct.m79.slot_019
僵尸1,79,16,瞬息移动,920031,物品,,'=1/30,exact_formula,1/30,'=E16,SPB:BYPASS_UNCLASSIFIED;v80:CURRENT_ZOMBIE_BOOK_X5,dpv2.direct.m79.slot_018
僵尸1,79,17,精神力战法,920035,物品,,'=1/30,exact_formula,1/30,'=E17,SPB:BYPASS_UNCLASSIFIED;v80:CURRENT_ZOMBIE_BOOK_X5,dpv2.direct.m79.slot_024
僵尸1,79,18,诱惑之光,920041,物品,,'=1/30,exact_formula,1/30,'=E18,SPB:BYPASS_UNCLASSIFIED;v80:CURRENT_ZOMBIE_BOOK_X5,dpv2.direct.m79.slot_022
僵尸1,79,19,隐身术,920046,物品,,'=1/30,exact_formula,1/30,'=E19,SPB:BYPASS_UNCLASSIFIED;v80:CURRENT_ZOMBIE_BOOK_X5,dpv2.direct.m79.slot_015
僵尸1,79,20,雷电术,920048,物品,,'=1/30,exact_formula,1/30,'=E20,SPB:BYPASS_UNCLASSIFIED;v80:CURRENT_ZOMBIE_BOOK_X5,dpv2.direct.m79.slot_020
僵尸1,79,21,刺杀剑术,920003,物品,,'=1/30,exact_formula,1/30,'=E21,SPB:BYPASS_UNCLASSIFIED;v80:CURRENT_ZOMBIE_BOOK_X5,dpv2.direct.m79.slot_011
僵尸1,79,22,幽灵盾,920015,物品,,'=1/30,exact_formula,1/30,'=E22,SPB:BYPASS_UNCLASSIFIED;v80:CURRENT_ZOMBIE_BOOK_X5,dpv2.direct.m79.slot_008
僵尸1,79,23,火墙,920025,物品,,'=1/30,exact_formula,1/30,'=E23,SPB:BYPASS_UNCLASSIFIED;v80:CURRENT_ZOMBIE_BOOK_X5,dpv2.direct.m79.slot_012
僵尸1,79,24,爆裂火焰,920029,物品,,'=1/30,exact_formula,1/30,'=E24,SPB:BYPASS_UNCLASSIFIED;v80:CURRENT_ZOMBIE_BOOK_X5,dpv2.direct.m79.slot_009
僵尸1,79,25,疾光电影,920030,物品,,'=1/30,exact_formula,1/30,'=E25,SPB:BYPASS_UNCLASSIFIED;v80:CURRENT_ZOMBIE_BOOK_X5,dpv2.direct.m79.slot_005
僵尸1,79,26,神圣战甲术,920034,物品,,'=1/30,exact_formula,1/30,'=E26,SPB:BYPASS_UNCLASSIFIED;v80:CURRENT_ZOMBIE_BOOK_X5,dpv2.direct.m79.slot_007
僵尸1,79,27,集体隐身术,920047,物品,,'=1/30,exact_formula,1/30,'=E27,SPB:BYPASS_UNCLASSIFIED;v80:CURRENT_ZOMBIE_BOOK_X5,dpv2.direct.m79.slot_010
僵尸1,79,28,攻杀剑术,920021,物品,,'=1/30,exact_formula,1/30,'=E28,SPB:BYPASS_UNCLASSIFIED;v80:CURRENT_ZOMBIE_BOOK_X5,dpv2.direct.m79.slot_014
僵尸1,79,29,心灵启示,920018,物品,,'=1/30,exact_formula,1/30,'=E29,SPB:BYPASS_UNCLASSIFIED;v80:CURRENT_ZOMBIE_BOOK_X5,dpv2.direct.m79.slot_006
僵尸1,79,30,疾风神水,910003,物品,,'=1/60,exact_formula,1/60,'=E30,SPB:AUTO_BOOST;SPB_CEILING_1_20;小怪神水分母x6,dpv2.direct.m79.v505_0028
僵尸1,79,31,金创药(中量),920044,物品,,'=1/5,exact_formula,1/5,'=E31,SPB:BYPASS_COMMON_RECOVERY,dpv2.direct.m79.slot_003
僵尸1,79,32,魔法药(中量),920052,物品,,'=1/5,exact_formula,1/5,'=E32,SPB:BYPASS_COMMON_RECOVERY,dpv2.direct.m79.slot_004
僵尸1,79,33,金币,,金币,2500,'=1/500,exact_formula,1/500,'=E33,SPB:BYPASS_GOLD,dpv2.direct.m79.slot_002
僵尸2,81,6,金币,,金币,1400,'=1/2,exact_formula,1/2,'=E6,SPB:BYPASS_GOLD,dpv2.direct.m81.v505_0001
僵尸2,81,7,基本剑术,920012,物品,,'=1/30,exact_formula,1/30,'=E7,SPB:BYPASS_UNCLASSIFIED;v80:CURRENT_ZOMBIE_BOOK_X5,dpv2.direct.m81.slot_027
僵尸2,81,8,抗拒火环,920020,物品,,'=1/30,exact_formula,1/30,'=E8,SPB:BYPASS_UNCLASSIFIED;v80:CURRENT_ZOMBIE_BOOK_X5,dpv2.direct.m81.slot_023
僵尸2,81,9,治愈术,920024,物品,,'=1/30,exact_formula,1/30,'=E9,SPB:BYPASS_UNCLASSIFIED;v80:CURRENT_ZOMBIE_BOOK_X5,dpv2.direct.m81.slot_026
僵尸2,81,10,火球术,920026,物品,,'=1/30,exact_formula,1/30,'=E10,SPB:BYPASS_UNCLASSIFIED;v80:CURRENT_ZOMBIE_BOOK_X5,dpv2.direct.m81.slot_025
僵尸2,81,11,精神力战法,920035,物品,,'=1/30,exact_formula,1/30,'=E11,SPB:BYPASS_UNCLASSIFIED;v80:CURRENT_ZOMBIE_BOOK_X5,dpv2.direct.m81.slot_024
僵尸2,81,12,召唤骷髅,920006,物品,,'=1/30,exact_formula,1/30,'=E12,SPB:BYPASS_UNCLASSIFIED;v80:CURRENT_ZOMBIE_BOOK_X5,dpv2.direct.m81.slot_017
僵尸2,81,13,地狱火,920010,物品,,'=1/30,exact_formula,1/30,'=E13,SPB:BYPASS_UNCLASSIFIED;v80:CURRENT_ZOMBIE_BOOK_X5,dpv2.direct.m81.slot_021
僵尸2,81,14,大火球,920013,物品,,'=1/30,exact_formula,1/30,'=E14,SPB:BYPASS_UNCLASSIFIED;v80:CURRENT_ZOMBIE_BOOK_X5,dpv2.direct.m81.slot_016
僵尸2,81,15,攻杀剑术,920021,物品,,'=1/30,exact_formula,1/30,'=E15,SPB:BYPASS_UNCLASSIFIED;v80:CURRENT_ZOMBIE_BOOK_X5,dpv2.direct.m81.slot_014
僵尸2,81,16,施毒术,920022,物品,,'=1/30,exact_formula,1/30,'=E16,SPB:BYPASS_UNCLASSIFIED;v80:CURRENT_ZOMBIE_BOOK_X5,dpv2.direct.m81.slot_013
僵尸2,81,17,灵魂火符,920027,物品,,'=1/30,exact_formula,1/30,'=E17,SPB:BYPASS_UNCLASSIFIED;v80:CURRENT_ZOMBIE_BOOK_X5,dpv2.direct.m81.slot_019
僵尸2,81,18,瞬息移动,920031,物品,,'=1/30,exact_formula,1/30,'=E18,SPB:BYPASS_UNCLASSIFIED;v80:CURRENT_ZOMBIE_BOOK_X5,dpv2.direct.m81.slot_018
僵尸2,81,19,诱惑之光,920041,物品,,'=1/30,exact_formula,1/30,'=E19,SPB:BYPASS_UNCLASSIFIED;v80:CURRENT_ZOMBIE_BOOK_X5,dpv2.direct.m81.slot_022
僵尸2,81,20,隐身术,920046,物品,,'=1/30,exact_formula,1/30,'=E20,SPB:BYPASS_UNCLASSIFIED;v80:CURRENT_ZOMBIE_BOOK_X5,dpv2.direct.m81.slot_015
僵尸2,81,21,雷电术,920048,物品,,'=1/30,exact_formula,1/30,'=E21,SPB:BYPASS_UNCLASSIFIED;v80:CURRENT_ZOMBIE_BOOK_X5,dpv2.direct.m81.slot_020
僵尸2,81,22,刺杀剑术,920003,物品,,'=1/30,exact_formula,1/30,'=E22,SPB:BYPASS_UNCLASSIFIED;v80:CURRENT_ZOMBIE_BOOK_X5,dpv2.direct.m81.slot_008
僵尸2,81,23,幽灵盾,920015,物品,,'=1/30,exact_formula,1/30,'=E23,SPB:BYPASS_UNCLASSIFIED;v80:CURRENT_ZOMBIE_BOOK_X5,dpv2.direct.m81.slot_010
僵尸2,81,24,火墙,920025,物品,,'=1/30,exact_formula,1/30,'=E24,SPB:BYPASS_UNCLASSIFIED;v80:CURRENT_ZOMBIE_BOOK_X5,dpv2.direct.m81.slot_009
僵尸2,81,25,爆裂火焰,920029,物品,,'=1/30,exact_formula,1/30,'=E25,SPB:BYPASS_UNCLASSIFIED;v80:CURRENT_ZOMBIE_BOOK_X5,dpv2.direct.m81.slot_011
僵尸2,81,26,疾光电影,920030,物品,,'=1/30,exact_formula,1/30,'=E26,SPB:BYPASS_UNCLASSIFIED;v80:CURRENT_ZOMBIE_BOOK_X5,dpv2.direct.m81.slot_005
僵尸2,81,27,神圣战甲术,920034,物品,,'=1/30,exact_formula,1/30,'=E27,SPB:BYPASS_UNCLASSIFIED;v80:CURRENT_ZOMBIE_BOOK_X5,dpv2.direct.m81.slot_007
僵尸2,81,28,集体隐身术,920047,物品,,'=1/30,exact_formula,1/30,'=E28,SPB:BYPASS_UNCLASSIFIED;v80:CURRENT_ZOMBIE_BOOK_X5,dpv2.direct.m81.slot_012
僵尸2,81,29,攻击神水,910004,物品,,'=1/60,exact_formula,1/60,'=E29,SPB:AUTO_BOOST;SPB_CEILING_1_20;小怪神水分母x6,dpv2.direct.m81.v505_0029
僵尸2,81,30,精神神水,910006,物品,,'=1/60,exact_formula,1/60,'=E30,SPB:AUTO_BOOST;SPB_CEILING_1_20;小怪神水分母x6,dpv2.direct.m81.v505_0031
僵尸2,81,31,魔力神水,910005,物品,,'=1/60,exact_formula,1/60,'=E31,SPB:AUTO_BOOST;SPB_CEILING_1_20;小怪神水分母x6,dpv2.direct.m81.v505_0030
僵尸2,81,32,金创药(中量),920044,物品,,'=1/5,exact_formula,1/5,'=E32,SPB:BYPASS_COMMON_RECOVERY,dpv2.direct.m81.slot_003
僵尸2,81,33,魔法药(中量),920052,物品,,'=1/5,exact_formula,1/5,'=E33,SPB:BYPASS_COMMON_RECOVERY,dpv2.direct.m81.slot_004
僵尸2,81,34,心灵启示,920018,物品,,'=1/288,exact_formula,1/288,'=E34,SPB:BYPASS_UNCLASSIFIED;v80:CURRENT_ZOMBIE_BOOK_X5,dpv2.direct.m81.slot_006
僵尸2,81,35,太阳水,920014,物品,,'=1/5,exact_formula,1/5,'=E35,SPB:BYPASS_COMMON_RECOVERY,dpv2.direct.m81.v505_0005
僵尸2,81,36,金币,,金币,2500,'=1/500,exact_formula,1/500,'=E36,SPB:BYPASS_GOLD,dpv2.direct.m81.slot_002
僵尸3,83,6,金币,,金币,1400,'=1/2,exact_formula,1/2,'=E6,SPB:BYPASS_GOLD,dpv2.direct.m83.v505_0001
僵尸3,83,7,金创药(小量),920045,物品,,'=1/10,exact_formula,1/10,'=E7,SPB:BYPASS_COMMON_RECOVERY,dpv2.direct.m83.v505_0003
僵尸3,83,8,魔法药(小量),920053,物品,,'=1/20,exact_formula,1/20,'=E8,SPB:BYPASS_COMMON_RECOVERY,dpv2.direct.m83.v505_0004
僵尸3,83,9,基本剑术,920012,物品,,'=1/30,exact_formula,1/30,'=E9,SPB:BYPASS_UNCLASSIFIED;v80:CURRENT_ZOMBIE_BOOK_X5,dpv2.direct.m83.slot_027
僵尸3,83,10,抗拒火环,920020,物品,,'=1/30,exact_formula,1/30,'=E10,SPB:BYPASS_UNCLASSIFIED;v80:CURRENT_ZOMBIE_BOOK_X5,dpv2.direct.m83.slot_023
僵尸3,83,11,治愈术,920024,物品,,'=1/30,exact_formula,1/30,'=E11,SPB:BYPASS_UNCLASSIFIED;v80:CURRENT_ZOMBIE_BOOK_X5,dpv2.direct.m83.slot_026
僵尸3,83,12,火球术,920026,物品,,'=1/30,exact_formula,1/30,'=E12,SPB:BYPASS_UNCLASSIFIED;v80:CURRENT_ZOMBIE_BOOK_X5,dpv2.direct.m83.slot_025
僵尸3,83,13,精神力战法,920035,物品,,'=1/30,exact_formula,1/30,'=E13,SPB:BYPASS_UNCLASSIFIED;v80:CURRENT_ZOMBIE_BOOK_X5,dpv2.direct.m83.slot_024
僵尸3,83,14,召唤骷髅,920006,物品,,'=1/30,exact_formula,1/30,'=E14,SPB:BYPASS_UNCLASSIFIED;v80:CURRENT_ZOMBIE_BOOK_X5,dpv2.direct.m83.slot_017
僵尸3,83,15,地狱火,920010,物品,,'=1/30,exact_formula,1/30,'=E15,SPB:BYPASS_UNCLASSIFIED;v80:CURRENT_ZOMBIE_BOOK_X5,dpv2.direct.m83.slot_021
僵尸3,83,16,大火球,920013,物品,,'=1/30,exact_formula,1/30,'=E16,SPB:BYPASS_UNCLASSIFIED;v80:CURRENT_ZOMBIE_BOOK_X5,dpv2.direct.m83.slot_016
僵尸3,83,17,攻杀剑术,920021,物品,,'=1/30,exact_formula,1/30,'=E17,SPB:BYPASS_UNCLASSIFIED;v80:CURRENT_ZOMBIE_BOOK_X5,dpv2.direct.m83.slot_014
僵尸3,83,18,施毒术,920022,物品,,'=1/30,exact_formula,1/30,'=E18,SPB:BYPASS_UNCLASSIFIED;v80:CURRENT_ZOMBIE_BOOK_X5,dpv2.direct.m83.slot_013
僵尸3,83,19,灵魂火符,920027,物品,,'=1/30,exact_formula,1/30,'=E19,SPB:BYPASS_UNCLASSIFIED;v80:CURRENT_ZOMBIE_BOOK_X5,dpv2.direct.m83.slot_019
僵尸3,83,20,瞬息移动,920031,物品,,'=1/30,exact_formula,1/30,'=E20,SPB:BYPASS_UNCLASSIFIED;v80:CURRENT_ZOMBIE_BOOK_X5,dpv2.direct.m83.slot_018
僵尸3,83,21,诱惑之光,920041,物品,,'=1/30,exact_formula,1/30,'=E21,SPB:BYPASS_UNCLASSIFIED;v80:CURRENT_ZOMBIE_BOOK_X5,dpv2.direct.m83.slot_022
僵尸3,83,22,隐身术,920046,物品,,'=1/30,exact_formula,1/30,'=E22,SPB:BYPASS_UNCLASSIFIED;v80:CURRENT_ZOMBIE_BOOK_X5,dpv2.direct.m83.slot_015
僵尸3,83,23,雷电术,920048,物品,,'=1/30,exact_formula,1/30,'=E23,SPB:BYPASS_UNCLASSIFIED;v80:CURRENT_ZOMBIE_BOOK_X5,dpv2.direct.m83.slot_020
僵尸3,83,24,刺杀剑术,920003,物品,,'=1/30,exact_formula,1/30,'=E24,SPB:BYPASS_UNCLASSIFIED;v80:CURRENT_ZOMBIE_BOOK_X5,dpv2.direct.m83.slot_005
僵尸3,83,25,幽灵盾,920015,物品,,'=1/30,exact_formula,1/30,'=E25,SPB:BYPASS_UNCLASSIFIED;v80:CURRENT_ZOMBIE_BOOK_X5,dpv2.direct.m83.slot_010
僵尸3,83,26,火墙,920025,物品,,'=1/30,exact_formula,1/30,'=E26,SPB:BYPASS_UNCLASSIFIED;v80:CURRENT_ZOMBIE_BOOK_X5,dpv2.direct.m83.slot_006
僵尸3,83,27,爆裂火焰,920029,物品,,'=1/30,exact_formula,1/30,'=E27,SPB:BYPASS_UNCLASSIFIED;v80:CURRENT_ZOMBIE_BOOK_X5,dpv2.direct.m83.slot_011
僵尸3,83,28,疾光电影,920030,物品,,'=1/30,exact_formula,1/30,'=E28,SPB:BYPASS_UNCLASSIFIED;v80:CURRENT_ZOMBIE_BOOK_X5,dpv2.direct.m83.slot_007
僵尸3,83,29,神圣战甲术,920034,物品,,'=1/30,exact_formula,1/30,'=E29,SPB:BYPASS_UNCLASSIFIED;v80:CURRENT_ZOMBIE_BOOK_X5,dpv2.direct.m83.slot_009
僵尸3,83,30,集体隐身术,920047,物品,,'=1/30,exact_formula,1/30,'=E30,SPB:BYPASS_UNCLASSIFIED;v80:CURRENT_ZOMBIE_BOOK_X5,dpv2.direct.m83.slot_012
僵尸3,83,31,攻击神水,910004,物品,,'=1/60,exact_formula,1/60,'=E31,SPB:AUTO_BOOST;SPB_CEILING_1_20;小怪神水分母x6,dpv2.direct.m83.v505_0029
僵尸3,83,32,精神神水,910006,物品,,'=1/60,exact_formula,1/60,'=E32,SPB:AUTO_BOOST;SPB_CEILING_1_20;小怪神水分母x6,dpv2.direct.m83.v505_0031
僵尸3,83,33,魔力神水,910005,物品,,'=1/60,exact_formula,1/60,'=E33,SPB:AUTO_BOOST;SPB_CEILING_1_20;小怪神水分母x6,dpv2.direct.m83.v505_0030
僵尸3,83,34,心灵启示,920018,物品,,'=1/288,exact_formula,1/288,'=E34,SPB:BYPASS_UNCLASSIFIED;v80:CURRENT_ZOMBIE_BOOK_X5,dpv2.direct.m83.slot_008
僵尸3,83,35,太阳水,920014,物品,,'=1/5,exact_formula,1/5,'=E35,SPB:BYPASS_COMMON_RECOVERY,dpv2.direct.m83.v505_0005
僵尸3,83,36,金币,,金币,25000,'=1/500,exact_formula,1/500,'=E36,SPB:BYPASS_GOLD,dpv2.direct.m83.v505_0002
僵尸4,85,6,金币,,金币,1400,'=1/2,exact_formula,1/2,'=E6,SPB:BYPASS_GOLD,dpv2.direct.m85.v505_0001
僵尸4,85,7,金创药(小量),920045,物品,,'=1/10,exact_formula,1/10,'=E7,SPB:BYPASS_COMMON_RECOVERY,dpv2.direct.m85.v505_0003
僵尸4,85,8,魔法药(小量),920053,物品,,'=1/20,exact_formula,1/20,'=E8,SPB:BYPASS_COMMON_RECOVERY,dpv2.direct.m85.v505_0004
僵尸4,85,9,基本剑术,920012,物品,,'=1/30,exact_formula,1/30,'=E9,SPB:BYPASS_UNCLASSIFIED;v80:CURRENT_ZOMBIE_BOOK_X5,dpv2.direct.m85.slot_027
僵尸4,85,10,抗拒火环,920020,物品,,'=1/30,exact_formula,1/30,'=E10,SPB:BYPASS_UNCLASSIFIED;v80:CURRENT_ZOMBIE_BOOK_X5,dpv2.direct.m85.slot_023
僵尸4,85,11,治愈术,920024,物品,,'=1/30,exact_formula,1/30,'=E11,SPB:BYPASS_UNCLASSIFIED;v80:CURRENT_ZOMBIE_BOOK_X5,dpv2.direct.m85.slot_026
僵尸4,85,12,火球术,920026,物品,,'=1/30,exact_formula,1/30,'=E12,SPB:BYPASS_UNCLASSIFIED;v80:CURRENT_ZOMBIE_BOOK_X5,dpv2.direct.m85.slot_025
僵尸4,85,13,精神力战法,920035,物品,,'=1/30,exact_formula,1/30,'=E13,SPB:BYPASS_UNCLASSIFIED;v80:CURRENT_ZOMBIE_BOOK_X5,dpv2.direct.m85.slot_024
僵尸4,85,14,召唤骷髅,920006,物品,,'=1/30,exact_formula,1/30,'=E14,SPB:BYPASS_UNCLASSIFIED;v80:CURRENT_ZOMBIE_BOOK_X5,dpv2.direct.m85.slot_017
僵尸4,85,15,地狱火,920010,物品,,'=1/30,exact_formula,1/30,'=E15,SPB:BYPASS_UNCLASSIFIED;v80:CURRENT_ZOMBIE_BOOK_X5,dpv2.direct.m85.slot_021
僵尸4,85,16,大火球,920013,物品,,'=1/30,exact_formula,1/30,'=E16,SPB:BYPASS_UNCLASSIFIED;v80:CURRENT_ZOMBIE_BOOK_X5,dpv2.direct.m85.slot_016
僵尸4,85,17,攻杀剑术,920021,物品,,'=1/30,exact_formula,1/30,'=E17,SPB:BYPASS_UNCLASSIFIED;v80:CURRENT_ZOMBIE_BOOK_X5,dpv2.direct.m85.slot_014
僵尸4,85,18,施毒术,920022,物品,,'=1/30,exact_formula,1/30,'=E18,SPB:BYPASS_UNCLASSIFIED;v80:CURRENT_ZOMBIE_BOOK_X5,dpv2.direct.m85.slot_013
僵尸4,85,19,灵魂火符,920027,物品,,'=1/30,exact_formula,1/30,'=E19,SPB:BYPASS_UNCLASSIFIED;v80:CURRENT_ZOMBIE_BOOK_X5,dpv2.direct.m85.slot_019
僵尸4,85,20,瞬息移动,920031,物品,,'=1/30,exact_formula,1/30,'=E20,SPB:BYPASS_UNCLASSIFIED;v80:CURRENT_ZOMBIE_BOOK_X5,dpv2.direct.m85.slot_018
僵尸4,85,21,诱惑之光,920041,物品,,'=1/30,exact_formula,1/30,'=E21,SPB:BYPASS_UNCLASSIFIED;v80:CURRENT_ZOMBIE_BOOK_X5,dpv2.direct.m85.slot_022
僵尸4,85,22,隐身术,920046,物品,,'=1/30,exact_formula,1/30,'=E22,SPB:BYPASS_UNCLASSIFIED;v80:CURRENT_ZOMBIE_BOOK_X5,dpv2.direct.m85.slot_015
僵尸4,85,23,雷电术,920048,物品,,'=1/30,exact_formula,1/30,'=E23,SPB:BYPASS_UNCLASSIFIED;v80:CURRENT_ZOMBIE_BOOK_X5,dpv2.direct.m85.slot_020
僵尸4,85,24,刺杀剑术,920003,物品,,'=1/30,exact_formula,1/30,'=E24,SPB:BYPASS_UNCLASSIFIED;v80:CURRENT_ZOMBIE_BOOK_X5,dpv2.direct.m85.slot_005
僵尸4,85,25,幽灵盾,920015,物品,,'=1/30,exact_formula,1/30,'=E25,SPB:BYPASS_UNCLASSIFIED;v80:CURRENT_ZOMBIE_BOOK_X5,dpv2.direct.m85.slot_010
僵尸4,85,26,火墙,920025,物品,,'=1/30,exact_formula,1/30,'=E26,SPB:BYPASS_UNCLASSIFIED;v80:CURRENT_ZOMBIE_BOOK_X5,dpv2.direct.m85.slot_006
僵尸4,85,27,爆裂火焰,920029,物品,,'=1/30,exact_formula,1/30,'=E27,SPB:BYPASS_UNCLASSIFIED;v80:CURRENT_ZOMBIE_BOOK_X5,dpv2.direct.m85.slot_011
僵尸4,85,28,疾光电影,920030,物品,,'=1/30,exact_formula,1/30,'=E28,SPB:BYPASS_UNCLASSIFIED;v80:CURRENT_ZOMBIE_BOOK_X5,dpv2.direct.m85.slot_007
僵尸4,85,29,神圣战甲术,920034,物品,,'=1/30,exact_formula,1/30,'=E29,SPB:BYPASS_UNCLASSIFIED;v80:CURRENT_ZOMBIE_BOOK_X5,dpv2.direct.m85.slot_009
僵尸4,85,30,集体隐身术,920047,物品,,'=1/30,exact_formula,1/30,'=E30,SPB:BYPASS_UNCLASSIFIED;v80:CURRENT_ZOMBIE_BOOK_X5,dpv2.direct.m85.slot_012
僵尸4,85,31,攻击神水,910004,物品,,'=1/30,exact_formula,1/30,'=E31,SPB:AUTO_BOOST;SPB_CEILING_1_20;小怪神水分母x6,dpv2.direct.m85.v505_0028
僵尸4,85,32,精神神水,910006,物品,,'=1/30,exact_formula,1/30,'=E32,SPB:AUTO_BOOST;SPB_CEILING_1_20;小怪神水分母x6,dpv2.direct.m85.v505_0030
僵尸4,85,33,魔力神水,910005,物品,,'=1/30,exact_formula,1/30,'=E33,SPB:AUTO_BOOST;SPB_CEILING_1_20;小怪神水分母x6,dpv2.direct.m85.v505_0029
僵尸4,85,34,心灵启示,920018,物品,,'=1/30,exact_formula,1/30,'=E34,SPB:BYPASS_UNCLASSIFIED;v80:CURRENT_ZOMBIE_BOOK_X5,dpv2.direct.m85.slot_008
僵尸4,85,35,金币,,金币,25000,'=1/500,exact_formula,1/500,'=E35,SPB:BYPASS_GOLD,dpv2.direct.m85.v505_0002
僵尸5,87,6,金币,,金币,1400,'=1/2,exact_formula,1/2,'=E6,SPB:BYPASS_GOLD,dpv2.direct.m87.v505_0001
僵尸5,87,7,金创药(小量),920045,物品,,'=1/10,exact_formula,1/10,'=E7,SPB:BYPASS_COMMON_RECOVERY,dpv2.direct.m87.v505_0003
僵尸5,87,8,魔法药(小量),920053,物品,,'=1/20,exact_formula,1/20,'=E8,SPB:BYPASS_COMMON_RECOVERY,dpv2.direct.m87.v505_0004
僵尸5,87,9,基本剑术,920012,物品,,'=1/30,exact_formula,1/30,'=E9,SPB:BYPASS_UNCLASSIFIED;v80:CURRENT_ZOMBIE_BOOK_X5,dpv2.direct.m87.slot_027
僵尸5,87,10,抗拒火环,920020,物品,,'=1/30,exact_formula,1/30,'=E10,SPB:BYPASS_UNCLASSIFIED;v80:CURRENT_ZOMBIE_BOOK_X5,dpv2.direct.m87.slot_023
僵尸5,87,11,治愈术,920024,物品,,'=1/30,exact_formula,1/30,'=E11,SPB:BYPASS_UNCLASSIFIED;v80:CURRENT_ZOMBIE_BOOK_X5,dpv2.direct.m87.slot_026
僵尸5,87,12,火球术,920026,物品,,'=1/30,exact_formula,1/30,'=E12,SPB:BYPASS_UNCLASSIFIED;v80:CURRENT_ZOMBIE_BOOK_X5,dpv2.direct.m87.slot_025
僵尸5,87,13,精神力战法,920035,物品,,'=1/30,exact_formula,1/30,'=E13,SPB:BYPASS_UNCLASSIFIED;v80:CURRENT_ZOMBIE_BOOK_X5,dpv2.direct.m87.slot_024
僵尸5,87,14,召唤骷髅,920006,物品,,'=1/30,exact_formula,1/30,'=E14,SPB:BYPASS_UNCLASSIFIED;v80:CURRENT_ZOMBIE_BOOK_X5,dpv2.direct.m87.slot_017
僵尸5,87,15,地狱火,920010,物品,,'=1/30,exact_formula,1/30,'=E15,SPB:BYPASS_UNCLASSIFIED;v80:CURRENT_ZOMBIE_BOOK_X5,dpv2.direct.m87.slot_021
僵尸5,87,16,大火球,920013,物品,,'=1/30,exact_formula,1/30,'=E16,SPB:BYPASS_UNCLASSIFIED;v80:CURRENT_ZOMBIE_BOOK_X5,dpv2.direct.m87.slot_016
僵尸5,87,17,攻杀剑术,920021,物品,,'=1/30,exact_formula,1/30,'=E17,SPB:BYPASS_UNCLASSIFIED;v80:CURRENT_ZOMBIE_BOOK_X5,dpv2.direct.m87.slot_014
僵尸5,87,18,施毒术,920022,物品,,'=1/30,exact_formula,1/30,'=E18,SPB:BYPASS_UNCLASSIFIED;v80:CURRENT_ZOMBIE_BOOK_X5,dpv2.direct.m87.slot_013
僵尸5,87,19,灵魂火符,920027,物品,,'=1/30,exact_formula,1/30,'=E19,SPB:BYPASS_UNCLASSIFIED;v80:CURRENT_ZOMBIE_BOOK_X5,dpv2.direct.m87.slot_019
僵尸5,87,20,瞬息移动,920031,物品,,'=1/30,exact_formula,1/30,'=E20,SPB:BYPASS_UNCLASSIFIED;v80:CURRENT_ZOMBIE_BOOK_X5,dpv2.direct.m87.slot_018
僵尸5,87,21,诱惑之光,920041,物品,,'=1/30,exact_formula,1/30,'=E21,SPB:BYPASS_UNCLASSIFIED;v80:CURRENT_ZOMBIE_BOOK_X5,dpv2.direct.m87.slot_022
僵尸5,87,22,隐身术,920046,物品,,'=1/30,exact_formula,1/30,'=E22,SPB:BYPASS_UNCLASSIFIED;v80:CURRENT_ZOMBIE_BOOK_X5,dpv2.direct.m87.slot_015
僵尸5,87,23,雷电术,920048,物品,,'=1/30,exact_formula,1/30,'=E23,SPB:BYPASS_UNCLASSIFIED;v80:CURRENT_ZOMBIE_BOOK_X5,dpv2.direct.m87.slot_020
僵尸5,87,24,太阳水,920014,物品,,'=1/30,exact_formula,1/30,'=E24,SPB:BYPASS_COMMON_RECOVERY,dpv2.direct.m87.v505_0005
僵尸5,87,25,刺杀剑术,920003,物品,,'=1/30,exact_formula,1/30,'=E25,SPB:BYPASS_UNCLASSIFIED;v80:CURRENT_ZOMBIE_BOOK_X5,dpv2.direct.m87.slot_003
僵尸5,87,26,幽灵盾,920015,物品,,'=1/30,exact_formula,1/30,'=E26,SPB:BYPASS_UNCLASSIFIED;v80:CURRENT_ZOMBIE_BOOK_X5,dpv2.direct.m87.slot_010
僵尸5,87,27,火墙,920025,物品,,'=1/30,exact_formula,1/30,'=E27,SPB:BYPASS_UNCLASSIFIED;v80:CURRENT_ZOMBIE_BOOK_X5,dpv2.direct.m87.slot_004
僵尸5,87,28,爆裂火焰,920029,物品,,'=1/30,exact_formula,1/30,'=E28,SPB:BYPASS_UNCLASSIFIED;v80:CURRENT_ZOMBIE_BOOK_X5,dpv2.direct.m87.slot_011
僵尸5,87,29,疾光电影,920030,物品,,'=1/30,exact_formula,1/30,'=E29,SPB:BYPASS_UNCLASSIFIED;v80:CURRENT_ZOMBIE_BOOK_X5,dpv2.direct.m87.slot_007
僵尸5,87,30,神圣战甲术,920034,物品,,'=1/30,exact_formula,1/30,'=E30,SPB:BYPASS_UNCLASSIFIED;v80:CURRENT_ZOMBIE_BOOK_X5,dpv2.direct.m87.slot_009
僵尸5,87,31,集体隐身术,920047,物品,,'=1/30,exact_formula,1/30,'=E31,SPB:BYPASS_UNCLASSIFIED;v80:CURRENT_ZOMBIE_BOOK_X5,dpv2.direct.m87.slot_012
僵尸5,87,32,攻击神水,910004,物品,,'=1/60,exact_formula,1/60,'=E32,SPB:AUTO_BOOST;SPB_CEILING_1_20;小怪神水分母x6,dpv2.direct.m87.v505_0029
僵尸5,87,33,精神神水,910006,物品,,'=1/60,exact_formula,1/60,'=E33,SPB:AUTO_BOOST;SPB_CEILING_1_20;小怪神水分母x6,dpv2.direct.m87.v505_0031
僵尸5,87,34,魔力神水,910005,物品,,'=1/60,exact_formula,1/60,'=E34,SPB:AUTO_BOOST;SPB_CEILING_1_20;小怪神水分母x6,dpv2.direct.m87.v505_0030
僵尸5,87,35,心灵启示,920018,物品,,'=1/60,exact_formula,1/60,'=E35,SPB:BYPASS_UNCLASSIFIED;v80:CURRENT_ZOMBIE_BOOK_X5,dpv2.direct.m87.slot_008
僵尸5,87,36,金币,,金币,25000,'=1/500,exact_formula,1/500,'=E36,SPB:BYPASS_GOLD,dpv2.direct.m87.v505_0002
红蛇,92,6,金创药(中量),920044,物品,,'=1/30,exact_formula,1/30,'=E6,SPB:BYPASS_COMMON_RECOVERY,dpv2.direct.m92.v505_0002
红蛇,92,7,金币,,金币,600,'=1/30,exact_formula,1/30,'=E7,SPB:BYPASS_GOLD,dpv2.direct.m92.v505_0001
红蛇,92,8,魔法药(中量),920052,物品,,'=1/40,exact_formula,1/40,'=E8,SPB:BYPASS_COMMON_RECOVERY,dpv2.direct.m92.v505_0003
红蛇,92,9,乌木剑,82,物品,,'=1/40,exact_formula,1/40,'=E9,SPB:AUTO_BOOST;SPB_CEILING_1_20;小怪装备分母x3,dpv2.direct.m92.v505_0029
红蛇,92,10,传统项链,154,物品,,'=1/40,exact_formula,1/40,'=E10,SPB:AUTO_BOOST;SPB_CEILING_1_20;小怪装备分母x3,dpv2.direct.m92.v505_0033
红蛇,92,11,六角戒指,198,物品,,'=1/40,exact_formula,1/40,'=E11,SPB:AUTO_BOOST;SPB_CEILING_1_20;小怪装备分母x3,dpv2.direct.m92.v505_0019
红蛇,92,12,匕首,81,物品,,'=1/40,exact_formula,1/40,'=E12,SPB:AUTO_BOOST;SPB_CEILING_1_20;小怪装备分母x3,dpv2.direct.m92.v505_0028
红蛇,92,13,古铜戒指,197,物品,,'=1/40,exact_formula,1/40,'=E13,SPB:AUTO_BOOST;SPB_CEILING_1_20;小怪装备分母x3,dpv2.direct.m92.v505_0031
红蛇,92,14,大手镯,179,物品,,'=1/40,exact_formula,1/40,'=E14,SPB:AUTO_BOOST;SPB_CEILING_1_20;小怪装备分母x3,dpv2.direct.m92.v505_0024
红蛇,92,15,小手镯,175,物品,,'=1/40,exact_formula,1/40,'=E15,SPB:AUTO_BOOST;SPB_CEILING_1_20;小怪装备分母x3,dpv2.direct.m92.v505_0017
红蛇,92,16,布衣(男),116,物品,,'=1/40,exact_formula,1/40,'=E16,SPB:AUTO_BOOST;SPB_CEILING_1_20;小怪装备分母x3,dpv2.direct.m92.v505_0025
红蛇,92,17,布衣(男),117,物品,,'=1/40,exact_formula,1/40,'=E17,SPB:AUTO_BOOST;SPB_CEILING_1_20;小怪装备分母x3,dpv2.direct.m92.v505_0026
红蛇,92,18,木剑,80,物品,,'=1/40,exact_formula,1/40,'=E18,SPB:AUTO_BOOST;SPB_CEILING_1_20;小怪装备分母x3,dpv2.direct.m92.v505_0027
红蛇,92,19,牛角戒指,200,物品,,'=1/40,exact_formula,1/40,'=E19,SPB:AUTO_BOOST;SPB_CEILING_1_20;小怪装备分母x3,dpv2.direct.m92.v505_0023
红蛇,92,20,玻璃戒指,199,物品,,'=1/40,exact_formula,1/40,'=E20,SPB:AUTO_BOOST;SPB_CEILING_1_20;小怪装备分母x3,dpv2.direct.m92.v505_0018
红蛇,92,21,皮制手套,177,物品,,'=1/40,exact_formula,1/40,'=E21,SPB:AUTO_BOOST;SPB_CEILING_1_20;小怪装备分母x3,dpv2.direct.m92.v505_0020
红蛇,92,22,金项链,153,物品,,'=1/40,exact_formula,1/40,'=E22,SPB:AUTO_BOOST;SPB_CEILING_1_20;小怪装备分母x3,dpv2.direct.m92.v505_0030
红蛇,92,23,铁手镯 ×2,174,物品,,'=1/40,exact_formula,1/40,'=E23,SPB:AUTO_BOOST;SPB_CEILING_1_20;小怪装备分母x3,dpv2.direct.m92.v505_0022 等2个独立槽
红蛇,92,24,银手镯,176,物品,,'=1/40,exact_formula,1/40,'=E24,SPB:AUTO_BOOST;SPB_CEILING_1_20;小怪装备分母x3,dpv2.direct.m92.v505_0021
红蛇,92,25,青铜剑,83,物品,,'=1/40,exact_formula,1/40,'=E25,SPB:AUTO_BOOST;SPB_CEILING_1_20;小怪装备分母x3,dpv2.direct.m92.v505_0016
红蛇,92,26,短剑,84,物品,,'=1/40,exact_formula,1/40,'=E26,SPB:AUTO_BOOST;小怪装备分母x3,dpv2.direct.m92.v505_0007
红蛇,92,27,轻型盔甲(男),118,物品,,'=1/40,exact_formula,1/40,'=E27,SPB:AUTO_BOOST;小怪装备分母x3,dpv2.direct.m92.v505_0009
红蛇,92,29,铁剑,85,物品,,'=1/40,exact_formula,1/40,'=E29,SPB:AUTO_BOOST;小怪装备分母x3,dpv2.direct.m92.v505_0006
红蛇,92,30,青铜头盔,147,物品,,'=1/40,exact_formula,1/40,'=E30,SPB:AUTO_BOOST;小怪装备分母x3,dpv2.direct.m92.v505_0008
红蛇,92,31,青铜斧,87,物品,,'=1/40,exact_formula,1/40,'=E31,SPB:AUTO_BOOST;小怪装备分母x3,dpv2.direct.m92.v505_0011
红蛇,92,32,魔法头盔,148,物品,,'=1/40,exact_formula,1/40,'=E32,SPB:AUTO_BOOST;小怪装备分母x3,dpv2.direct.m92.v505_0015
红蛇,92,33,黄色水晶项链,158,物品,,'=1/40,exact_formula,1/40,'=E33,SPB:AUTO_BOOST;小怪装备分母x3,dpv2.direct.m92.v505_0013
红蛇,92,34,黑檀项链,157,物品,,'=1/40,exact_formula,1/40,'=E34,SPB:AUTO_BOOST;小怪装备分母x3,dpv2.direct.m92.v505_0012
红蛇,92,35,黑色水晶项链,156,物品,,'=1/40,exact_formula,1/40,'=E35,SPB:AUTO_BOOST;小怪装备分母x3,dpv2.direct.m92.v505_0014
红蛇,92,36,战神油,920019,物品,,'=1/240,exact_formula,1/240,'=E36,SPB:AUTO_BOOST,dpv2.direct.m92.slot_002
红蛇,92,37,祝福油,920033,物品,,'=1/240,exact_formula,1/240,'=E37,SPB:AUTO_BOOST,dpv2.direct.m92.slot_001
虎蛇,94,6,金创药(小量),920045,物品,,'=1/30,exact_formula,1/30,'=E6,SPB:BYPASS_COMMON_RECOVERY,dpv2.direct.m94.v505_0003
虎蛇,94,7,金币,,金币,700,'=1/40,exact_formula,1/40,'=E7,SPB:BYPASS_GOLD,dpv2.direct.m94.v505_0001
虎蛇,94,8,魔法药(小量),920053,物品,,'=1/40,exact_formula,1/40,'=E8,SPB:BYPASS_COMMON_RECOVERY,dpv2.direct.m94.v505_0004
虎蛇,94,9,乌木剑,82,物品,,'=1/40,exact_formula,1/40,'=E9,SPB:AUTO_BOOST;SPB_CEILING_1_20;小怪装备分母x3,dpv2.direct.m94.v505_0030
虎蛇,94,10,传统项链,154,物品,,'=1/40,exact_formula,1/40,'=E10,SPB:AUTO_BOOST;SPB_CEILING_1_20;小怪装备分母x3,dpv2.direct.m94.v505_0034
虎蛇,94,11,六角戒指,198,物品,,'=1/40,exact_formula,1/40,'=E11,SPB:AUTO_BOOST;SPB_CEILING_1_20;小怪装备分母x3,dpv2.direct.m94.v505_0020
虎蛇,94,12,匕首,81,物品,,'=1/40,exact_formula,1/40,'=E12,SPB:AUTO_BOOST;SPB_CEILING_1_20;小怪装备分母x3,dpv2.direct.m94.v505_0029
虎蛇,94,13,古铜戒指,197,物品,,'=1/40,exact_formula,1/40,'=E13,SPB:AUTO_BOOST;SPB_CEILING_1_20;小怪装备分母x3,dpv2.direct.m94.v505_0032
虎蛇,94,14,大手镯,179,物品,,'=1/40,exact_formula,1/40,'=E14,SPB:AUTO_BOOST;SPB_CEILING_1_20;小怪装备分母x3,dpv2.direct.m94.v505_0025
虎蛇,94,15,小手镯,175,物品,,'=1/40,exact_formula,1/40,'=E15,SPB:AUTO_BOOST;SPB_CEILING_1_20;小怪装备分母x3,dpv2.direct.m94.v505_0018
虎蛇,94,16,布衣(男),116,物品,,'=1/40,exact_formula,1/40,'=E16,SPB:AUTO_BOOST;SPB_CEILING_1_20;小怪装备分母x3,dpv2.direct.m94.v505_0026
虎蛇,94,17,布衣(男),117,物品,,'=1/40,exact_formula,1/40,'=E17,SPB:AUTO_BOOST;SPB_CEILING_1_20;小怪装备分母x3,dpv2.direct.m94.v505_0027
虎蛇,94,18,木剑,80,物品,,'=1/40,exact_formula,1/40,'=E18,SPB:AUTO_BOOST;SPB_CEILING_1_20;小怪装备分母x3,dpv2.direct.m94.v505_0028
虎蛇,94,19,牛角戒指,200,物品,,'=1/40,exact_formula,1/40,'=E19,SPB:AUTO_BOOST;SPB_CEILING_1_20;小怪装备分母x3,dpv2.direct.m94.v505_0024
虎蛇,94,20,玻璃戒指,199,物品,,'=1/40,exact_formula,1/40,'=E20,SPB:AUTO_BOOST;SPB_CEILING_1_20;小怪装备分母x3,dpv2.direct.m94.v505_0019
虎蛇,94,21,皮制手套,177,物品,,'=1/40,exact_formula,1/40,'=E21,SPB:AUTO_BOOST;SPB_CEILING_1_20;小怪装备分母x3,dpv2.direct.m94.v505_0021
虎蛇,94,22,金项链,153,物品,,'=1/40,exact_formula,1/40,'=E22,SPB:AUTO_BOOST;SPB_CEILING_1_20;小怪装备分母x3,dpv2.direct.m94.v505_0031
虎蛇,94,23,铁手镯 ×2,174,物品,,'=1/40,exact_formula,1/40,'=E23,SPB:AUTO_BOOST;SPB_CEILING_1_20;小怪装备分母x3,dpv2.direct.m94.v505_0023 等2个独立槽
虎蛇,94,24,银手镯,176,物品,,'=1/40,exact_formula,1/40,'=E24,SPB:AUTO_BOOST;SPB_CEILING_1_20;小怪装备分母x3,dpv2.direct.m94.v505_0022
虎蛇,94,25,青铜剑,83,物品,,'=1/40,exact_formula,1/40,'=E25,SPB:AUTO_BOOST;SPB_CEILING_1_20;小怪装备分母x3,dpv2.direct.m94.v505_0017
虎蛇,94,26,短剑,84,物品,,'=1/40,exact_formula,1/40,'=E26,SPB:AUTO_BOOST;小怪装备分母x3,dpv2.direct.m94.v505_0008
虎蛇,94,27,轻型盔甲(男),118,物品,,'=1/40,exact_formula,1/40,'=E27,SPB:AUTO_BOOST;小怪装备分母x3,dpv2.direct.m94.v505_0010
虎蛇,94,29,铁剑,85,物品,,'=1/40,exact_formula,1/40,'=E29,SPB:AUTO_BOOST;小怪装备分母x3,dpv2.direct.m94.v505_0007
虎蛇,94,30,青铜头盔,147,物品,,'=1/40,exact_formula,1/40,'=E30,SPB:AUTO_BOOST;小怪装备分母x3,dpv2.direct.m94.v505_0009
虎蛇,94,31,青铜斧,87,物品,,'=1/40,exact_formula,1/40,'=E31,SPB:AUTO_BOOST;小怪装备分母x3,dpv2.direct.m94.v505_0012
虎蛇,94,32,魔法头盔,148,物品,,'=1/40,exact_formula,1/40,'=E32,SPB:AUTO_BOOST;小怪装备分母x3,dpv2.direct.m94.v505_0016
虎蛇,94,33,黄色水晶项链,158,物品,,'=1/40,exact_formula,1/40,'=E33,SPB:AUTO_BOOST;小怪装备分母x3,dpv2.direct.m94.v505_0014
虎蛇,94,34,黑檀项链,157,物品,,'=1/40,exact_formula,1/40,'=E34,SPB:AUTO_BOOST;小怪装备分母x3,dpv2.direct.m94.v505_0013
虎蛇,94,35,黑色水晶项链,156,物品,,'=1/40,exact_formula,1/40,'=E35,SPB:AUTO_BOOST;小怪装备分母x3,dpv2.direct.m94.v505_0015
虎蛇,94,36,战神油,920019,物品,,'=1/240,exact_formula,1/240,'=E36,SPB:AUTO_BOOST,dpv2.direct.m94.slot_002
虎蛇,94,37,祝福油,920033,物品,,'=1/240,exact_formula,1/240,'=E37,SPB:AUTO_BOOST,dpv2.direct.m94.slot_001
虎蛇,94,38,金币,,金币,25000,'=1/500,exact_formula,1/500,'=E38,SPB:BYPASS_GOLD,dpv2.direct.m94.v505_0002
猎鹰,97,6,金币,,金币,350,'=1/4,exact_formula,1/4,'=E6,SPB:BYPASS_GOLD,dpv2.direct.m97.slot_001
猎鹰,97,7,金创药(小量),920045,物品,,'=1/15,exact_formula,1/15,'=E7,SPB:BYPASS_COMMON_RECOVERY,dpv2.direct.m97.slot_002
猎鹰,97,8,魔法药(小量),920053,物品,,'=1/25,exact_formula,1/25,'=E8,SPB:BYPASS_COMMON_RECOVERY,dpv2.direct.m97.slot_003
猎鹰,97,9,回城卷,920007,物品,,'=1/180,exact_formula,1/180,'=E9,SPB:BYPASS_UNCLASSIFIED,dpv2.direct.m97.slot_004
盔甲虫,101,6,金币,,金币,350,'=1/4,exact_formula,1/4,'=E6,SPB:BYPASS_GOLD,dpv2.direct.m101.v505_0001
盔甲虫,101,7,金创药(小量),920045,物品,,'=1/25,exact_formula,1/25,'=E7,SPB:BYPASS_COMMON_RECOVERY,dpv2.direct.m101.slot_002
盔甲虫,101,8,魔法药(小量),920053,物品,,'=1/40,exact_formula,1/40,'=E8,SPB:BYPASS_COMMON_RECOVERY,dpv2.direct.m101.slot_003
盔甲虫,101,9,乌木剑,82,物品,,'=1/40,exact_formula,1/40,'=E9,SPB:AUTO_BOOST;SPB_CEILING_1_20;小怪装备分母x3,dpv2.direct.m101.slot_026
盔甲虫,101,10,传统项链,154,物品,,'=1/40,exact_formula,1/40,'=E10,SPB:AUTO_BOOST;SPB_CEILING_1_20;小怪装备分母x3,dpv2.direct.m101.slot_030
盔甲虫,101,11,六角戒指,198,物品,,'=1/40,exact_formula,1/40,'=E11,SPB:AUTO_BOOST;SPB_CEILING_1_20;小怪装备分母x3,dpv2.direct.m101.slot_016
盔甲虫,101,12,匕首,81,物品,,'=1/40,exact_formula,1/40,'=E12,SPB:AUTO_BOOST;SPB_CEILING_1_20;小怪装备分母x3,dpv2.direct.m101.slot_025
盔甲虫,101,13,古铜戒指,197,物品,,'=1/40,exact_formula,1/40,'=E13,SPB:AUTO_BOOST;SPB_CEILING_1_20;小怪装备分母x3,dpv2.direct.m101.slot_028
盔甲虫,101,14,大手镯,179,物品,,'=1/40,exact_formula,1/40,'=E14,SPB:AUTO_BOOST;SPB_CEILING_1_20;小怪装备分母x3,dpv2.direct.m101.slot_021
盔甲虫,101,15,小手镯,175,物品,,'=1/40,exact_formula,1/40,'=E15,SPB:AUTO_BOOST;SPB_CEILING_1_20;小怪装备分母x3,dpv2.direct.m101.slot_014
盔甲虫,101,16,布衣(男),116,物品,,'=1/40,exact_formula,1/40,'=E16,SPB:AUTO_BOOST;SPB_CEILING_1_20;小怪装备分母x3,dpv2.direct.m101.slot_022
盔甲虫,101,17,布衣(男),117,物品,,'=1/40,exact_formula,1/40,'=E17,SPB:AUTO_BOOST;SPB_CEILING_1_20;小怪装备分母x3,dpv2.direct.m101.slot_023
盔甲虫,101,18,木剑,80,物品,,'=1/40,exact_formula,1/40,'=E18,SPB:AUTO_BOOST;SPB_CEILING_1_20;小怪装备分母x3,dpv2.direct.m101.slot_024
盔甲虫,101,19,牛角戒指,200,物品,,'=1/40,exact_formula,1/40,'=E19,SPB:AUTO_BOOST;SPB_CEILING_1_20;小怪装备分母x3,dpv2.direct.m101.slot_020
盔甲虫,101,20,玻璃戒指,199,物品,,'=1/40,exact_formula,1/40,'=E20,SPB:AUTO_BOOST;SPB_CEILING_1_20;小怪装备分母x3,dpv2.direct.m101.slot_015
盔甲虫,101,21,皮制手套,177,物品,,'=1/40,exact_formula,1/40,'=E21,SPB:AUTO_BOOST;SPB_CEILING_1_20;小怪装备分母x3,dpv2.direct.m101.slot_017
盔甲虫,101,22,金项链,153,物品,,'=1/40,exact_formula,1/40,'=E22,SPB:AUTO_BOOST;SPB_CEILING_1_20;小怪装备分母x3,dpv2.direct.m101.slot_027
盔甲虫,101,23,钢手镯,178,物品,,'=1/40,exact_formula,1/40,'=E23,SPB:AUTO_BOOST;SPB_CEILING_1_20;小怪装备分母x3,dpv2.direct.m101.slot_019
盔甲虫,101,24,铁手镯,174,物品,,'=1/40,exact_formula,1/40,'=E24,SPB:AUTO_BOOST;SPB_CEILING_1_20;小怪装备分母x3,dpv2.direct.m101.slot_029
盔甲虫,101,25,银手镯,176,物品,,'=1/40,exact_formula,1/40,'=E25,SPB:AUTO_BOOST;SPB_CEILING_1_20;小怪装备分母x3,dpv2.direct.m101.slot_018
盔甲虫,101,26,青铜剑,83,物品,,'=1/40,exact_formula,1/40,'=E26,SPB:AUTO_BOOST;SPB_CEILING_1_20;小怪装备分母x3,dpv2.direct.m101.slot_013
盔甲虫,101,27,短剑,84,物品,,'=1/40,exact_formula,1/40,'=E27,SPB:AUTO_BOOST;小怪装备分母x3,dpv2.direct.m101.slot_005
盔甲虫,101,28,轻型盔甲(男),118,物品,,'=1/40,exact_formula,1/40,'=E28,SPB:AUTO_BOOST;小怪装备分母x3,dpv2.direct.m101.slot_006
盔甲虫,101,30,铁剑,85,物品,,'=1/40,exact_formula,1/40,'=E30,SPB:AUTO_BOOST;小怪装备分母x3,dpv2.direct.m101.slot_004
盔甲虫,101,31,青铜头盔,147,物品,,'=1/40,exact_formula,1/40,'=E31,SPB:AUTO_BOOST;小怪装备分母x3,dpv2.direct.m101.slot_012
盔甲虫,101,32,青铜斧,87,物品,,'=1/40,exact_formula,1/40,'=E32,SPB:AUTO_BOOST;小怪装备分母x3,dpv2.direct.m101.slot_008
盔甲虫,101,33,黄色水晶项链,158,物品,,'=1/40,exact_formula,1/40,'=E33,SPB:AUTO_BOOST;小怪装备分母x3,dpv2.direct.m101.slot_010
盔甲虫,101,34,黑檀项链,157,物品,,'=1/40,exact_formula,1/40,'=E34,SPB:AUTO_BOOST;小怪装备分母x3,dpv2.direct.m101.slot_009
盔甲虫,101,35,黑色水晶项链,156,物品,,'=1/40,exact_formula,1/40,'=E35,SPB:AUTO_BOOST;小怪装备分母x3,dpv2.direct.m101.slot_011
盔甲虫,101,36,体力强效神水,910001,物品,,'=1/60,exact_formula,1/60,'=E36,SPB:AUTO_BOOST;小怪神水分母x6,dpv2.direct.m101.slot_033
盔甲虫,101,37,攻击神水,910004,物品,,'=1/60,exact_formula,1/60,'=E37,SPB:AUTO_BOOST;小怪神水分母x6,dpv2.direct.m101.slot_031
盔甲虫,101,38,疾风神水,910003,物品,,'=1/60,exact_formula,1/60,'=E38,SPB:AUTO_BOOST;小怪神水分母x6,dpv2.direct.m101.v505_0032
沙虫,104,6,金创药(小量),920045,物品,,'=1/10,exact_formula,1/10,'=E6,SPB:BYPASS_COMMON_RECOVERY,dpv2.direct.m104.slot_001
沙虫,104,7,魔法药(小量),920053,物品,,'=1/20,exact_formula,1/20,'=E7,SPB:BYPASS_COMMON_RECOVERY,dpv2.direct.m104.slot_002
蜈蚣,110,6,金币,,金币,1250,'=1/4,exact_formula,1/4,'=E6,SPB:BYPASS_GOLD,dpv2.direct.m110.slot_001
蜈蚣,110,7,太阳水,920014,物品,,'=1/40,exact_formula,1/40,'=E7,SPB:BYPASS_COMMON_RECOVERY,dpv2.direct.m110.slot_002
蜈蚣,110,8,短剑,84,物品,,'=1/40,exact_formula,1/40,'=E8,SPB:AUTO_BOOST;小怪装备分母x3,dpv2.direct.m110.slot_004
蜈蚣,110,9,轻型盔甲(男),118,物品,,'=1/40,exact_formula,1/40,'=E9,SPB:AUTO_BOOST;小怪装备分母x3,dpv2.direct.m110.slot_005
蜈蚣,110,11,铁剑,85,物品,,'=1/40,exact_formula,1/40,'=E11,SPB:AUTO_BOOST;小怪装备分母x3,dpv2.direct.m110.slot_003
蜈蚣,110,12,青铜头盔,147,物品,,'=1/40,exact_formula,1/40,'=E12,SPB:AUTO_BOOST;小怪装备分母x3,dpv2.direct.m110.slot_011
蜈蚣,110,13,青铜斧,87,物品,,'=1/40,exact_formula,1/40,'=E13,SPB:AUTO_BOOST;小怪装备分母x3,dpv2.direct.m110.slot_007
蜈蚣,110,14,黄色水晶项链,158,物品,,'=1/40,exact_formula,1/40,'=E14,SPB:AUTO_BOOST;小怪装备分母x3,dpv2.direct.m110.slot_009
蜈蚣,110,15,黑檀项链,157,物品,,'=1/40,exact_formula,1/40,'=E15,SPB:AUTO_BOOST;小怪装备分母x3,dpv2.direct.m110.slot_008
蜈蚣,110,16,黑色水晶项链,156,物品,,'=1/40,exact_formula,1/40,'=E16,SPB:AUTO_BOOST;小怪装备分母x3,dpv2.direct.m110.slot_010
蜈蚣,110,17,八荒,89,物品,,'=1/40,exact_formula,1/40,'=E17,SPB:AUTO_BOOST;小怪装备分母x3,dpv2.direct.m110.slot_012
蜈蚣,110,18,凤凰明珠,163,物品,,'=1/40,exact_formula,1/40,'=E18,SPB:AUTO_BOOST;小怪装备分母x3,dpv2.direct.m110.slot_018
蜈蚣,110,19,半月,91,物品,,'=1/40,exact_formula,1/40,'=E19,SPB:AUTO_BOOST;小怪装备分母x3,dpv2.direct.m110.slot_013
蜈蚣,110,20,坚固手套,182,物品,,'=1/40,exact_formula,1/40,'=E20,SPB:AUTO_BOOST;小怪装备分母x3,dpv2.direct.m110.slot_019
蜈蚣,110,21,海魂,90,物品,,'=1/40,exact_formula,1/40,'=E21,SPB:AUTO_BOOST;小怪装备分母x3,dpv2.direct.m110.slot_014
蜈蚣,110,22,灯笼项链,164,物品,,'=1/40,exact_formula,1/40,'=E22,SPB:AUTO_BOOST;小怪装备分母x3,dpv2.direct.m110.slot_021
蜈蚣,110,23,琥珀项链,162,物品,,'=1/40,exact_formula,1/40,'=E23,SPB:AUTO_BOOST;小怪装备分母x3,dpv2.direct.m110.slot_017
蜈蚣,110,24,蓝色水晶戒指,202,物品,,'=1/40,exact_formula,1/40,'=E24,SPB:AUTO_BOOST;小怪装备分母x3,dpv2.direct.m110.slot_015
蜈蚣,110,25,魔法手镯,183,物品,,'=1/40,exact_formula,1/40,'=E25,SPB:AUTO_BOOST;小怪装备分母x3,dpv2.direct.m110.slot_020
蜈蚣,110,26,魔鬼项链,161,物品,,'=1/40,exact_formula,1/40,'=E26,SPB:AUTO_BOOST;小怪装备分母x3,dpv2.direct.m110.slot_016
蜈蚣,110,27,战神油,920019,物品,,'=1/192,exact_formula,1/192,'=E27,SPB:AUTO_BOOST,dpv2.direct.m110.slot_023
蜈蚣,110,28,祝福油,920033,物品,,'=1/60,exact_formula,1/60,'=E28,SPB:AUTO_BOOST,dpv2.direct.m110.slot_022
蜈蚣,110,29,偃月,95,物品,,'=1/60,exact_formula,1/60,'=E29,SPB:AUTO_BOOST;小怪装备分母x3,dpv2.direct.m110.v505_0026
蜈蚣,110,30,小手镯,175,物品,,'=1/60,exact_formula,1/60,'=E30,SPB:AUTO_BOOST;小怪装备分母x3,dpv2.direct.m110.v505_0031
蜈蚣,110,31,斩马刀,94,物品,,'=1/60,exact_formula,1/60,'=E31,SPB:AUTO_BOOST;小怪装备分母x3,dpv2.direct.m110.v505_0025
蜈蚣,110,32,珍珠戒指,205,物品,,'=1/60,exact_formula,1/60,'=E32,SPB:AUTO_BOOST;小怪装备分母x3,dpv2.direct.m110.v505_0023
蜈蚣,110,33,生铁戒指,201,物品,,'=1/60,exact_formula,1/60,'=E33,SPB:AUTO_BOOST;小怪装备分母x3,dpv2.direct.m110.v505_0027
蜈蚣,110,34,白色虎齿项链,159,物品,,'=1/60,exact_formula,1/60,'=E34,SPB:AUTO_BOOST;小怪装备分母x3,dpv2.direct.m110.v505_0028
蜈蚣,110,35,白金项链,155,物品,,'=1/60,exact_formula,1/60,'=E35,SPB:AUTO_BOOST;小怪装备分母x3,dpv2.direct.m110.v505_0029
蜈蚣,110,36,破魂,93,物品,,'=1/60,exact_formula,1/60,'=E36,SPB:AUTO_BOOST;小怪装备分母x3,dpv2.direct.m110.v505_0024
蜈蚣,110,37,蛇眼戒指,204,物品,,'=1/60,exact_formula,1/60,'=E37,SPB:AUTO_BOOST;小怪装备分母x3,dpv2.direct.m110.v505_0022
蜈蚣,110,38,道士手镯,185,物品,,'=1/60,exact_formula,1/60,'=E38,SPB:AUTO_BOOST;小怪装备分母x3,dpv2.direct.m110.v505_0017
蜈蚣,110,39,降魔,96,物品,,'=1/60,exact_formula,1/60,'=E39,SPB:AUTO_BOOST;小怪装备分母x3,dpv2.direct.m110.v505_0020
蜈蚣,110,40,骷髅戒指,207,物品,,'=1/60,exact_formula,1/60,'=E40,SPB:AUTO_BOOST;小怪装备分母x3,dpv2.direct.m110.v505_0030
蜈蚣,110,41,魔力手镯,186,物品,,'=1/60,exact_formula,1/60,'=E41,SPB:AUTO_BOOST;小怪装备分母x3,dpv2.direct.m110.v505_0019
蜈蚣,110,42,黑檀手镯,184,物品,,'=1/60,exact_formula,1/60,'=E42,SPB:AUTO_BOOST;小怪装备分母x3,dpv2.direct.m110.v505_0018
蜈蚣,110,43,黑色水晶戒指,203,物品,,'=1/60,exact_formula,1/60,'=E43,SPB:AUTO_BOOST;小怪装备分母x3,dpv2.direct.m110.v505_0021
蜈蚣,110,44,灵魂战衣(男),126,物品,,'=1/60,exact_formula,1/60,'=E44,SPB:AUTO_BOOST;小怪装备分母x3,dpv2.direct.m110.v505_0008
蜈蚣,110,46,蓝翡翠项链,165,物品,,'=1/60,exact_formula,1/60,'=E46,SPB:AUTO_BOOST;小怪装备分母x3,dpv2.direct.m110.v505_0013
蜈蚣,110,47,道德戒指,209,物品,,'=1/60,exact_formula,1/60,'=E47,SPB:AUTO_BOOST;小怪装备分母x3,dpv2.direct.m110.v505_0015
蜈蚣,110,48,重盔甲(男),122,物品,,'=1/60,exact_formula,1/60,'=E48,SPB:AUTO_BOOST;小怪装备分母x3,dpv2.direct.m110.v505_0006
蜈蚣,110,50,金戒指,206,物品,,'=1/60,exact_formula,1/60,'=E50,SPB:AUTO_BOOST;小怪装备分母x3,dpv2.direct.m110.v505_0012
蜈蚣,110,51,金手镯,188,物品,,'=1/60,exact_formula,1/60,'=E51,SPB:AUTO_BOOST;小怪装备分母x3,dpv2.direct.m110.v505_0014
蜈蚣,110,52,魅力戒指,208,物品,,'=1/60,exact_formula,1/60,'=E52,SPB:AUTO_BOOST;小怪装备分母x3,dpv2.direct.m110.v505_0016
蜈蚣,110,53,魔法长袍(男),124,物品,,'=1/60,exact_formula,1/60,'=E53,SPB:AUTO_BOOST;小怪装备分母x3,dpv2.direct.m110.v505_0010
蜈蚣,110,55,金币,,金币,25000,'=1/500,exact_formula,1/500,'=E55,SPB:BYPASS_GOLD,dpv2.direct.m110.slot_024
跳跳蜂,114,6,金币,,金币,1250,'=1/4,exact_formula,1/4,'=E6,SPB:BYPASS_GOLD,dpv2.direct.m114.v505_0001
跳跳蜂,114,7,太阳水,920014,物品,,'=1/30,exact_formula,1/30,'=E7,SPB:BYPASS_COMMON_RECOVERY,dpv2.direct.m114.slot_002
跳跳蜂,114,8,八荒,89,物品,,'=1/60,exact_formula,1/60,'=E8,SPB:AUTO_BOOST;小怪装备分母x3,dpv2.direct.m114.slot_030
跳跳蜂,114,9,凌风,92,物品,,'=1/60,exact_formula,1/60,'=E9,SPB:AUTO_BOOST;小怪装备分母x3,dpv2.direct.m114.slot_033
跳跳蜂,114,10,凤凰明珠,163,物品,,'=1/60,exact_formula,1/60,'=E10,SPB:AUTO_BOOST;小怪装备分母x3,dpv2.direct.m114.slot_037
跳跳蜂,114,11,半月,91,物品,,'=1/60,exact_formula,1/60,'=E11,SPB:AUTO_BOOST;小怪装备分母x3,dpv2.direct.m114.slot_031
跳跳蜂,114,12,坚固手套,182,物品,,'=1/60,exact_formula,1/60,'=E12,SPB:AUTO_BOOST;小怪装备分母x3,dpv2.direct.m114.slot_038
跳跳蜂,114,13,海魂,90,物品,,'=1/60,exact_formula,1/60,'=E13,SPB:AUTO_BOOST;小怪装备分母x3,dpv2.direct.m114.slot_032
跳跳蜂,114,14,灯笼项链,164,物品,,'=1/60,exact_formula,1/60,'=E14,SPB:AUTO_BOOST;小怪装备分母x3,dpv2.direct.m114.slot_040
跳跳蜂,114,15,琥珀项链,162,物品,,'=1/60,exact_formula,1/60,'=E15,SPB:AUTO_BOOST;小怪装备分母x3,dpv2.direct.m114.slot_036
跳跳蜂,114,16,短剑,84,物品,,'=1/60,exact_formula,1/60,'=E16,SPB:AUTO_BOOST;小怪装备分母x3,dpv2.direct.m114.slot_042
跳跳蜂,114,17,蓝色水晶戒指,202,物品,,'=1/60,exact_formula,1/60,'=E17,SPB:AUTO_BOOST;小怪装备分母x3,dpv2.direct.m114.slot_034
跳跳蜂,114,18,轻型盔甲(男),118,物品,,'=1/60,exact_formula,1/60,'=E18,SPB:AUTO_BOOST;小怪装备分母x3,dpv2.direct.m114.slot_043
跳跳蜂,114,19,轻型盔甲(男),119,物品,,'=1/60,exact_formula,1/60,'=E19,SPB:AUTO_BOOST;小怪装备分母x3,dpv2.direct.m114.slot_044
跳跳蜂,114,20,铁剑,85,物品,,'=1/60,exact_formula,1/60,'=E20,SPB:AUTO_BOOST;小怪装备分母x3,dpv2.direct.m114.slot_041
跳跳蜂,114,21,青铜头盔,147,物品,,'=1/60,exact_formula,1/60,'=E21,SPB:AUTO_BOOST;小怪装备分母x3,dpv2.direct.m114.slot_049
跳跳蜂,114,22,青铜斧,87,物品,,'=1/60,exact_formula,1/60,'=E22,SPB:AUTO_BOOST;小怪装备分母x3,dpv2.direct.m114.slot_045
跳跳蜂,114,23,魔法手镯,183,物品,,'=1/60,exact_formula,1/60,'=E23,SPB:AUTO_BOOST;小怪装备分母x3,dpv2.direct.m114.v505_0040
跳跳蜂,114,24,魔鬼项链,161,物品,,'=1/60,exact_formula,1/60,'=E24,SPB:AUTO_BOOST;小怪装备分母x3,dpv2.direct.m114.slot_035
跳跳蜂,114,25,黄色水晶项链,158,物品,,'=1/60,exact_formula,1/60,'=E25,SPB:AUTO_BOOST;小怪装备分母x3,dpv2.direct.m114.slot_047
跳跳蜂,114,26,黑檀项链,157,物品,,'=1/60,exact_formula,1/60,'=E26,SPB:AUTO_BOOST;小怪装备分母x3,dpv2.direct.m114.slot_046
跳跳蜂,114,27,黑色水晶项链,156,物品,,'=1/60,exact_formula,1/60,'=E27,SPB:AUTO_BOOST;小怪装备分母x3,dpv2.direct.m114.slot_048
跳跳蜂,114,28,偃月,95,物品,,'=1/60,exact_formula,1/60,'=E28,SPB:AUTO_BOOST;小怪装备分母x3,dpv2.direct.m114.slot_024
跳跳蜂,114,29,小手镯,175,物品,,'=1/60,exact_formula,1/60,'=E29,SPB:AUTO_BOOST;小怪装备分母x3,dpv2.direct.m114.slot_029
跳跳蜂,114,30,斩马刀,94,物品,,'=1/60,exact_formula,1/60,'=E30,SPB:AUTO_BOOST;小怪装备分母x3,dpv2.direct.m114.slot_023
跳跳蜂,114,31,珍珠戒指,205,物品,,'=1/60,exact_formula,1/60,'=E31,SPB:AUTO_BOOST;小怪装备分母x3,dpv2.direct.m114.slot_021
跳跳蜂,114,32,生铁戒指,201,物品,,'=1/60,exact_formula,1/60,'=E32,SPB:AUTO_BOOST;小怪装备分母x3,dpv2.direct.m114.slot_025
跳跳蜂,114,33,白色虎齿项链,159,物品,,'=1/60,exact_formula,1/60,'=E33,SPB:AUTO_BOOST;小怪装备分母x3,dpv2.direct.m114.slot_026
跳跳蜂,114,34,白金项链,155,物品,,'=1/60,exact_formula,1/60,'=E34,SPB:AUTO_BOOST;小怪装备分母x3,dpv2.direct.m114.slot_027
跳跳蜂,114,35,破魂,93,物品,,'=1/60,exact_formula,1/60,'=E35,SPB:AUTO_BOOST;小怪装备分母x3,dpv2.direct.m114.slot_022
跳跳蜂,114,36,蛇眼戒指,204,物品,,'=1/60,exact_formula,1/60,'=E36,SPB:AUTO_BOOST;小怪装备分母x3,dpv2.direct.m114.slot_020
跳跳蜂,114,37,道士手镯,185,物品,,'=1/60,exact_formula,1/60,'=E37,SPB:AUTO_BOOST;小怪装备分母x3,dpv2.direct.m114.slot_016
跳跳蜂,114,38,降魔,96,物品,,'=1/60,exact_formula,1/60,'=E38,SPB:AUTO_BOOST;小怪装备分母x3,dpv2.direct.m114.slot_018
跳跳蜂,114,39,骷髅戒指,207,物品,,'=1/60,exact_formula,1/60,'=E39,SPB:AUTO_BOOST;小怪装备分母x3,dpv2.direct.m114.slot_028
跳跳蜂,114,40,黑檀手镯 ×2,184,物品,,'=1/60,exact_formula,1/60,'=E40,SPB:AUTO_BOOST;小怪装备分母x3,dpv2.direct.m114.slot_017 等2个独立槽
跳跳蜂,114,41,黑色水晶戒指,203,物品,,'=1/60,exact_formula,1/60,'=E41,SPB:AUTO_BOOST;小怪装备分母x3,dpv2.direct.m114.slot_019
跳跳蜂,114,42,灵魂战衣(男),126,物品,,'=1/60,exact_formula,1/60,'=E42,SPB:AUTO_BOOST;小怪装备分母x3,dpv2.direct.m114.slot_007
跳跳蜂,114,44,蓝翡翠项链,165,物品,,'=1/60,exact_formula,1/60,'=E44,SPB:AUTO_BOOST;小怪装备分母x3,dpv2.direct.m114.slot_012
跳跳蜂,114,45,道德戒指,209,物品,,'=1/60,exact_formula,1/60,'=E45,SPB:AUTO_BOOST;小怪装备分母x3,dpv2.direct.m114.slot_014
跳跳蜂,114,46,重盔甲(男),122,物品,,'=1/60,exact_formula,1/60,'=E46,SPB:AUTO_BOOST;小怪装备分母x3,dpv2.direct.m114.slot_005
跳跳蜂,114,48,金戒指,206,物品,,'=1/60,exact_formula,1/60,'=E48,SPB:AUTO_BOOST;小怪装备分母x3,dpv2.direct.m114.slot_011
跳跳蜂,114,49,金手镯,188,物品,,'=1/60,exact_formula,1/60,'=E49,SPB:AUTO_BOOST;小怪装备分母x3,dpv2.direct.m114.slot_013
跳跳蜂,114,50,魅力戒指,208,物品,,'=1/60,exact_formula,1/60,'=E50,SPB:AUTO_BOOST;小怪装备分母x3,dpv2.direct.m114.slot_015
跳跳蜂,114,51,魔法长袍(男),124,物品,,'=1/60,exact_formula,1/60,'=E51,SPB:AUTO_BOOST;小怪装备分母x3,dpv2.direct.m114.slot_009
跳跳蜂,114,53,战神油,920019,物品,,'=1/192,exact_formula,1/192,'=E53,SPB:AUTO_BOOST,dpv2.direct.m114.slot_004
跳跳蜂,114,54,祝福油,920033,物品,,'=1/192,exact_formula,1/192,'=E54,SPB:AUTO_BOOST,dpv2.direct.m114.slot_003
巨型蠕虫,116,6,金币,,金币,1250,'=1/4,exact_formula,1/4,'=E6,SPB:BYPASS_GOLD,dpv2.direct.m116.v505_0001
巨型蠕虫,116,7,太阳水,920014,物品,,'=1/40,exact_formula,1/40,'=E7,SPB:BYPASS_COMMON_RECOVERY,dpv2.direct.m116.slot_002
巨型蠕虫,116,8,八荒,89,物品,,'=1/60,exact_formula,1/60,'=E8,SPB:AUTO_BOOST;小怪装备分母x3,dpv2.direct.m116.slot_028
巨型蠕虫,116,9,凌风,92,物品,,'=1/60,exact_formula,1/60,'=E9,SPB:AUTO_BOOST;小怪装备分母x3,dpv2.direct.m116.slot_031
巨型蠕虫,116,10,凤凰明珠,163,物品,,'=1/60,exact_formula,1/60,'=E10,SPB:AUTO_BOOST;小怪装备分母x3,dpv2.direct.m116.slot_035
巨型蠕虫,116,11,半月,91,物品,,'=1/60,exact_formula,1/60,'=E11,SPB:AUTO_BOOST;小怪装备分母x3,dpv2.direct.m116.slot_029
巨型蠕虫,116,12,坚固手套,182,物品,,'=1/60,exact_formula,1/60,'=E12,SPB:AUTO_BOOST;小怪装备分母x3,dpv2.direct.m116.slot_036
巨型蠕虫,116,13,海魂,90,物品,,'=1/60,exact_formula,1/60,'=E13,SPB:AUTO_BOOST;小怪装备分母x3,dpv2.direct.m116.slot_030
巨型蠕虫,116,14,灯笼项链,164,物品,,'=1/60,exact_formula,1/60,'=E14,SPB:AUTO_BOOST;小怪装备分母x3,dpv2.direct.m116.slot_038
巨型蠕虫,116,15,琥珀项链,162,物品,,'=1/60,exact_formula,1/60,'=E15,SPB:AUTO_BOOST;小怪装备分母x3,dpv2.direct.m116.slot_034
巨型蠕虫,116,16,短剑,84,物品,,'=1/60,exact_formula,1/60,'=E16,SPB:AUTO_BOOST;小怪装备分母x3,dpv2.direct.m116.slot_040
巨型蠕虫,116,17,蓝色水晶戒指,202,物品,,'=1/60,exact_formula,1/60,'=E17,SPB:AUTO_BOOST;小怪装备分母x3,dpv2.direct.m116.slot_032
巨型蠕虫,116,18,轻型盔甲(男),118,物品,,'=1/60,exact_formula,1/60,'=E18,SPB:AUTO_BOOST;小怪装备分母x3,dpv2.direct.m116.slot_041
巨型蠕虫,116,19,轻型盔甲(男),119,物品,,'=1/60,exact_formula,1/60,'=E19,SPB:AUTO_BOOST;小怪装备分母x3,dpv2.direct.m116.slot_042
巨型蠕虫,116,20,铁剑,85,物品,,'=1/60,exact_formula,1/60,'=E20,SPB:AUTO_BOOST;小怪装备分母x3,dpv2.direct.m116.slot_039
巨型蠕虫,116,21,青铜头盔,147,物品,,'=1/60,exact_formula,1/60,'=E21,SPB:AUTO_BOOST;小怪装备分母x3,dpv2.direct.m116.slot_047
巨型蠕虫,116,22,青铜斧,87,物品,,'=1/60,exact_formula,1/60,'=E22,SPB:AUTO_BOOST;小怪装备分母x3,dpv2.direct.m116.slot_043
巨型蠕虫,116,23,魔法手镯,183,物品,,'=1/60,exact_formula,1/60,'=E23,SPB:AUTO_BOOST;小怪装备分母x3,dpv2.direct.m116.v505_0040
巨型蠕虫,116,24,魔鬼项链,161,物品,,'=1/60,exact_formula,1/60,'=E24,SPB:AUTO_BOOST;小怪装备分母x3,dpv2.direct.m116.slot_033
巨型蠕虫,116,25,黄色水晶项链,158,物品,,'=1/60,exact_formula,1/60,'=E25,SPB:AUTO_BOOST;小怪装备分母x3,dpv2.direct.m116.slot_045
巨型蠕虫,116,26,黑檀项链,157,物品,,'=1/60,exact_formula,1/60,'=E26,SPB:AUTO_BOOST;小怪装备分母x3,dpv2.direct.m116.slot_044
巨型蠕虫,116,27,黑色水晶项链,156,物品,,'=1/60,exact_formula,1/60,'=E27,SPB:AUTO_BOOST;小怪装备分母x3,dpv2.direct.m116.slot_046
巨型蠕虫,116,28,偃月,95,物品,,'=1/60,exact_formula,1/60,'=E28,SPB:AUTO_BOOST;小怪装备分母x3,dpv2.direct.m116.slot_022
巨型蠕虫,116,29,小手镯,175,物品,,'=1/60,exact_formula,1/60,'=E29,SPB:AUTO_BOOST;小怪装备分母x3,dpv2.direct.m116.slot_027
巨型蠕虫,116,30,斩马刀,94,物品,,'=1/60,exact_formula,1/60,'=E30,SPB:AUTO_BOOST;小怪装备分母x3,dpv2.direct.m116.slot_021
巨型蠕虫,116,31,珍珠戒指,205,物品,,'=1/60,exact_formula,1/60,'=E31,SPB:AUTO_BOOST;小怪装备分母x3,dpv2.direct.m116.slot_019
巨型蠕虫,116,32,生铁戒指,201,物品,,'=1/60,exact_formula,1/60,'=E32,SPB:AUTO_BOOST;小怪装备分母x3,dpv2.direct.m116.slot_023
巨型蠕虫,116,33,白色虎齿项链,159,物品,,'=1/60,exact_formula,1/60,'=E33,SPB:AUTO_BOOST;小怪装备分母x3,dpv2.direct.m116.slot_024
巨型蠕虫,116,34,白金项链,155,物品,,'=1/60,exact_formula,1/60,'=E34,SPB:AUTO_BOOST;小怪装备分母x3,dpv2.direct.m116.slot_025
巨型蠕虫,116,35,破魂,93,物品,,'=1/60,exact_formula,1/60,'=E35,SPB:AUTO_BOOST;小怪装备分母x3,dpv2.direct.m116.slot_020
巨型蠕虫,116,36,蛇眼戒指,204,物品,,'=1/60,exact_formula,1/60,'=E36,SPB:AUTO_BOOST;小怪装备分母x3,dpv2.direct.m116.slot_018
巨型蠕虫,116,37,道士手镯,185,物品,,'=1/60,exact_formula,1/60,'=E37,SPB:AUTO_BOOST;小怪装备分母x3,dpv2.direct.m116.slot_014
巨型蠕虫,116,38,降魔,96,物品,,'=1/60,exact_formula,1/60,'=E38,SPB:AUTO_BOOST;小怪装备分母x3,dpv2.direct.m116.slot_016
巨型蠕虫,116,39,骷髅戒指,207,物品,,'=1/60,exact_formula,1/60,'=E39,SPB:AUTO_BOOST;小怪装备分母x3,dpv2.direct.m116.slot_026
巨型蠕虫,116,40,魔力手镯,186,物品,,'=1/60,exact_formula,1/60,'=E40,SPB:AUTO_BOOST;小怪装备分母x3,dpv2.direct.m116.slot_037
巨型蠕虫,116,41,黑檀手镯,184,物品,,'=1/60,exact_formula,1/60,'=E41,SPB:AUTO_BOOST;小怪装备分母x3,dpv2.direct.m116.slot_015
巨型蠕虫,116,42,黑色水晶戒指,203,物品,,'=1/60,exact_formula,1/60,'=E42,SPB:AUTO_BOOST;小怪装备分母x3,dpv2.direct.m116.slot_017
巨型蠕虫,116,43,战神油,920019,物品,,'=1/60,exact_formula,1/60,'=E43,SPB:AUTO_BOOST,dpv2.direct.m116.v505_0004
巨型蠕虫,116,44,灵魂战衣(男),126,物品,,'=1/60,exact_formula,1/60,'=E44,SPB:AUTO_BOOST;小怪装备分母x3,dpv2.direct.m116.slot_005
巨型蠕虫,116,46,祝福油,920033,物品,,'=1/60,exact_formula,1/60,'=E46,SPB:AUTO_BOOST,dpv2.direct.m116.v505_0003
巨型蠕虫,116,47,蓝翡翠项链,165,物品,,'=1/60,exact_formula,1/60,'=E47,SPB:AUTO_BOOST;小怪装备分母x3,dpv2.direct.m116.slot_010
巨型蠕虫,116,48,道德戒指,209,物品,,'=1/60,exact_formula,1/60,'=E48,SPB:AUTO_BOOST;小怪装备分母x3,dpv2.direct.m116.slot_012
巨型蠕虫,116,49,重盔甲(男),122,物品,,'=1/60,exact_formula,1/60,'=E49,SPB:AUTO_BOOST;小怪装备分母x3,dpv2.direct.m116.slot_003
巨型蠕虫,116,51,金戒指,206,物品,,'=1/60,exact_formula,1/60,'=E51,SPB:AUTO_BOOST;小怪装备分母x3,dpv2.direct.m116.slot_009
巨型蠕虫,116,52,金手镯,188,物品,,'=1/60,exact_formula,1/60,'=E52,SPB:AUTO_BOOST;小怪装备分母x3,dpv2.direct.m116.slot_011
巨型蠕虫,116,53,魅力戒指,208,物品,,'=1/60,exact_formula,1/60,'=E53,SPB:AUTO_BOOST;小怪装备分母x3,dpv2.direct.m116.slot_013
巨型蠕虫,116,54,魔法长袍(男),124,物品,,'=1/60,exact_formula,1/60,'=E54,SPB:AUTO_BOOST;小怪装备分母x3,dpv2.direct.m116.slot_007
钳虫,118,6,太阳水,920014,物品,,'=1/30,exact_formula,1/30,'=E6,SPB:BYPASS_COMMON_RECOVERY,dpv2.direct.m118.slot_002
钳虫,118,7,金币,,金币,1500,'=1/40,exact_formula,1/40,'=E7,SPB:BYPASS_GOLD,dpv2.direct.m118.v505_0001
钳虫,118,8,短剑,84,物品,,'=1/60,exact_formula,1/60,'=E8,SPB:AUTO_BOOST;小怪装备分母x3,dpv2.direct.m118.slot_041
钳虫,118,9,轻型盔甲(男),118,物品,,'=1/60,exact_formula,1/60,'=E9,SPB:AUTO_BOOST;小怪装备分母x3,dpv2.direct.m118.slot_042
钳虫,118,10,轻型盔甲(男),119,物品,,'=1/60,exact_formula,1/60,'=E10,SPB:AUTO_BOOST;小怪装备分母x3,dpv2.direct.m118.slot_043
钳虫,118,11,铁剑,85,物品,,'=1/60,exact_formula,1/60,'=E11,SPB:AUTO_BOOST;小怪装备分母x3,dpv2.direct.m118.slot_040
钳虫,118,12,青铜头盔,147,物品,,'=1/60,exact_formula,1/60,'=E12,SPB:AUTO_BOOST;小怪装备分母x3,dpv2.direct.m118.slot_048
钳虫,118,13,青铜斧,87,物品,,'=1/60,exact_formula,1/60,'=E13,SPB:AUTO_BOOST;小怪装备分母x3,dpv2.direct.m118.slot_044
钳虫,118,14,黄色水晶项链,158,物品,,'=1/60,exact_formula,1/60,'=E14,SPB:AUTO_BOOST;小怪装备分母x3,dpv2.direct.m118.slot_046
钳虫,118,15,黑檀项链,157,物品,,'=1/60,exact_formula,1/60,'=E15,SPB:AUTO_BOOST;小怪装备分母x3,dpv2.direct.m118.slot_045
钳虫,118,16,黑色水晶项链,156,物品,,'=1/60,exact_formula,1/60,'=E16,SPB:AUTO_BOOST;小怪装备分母x3,dpv2.direct.m118.slot_047
钳虫,118,17,八荒,89,物品,,'=1/60,exact_formula,1/60,'=E17,SPB:AUTO_BOOST;小怪装备分母x3,dpv2.direct.m118.slot_029
钳虫,118,18,凌风,92,物品,,'=1/60,exact_formula,1/60,'=E18,SPB:AUTO_BOOST;小怪装备分母x3,dpv2.direct.m118.slot_032
钳虫,118,19,凤凰明珠,163,物品,,'=1/60,exact_formula,1/60,'=E19,SPB:AUTO_BOOST;小怪装备分母x3,dpv2.direct.m118.slot_036
钳虫,118,20,半月,91,物品,,'=1/60,exact_formula,1/60,'=E20,SPB:AUTO_BOOST;小怪装备分母x3,dpv2.direct.m118.slot_030
钳虫,118,21,坚固手套,182,物品,,'=1/60,exact_formula,1/60,'=E21,SPB:AUTO_BOOST;小怪装备分母x3,dpv2.direct.m118.slot_037
钳虫,118,22,海魂,90,物品,,'=1/60,exact_formula,1/60,'=E22,SPB:AUTO_BOOST;小怪装备分母x3,dpv2.direct.m118.slot_031
钳虫,118,23,灯笼项链,164,物品,,'=1/60,exact_formula,1/60,'=E23,SPB:AUTO_BOOST;小怪装备分母x3,dpv2.direct.m118.slot_039
钳虫,118,24,琥珀项链,162,物品,,'=1/60,exact_formula,1/60,'=E24,SPB:AUTO_BOOST;小怪装备分母x3,dpv2.direct.m118.slot_035
钳虫,118,25,蓝色水晶戒指,202,物品,,'=1/60,exact_formula,1/60,'=E25,SPB:AUTO_BOOST;小怪装备分母x3,dpv2.direct.m118.slot_033
钳虫,118,26,魔法手镯,183,物品,,'=1/60,exact_formula,1/60,'=E26,SPB:AUTO_BOOST;小怪装备分母x3,dpv2.direct.m118.v505_0040
钳虫,118,27,魔鬼项链,161,物品,,'=1/60,exact_formula,1/60,'=E27,SPB:AUTO_BOOST;小怪装备分母x3,dpv2.direct.m118.slot_034
钳虫,118,28,战神油,920019,物品,,'=1/60,exact_formula,1/60,'=E28,SPB:AUTO_BOOST,dpv2.direct.m118.slot_003
钳虫,118,29,祝福油,920033,物品,,'=1/60,exact_formula,1/60,'=E29,SPB:AUTO_BOOST,dpv2.direct.m118.v505_0003
钳虫,118,30,偃月,95,物品,,'=1/60,exact_formula,1/60,'=E30,SPB:AUTO_BOOST;小怪装备分母x3,dpv2.direct.m118.slot_023
钳虫,118,31,小手镯,175,物品,,'=1/60,exact_formula,1/60,'=E31,SPB:AUTO_BOOST;小怪装备分母x3,dpv2.direct.m118.slot_028
钳虫,118,32,斩马刀,94,物品,,'=1/60,exact_formula,1/60,'=E32,SPB:AUTO_BOOST;小怪装备分母x3,dpv2.direct.m118.slot_022
钳虫,118,33,珍珠戒指,205,物品,,'=1/60,exact_formula,1/60,'=E33,SPB:AUTO_BOOST;小怪装备分母x3,dpv2.direct.m118.slot_020
钳虫,118,34,生铁戒指,201,物品,,'=1/60,exact_formula,1/60,'=E34,SPB:AUTO_BOOST;小怪装备分母x3,dpv2.direct.m118.slot_024
钳虫,118,35,白色虎齿项链,159,物品,,'=1/60,exact_formula,1/60,'=E35,SPB:AUTO_BOOST;小怪装备分母x3,dpv2.direct.m118.slot_025
钳虫,118,36,白金项链,155,物品,,'=1/60,exact_formula,1/60,'=E36,SPB:AUTO_BOOST;小怪装备分母x3,dpv2.direct.m118.slot_026
钳虫,118,37,破魂,93,物品,,'=1/60,exact_formula,1/60,'=E37,SPB:AUTO_BOOST;小怪装备分母x3,dpv2.direct.m118.slot_021
钳虫,118,38,蛇眼戒指,204,物品,,'=1/60,exact_formula,1/60,'=E38,SPB:AUTO_BOOST;小怪装备分母x3,dpv2.direct.m118.slot_019
钳虫,118,39,道士手镯,185,物品,,'=1/60,exact_formula,1/60,'=E39,SPB:AUTO_BOOST;小怪装备分母x3,dpv2.direct.m118.slot_015
钳虫,118,40,降魔,96,物品,,'=1/60,exact_formula,1/60,'=E40,SPB:AUTO_BOOST;小怪装备分母x3,dpv2.direct.m118.slot_017
钳虫,118,41,骷髅戒指,207,物品,,'=1/60,exact_formula,1/60,'=E41,SPB:AUTO_BOOST;小怪装备分母x3,dpv2.direct.m118.slot_027
钳虫,118,42,魔力手镯,186,物品,,'=1/60,exact_formula,1/60,'=E42,SPB:AUTO_BOOST;小怪装备分母x3,dpv2.direct.m118.slot_038
钳虫,118,43,黑檀手镯,184,物品,,'=1/60,exact_formula,1/60,'=E43,SPB:AUTO_BOOST;小怪装备分母x3,dpv2.direct.m118.slot_016
钳虫,118,44,黑色水晶戒指,203,物品,,'=1/60,exact_formula,1/60,'=E44,SPB:AUTO_BOOST;小怪装备分母x3,dpv2.direct.m118.slot_018
钳虫,118,45,灵魂战衣(男),126,物品,,'=1/60,exact_formula,1/60,'=E45,SPB:AUTO_BOOST;小怪装备分母x3,dpv2.direct.m118.slot_006
钳虫,118,47,蓝翡翠项链,165,物品,,'=1/60,exact_formula,1/60,'=E47,SPB:AUTO_BOOST;小怪装备分母x3,dpv2.direct.m118.slot_011
钳虫,118,48,道德戒指,209,物品,,'=1/60,exact_formula,1/60,'=E48,SPB:AUTO_BOOST;小怪装备分母x3,dpv2.direct.m118.slot_013
钳虫,118,49,重盔甲(男),122,物品,,'=1/60,exact_formula,1/60,'=E49,SPB:AUTO_BOOST;小怪装备分母x3,dpv2.direct.m118.slot_004
钳虫,118,51,金戒指,206,物品,,'=1/60,exact_formula,1/60,'=E51,SPB:AUTO_BOOST;小怪装备分母x3,dpv2.direct.m118.slot_010
钳虫,118,52,金手镯,188,物品,,'=1/60,exact_formula,1/60,'=E52,SPB:AUTO_BOOST;小怪装备分母x3,dpv2.direct.m118.slot_012
钳虫,118,53,魅力戒指,208,物品,,'=1/60,exact_formula,1/60,'=E53,SPB:AUTO_BOOST;小怪装备分母x3,dpv2.direct.m118.slot_014
钳虫,118,54,魔法长袍(男),124,物品,,'=1/60,exact_formula,1/60,'=E54,SPB:AUTO_BOOST;小怪装备分母x3,dpv2.direct.m118.slot_008
楔蛾,128,6,金创药(中量),920044,物品,,'=1/15,exact_formula,1/15,'=E6,SPB:BYPASS_COMMON_RECOVERY,dpv2.direct.m128.slot_001
楔蛾,128,7,魔法药(中量),920052,物品,,'=1/25,exact_formula,1/25,'=E7,SPB:BYPASS_COMMON_RECOVERY,dpv2.direct.m128.slot_002
楔蛾,128,8,太阳水,920014,物品,,'=1/50,exact_formula,1/50,'=E8,SPB:BYPASS_COMMON_RECOVERY,dpv2.direct.m128.slot_003
楔蛾,128,9,麻痹戒指,252,物品,,'=1/1200,exact_formula,1/1200,'=E9,SPB:AUTO_BOOST;小怪装备分母x3,dpv2.direct.m128.v505_0004
红野猪,129,6,金币,,金币,1875,'=1/3,exact_formula,1/3,'=E6,SPB:BYPASS_GOLD,dpv2.direct.m129.slot_001
红野猪,129,7,金创药(中量),920044,物品,,'=1/15,exact_formula,1/15,'=E7,SPB:BYPASS_COMMON_RECOVERY,dpv2.direct.m129.slot_002
红野猪,129,8,魔法药(中量),920052,物品,,'=1/25,exact_formula,1/25,'=E8,SPB:BYPASS_COMMON_RECOVERY,dpv2.direct.m129.slot_003
红野猪,129,9,太阳水,920014,物品,,'=1/50,exact_formula,1/50,'=E9,SPB:BYPASS_COMMON_RECOVERY,dpv2.direct.m129.slot_004
红野猪,129,10,八荒,89,物品,,'=1/60,exact_formula,1/60,'=E10,SPB:AUTO_BOOST;小怪装备分母x3,dpv2.direct.m129.slot_040
红野猪,129,11,凌风,92,物品,,'=1/60,exact_formula,1/60,'=E11,SPB:AUTO_BOOST;小怪装备分母x3,dpv2.direct.m129.slot_043
红野猪,129,12,凤凰明珠,163,物品,,'=1/60,exact_formula,1/60,'=E12,SPB:AUTO_BOOST;小怪装备分母x3,dpv2.direct.m129.slot_047
红野猪,129,13,半月,91,物品,,'=1/60,exact_formula,1/60,'=E13,SPB:AUTO_BOOST;小怪装备分母x3,dpv2.direct.m129.slot_041
红野猪,129,14,坚固手套,182,物品,,'=1/60,exact_formula,1/60,'=E14,SPB:AUTO_BOOST;小怪装备分母x3,dpv2.direct.m129.slot_048
红野猪,129,15,海魂,90,物品,,'=1/60,exact_formula,1/60,'=E15,SPB:AUTO_BOOST;小怪装备分母x3,dpv2.direct.m129.slot_042
红野猪,129,16,灯笼项链,164,物品,,'=1/60,exact_formula,1/60,'=E16,SPB:AUTO_BOOST;小怪装备分母x3,dpv2.direct.m129.slot_050
红野猪,129,17,琥珀项链,162,物品,,'=1/60,exact_formula,1/60,'=E17,SPB:AUTO_BOOST;小怪装备分母x3,dpv2.direct.m129.slot_046
红野猪,129,18,蓝色水晶戒指,202,物品,,'=1/60,exact_formula,1/60,'=E18,SPB:AUTO_BOOST;小怪装备分母x3,dpv2.direct.m129.slot_044
红野猪,129,19,魔法手镯,183,物品,,'=1/60,exact_formula,1/60,'=E19,SPB:AUTO_BOOST;小怪装备分母x3,dpv2.direct.m129.v505_0052
红野猪,129,20,魔鬼项链,161,物品,,'=1/60,exact_formula,1/60,'=E20,SPB:AUTO_BOOST;小怪装备分母x3,dpv2.direct.m129.slot_045
红野猪,129,21,偃月,95,物品,,'=1/60,exact_formula,1/60,'=E21,SPB:AUTO_BOOST;小怪装备分母x3,dpv2.direct.m129.slot_034
红野猪,129,22,小手镯,175,物品,,'=1/60,exact_formula,1/60,'=E22,SPB:AUTO_BOOST;小怪装备分母x3,dpv2.direct.m129.slot_039
红野猪,129,23,斩马刀,94,物品,,'=1/60,exact_formula,1/60,'=E23,SPB:AUTO_BOOST;小怪装备分母x3,dpv2.direct.m129.slot_033
红野猪,129,24,珍珠戒指,205,物品,,'=1/60,exact_formula,1/60,'=E24,SPB:AUTO_BOOST;小怪装备分母x3,dpv2.direct.m129.slot_031
红野猪,129,25,生铁戒指,201,物品,,'=1/60,exact_formula,1/60,'=E25,SPB:AUTO_BOOST;小怪装备分母x3,dpv2.direct.m129.slot_035
红野猪,129,26,白色虎齿项链,159,物品,,'=1/60,exact_formula,1/60,'=E26,SPB:AUTO_BOOST;小怪装备分母x3,dpv2.direct.m129.slot_036
红野猪,129,27,白金项链,155,物品,,'=1/60,exact_formula,1/60,'=E27,SPB:AUTO_BOOST;小怪装备分母x3,dpv2.direct.m129.slot_037
红野猪,129,28,破魂,93,物品,,'=1/60,exact_formula,1/60,'=E28,SPB:AUTO_BOOST;小怪装备分母x3,dpv2.direct.m129.slot_032
红野猪,129,29,蛇眼戒指,204,物品,,'=1/60,exact_formula,1/60,'=E29,SPB:AUTO_BOOST;小怪装备分母x3,dpv2.direct.m129.slot_030
红野猪,129,30,道士手镯,185,物品,,'=1/60,exact_formula,1/60,'=E30,SPB:AUTO_BOOST;小怪装备分母x3,dpv2.direct.m129.slot_026
红野猪,129,31,降魔,96,物品,,'=1/60,exact_formula,1/60,'=E31,SPB:AUTO_BOOST;小怪装备分母x3,dpv2.direct.m129.slot_028
红野猪,129,32,骷髅戒指,207,物品,,'=1/60,exact_formula,1/60,'=E32,SPB:AUTO_BOOST;小怪装备分母x3,dpv2.direct.m129.slot_038
红野猪,129,33,魔力手镯,186,物品,,'=1/60,exact_formula,1/60,'=E33,SPB:AUTO_BOOST;小怪装备分母x3,dpv2.direct.m129.slot_049
红野猪,129,34,黑檀手镯,184,物品,,'=1/60,exact_formula,1/60,'=E34,SPB:AUTO_BOOST;小怪装备分母x3,dpv2.direct.m129.slot_027
红野猪,129,35,黑色水晶戒指,203,物品,,'=1/60,exact_formula,1/60,'=E35,SPB:AUTO_BOOST;小怪装备分母x3,dpv2.direct.m129.slot_029
红野猪,129,36,战神油,920019,物品,,'=1/60,exact_formula,1/60,'=E36,SPB:AUTO_BOOST,dpv2.direct.m129.slot_005
红野猪,129,37,祝福油,920033,物品,,'=1/60,exact_formula,1/60,'=E37,SPB:AUTO_BOOST,dpv2.direct.m129.v505_0006
红野猪,129,38,灵魂战衣(男),127,物品,,'=1/60,exact_formula,1/60,'=E38,SPB:AUTO_BOOST;小怪装备分母x3,dpv2.direct.m129.slot_017
红野猪,129,40,蓝翡翠项链,165,物品,,'=1/60,exact_formula,1/60,'=E40,SPB:AUTO_BOOST;小怪装备分母x3,dpv2.direct.m129.slot_022
红野猪,129,41,道德戒指,209,物品,,'=1/60,exact_formula,1/60,'=E41,SPB:AUTO_BOOST;小怪装备分母x3,dpv2.direct.m129.slot_024
红野猪,129,42,重盔甲(男),122,物品,,'=1/60,exact_formula,1/60,'=E42,SPB:AUTO_BOOST;小怪装备分母x3,dpv2.direct.m129.slot_015
红野猪,129,44,金戒指,206,物品,,'=1/60,exact_formula,1/60,'=E44,SPB:AUTO_BOOST;小怪装备分母x3,dpv2.direct.m129.slot_021
红野猪,129,45,金手镯,188,物品,,'=1/60,exact_formula,1/60,'=E45,SPB:AUTO_BOOST;小怪装备分母x3,dpv2.direct.m129.slot_023
红野猪,129,46,魅力戒指,208,物品,,'=1/60,exact_formula,1/60,'=E46,SPB:AUTO_BOOST;小怪装备分母x3,dpv2.direct.m129.slot_025
红野猪,129,47,魔法长袍(男),124,物品,,'=1/60,exact_formula,1/60,'=E47,SPB:AUTO_BOOST;小怪装备分母x3,dpv2.direct.m129.slot_019
红野猪,129,49,凝霜,98,物品,,'=1/120,exact_formula,1/120,'=E49,SPB:AUTO_BOOST;小怪装备分母x3,dpv2.direct.m129.slot_009
红野猪,129,50,放大镜,166,物品,,'=1/120,exact_formula,1/120,'=E50,SPB:AUTO_BOOST;小怪装备分母x3,dpv2.direct.m129.slot_006
红野猪,129,51,竹笛,167,物品,,'=1/120,exact_formula,1/120,'=E51,SPB:AUTO_BOOST;小怪装备分母x3,dpv2.direct.m129.slot_007
红野猪,129,52,道士头盔,149,物品,,'=1/120,exact_formula,1/120,'=E52,SPB:AUTO_BOOST;小怪装备分母x3,dpv2.direct.m129.slot_008
红野猪,129,53,修罗,97,物品,,'=1/120,exact_formula,1/120,'=E53,SPB:AUTO_BOOST;小怪装备分母x3,dpv2.direct.m129.slot_014
红野猪,129,54,死神手套,187,物品,,'=1/120,exact_formula,1/120,'=E54,SPB:AUTO_BOOST;小怪装备分母x3,dpv2.direct.m129.slot_013
红野猪,129,55,骷髅头盔,150,物品,,'=1/120,exact_formula,1/120,'=E55,SPB:AUTO_BOOST;小怪装备分母x3,dpv2.direct.m129.slot_012
红野猪,129,56,珊瑚戒指,210,物品,,'=1/120,exact_formula,1/120,'=E56,SPB:AUTO_BOOST;小怪装备分母x3,dpv2.direct.m129.slot_010
红野猪,129,57,降妖除魔戒指,211,物品,,'=1/120,exact_formula,1/120,'=E57,SPB:AUTO_BOOST;小怪装备分母x3,dpv2.direct.m129.slot_011
红野猪,129,58,金币,,金币,25000,'=1/500,exact_formula,1/500,'=E58,SPB:BYPASS_GOLD,dpv2.direct.m129.v505_0002
黑野猪,132,6,金币,,金币,2250,'=1/3,exact_formula,1/3,'=E6,SPB:BYPASS_GOLD,dpv2.direct.m132.v505_0001
黑野猪,132,7,太阳水,920014,物品,,'=1/25,exact_formula,1/25,'=E7,SPB:BYPASS_COMMON_RECOVERY,dpv2.direct.m132.slot_004
黑野猪,132,8,八荒,89,物品,,'=1/60,exact_formula,1/60,'=E8,SPB:AUTO_BOOST;小怪装备分母x3,dpv2.direct.m132.slot_047
黑野猪,132,9,凌风,92,物品,,'=1/60,exact_formula,1/60,'=E9,SPB:AUTO_BOOST;小怪装备分母x3,dpv2.direct.m132.slot_050
黑野猪,132,10,凤凰明珠,163,物品,,'=1/60,exact_formula,1/60,'=E10,SPB:AUTO_BOOST;小怪装备分母x3,dpv2.direct.m132.slot_043
黑野猪,132,11,半月,91,物品,,'=1/60,exact_formula,1/60,'=E11,SPB:AUTO_BOOST;小怪装备分母x3,dpv2.direct.m132.slot_048
黑野猪,132,12,坚固手套,182,物品,,'=1/60,exact_formula,1/60,'=E12,SPB:AUTO_BOOST;小怪装备分母x3,dpv2.direct.m132.slot_044
黑野猪,132,13,海魂,90,物品,,'=1/60,exact_formula,1/60,'=E13,SPB:AUTO_BOOST;小怪装备分母x3,dpv2.direct.m132.slot_049
黑野猪,132,14,灯笼项链,164,物品,,'=1/60,exact_formula,1/60,'=E14,SPB:AUTO_BOOST;小怪装备分母x3,dpv2.direct.m132.slot_046
黑野猪,132,15,琥珀项链,162,物品,,'=1/60,exact_formula,1/60,'=E15,SPB:AUTO_BOOST;小怪装备分母x3,dpv2.direct.m132.slot_042
黑野猪,132,16,蓝色水晶戒指,202,物品,,'=1/60,exact_formula,1/60,'=E16,SPB:AUTO_BOOST;小怪装备分母x3,dpv2.direct.m132.slot_040
黑野猪,132,17,魔法手镯,183,物品,,'=1/60,exact_formula,1/60,'=E17,SPB:AUTO_BOOST;小怪装备分母x3,dpv2.direct.m132.v505_0048
黑野猪,132,18,魔鬼项链,161,物品,,'=1/60,exact_formula,1/60,'=E18,SPB:AUTO_BOOST;小怪装备分母x3,dpv2.direct.m132.slot_041
黑野猪,132,19,偃月,95,物品,,'=1/60,exact_formula,1/60,'=E19,SPB:AUTO_BOOST;小怪装备分母x3,dpv2.direct.m132.slot_039
黑野猪,132,20,小手镯,175,物品,,'=1/60,exact_formula,1/60,'=E20,SPB:AUTO_BOOST;小怪装备分母x3,dpv2.direct.m132.slot_032
黑野猪,132,21,斩马刀,94,物品,,'=1/60,exact_formula,1/60,'=E21,SPB:AUTO_BOOST;小怪装备分母x3,dpv2.direct.m132.slot_038
黑野猪,132,22,珍珠戒指,205,物品,,'=1/60,exact_formula,1/60,'=E22,SPB:AUTO_BOOST;小怪装备分母x3,dpv2.direct.m132.slot_036
黑野猪,132,23,生铁戒指,201,物品,,'=1/60,exact_formula,1/60,'=E23,SPB:AUTO_BOOST;小怪装备分母x3,dpv2.direct.m132.slot_028
黑野猪,132,24,白色虎齿项链,159,物品,,'=1/60,exact_formula,1/60,'=E24,SPB:AUTO_BOOST;小怪装备分母x3,dpv2.direct.m132.slot_029
黑野猪,132,25,白金项链,155,物品,,'=1/60,exact_formula,1/60,'=E25,SPB:AUTO_BOOST;小怪装备分母x3,dpv2.direct.m132.slot_030
黑野猪,132,26,破魂,93,物品,,'=1/60,exact_formula,1/60,'=E26,SPB:AUTO_BOOST;小怪装备分母x3,dpv2.direct.m132.slot_037
黑野猪,132,27,蛇眼戒指,204,物品,,'=1/60,exact_formula,1/60,'=E27,SPB:AUTO_BOOST;小怪装备分母x3,dpv2.direct.m132.slot_035
黑野猪,132,28,道士手镯,185,物品,,'=1/60,exact_formula,1/60,'=E28,SPB:AUTO_BOOST;小怪装备分母x3,dpv2.direct.m132.slot_020
黑野猪,132,29,降魔,96,物品,,'=1/60,exact_formula,1/60,'=E29,SPB:AUTO_BOOST;小怪装备分母x3,dpv2.direct.m132.slot_033
黑野猪,132,30,骷髅戒指,207,物品,,'=1/60,exact_formula,1/60,'=E30,SPB:AUTO_BOOST;小怪装备分母x3,dpv2.direct.m132.slot_031
黑野猪,132,31,魔力手镯,186,物品,,'=1/60,exact_formula,1/60,'=E31,SPB:AUTO_BOOST;小怪装备分母x3,dpv2.direct.m132.slot_045
黑野猪,132,32,黑檀手镯,184,物品,,'=1/60,exact_formula,1/60,'=E32,SPB:AUTO_BOOST;小怪装备分母x3,dpv2.direct.m132.slot_021
黑野猪,132,33,黑色水晶戒指,203,物品,,'=1/60,exact_formula,1/60,'=E33,SPB:AUTO_BOOST;小怪装备分母x3,dpv2.direct.m132.slot_034
黑野猪,132,34,战神油,920019,物品,,'=1/192,exact_formula,1/192,'=E34,SPB:AUTO_BOOST,dpv2.direct.m132.slot_005
黑野猪,132,35,祝福油,920033,物品,,'=1/192,exact_formula,1/192,'=E35,SPB:AUTO_BOOST,dpv2.direct.m132.v505_0012
黑野猪,132,36,灵魂战衣(男),127,物品,,'=1/60,exact_formula,1/60,'=E36,SPB:AUTO_BOOST;小怪装备分母x3,dpv2.direct.m132.slot_024
黑野猪,132,38,蓝翡翠项链,165,物品,,'=1/60,exact_formula,1/60,'=E38,SPB:AUTO_BOOST;小怪装备分母x3,dpv2.direct.m132.slot_016
黑野猪,132,39,道德戒指,209,物品,,'=1/60,exact_formula,1/60,'=E39,SPB:AUTO_BOOST;小怪装备分母x3,dpv2.direct.m132.slot_018
黑野猪,132,40,重盔甲(男),122,物品,,'=1/60,exact_formula,1/60,'=E40,SPB:AUTO_BOOST;小怪装备分母x3,dpv2.direct.m132.slot_022
黑野猪,132,42,金戒指,206,物品,,'=1/60,exact_formula,1/60,'=E42,SPB:AUTO_BOOST;小怪装备分母x3,dpv2.direct.m132.slot_015
黑野猪,132,43,金手镯,188,物品,,'=1/60,exact_formula,1/60,'=E43,SPB:AUTO_BOOST;小怪装备分母x3,dpv2.direct.m132.slot_017
黑野猪,132,44,魅力戒指,208,物品,,'=1/60,exact_formula,1/60,'=E44,SPB:AUTO_BOOST;小怪装备分母x3,dpv2.direct.m132.slot_019
黑野猪,132,45,魔法长袍(男),124,物品,,'=1/60,exact_formula,1/60,'=E45,SPB:AUTO_BOOST;小怪装备分母x3,dpv2.direct.m132.slot_026
黑野猪,132,47,凝霜,98,物品,,'=1/120,exact_formula,1/120,'=E47,SPB:AUTO_BOOST;小怪装备分母x3,dpv2.direct.m132.slot_014
黑野猪,132,48,放大镜,166,物品,,'=1/120,exact_formula,1/120,'=E48,SPB:AUTO_BOOST;小怪装备分母x3,dpv2.direct.m132.slot_011
黑野猪,132,49,竹笛,167,物品,,'=1/120,exact_formula,1/120,'=E49,SPB:AUTO_BOOST;小怪装备分母x3,dpv2.direct.m132.slot_012
黑野猪,132,50,道士头盔,149,物品,,'=1/120,exact_formula,1/120,'=E50,SPB:AUTO_BOOST;小怪装备分母x3,dpv2.direct.m132.slot_013
黑野猪,132,51,修罗,97,物品,,'=1/120,exact_formula,1/120,'=E51,SPB:AUTO_BOOST;小怪装备分母x3,dpv2.direct.m132.slot_010
黑野猪,132,52,死神手套,187,物品,,'=1/120,exact_formula,1/120,'=E52,SPB:AUTO_BOOST;小怪装备分母x3,dpv2.direct.m132.slot_009
黑野猪,132,53,骷髅头盔,150,物品,,'=1/120,exact_formula,1/120,'=E53,SPB:AUTO_BOOST;小怪装备分母x3,dpv2.direct.m132.slot_008
黑野猪,132,54,珊瑚戒指,210,物品,,'=1/120,exact_formula,1/120,'=E54,SPB:AUTO_BOOST;小怪装备分母x3,dpv2.direct.m132.slot_006
黑野猪,132,55,降妖除魔戒指,211,物品,,'=1/120,exact_formula,1/120,'=E55,SPB:AUTO_BOOST;小怪装备分母x3,dpv2.direct.m132.slot_007
蝎蛇,138,6,金币,,金币,2250,'=1/3,exact_formula,1/3,'=E6,SPB:BYPASS_GOLD,dpv2.direct.m138.slot_001
蝎蛇,138,7,太阳水,920014,物品,,'=1/25,exact_formula,1/25,'=E7,SPB:BYPASS_COMMON_RECOVERY,dpv2.direct.m138.slot_002
蝎蛇,138,8,偃月,95,物品,,'=1/60,exact_formula,1/60,'=E8,SPB:AUTO_BOOST;小怪装备分母x3,dpv2.direct.m138.slot_032
蝎蛇,138,9,八荒,89,物品,,'=1/60,exact_formula,1/60,'=E9,SPB:AUTO_BOOST;小怪装备分母x3,dpv2.direct.m138.slot_038
蝎蛇,138,10,凌风,92,物品,,'=1/60,exact_formula,1/60,'=E10,SPB:AUTO_BOOST;小怪装备分母x3,dpv2.direct.m138.slot_041
蝎蛇,138,11,凤凰明珠,163,物品,,'=1/60,exact_formula,1/60,'=E11,SPB:AUTO_BOOST;小怪装备分母x3,dpv2.direct.m138.slot_045
蝎蛇,138,12,半月,91,物品,,'=1/60,exact_formula,1/60,'=E12,SPB:AUTO_BOOST;小怪装备分母x3,dpv2.direct.m138.slot_039
蝎蛇,138,13,坚固手套,182,物品,,'=1/60,exact_formula,1/60,'=E13,SPB:AUTO_BOOST;小怪装备分母x3,dpv2.direct.m138.slot_046
蝎蛇,138,14,小手镯,175,物品,,'=1/60,exact_formula,1/60,'=E14,SPB:AUTO_BOOST;小怪装备分母x3,dpv2.direct.m138.slot_037
蝎蛇,138,15,斩马刀,94,物品,,'=1/60,exact_formula,1/60,'=E15,SPB:AUTO_BOOST;小怪装备分母x3,dpv2.direct.m138.slot_031
蝎蛇,138,16,海魂,90,物品,,'=1/60,exact_formula,1/60,'=E16,SPB:AUTO_BOOST;小怪装备分母x3,dpv2.direct.m138.slot_040
蝎蛇,138,17,灯笼项链,164,物品,,'=1/60,exact_formula,1/60,'=E17,SPB:AUTO_BOOST;小怪装备分母x3,dpv2.direct.m138.slot_048
蝎蛇,138,18,珍珠戒指,205,物品,,'=1/60,exact_formula,1/60,'=E18,SPB:AUTO_BOOST;小怪装备分母x3,dpv2.direct.m138.slot_029
蝎蛇,138,19,琥珀项链,162,物品,,'=1/60,exact_formula,1/60,'=E19,SPB:AUTO_BOOST;小怪装备分母x3,dpv2.direct.m138.slot_044
蝎蛇,138,20,生铁戒指,201,物品,,'=1/60,exact_formula,1/60,'=E20,SPB:AUTO_BOOST;小怪装备分母x3,dpv2.direct.m138.slot_033
蝎蛇,138,21,白色虎齿项链,159,物品,,'=1/60,exact_formula,1/60,'=E21,SPB:AUTO_BOOST;小怪装备分母x3,dpv2.direct.m138.slot_034
蝎蛇,138,22,白金项链,155,物品,,'=1/60,exact_formula,1/60,'=E22,SPB:AUTO_BOOST;小怪装备分母x3,dpv2.direct.m138.slot_035
蝎蛇,138,23,破魂,93,物品,,'=1/60,exact_formula,1/60,'=E23,SPB:AUTO_BOOST;小怪装备分母x3,dpv2.direct.m138.slot_030
蝎蛇,138,24,蓝色水晶戒指,202,物品,,'=1/60,exact_formula,1/60,'=E24,SPB:AUTO_BOOST;小怪装备分母x3,dpv2.direct.m138.slot_042
蝎蛇,138,25,蛇眼戒指,204,物品,,'=1/60,exact_formula,1/60,'=E25,SPB:AUTO_BOOST;小怪装备分母x3,dpv2.direct.m138.slot_028
蝎蛇,138,26,道士手镯,185,物品,,'=1/60,exact_formula,1/60,'=E26,SPB:AUTO_BOOST;小怪装备分母x3,dpv2.direct.m138.slot_024
蝎蛇,138,27,降魔,96,物品,,'=1/60,exact_formula,1/60,'=E27,SPB:AUTO_BOOST;小怪装备分母x3,dpv2.direct.m138.slot_026
蝎蛇,138,28,骷髅戒指,207,物品,,'=1/60,exact_formula,1/60,'=E28,SPB:AUTO_BOOST;小怪装备分母x3,dpv2.direct.m138.slot_036
蝎蛇,138,29,魔力手镯,186,物品,,'=1/60,exact_formula,1/60,'=E29,SPB:AUTO_BOOST;小怪装备分母x3,dpv2.direct.m138.slot_047
蝎蛇,138,30,魔法手镯,183,物品,,'=1/60,exact_formula,1/60,'=E30,SPB:AUTO_BOOST;小怪装备分母x3,dpv2.direct.m138.v505_0049
蝎蛇,138,31,魔鬼项链,161,物品,,'=1/60,exact_formula,1/60,'=E31,SPB:AUTO_BOOST;小怪装备分母x3,dpv2.direct.m138.slot_043
蝎蛇,138,32,黑檀手镯,184,物品,,'=1/60,exact_formula,1/60,'=E32,SPB:AUTO_BOOST;小怪装备分母x3,dpv2.direct.m138.slot_025
蝎蛇,138,33,黑色水晶戒指,203,物品,,'=1/60,exact_formula,1/60,'=E33,SPB:AUTO_BOOST;小怪装备分母x3,dpv2.direct.m138.slot_027
蝎蛇,138,34,灵魂战衣(男),127,物品,,'=1/60,exact_formula,1/60,'=E34,SPB:AUTO_BOOST;小怪装备分母x3,dpv2.direct.m138.slot_015
蝎蛇,138,36,蓝翡翠项链,165,物品,,'=1/60,exact_formula,1/60,'=E36,SPB:AUTO_BOOST;小怪装备分母x3,dpv2.direct.m138.slot_020
蝎蛇,138,37,道德戒指,209,物品,,'=1/60,exact_formula,1/60,'=E37,SPB:AUTO_BOOST;小怪装备分母x3,dpv2.direct.m138.slot_022
蝎蛇,138,38,重盔甲(男),122,物品,,'=1/60,exact_formula,1/60,'=E38,SPB:AUTO_BOOST;小怪装备分母x3,dpv2.direct.m138.slot_013
蝎蛇,138,40,金戒指,206,物品,,'=1/60,exact_formula,1/60,'=E40,SPB:AUTO_BOOST;小怪装备分母x3,dpv2.direct.m138.slot_019
蝎蛇,138,41,金手镯,188,物品,,'=1/60,exact_formula,1/60,'=E41,SPB:AUTO_BOOST;小怪装备分母x3,dpv2.direct.m138.slot_021
蝎蛇,138,42,魅力戒指,208,物品,,'=1/60,exact_formula,1/60,'=E42,SPB:AUTO_BOOST;小怪装备分母x3,dpv2.direct.m138.slot_023
蝎蛇,138,43,魔法长袍(男),124,物品,,'=1/60,exact_formula,1/60,'=E43,SPB:AUTO_BOOST;小怪装备分母x3,dpv2.direct.m138.slot_017
蝎蛇,138,45,凝霜,98,物品,,'=1/100,exact_formula,1/100,'=E45,SPB:AUTO_BOOST;小怪装备分母x3,dpv2.direct.m138.slot_007
蝎蛇,138,46,放大镜,166,物品,,'=1/100,exact_formula,1/100,'=E46,SPB:AUTO_BOOST;小怪装备分母x3,dpv2.direct.m138.slot_004
蝎蛇,138,47,竹笛,167,物品,,'=1/100,exact_formula,1/100,'=E47,SPB:AUTO_BOOST;小怪装备分母x3,dpv2.direct.m138.slot_005
蝎蛇,138,48,道士头盔,149,物品,,'=1/100,exact_formula,1/100,'=E48,SPB:AUTO_BOOST;小怪装备分母x3,dpv2.direct.m138.slot_006
蝎蛇,138,49,战神油,920019,物品,,'=1/100,exact_formula,1/100,'=E49,SPB:AUTO_BOOST,dpv2.direct.m138.slot_003
蝎蛇,138,50,祝福油,920033,物品,,'=1/100,exact_formula,1/100,'=E50,SPB:AUTO_BOOST,dpv2.direct.m138.v505_0003
蝎蛇,138,51,修罗,97,物品,,'=1/100,exact_formula,1/100,'=E51,SPB:AUTO_BOOST;小怪装备分母x3,dpv2.direct.m138.slot_012
蝎蛇,138,52,死神手套,187,物品,,'=1/100,exact_formula,1/100,'=E52,SPB:AUTO_BOOST;小怪装备分母x3,dpv2.direct.m138.slot_011
蝎蛇,138,53,骷髅头盔,150,物品,,'=1/100,exact_formula,1/100,'=E53,SPB:AUTO_BOOST;小怪装备分母x3,dpv2.direct.m138.slot_010
蝎蛇,138,54,珊瑚戒指,210,物品,,'=1/100,exact_formula,1/100,'=E54,SPB:AUTO_BOOST;小怪装备分母x3,dpv2.direct.m138.slot_008
蝎蛇,138,55,降妖除魔戒指,211,物品,,'=1/100,exact_formula,1/100,'=E55,SPB:AUTO_BOOST;小怪装备分母x3,dpv2.direct.m138.slot_009
大老鼠,148,6,金币,,金币,1500,'=1/3,exact_formula,1/3,'=E6,SPB:BYPASS_GOLD,dpv2.direct.m148.slot_001
大老鼠,148,7,金创药(中量),920044,物品,,'=1/15,exact_formula,1/15,'=E7,SPB:BYPASS_COMMON_RECOVERY,dpv2.direct.m148.slot_002
大老鼠,148,8,魔法药(中量),920052,物品,,'=1/25,exact_formula,1/25,'=E8,SPB:BYPASS_COMMON_RECOVERY,dpv2.direct.m148.slot_003
大老鼠,148,9,太阳水,920014,物品,,'=1/40,exact_formula,1/40,'=E9,SPB:BYPASS_COMMON_RECOVERY,dpv2.direct.m148.slot_004
大老鼠,148,10,八荒,89,物品,,'=1/60,exact_formula,1/60,'=E10,SPB:AUTO_BOOST;小怪装备分母x3,dpv2.direct.m148.slot_039
大老鼠,148,11,凌风,92,物品,,'=1/60,exact_formula,1/60,'=E11,SPB:AUTO_BOOST;小怪装备分母x3,dpv2.direct.m148.slot_042
大老鼠,148,12,凤凰明珠,163,物品,,'=1/60,exact_formula,1/60,'=E12,SPB:AUTO_BOOST;小怪装备分母x3,dpv2.direct.m148.slot_046
大老鼠,148,13,半月,91,物品,,'=1/60,exact_formula,1/60,'=E13,SPB:AUTO_BOOST;小怪装备分母x3,dpv2.direct.m148.slot_040
大老鼠,148,14,坚固手套,182,物品,,'=1/60,exact_formula,1/60,'=E14,SPB:AUTO_BOOST;小怪装备分母x3,dpv2.direct.m148.slot_047
大老鼠,148,15,海魂,90,物品,,'=1/60,exact_formula,1/60,'=E15,SPB:AUTO_BOOST;小怪装备分母x3,dpv2.direct.m148.slot_041
大老鼠,148,16,灯笼项链,164,物品,,'=1/60,exact_formula,1/60,'=E16,SPB:AUTO_BOOST;小怪装备分母x3,dpv2.direct.m148.slot_049
大老鼠,148,17,琥珀项链,162,物品,,'=1/60,exact_formula,1/60,'=E17,SPB:AUTO_BOOST;小怪装备分母x3,dpv2.direct.m148.slot_045
大老鼠,148,18,蓝色水晶戒指,202,物品,,'=1/60,exact_formula,1/60,'=E18,SPB:AUTO_BOOST;小怪装备分母x3,dpv2.direct.m148.slot_043
大老鼠,148,19,魔法手镯,183,物品,,'=1/60,exact_formula,1/60,'=E19,SPB:AUTO_BOOST;小怪装备分母x3,dpv2.direct.m148.v505_0050
大老鼠,148,20,魔鬼项链,161,物品,,'=1/60,exact_formula,1/60,'=E20,SPB:AUTO_BOOST;小怪装备分母x3,dpv2.direct.m148.slot_044
大老鼠,148,21,偃月,95,物品,,'=1/60,exact_formula,1/60,'=E21,SPB:AUTO_BOOST;小怪装备分母x3,dpv2.direct.m148.slot_033
大老鼠,148,22,小手镯,175,物品,,'=1/60,exact_formula,1/60,'=E22,SPB:AUTO_BOOST;小怪装备分母x3,dpv2.direct.m148.slot_038
大老鼠,148,23,斩马刀,94,物品,,'=1/60,exact_formula,1/60,'=E23,SPB:AUTO_BOOST;小怪装备分母x3,dpv2.direct.m148.slot_032
大老鼠,148,24,珍珠戒指,205,物品,,'=1/60,exact_formula,1/60,'=E24,SPB:AUTO_BOOST;小怪装备分母x3,dpv2.direct.m148.slot_030
大老鼠,148,25,生铁戒指,201,物品,,'=1/60,exact_formula,1/60,'=E25,SPB:AUTO_BOOST;小怪装备分母x3,dpv2.direct.m148.slot_034
大老鼠,148,26,白色虎齿项链,159,物品,,'=1/60,exact_formula,1/60,'=E26,SPB:AUTO_BOOST;小怪装备分母x3,dpv2.direct.m148.slot_035
大老鼠,148,27,白金项链,155,物品,,'=1/60,exact_formula,1/60,'=E27,SPB:AUTO_BOOST;小怪装备分母x3,dpv2.direct.m148.slot_036
大老鼠,148,28,破魂,93,物品,,'=1/60,exact_formula,1/60,'=E28,SPB:AUTO_BOOST;小怪装备分母x3,dpv2.direct.m148.slot_031
大老鼠,148,29,蛇眼戒指,204,物品,,'=1/60,exact_formula,1/60,'=E29,SPB:AUTO_BOOST;小怪装备分母x3,dpv2.direct.m148.slot_029
大老鼠,148,30,道士手镯,185,物品,,'=1/60,exact_formula,1/60,'=E30,SPB:AUTO_BOOST;小怪装备分母x3,dpv2.direct.m148.slot_025
大老鼠,148,31,降魔,96,物品,,'=1/60,exact_formula,1/60,'=E31,SPB:AUTO_BOOST;小怪装备分母x3,dpv2.direct.m148.slot_027
大老鼠,148,32,骷髅戒指,207,物品,,'=1/60,exact_formula,1/60,'=E32,SPB:AUTO_BOOST;小怪装备分母x3,dpv2.direct.m148.slot_037
大老鼠,148,33,魔力手镯,186,物品,,'=1/60,exact_formula,1/60,'=E33,SPB:AUTO_BOOST;小怪装备分母x3,dpv2.direct.m148.slot_048
大老鼠,148,34,黑檀手镯,184,物品,,'=1/60,exact_formula,1/60,'=E34,SPB:AUTO_BOOST;小怪装备分母x3,dpv2.direct.m148.slot_026
大老鼠,148,35,黑色水晶戒指,203,物品,,'=1/60,exact_formula,1/60,'=E35,SPB:AUTO_BOOST;小怪装备分母x3,dpv2.direct.m148.slot_028
大老鼠,148,36,攻击神水,910004,物品,,'=1/60,exact_formula,1/60,'=E36,SPB:AUTO_BOOST;小怪神水分母x6,dpv2.direct.m148.slot_050
大老鼠,148,37,疾风神水,910003,物品,,'=1/60,exact_formula,1/60,'=E37,SPB:AUTO_BOOST;小怪神水分母x6,dpv2.direct.m148.v505_0055
大老鼠,148,38,精神神水,910006,物品,,'=1/60,exact_formula,1/60,'=E38,SPB:AUTO_BOOST;小怪神水分母x6,dpv2.direct.m148.slot_052
大老鼠,148,39,魔力神水,910005,物品,,'=1/60,exact_formula,1/60,'=E39,SPB:AUTO_BOOST;小怪神水分母x6,dpv2.direct.m148.slot_051
大老鼠,148,40,灵魂战衣(男),127,物品,,'=1/60,exact_formula,1/60,'=E40,SPB:AUTO_BOOST;小怪装备分母x3,dpv2.direct.m148.slot_016
大老鼠,148,42,蓝翡翠项链,165,物品,,'=1/60,exact_formula,1/60,'=E42,SPB:AUTO_BOOST;小怪装备分母x3,dpv2.direct.m148.slot_021
大老鼠,148,43,道德戒指,209,物品,,'=1/60,exact_formula,1/60,'=E43,SPB:AUTO_BOOST;小怪装备分母x3,dpv2.direct.m148.slot_023
大老鼠,148,44,重盔甲(男),122,物品,,'=1/60,exact_formula,1/60,'=E44,SPB:AUTO_BOOST;小怪装备分母x3,dpv2.direct.m148.slot_014
大老鼠,148,46,金戒指,206,物品,,'=1/60,exact_formula,1/60,'=E46,SPB:AUTO_BOOST;小怪装备分母x3,dpv2.direct.m148.slot_020
大老鼠,148,47,金手镯,188,物品,,'=1/60,exact_formula,1/60,'=E47,SPB:AUTO_BOOST;小怪装备分母x3,dpv2.direct.m148.slot_022
大老鼠,148,48,魅力戒指,208,物品,,'=1/60,exact_formula,1/60,'=E48,SPB:AUTO_BOOST;小怪装备分母x3,dpv2.direct.m148.slot_024
大老鼠,148,49,魔法长袍(男),124,物品,,'=1/60,exact_formula,1/60,'=E49,SPB:AUTO_BOOST;小怪装备分母x3,dpv2.direct.m148.slot_018
大老鼠,148,51,凝霜,98,物品,,'=1/120,exact_formula,1/120,'=E51,SPB:AUTO_BOOST;小怪装备分母x3,dpv2.direct.m148.slot_008
大老鼠,148,52,放大镜,166,物品,,'=1/120,exact_formula,1/120,'=E52,SPB:AUTO_BOOST;小怪装备分母x3,dpv2.direct.m148.slot_005
大老鼠,148,53,竹笛,167,物品,,'=1/120,exact_formula,1/120,'=E53,SPB:AUTO_BOOST;小怪装备分母x3,dpv2.direct.m148.slot_006
大老鼠,148,54,道士头盔,149,物品,,'=1/120,exact_formula,1/120,'=E54,SPB:AUTO_BOOST;小怪装备分母x3,dpv2.direct.m148.slot_007
大老鼠,148,55,修罗,97,物品,,'=1/120,exact_formula,1/120,'=E55,SPB:AUTO_BOOST;小怪装备分母x3,dpv2.direct.m148.slot_013
大老鼠,148,56,死神手套,187,物品,,'=1/120,exact_formula,1/120,'=E56,SPB:AUTO_BOOST;小怪装备分母x3,dpv2.direct.m148.slot_012
大老鼠,148,57,骷髅头盔,150,物品,,'=1/120,exact_formula,1/120,'=E57,SPB:AUTO_BOOST;小怪装备分母x3,dpv2.direct.m148.slot_011
大老鼠,148,58,珊瑚戒指,210,物品,,'=1/120,exact_formula,1/120,'=E58,SPB:AUTO_BOOST;小怪装备分母x3,dpv2.direct.m148.slot_009
大老鼠,148,59,降妖除魔戒指,211,物品,,'=1/120,exact_formula,1/120,'=E59,SPB:AUTO_BOOST;小怪装备分母x3,dpv2.direct.m148.slot_010
大老鼠,148,60,金币,,金币,2500,'=1/500,exact_formula,1/500,'=E60,SPB:BYPASS_GOLD,dpv2.direct.m148.v505_0002
祖玛弓箭手,150,6,金币,,金币,1500,'=1/3,exact_formula,1/3,'=E6,SPB:BYPASS_GOLD,dpv2.direct.m150.slot_001
祖玛弓箭手,150,7,超级金创药,920017,物品,,'=1/25,exact_formula,1/25,'=E7,SPB:BYPASS_COMMON_RECOVERY,dpv2.direct.m150.slot_002
祖玛弓箭手,150,8,超级魔法药,920042,物品,,'=1/40,exact_formula,1/40,'=E8,SPB:BYPASS_COMMON_RECOVERY,dpv2.direct.m150.slot_003
祖玛弓箭手,150,9,太阳水,920014,物品,,'=1/50,exact_formula,1/50,'=E9,SPB:BYPASS_COMMON_RECOVERY,dpv2.direct.m150.slot_004
祖玛弓箭手,150,10,八荒,89,物品,,'=1/60,exact_formula,1/60,'=E10,SPB:AUTO_BOOST;小怪装备分母x3,dpv2.direct.m150.slot_039
祖玛弓箭手,150,11,凌风,92,物品,,'=1/60,exact_formula,1/60,'=E11,SPB:AUTO_BOOST;小怪装备分母x3,dpv2.direct.m150.slot_042
祖玛弓箭手,150,12,凤凰明珠,163,物品,,'=1/60,exact_formula,1/60,'=E12,SPB:AUTO_BOOST;小怪装备分母x3,dpv2.direct.m150.slot_046
祖玛弓箭手,150,13,半月,91,物品,,'=1/60,exact_formula,1/60,'=E13,SPB:AUTO_BOOST;小怪装备分母x3,dpv2.direct.m150.slot_040
祖玛弓箭手,150,14,坚固手套,182,物品,,'=1/60,exact_formula,1/60,'=E14,SPB:AUTO_BOOST;小怪装备分母x3,dpv2.direct.m150.slot_047
祖玛弓箭手,150,15,海魂,90,物品,,'=1/60,exact_formula,1/60,'=E15,SPB:AUTO_BOOST;小怪装备分母x3,dpv2.direct.m150.slot_041
祖玛弓箭手,150,16,灯笼项链,164,物品,,'=1/60,exact_formula,1/60,'=E16,SPB:AUTO_BOOST;小怪装备分母x3,dpv2.direct.m150.slot_049
祖玛弓箭手,150,17,琥珀项链,162,物品,,'=1/60,exact_formula,1/60,'=E17,SPB:AUTO_BOOST;小怪装备分母x3,dpv2.direct.m150.slot_045
祖玛弓箭手,150,18,蓝色水晶戒指,202,物品,,'=1/60,exact_formula,1/60,'=E18,SPB:AUTO_BOOST;小怪装备分母x3,dpv2.direct.m150.slot_043
祖玛弓箭手,150,19,魔法手镯,183,物品,,'=1/60,exact_formula,1/60,'=E19,SPB:AUTO_BOOST;小怪装备分母x3,dpv2.direct.m150.v505_0049
祖玛弓箭手,150,20,魔鬼项链,161,物品,,'=1/60,exact_formula,1/60,'=E20,SPB:AUTO_BOOST;小怪装备分母x3,dpv2.direct.m150.slot_044
祖玛弓箭手,150,21,体力强效神水,910001,物品,,'=1/60,exact_formula,1/60,'=E21,SPB:AUTO_BOOST;SPB_CEILING_1_20;小怪神水分母x6,dpv2.direct.m150.v505_0053
祖玛弓箭手,150,22,精神神水,910006,物品,,'=1/60,exact_formula,1/60,'=E22,SPB:AUTO_BOOST;SPB_CEILING_1_20;小怪神水分母x6,dpv2.direct.m150.slot_051
祖玛弓箭手,150,23,魔力神水,910005,物品,,'=1/60,exact_formula,1/60,'=E23,SPB:AUTO_BOOST;SPB_CEILING_1_20;小怪神水分母x6,dpv2.direct.m150.slot_050
祖玛弓箭手,150,24,偃月,95,物品,,'=1/60,exact_formula,1/60,'=E24,SPB:AUTO_BOOST;小怪装备分母x3,dpv2.direct.m150.slot_033
祖玛弓箭手,150,25,小手镯,175,物品,,'=1/60,exact_formula,1/60,'=E25,SPB:AUTO_BOOST;小怪装备分母x3,dpv2.direct.m150.slot_038
祖玛弓箭手,150,26,斩马刀,94,物品,,'=1/60,exact_formula,1/60,'=E26,SPB:AUTO_BOOST;小怪装备分母x3,dpv2.direct.m150.slot_032
祖玛弓箭手,150,27,珍珠戒指,205,物品,,'=1/60,exact_formula,1/60,'=E27,SPB:AUTO_BOOST;小怪装备分母x3,dpv2.direct.m150.slot_030
祖玛弓箭手,150,28,生铁戒指,201,物品,,'=1/60,exact_formula,1/60,'=E28,SPB:AUTO_BOOST;小怪装备分母x3,dpv2.direct.m150.slot_034
祖玛弓箭手,150,29,白色虎齿项链,159,物品,,'=1/60,exact_formula,1/60,'=E29,SPB:AUTO_BOOST;小怪装备分母x3,dpv2.direct.m150.slot_035
祖玛弓箭手,150,30,白金项链,155,物品,,'=1/60,exact_formula,1/60,'=E30,SPB:AUTO_BOOST;小怪装备分母x3,dpv2.direct.m150.slot_036
祖玛弓箭手,150,31,破魂,93,物品,,'=1/60,exact_formula,1/60,'=E31,SPB:AUTO_BOOST;小怪装备分母x3,dpv2.direct.m150.slot_031
祖玛弓箭手,150,32,蛇眼戒指,204,物品,,'=1/60,exact_formula,1/60,'=E32,SPB:AUTO_BOOST;小怪装备分母x3,dpv2.direct.m150.slot_029
祖玛弓箭手,150,33,道士手镯,185,物品,,'=1/60,exact_formula,1/60,'=E33,SPB:AUTO_BOOST;小怪装备分母x3,dpv2.direct.m150.slot_025
祖玛弓箭手,150,34,降魔,96,物品,,'=1/60,exact_formula,1/60,'=E34,SPB:AUTO_BOOST;小怪装备分母x3,dpv2.direct.m150.slot_027
祖玛弓箭手,150,35,骷髅戒指,207,物品,,'=1/60,exact_formula,1/60,'=E35,SPB:AUTO_BOOST;小怪装备分母x3,dpv2.direct.m150.slot_037
祖玛弓箭手,150,36,魔力手镯,186,物品,,'=1/60,exact_formula,1/60,'=E36,SPB:AUTO_BOOST;小怪装备分母x3,dpv2.direct.m150.slot_048
祖玛弓箭手,150,37,黑檀手镯,184,物品,,'=1/60,exact_formula,1/60,'=E37,SPB:AUTO_BOOST;小怪装备分母x3,dpv2.direct.m150.slot_026
祖玛弓箭手,150,38,黑色水晶戒指,203,物品,,'=1/60,exact_formula,1/60,'=E38,SPB:AUTO_BOOST;小怪装备分母x3,dpv2.direct.m150.slot_028
祖玛弓箭手,150,39,灵魂战衣(男),127,物品,,'=1/60,exact_formula,1/60,'=E39,SPB:AUTO_BOOST;小怪装备分母x3,dpv2.direct.m150.slot_016
祖玛弓箭手,150,41,蓝翡翠项链,165,物品,,'=1/60,exact_formula,1/60,'=E41,SPB:AUTO_BOOST;小怪装备分母x3,dpv2.direct.m150.slot_021
祖玛弓箭手,150,42,道德戒指,209,物品,,'=1/60,exact_formula,1/60,'=E42,SPB:AUTO_BOOST;小怪装备分母x3,dpv2.direct.m150.slot_023
祖玛弓箭手,150,43,重盔甲(男),122,物品,,'=1/60,exact_formula,1/60,'=E43,SPB:AUTO_BOOST;小怪装备分母x3,dpv2.direct.m150.slot_014
祖玛弓箭手,150,45,金戒指,206,物品,,'=1/60,exact_formula,1/60,'=E45,SPB:AUTO_BOOST;小怪装备分母x3,dpv2.direct.m150.slot_020
祖玛弓箭手,150,46,金手镯,188,物品,,'=1/60,exact_formula,1/60,'=E46,SPB:AUTO_BOOST;小怪装备分母x3,dpv2.direct.m150.slot_022
祖玛弓箭手,150,47,魅力戒指,208,物品,,'=1/60,exact_formula,1/60,'=E47,SPB:AUTO_BOOST;小怪装备分母x3,dpv2.direct.m150.slot_024
祖玛弓箭手,150,48,魔法长袍(男),124,物品,,'=1/60,exact_formula,1/60,'=E48,SPB:AUTO_BOOST;小怪装备分母x3,dpv2.direct.m150.slot_018
祖玛弓箭手,150,50,凝霜,98,物品,,'=1/60,exact_formula,1/60,'=E50,SPB:AUTO_BOOST;小怪装备分母x3,dpv2.direct.m150.slot_008
祖玛弓箭手,150,51,放大镜,166,物品,,'=1/60,exact_formula,1/60,'=E51,SPB:AUTO_BOOST;小怪装备分母x3,dpv2.direct.m150.slot_005
祖玛弓箭手,150,52,竹笛,167,物品,,'=1/60,exact_formula,1/60,'=E52,SPB:AUTO_BOOST;小怪装备分母x3,dpv2.direct.m150.slot_006
祖玛弓箭手,150,53,道士头盔,149,物品,,'=1/60,exact_formula,1/60,'=E53,SPB:AUTO_BOOST;小怪装备分母x3,dpv2.direct.m150.slot_007
祖玛弓箭手,150,54,修罗,97,物品,,'=1/60,exact_formula,1/60,'=E54,SPB:AUTO_BOOST;小怪装备分母x3,dpv2.direct.m150.slot_013
祖玛弓箭手,150,55,死神手套,187,物品,,'=1/60,exact_formula,1/60,'=E55,SPB:AUTO_BOOST;小怪装备分母x3,dpv2.direct.m150.slot_012
祖玛弓箭手,150,56,骷髅头盔,150,物品,,'=1/60,exact_formula,1/60,'=E56,SPB:AUTO_BOOST;小怪装备分母x3,dpv2.direct.m150.slot_011
祖玛弓箭手,150,57,珊瑚戒指,210,物品,,'=1/60,exact_formula,1/60,'=E57,SPB:AUTO_BOOST;小怪装备分母x3,dpv2.direct.m150.slot_009
祖玛弓箭手,150,58,降妖除魔戒指,211,物品,,'=1/60,exact_formula,1/60,'=E58,SPB:AUTO_BOOST;小怪装备分母x3,dpv2.direct.m150.slot_010
祖玛雕像,153,6,金币,,金币,2250,'=1/3,exact_formula,1/3,'=E6,SPB:BYPASS_GOLD,dpv2.direct.m153.slot_001
祖玛雕像,153,7,超级金创药,920017,物品,,'=1/10,exact_formula,1/10,'=E7,SPB:BYPASS_COMMON_RECOVERY,dpv2.direct.m153.slot_003
祖玛雕像,153,8,太阳水 ×3,920014,物品,,'=1/20,exact_formula,1/20,'=E8,SPB:BYPASS_COMMON_RECOVERY,dpv2.direct.m153.slot_005 等3个独立槽
祖玛雕像,153,9,超级魔法药,920042,物品,,'=1/20,exact_formula,1/20,'=E9,SPB:BYPASS_COMMON_RECOVERY,dpv2.direct.m153.slot_004
祖玛雕像,153,10,偃月,95,物品,,'=1/60,exact_formula,1/60,'=E10,SPB:AUTO_BOOST;小怪装备分母x3,dpv2.direct.m153.slot_038
祖玛雕像,153,11,八荒,89,物品,,'=1/60,exact_formula,1/60,'=E11,SPB:AUTO_BOOST;小怪装备分母x3,dpv2.direct.m153.slot_044
祖玛雕像,153,12,凌风,92,物品,,'=1/60,exact_formula,1/60,'=E12,SPB:AUTO_BOOST;小怪装备分母x3,dpv2.direct.m153.slot_047
祖玛雕像,153,13,凤凰明珠,163,物品,,'=1/60,exact_formula,1/60,'=E13,SPB:AUTO_BOOST;小怪装备分母x3,dpv2.direct.m153.slot_051
祖玛雕像,153,14,半月,91,物品,,'=1/60,exact_formula,1/60,'=E14,SPB:AUTO_BOOST;小怪装备分母x3,dpv2.direct.m153.slot_045
祖玛雕像,153,15,坚固手套,182,物品,,'=1/60,exact_formula,1/60,'=E15,SPB:AUTO_BOOST;小怪装备分母x3,dpv2.direct.m153.slot_052
祖玛雕像,153,16,小手镯,175,物品,,'=1/60,exact_formula,1/60,'=E16,SPB:AUTO_BOOST;小怪装备分母x3,dpv2.direct.m153.slot_043
祖玛雕像,153,17,斩马刀,94,物品,,'=1/60,exact_formula,1/60,'=E17,SPB:AUTO_BOOST;小怪装备分母x3,dpv2.direct.m153.slot_037
祖玛雕像,153,18,海魂,90,物品,,'=1/60,exact_formula,1/60,'=E18,SPB:AUTO_BOOST;小怪装备分母x3,dpv2.direct.m153.slot_046
祖玛雕像,153,19,灯笼项链,164,物品,,'=1/60,exact_formula,1/60,'=E19,SPB:AUTO_BOOST;小怪装备分母x3,dpv2.direct.m153.slot_054
祖玛雕像,153,20,珍珠戒指,205,物品,,'=1/60,exact_formula,1/60,'=E20,SPB:AUTO_BOOST;小怪装备分母x3,dpv2.direct.m153.slot_035
祖玛雕像,153,21,琥珀项链,162,物品,,'=1/60,exact_formula,1/60,'=E21,SPB:AUTO_BOOST;小怪装备分母x3,dpv2.direct.m153.slot_050
祖玛雕像,153,22,生铁戒指,201,物品,,'=1/60,exact_formula,1/60,'=E22,SPB:AUTO_BOOST;小怪装备分母x3,dpv2.direct.m153.slot_039
祖玛雕像,153,23,白色虎齿项链,159,物品,,'=1/60,exact_formula,1/60,'=E23,SPB:AUTO_BOOST;小怪装备分母x3,dpv2.direct.m153.slot_040
祖玛雕像,153,24,白金项链,155,物品,,'=1/60,exact_formula,1/60,'=E24,SPB:AUTO_BOOST;小怪装备分母x3,dpv2.direct.m153.slot_041
祖玛雕像,153,25,破魂,93,物品,,'=1/60,exact_formula,1/60,'=E25,SPB:AUTO_BOOST;小怪装备分母x3,dpv2.direct.m153.slot_036
祖玛雕像,153,26,蓝色水晶戒指,202,物品,,'=1/60,exact_formula,1/60,'=E26,SPB:AUTO_BOOST;小怪装备分母x3,dpv2.direct.m153.slot_048
祖玛雕像,153,27,蛇眼戒指,204,物品,,'=1/60,exact_formula,1/60,'=E27,SPB:AUTO_BOOST;小怪装备分母x3,dpv2.direct.m153.slot_034
祖玛雕像,153,28,道士手镯,185,物品,,'=1/60,exact_formula,1/60,'=E28,SPB:AUTO_BOOST;小怪装备分母x3,dpv2.direct.m153.slot_030
祖玛雕像,153,29,降魔,96,物品,,'=1/60,exact_formula,1/60,'=E29,SPB:AUTO_BOOST;小怪装备分母x3,dpv2.direct.m153.slot_032
祖玛雕像,153,30,骷髅戒指,207,物品,,'=1/60,exact_formula,1/60,'=E30,SPB:AUTO_BOOST;小怪装备分母x3,dpv2.direct.m153.slot_042
祖玛雕像,153,31,魔力手镯,186,物品,,'=1/60,exact_formula,1/60,'=E31,SPB:AUTO_BOOST;小怪装备分母x3,dpv2.direct.m153.slot_053
祖玛雕像,153,32,魔法手镯,183,物品,,'=1/60,exact_formula,1/60,'=E32,SPB:AUTO_BOOST;小怪装备分母x3,dpv2.direct.m153.v505_0051
祖玛雕像,153,33,魔鬼项链,161,物品,,'=1/60,exact_formula,1/60,'=E33,SPB:AUTO_BOOST;小怪装备分母x3,dpv2.direct.m153.slot_049
祖玛雕像,153,34,黑檀手镯,184,物品,,'=1/60,exact_formula,1/60,'=E34,SPB:AUTO_BOOST;小怪装备分母x3,dpv2.direct.m153.slot_031
祖玛雕像,153,35,黑色水晶戒指,203,物品,,'=1/60,exact_formula,1/60,'=E35,SPB:AUTO_BOOST;小怪装备分母x3,dpv2.direct.m153.slot_033
祖玛雕像,153,36,体力强效神水,910001,物品,,'=1/60,exact_formula,1/60,'=E36,SPB:AUTO_BOOST;SPB_CEILING_1_20;小怪神水分母x6,dpv2.direct.m153.v505_0057
祖玛雕像,153,37,攻击神水,910004,物品,,'=1/60,exact_formula,1/60,'=E37,SPB:AUTO_BOOST;SPB_CEILING_1_20;小怪神水分母x6,dpv2.direct.m153.v505_0053
祖玛雕像,153,38,灵魂战衣(男),127,物品,,'=1/60,exact_formula,1/60,'=E38,SPB:AUTO_BOOST;小怪装备分母x3,dpv2.direct.m153.slot_021
祖玛雕像,153,40,疾风神水,910003,物品,,'=1/60,exact_formula,1/60,'=E40,SPB:AUTO_BOOST;SPB_CEILING_1_20;小怪神水分母x6,dpv2.direct.m153.v505_0056
祖玛雕像,153,41,精神神水,910006,物品,,'=1/60,exact_formula,1/60,'=E41,SPB:AUTO_BOOST;SPB_CEILING_1_20;小怪神水分母x6,dpv2.direct.m153.slot_056
祖玛雕像,153,42,蓝翡翠项链,165,物品,,'=1/60,exact_formula,1/60,'=E42,SPB:AUTO_BOOST;小怪装备分母x3,dpv2.direct.m153.slot_026
祖玛雕像,153,43,道德戒指,209,物品,,'=1/60,exact_formula,1/60,'=E43,SPB:AUTO_BOOST;小怪装备分母x3,dpv2.direct.m153.slot_028
祖玛雕像,153,44,重盔甲(男),122,物品,,'=1/60,exact_formula,1/60,'=E44,SPB:AUTO_BOOST;小怪装备分母x3,dpv2.direct.m153.slot_019
祖玛雕像,153,46,金戒指,206,物品,,'=1/60,exact_formula,1/60,'=E46,SPB:AUTO_BOOST;小怪装备分母x3,dpv2.direct.m153.slot_025
祖玛雕像,153,47,金手镯,188,物品,,'=1/60,exact_formula,1/60,'=E47,SPB:AUTO_BOOST;小怪装备分母x3,dpv2.direct.m153.slot_027
祖玛雕像,153,48,魅力戒指,208,物品,,'=1/60,exact_formula,1/60,'=E48,SPB:AUTO_BOOST;小怪装备分母x3,dpv2.direct.m153.slot_029
祖玛雕像,153,49,魔力强效神水,910002,物品,,'=1/60,exact_formula,1/60,'=E49,SPB:AUTO_BOOST;SPB_CEILING_1_20;小怪神水分母x6,dpv2.direct.m153.v505_0058
祖玛雕像,153,50,魔力神水,910005,物品,,'=1/60,exact_formula,1/60,'=E50,SPB:AUTO_BOOST;SPB_CEILING_1_20;小怪神水分母x6,dpv2.direct.m153.slot_055
祖玛雕像,153,51,魔法长袍(男),124,物品,,'=1/60,exact_formula,1/60,'=E51,SPB:AUTO_BOOST;小怪装备分母x3,dpv2.direct.m153.slot_023
祖玛雕像,153,53,凝霜,98,物品,,'=1/60,exact_formula,1/60,'=E53,SPB:AUTO_BOOST;小怪装备分母x3,dpv2.direct.m153.slot_013
祖玛雕像,153,54,放大镜,166,物品,,'=1/60,exact_formula,1/60,'=E54,SPB:AUTO_BOOST;小怪装备分母x3,dpv2.direct.m153.slot_010
祖玛雕像,153,55,竹笛,167,物品,,'=1/60,exact_formula,1/60,'=E55,SPB:AUTO_BOOST;小怪装备分母x3,dpv2.direct.m153.slot_011
祖玛雕像,153,56,道士头盔,149,物品,,'=1/60,exact_formula,1/60,'=E56,SPB:AUTO_BOOST;小怪装备分母x3,dpv2.direct.m153.slot_012
祖玛雕像,153,57,修罗,97,物品,,'=1/60,exact_formula,1/60,'=E57,SPB:AUTO_BOOST;小怪装备分母x3,dpv2.direct.m153.slot_018
祖玛雕像,153,58,死神手套,187,物品,,'=1/60,exact_formula,1/60,'=E58,SPB:AUTO_BOOST;小怪装备分母x3,dpv2.direct.m153.slot_017
祖玛雕像,153,59,骷髅头盔,150,物品,,'=1/60,exact_formula,1/60,'=E59,SPB:AUTO_BOOST;小怪装备分母x3,dpv2.direct.m153.slot_016
祖玛雕像,153,60,珊瑚戒指,210,物品,,'=1/60,exact_formula,1/60,'=E60,SPB:AUTO_BOOST;小怪装备分母x3,dpv2.direct.m153.slot_014
祖玛雕像,153,61,降妖除魔戒指,211,物品,,'=1/60,exact_formula,1/60,'=E61,SPB:AUTO_BOOST;小怪装备分母x3,dpv2.direct.m153.slot_015
祖玛卫士,156,6,金币,,金币,2250,'=1/3,exact_formula,1/3,'=E6,SPB:BYPASS_GOLD,dpv2.direct.m156.slot_001
祖玛卫士,156,7,偃月,95,物品,,'=1/60,exact_formula,1/60,'=E7,SPB:AUTO_BOOST;小怪装备分母x3,dpv2.direct.m156.slot_037
祖玛卫士,156,8,八荒,89,物品,,'=1/60,exact_formula,1/60,'=E8,SPB:AUTO_BOOST;小怪装备分母x3,dpv2.direct.m156.slot_043
祖玛卫士,156,9,凌风,92,物品,,'=1/60,exact_formula,1/60,'=E9,SPB:AUTO_BOOST;小怪装备分母x3,dpv2.direct.m156.slot_046
祖玛卫士,156,10,凤凰明珠,163,物品,,'=1/60,exact_formula,1/60,'=E10,SPB:AUTO_BOOST;小怪装备分母x3,dpv2.direct.m156.slot_050
祖玛卫士,156,11,半月,91,物品,,'=1/60,exact_formula,1/60,'=E11,SPB:AUTO_BOOST;小怪装备分母x3,dpv2.direct.m156.slot_044
祖玛卫士,156,12,坚固手套,182,物品,,'=1/60,exact_formula,1/60,'=E12,SPB:AUTO_BOOST;小怪装备分母x3,dpv2.direct.m156.slot_051
祖玛卫士,156,13,小手镯,175,物品,,'=1/60,exact_formula,1/60,'=E13,SPB:AUTO_BOOST;小怪装备分母x3,dpv2.direct.m156.slot_042
祖玛卫士,156,14,斩马刀,94,物品,,'=1/60,exact_formula,1/60,'=E14,SPB:AUTO_BOOST;小怪装备分母x3,dpv2.direct.m156.slot_036
祖玛卫士,156,15,海魂,90,物品,,'=1/60,exact_formula,1/60,'=E15,SPB:AUTO_BOOST;小怪装备分母x3,dpv2.direct.m156.slot_045
祖玛卫士,156,16,灯笼项链,164,物品,,'=1/60,exact_formula,1/60,'=E16,SPB:AUTO_BOOST;小怪装备分母x3,dpv2.direct.m156.slot_053
祖玛卫士,156,17,珍珠戒指,205,物品,,'=1/60,exact_formula,1/60,'=E17,SPB:AUTO_BOOST;小怪装备分母x3,dpv2.direct.m156.slot_034
祖玛卫士,156,18,琥珀项链,162,物品,,'=1/60,exact_formula,1/60,'=E18,SPB:AUTO_BOOST;小怪装备分母x3,dpv2.direct.m156.slot_049
祖玛卫士,156,19,生铁戒指,201,物品,,'=1/60,exact_formula,1/60,'=E19,SPB:AUTO_BOOST;小怪装备分母x3,dpv2.direct.m156.slot_038
祖玛卫士,156,20,白色虎齿项链,159,物品,,'=1/60,exact_formula,1/60,'=E20,SPB:AUTO_BOOST;小怪装备分母x3,dpv2.direct.m156.slot_039
祖玛卫士,156,21,白金项链,155,物品,,'=1/60,exact_formula,1/60,'=E21,SPB:AUTO_BOOST;小怪装备分母x3,dpv2.direct.m156.slot_040
祖玛卫士,156,22,破魂,93,物品,,'=1/60,exact_formula,1/60,'=E22,SPB:AUTO_BOOST;小怪装备分母x3,dpv2.direct.m156.slot_035
祖玛卫士,156,23,蓝色水晶戒指,202,物品,,'=1/60,exact_formula,1/60,'=E23,SPB:AUTO_BOOST;小怪装备分母x3,dpv2.direct.m156.slot_047
祖玛卫士,156,24,蛇眼戒指,204,物品,,'=1/60,exact_formula,1/60,'=E24,SPB:AUTO_BOOST;小怪装备分母x3,dpv2.direct.m156.slot_033
祖玛卫士,156,25,道士手镯,185,物品,,'=1/60,exact_formula,1/60,'=E25,SPB:AUTO_BOOST;小怪装备分母x3,dpv2.direct.m156.slot_029
祖玛卫士,156,26,降魔,96,物品,,'=1/60,exact_formula,1/60,'=E26,SPB:AUTO_BOOST;小怪装备分母x3,dpv2.direct.m156.slot_031
祖玛卫士,156,27,骷髅戒指,207,物品,,'=1/60,exact_formula,1/60,'=E27,SPB:AUTO_BOOST;小怪装备分母x3,dpv2.direct.m156.slot_041
祖玛卫士,156,28,魔力手镯,186,物品,,'=1/60,exact_formula,1/60,'=E28,SPB:AUTO_BOOST;小怪装备分母x3,dpv2.direct.m156.slot_052
祖玛卫士,156,29,魔法手镯,183,物品,,'=1/60,exact_formula,1/60,'=E29,SPB:AUTO_BOOST;小怪装备分母x3,dpv2.direct.m156.v505_0053
祖玛卫士,156,30,魔鬼项链,161,物品,,'=1/60,exact_formula,1/60,'=E30,SPB:AUTO_BOOST;小怪装备分母x3,dpv2.direct.m156.slot_048
祖玛卫士,156,31,黑檀手镯,184,物品,,'=1/60,exact_formula,1/60,'=E31,SPB:AUTO_BOOST;小怪装备分母x3,dpv2.direct.m156.slot_030
祖玛卫士,156,32,黑色水晶戒指,203,物品,,'=1/60,exact_formula,1/60,'=E32,SPB:AUTO_BOOST;小怪装备分母x3,dpv2.direct.m156.slot_032
祖玛卫士,156,33,超级金创药,920017,物品,,'=1/60,exact_formula,1/60,'=E33,SPB:BYPASS_COMMON_RECOVERY,dpv2.direct.m156.slot_003
祖玛卫士,156,34,体力强效神水,910001,物品,,'=1/60,exact_formula,1/60,'=E34,SPB:AUTO_BOOST;SPB_CEILING_1_20;小怪神水分母x6,dpv2.direct.m156.v505_0059
祖玛卫士,156,35,攻击神水,910004,物品,,'=1/60,exact_formula,1/60,'=E35,SPB:AUTO_BOOST;SPB_CEILING_1_20;小怪神水分母x6,dpv2.direct.m156.slot_054
祖玛卫士,156,36,灵魂战衣(男),127,物品,,'=1/60,exact_formula,1/60,'=E36,SPB:AUTO_BOOST;小怪装备分母x3,dpv2.direct.m156.slot_020
祖玛卫士,156,38,疾风神水,910003,物品,,'=1/60,exact_formula,1/60,'=E38,SPB:AUTO_BOOST;SPB_CEILING_1_20;小怪神水分母x6,dpv2.direct.m156.v505_0058
祖玛卫士,156,39,精神神水,910006,物品,,'=1/60,exact_formula,1/60,'=E39,SPB:AUTO_BOOST;SPB_CEILING_1_20;小怪神水分母x6,dpv2.direct.m156.slot_056
祖玛卫士,156,40,蓝翡翠项链,165,物品,,'=1/60,exact_formula,1/60,'=E40,SPB:AUTO_BOOST;小怪装备分母x3,dpv2.direct.m156.slot_025
祖玛卫士,156,41,道德戒指,209,物品,,'=1/60,exact_formula,1/60,'=E41,SPB:AUTO_BOOST;小怪装备分母x3,dpv2.direct.m156.slot_027
祖玛卫士,156,42,重盔甲(男),122,物品,,'=1/60,exact_formula,1/60,'=E42,SPB:AUTO_BOOST;小怪装备分母x3,dpv2.direct.m156.slot_018
祖玛卫士,156,44,金戒指,206,物品,,'=1/60,exact_formula,1/60,'=E44,SPB:AUTO_BOOST;小怪装备分母x3,dpv2.direct.m156.slot_024
祖玛卫士,156,45,金手镯,188,物品,,'=1/60,exact_formula,1/60,'=E45,SPB:AUTO_BOOST;小怪装备分母x3,dpv2.direct.m156.slot_026
祖玛卫士,156,46,魅力戒指,208,物品,,'=1/60,exact_formula,1/60,'=E46,SPB:AUTO_BOOST;小怪装备分母x3,dpv2.direct.m156.slot_028
祖玛卫士,156,47,魔力强效神水,910002,物品,,'=1/60,exact_formula,1/60,'=E47,SPB:AUTO_BOOST;SPB_CEILING_1_20;小怪神水分母x6,dpv2.direct.m156.v505_0060
祖玛卫士,156,48,魔力神水,910005,物品,,'=1/60,exact_formula,1/60,'=E48,SPB:AUTO_BOOST;SPB_CEILING_1_20;小怪神水分母x6,dpv2.direct.m156.slot_055
祖玛卫士,156,49,魔法长袍(男),124,物品,,'=1/60,exact_formula,1/60,'=E49,SPB:AUTO_BOOST;小怪装备分母x3,dpv2.direct.m156.slot_022
祖玛卫士,156,51,太阳水 ×4,920014,物品,,'=1/60,exact_formula,1/60,'=E51,SPB:BYPASS_COMMON_RECOVERY,dpv2.direct.m156.slot_005 等4个独立槽
祖玛卫士,156,52,超级魔法药,920042,物品,,'=1/60,exact_formula,1/60,'=E52,SPB:BYPASS_COMMON_RECOVERY,dpv2.direct.m156.slot_004
祖玛卫士,156,53,凝霜,98,物品,,'=1/60,exact_formula,1/60,'=E53,SPB:AUTO_BOOST;小怪装备分母x3,dpv2.direct.m156.slot_012
祖玛卫士,156,54,放大镜,166,物品,,'=1/60,exact_formula,1/60,'=E54,SPB:AUTO_BOOST;小怪装备分母x3,dpv2.direct.m156.slot_009
祖玛卫士,156,55,竹笛,167,物品,,'=1/60,exact_formula,1/60,'=E55,SPB:AUTO_BOOST;小怪装备分母x3,dpv2.direct.m156.slot_010
祖玛卫士,156,56,道士头盔,149,物品,,'=1/60,exact_formula,1/60,'=E56,SPB:AUTO_BOOST;小怪装备分母x3,dpv2.direct.m156.slot_011
祖玛卫士,156,57,修罗,97,物品,,'=1/60,exact_formula,1/60,'=E57,SPB:AUTO_BOOST;小怪装备分母x3,dpv2.direct.m156.slot_017
祖玛卫士,156,58,死神手套,187,物品,,'=1/60,exact_formula,1/60,'=E58,SPB:AUTO_BOOST;小怪装备分母x3,dpv2.direct.m156.slot_016
祖玛卫士,156,59,骷髅头盔,150,物品,,'=1/60,exact_formula,1/60,'=E59,SPB:AUTO_BOOST;小怪装备分母x3,dpv2.direct.m156.slot_015
祖玛卫士,156,60,珊瑚戒指,210,物品,,'=1/60,exact_formula,1/60,'=E60,SPB:AUTO_BOOST;小怪装备分母x3,dpv2.direct.m156.slot_013
祖玛卫士,156,61,降妖除魔戒指,211,物品,,'=1/60,exact_formula,1/60,'=E61,SPB:AUTO_BOOST;小怪装备分母x3,dpv2.direct.m156.slot_014
祖玛卫士,156,62,金币,,金币,2500,'=1/500,exact_formula,1/500,'=E62,SPB:BYPASS_GOLD,dpv2.direct.m156.v505_0002
月魔蜘蛛,168,6,太阳水,920014,物品,,'=1/3,exact_formula,1/3,'=E6,SPB:BYPASS_COMMON_RECOVERY,dpv2.direct.m168.slot_003
月魔蜘蛛,168,7,超级金创药,920017,物品,,'=1/3,exact_formula,1/3,'=E7,SPB:BYPASS_COMMON_RECOVERY,dpv2.direct.m168.slot_004
月魔蜘蛛,168,8,超级魔法药,920042,物品,,'=1/3,exact_formula,1/3,'=E8,SPB:BYPASS_COMMON_RECOVERY,dpv2.direct.m168.slot_005
月魔蜘蛛,168,9,金币,,金币,2500,'=1/3,exact_formula,1/3,'=E9,SPB:BYPASS_GOLD,dpv2.direct.m168.slot_001
月魔蜘蛛,168,10,金币,,金币,2250,'=1/3,exact_formula,1/3,'=E10,SPB:BYPASS_GOLD,dpv2.direct.m168.slot_002
月魔蜘蛛,168,11,疗伤药,910007,物品,,'=1/15,exact_formula,1/15,'=E11,SPB:BYPASS_COMMON_RECOVERY,dpv2.direct.m168.slot_006
月魔蜘蛛,168,12,八荒,89,物品,,'=1/60,exact_formula,1/60,'=E12,SPB:AUTO_BOOST;小怪装备分母x3,dpv2.direct.m168.slot_042
月魔蜘蛛,168,13,凌风,92,物品,,'=1/60,exact_formula,1/60,'=E13,SPB:AUTO_BOOST;小怪装备分母x3,dpv2.direct.m168.slot_045
月魔蜘蛛,168,14,凤凰明珠,163,物品,,'=1/60,exact_formula,1/60,'=E14,SPB:AUTO_BOOST;小怪装备分母x3,dpv2.direct.m168.slot_049
月魔蜘蛛,168,15,半月,91,物品,,'=1/60,exact_formula,1/60,'=E15,SPB:AUTO_BOOST;小怪装备分母x3,dpv2.direct.m168.slot_043
月魔蜘蛛,168,16,坚固手套,182,物品,,'=1/60,exact_formula,1/60,'=E16,SPB:AUTO_BOOST;小怪装备分母x3,dpv2.direct.m168.slot_050
月魔蜘蛛,168,17,海魂,90,物品,,'=1/60,exact_formula,1/60,'=E17,SPB:AUTO_BOOST;小怪装备分母x3,dpv2.direct.m168.slot_044
月魔蜘蛛,168,18,灯笼项链,164,物品,,'=1/60,exact_formula,1/60,'=E18,SPB:AUTO_BOOST;小怪装备分母x3,dpv2.direct.m168.slot_052
月魔蜘蛛,168,19,琥珀项链,162,物品,,'=1/60,exact_formula,1/60,'=E19,SPB:AUTO_BOOST;小怪装备分母x3,dpv2.direct.m168.slot_048
月魔蜘蛛,168,20,蓝色水晶戒指,202,物品,,'=1/60,exact_formula,1/60,'=E20,SPB:AUTO_BOOST;小怪装备分母x3,dpv2.direct.m168.slot_046
月魔蜘蛛,168,21,魔法手镯,183,物品,,'=1/60,exact_formula,1/60,'=E21,SPB:AUTO_BOOST;小怪装备分母x3,dpv2.direct.m168.v505_0051
月魔蜘蛛,168,22,魔鬼项链,161,物品,,'=1/60,exact_formula,1/60,'=E22,SPB:AUTO_BOOST;小怪装备分母x3,dpv2.direct.m168.slot_047
月魔蜘蛛,168,23,偃月,95,物品,,'=1/60,exact_formula,1/60,'=E23,SPB:AUTO_BOOST;小怪装备分母x3,dpv2.direct.m168.slot_036
月魔蜘蛛,168,24,小手镯,175,物品,,'=1/60,exact_formula,1/60,'=E24,SPB:AUTO_BOOST;小怪装备分母x3,dpv2.direct.m168.slot_041
月魔蜘蛛,168,25,斩马刀,94,物品,,'=1/60,exact_formula,1/60,'=E25,SPB:AUTO_BOOST;小怪装备分母x3,dpv2.direct.m168.slot_035
月魔蜘蛛,168,26,珍珠戒指,205,物品,,'=1/60,exact_formula,1/60,'=E26,SPB:AUTO_BOOST;小怪装备分母x3,dpv2.direct.m168.slot_033
月魔蜘蛛,168,27,生铁戒指,201,物品,,'=1/60,exact_formula,1/60,'=E27,SPB:AUTO_BOOST;小怪装备分母x3,dpv2.direct.m168.slot_037
月魔蜘蛛,168,28,白色虎齿项链,159,物品,,'=1/60,exact_formula,1/60,'=E28,SPB:AUTO_BOOST;小怪装备分母x3,dpv2.direct.m168.slot_038
月魔蜘蛛,168,29,白金项链,155,物品,,'=1/60,exact_formula,1/60,'=E29,SPB:AUTO_BOOST;小怪装备分母x3,dpv2.direct.m168.slot_039
月魔蜘蛛,168,30,破魂,93,物品,,'=1/60,exact_formula,1/60,'=E30,SPB:AUTO_BOOST;小怪装备分母x3,dpv2.direct.m168.slot_034
月魔蜘蛛,168,31,蛇眼戒指,204,物品,,'=1/60,exact_formula,1/60,'=E31,SPB:AUTO_BOOST;小怪装备分母x3,dpv2.direct.m168.slot_032
月魔蜘蛛,168,32,道士手镯,185,物品,,'=1/60,exact_formula,1/60,'=E32,SPB:AUTO_BOOST;小怪装备分母x3,dpv2.direct.m168.slot_028
月魔蜘蛛,168,33,降魔,96,物品,,'=1/60,exact_formula,1/60,'=E33,SPB:AUTO_BOOST;小怪装备分母x3,dpv2.direct.m168.slot_030
月魔蜘蛛,168,34,骷髅戒指,207,物品,,'=1/60,exact_formula,1/60,'=E34,SPB:AUTO_BOOST;小怪装备分母x3,dpv2.direct.m168.slot_040
月魔蜘蛛,168,35,魔力手镯,186,物品,,'=1/60,exact_formula,1/60,'=E35,SPB:AUTO_BOOST;小怪装备分母x3,dpv2.direct.m168.slot_051
月魔蜘蛛,168,36,黑檀手镯,184,物品,,'=1/60,exact_formula,1/60,'=E36,SPB:AUTO_BOOST;小怪装备分母x3,dpv2.direct.m168.slot_029
月魔蜘蛛,168,37,黑色水晶戒指,203,物品,,'=1/60,exact_formula,1/60,'=E37,SPB:AUTO_BOOST;小怪装备分母x3,dpv2.direct.m168.slot_031
月魔蜘蛛,168,38,灵魂战衣(男),127,物品,,'=1/60,exact_formula,1/60,'=E38,SPB:AUTO_BOOST;小怪装备分母x3,dpv2.direct.m168.slot_019
月魔蜘蛛,168,40,蓝翡翠项链,165,物品,,'=1/60,exact_formula,1/60,'=E40,SPB:AUTO_BOOST;小怪装备分母x3,dpv2.direct.m168.slot_024
月魔蜘蛛,168,41,道德戒指,209,物品,,'=1/60,exact_formula,1/60,'=E41,SPB:AUTO_BOOST;小怪装备分母x3,dpv2.direct.m168.slot_026
月魔蜘蛛,168,42,重盔甲(男),122,物品,,'=1/60,exact_formula,1/60,'=E42,SPB:AUTO_BOOST;小怪装备分母x3,dpv2.direct.m168.slot_017
月魔蜘蛛,168,44,金戒指,206,物品,,'=1/60,exact_formula,1/60,'=E44,SPB:AUTO_BOOST;小怪装备分母x3,dpv2.direct.m168.slot_023
月魔蜘蛛,168,45,金手镯,188,物品,,'=1/60,exact_formula,1/60,'=E45,SPB:AUTO_BOOST;小怪装备分母x3,dpv2.direct.m168.slot_025
月魔蜘蛛,168,46,魅力戒指,208,物品,,'=1/60,exact_formula,1/60,'=E46,SPB:AUTO_BOOST;小怪装备分母x3,dpv2.direct.m168.slot_027
月魔蜘蛛,168,47,魔法长袍(男),124,物品,,'=1/60,exact_formula,1/60,'=E47,SPB:AUTO_BOOST;小怪装备分母x3,dpv2.direct.m168.slot_021
月魔蜘蛛,168,49,凝霜,98,物品,,'=1/60,exact_formula,1/60,'=E49,SPB:AUTO_BOOST;小怪装备分母x3,dpv2.direct.m168.slot_011
月魔蜘蛛,168,50,放大镜,166,物品,,'=1/60,exact_formula,1/60,'=E50,SPB:AUTO_BOOST;小怪装备分母x3,dpv2.direct.m168.slot_008
月魔蜘蛛,168,51,竹笛,167,物品,,'=1/60,exact_formula,1/60,'=E51,SPB:AUTO_BOOST;小怪装备分母x3,dpv2.direct.m168.slot_009
月魔蜘蛛,168,52,道士头盔,149,物品,,'=1/60,exact_formula,1/60,'=E52,SPB:AUTO_BOOST;小怪装备分母x3,dpv2.direct.m168.slot_010
月魔蜘蛛,168,53,修罗,97,物品,,'=1/60,exact_formula,1/60,'=E53,SPB:AUTO_BOOST;小怪装备分母x3,dpv2.direct.m168.slot_016
月魔蜘蛛,168,54,死神手套,187,物品,,'=1/60,exact_formula,1/60,'=E54,SPB:AUTO_BOOST;小怪装备分母x3,dpv2.direct.m168.slot_015
月魔蜘蛛,168,55,骷髅头盔,150,物品,,'=1/60,exact_formula,1/60,'=E55,SPB:AUTO_BOOST;小怪装备分母x3,dpv2.direct.m168.slot_014
月魔蜘蛛,168,56,珊瑚戒指,210,物品,,'=1/60,exact_formula,1/60,'=E56,SPB:AUTO_BOOST;小怪装备分母x3,dpv2.direct.m168.slot_012
月魔蜘蛛,168,57,降妖除魔戒指,211,物品,,'=1/60,exact_formula,1/60,'=E57,SPB:AUTO_BOOST;小怪装备分母x3,dpv2.direct.m168.slot_013
黑锷蜘蛛,170,6,太阳水,920014,物品,,'=1/3,exact_formula,1/3,'=E6,SPB:BYPASS_COMMON_RECOVERY,dpv2.direct.m170.slot_003
黑锷蜘蛛,170,7,超级金创药,920017,物品,,'=1/3,exact_formula,1/3,'=E7,SPB:BYPASS_COMMON_RECOVERY,dpv2.direct.m170.slot_002
黑锷蜘蛛,170,8,超级魔法药,920042,物品,,'=1/3,exact_formula,1/3,'=E8,SPB:BYPASS_COMMON_RECOVERY,dpv2.direct.m170.slot_001
黑锷蜘蛛,170,9,金币,,金币,3000,'=1/3,exact_formula,1/3,'=E9,SPB:BYPASS_GOLD,dpv2.direct.m170.slot_005
黑锷蜘蛛,170,10,金币,,金币,2250,'=1/3,exact_formula,1/3,'=E10,SPB:BYPASS_GOLD,dpv2.direct.m170.slot_004
黑锷蜘蛛,170,11,疗伤药,910007,物品,,'=1/15,exact_formula,1/15,'=E11,SPB:BYPASS_COMMON_RECOVERY,dpv2.direct.m170.slot_006
黑锷蜘蛛,170,12,偃月,95,物品,,'=1/60,exact_formula,1/60,'=E12,SPB:AUTO_BOOST;小怪装备分母x3,dpv2.direct.m170.v505_0036
黑锷蜘蛛,170,13,八荒,89,物品,,'=1/60,exact_formula,1/60,'=E13,SPB:AUTO_BOOST;小怪装备分母x3,dpv2.direct.m170.v505_0042
黑锷蜘蛛,170,14,凌风,92,物品,,'=1/60,exact_formula,1/60,'=E14,SPB:AUTO_BOOST;小怪装备分母x3,dpv2.direct.m170.v505_0045
黑锷蜘蛛,170,15,凤凰明珠,163,物品,,'=1/60,exact_formula,1/60,'=E15,SPB:AUTO_BOOST;小怪装备分母x3,dpv2.direct.m170.v505_0049
黑锷蜘蛛,170,16,半月,91,物品,,'=1/60,exact_formula,1/60,'=E16,SPB:AUTO_BOOST;小怪装备分母x3,dpv2.direct.m170.v505_0043
黑锷蜘蛛,170,17,坚固手套,182,物品,,'=1/60,exact_formula,1/60,'=E17,SPB:AUTO_BOOST;小怪装备分母x3,dpv2.direct.m170.v505_0050
黑锷蜘蛛,170,18,小手镯,175,物品,,'=1/60,exact_formula,1/60,'=E18,SPB:AUTO_BOOST;小怪装备分母x3,dpv2.direct.m170.slot_008
黑锷蜘蛛,170,19,斩马刀,94,物品,,'=1/60,exact_formula,1/60,'=E19,SPB:AUTO_BOOST;小怪装备分母x3,dpv2.direct.m170.v505_0035
黑锷蜘蛛,170,20,海魂,90,物品,,'=1/60,exact_formula,1/60,'=E20,SPB:AUTO_BOOST;小怪装备分母x3,dpv2.direct.m170.v505_0044
黑锷蜘蛛,170,21,灯笼项链,164,物品,,'=1/60,exact_formula,1/60,'=E21,SPB:AUTO_BOOST;小怪装备分母x3,dpv2.direct.m170.slot_007
黑锷蜘蛛,170,22,珍珠戒指,205,物品,,'=1/60,exact_formula,1/60,'=E22,SPB:AUTO_BOOST;小怪装备分母x3,dpv2.direct.m170.v505_0033
黑锷蜘蛛,170,23,琥珀项链,162,物品,,'=1/60,exact_formula,1/60,'=E23,SPB:AUTO_BOOST;小怪装备分母x3,dpv2.direct.m170.v505_0048
黑锷蜘蛛,170,24,生铁戒指,201,物品,,'=1/60,exact_formula,1/60,'=E24,SPB:AUTO_BOOST;小怪装备分母x3,dpv2.direct.m170.v505_0037
黑锷蜘蛛,170,25,白色虎齿项链,159,物品,,'=1/60,exact_formula,1/60,'=E25,SPB:AUTO_BOOST;小怪装备分母x3,dpv2.direct.m170.v505_0038
黑锷蜘蛛,170,26,白金项链,155,物品,,'=1/60,exact_formula,1/60,'=E26,SPB:AUTO_BOOST;小怪装备分母x3,dpv2.direct.m170.v505_0039
黑锷蜘蛛,170,27,破魂,93,物品,,'=1/60,exact_formula,1/60,'=E27,SPB:AUTO_BOOST;小怪装备分母x3,dpv2.direct.m170.v505_0034
黑锷蜘蛛,170,28,蓝色水晶戒指,202,物品,,'=1/60,exact_formula,1/60,'=E28,SPB:AUTO_BOOST;小怪装备分母x3,dpv2.direct.m170.v505_0046
黑锷蜘蛛,170,29,蛇眼戒指,204,物品,,'=1/60,exact_formula,1/60,'=E29,SPB:AUTO_BOOST;小怪装备分母x3,dpv2.direct.m170.v505_0032
黑锷蜘蛛,170,30,道士手镯,185,物品,,'=1/60,exact_formula,1/60,'=E30,SPB:AUTO_BOOST;小怪装备分母x3,dpv2.direct.m170.v505_0027
黑锷蜘蛛,170,31,降魔,96,物品,,'=1/60,exact_formula,1/60,'=E31,SPB:AUTO_BOOST;小怪装备分母x3,dpv2.direct.m170.v505_0030
黑锷蜘蛛,170,32,骷髅戒指,207,物品,,'=1/60,exact_formula,1/60,'=E32,SPB:AUTO_BOOST;小怪装备分母x3,dpv2.direct.m170.v505_0040
黑锷蜘蛛,170,33,魔力手镯,186,物品,,'=1/60,exact_formula,1/60,'=E33,SPB:AUTO_BOOST;小怪装备分母x3,dpv2.direct.m170.v505_0029
黑锷蜘蛛,170,34,魔法手镯,183,物品,,'=1/60,exact_formula,1/60,'=E34,SPB:AUTO_BOOST;小怪装备分母x3,dpv2.direct.m170.v505_0051
黑锷蜘蛛,170,35,魔鬼项链,161,物品,,'=1/60,exact_formula,1/60,'=E35,SPB:AUTO_BOOST;小怪装备分母x3,dpv2.direct.m170.v505_0047
黑锷蜘蛛,170,36,黑檀手镯,184,物品,,'=1/60,exact_formula,1/60,'=E36,SPB:AUTO_BOOST;小怪装备分母x3,dpv2.direct.m170.v505_0028
黑锷蜘蛛,170,37,黑色水晶戒指,203,物品,,'=1/60,exact_formula,1/60,'=E37,SPB:AUTO_BOOST;小怪装备分母x3,dpv2.direct.m170.v505_0031
黑锷蜘蛛,170,38,灵魂战衣(男),127,物品,,'=1/60,exact_formula,1/60,'=E38,SPB:AUTO_BOOST;小怪装备分母x3,dpv2.direct.m170.v505_0018
黑锷蜘蛛,170,40,蓝翡翠项链,165,物品,,'=1/60,exact_formula,1/60,'=E40,SPB:AUTO_BOOST;小怪装备分母x3,dpv2.direct.m170.v505_0023
黑锷蜘蛛,170,41,道德戒指,209,物品,,'=1/60,exact_formula,1/60,'=E41,SPB:AUTO_BOOST;小怪装备分母x3,dpv2.direct.m170.v505_0025
黑锷蜘蛛,170,42,重盔甲(男),122,物品,,'=1/60,exact_formula,1/60,'=E42,SPB:AUTO_BOOST;小怪装备分母x3,dpv2.direct.m170.v505_0016
黑锷蜘蛛,170,44,金戒指,206,物品,,'=1/60,exact_formula,1/60,'=E44,SPB:AUTO_BOOST;小怪装备分母x3,dpv2.direct.m170.v505_0022
黑锷蜘蛛,170,45,金手镯,188,物品,,'=1/60,exact_formula,1/60,'=E45,SPB:AUTO_BOOST;小怪装备分母x3,dpv2.direct.m170.v505_0024
黑锷蜘蛛,170,46,魅力戒指,208,物品,,'=1/60,exact_formula,1/60,'=E46,SPB:AUTO_BOOST;小怪装备分母x3,dpv2.direct.m170.v505_0026
黑锷蜘蛛,170,47,魔法长袍(男),124,物品,,'=1/60,exact_formula,1/60,'=E47,SPB:AUTO_BOOST;小怪装备分母x3,dpv2.direct.m170.v505_0020
黑锷蜘蛛,170,49,凝霜,98,物品,,'=1/60,exact_formula,1/60,'=E49,SPB:AUTO_BOOST;小怪装备分母x3,dpv2.direct.m170.slot_009
黑锷蜘蛛,170,50,放大镜,166,物品,,'=1/60,exact_formula,1/60,'=E50,SPB:AUTO_BOOST;小怪装备分母x3,dpv2.direct.m170.slot_012
黑锷蜘蛛,170,51,竹笛,167,物品,,'=1/60,exact_formula,1/60,'=E51,SPB:AUTO_BOOST;小怪装备分母x3,dpv2.direct.m170.slot_011
黑锷蜘蛛,170,52,道士头盔,149,物品,,'=1/60,exact_formula,1/60,'=E52,SPB:AUTO_BOOST;小怪装备分母x3,dpv2.direct.m170.slot_010
黑锷蜘蛛,170,53,修罗,97,物品,,'=1/60,exact_formula,1/60,'=E53,SPB:AUTO_BOOST;小怪装备分母x3,dpv2.direct.m170.slot_013
黑锷蜘蛛,170,54,死神手套,187,物品,,'=1/60,exact_formula,1/60,'=E54,SPB:AUTO_BOOST;小怪装备分母x3,dpv2.direct.m170.slot_014
黑锷蜘蛛,170,55,骷髅头盔,150,物品,,'=1/60,exact_formula,1/60,'=E55,SPB:AUTO_BOOST;小怪装备分母x3,dpv2.direct.m170.slot_015
黑锷蜘蛛,170,56,珊瑚戒指,210,物品,,'=1/60,exact_formula,1/60,'=E56,SPB:AUTO_BOOST;小怪装备分母x3,dpv2.direct.m170.slot_017
黑锷蜘蛛,170,57,降妖除魔戒指,211,物品,,'=1/60,exact_formula,1/60,'=E57,SPB:AUTO_BOOST;小怪装备分母x3,dpv2.direct.m170.slot_016
钢牙蜘蛛,172,6,太阳水,920014,物品,,'=1/3,exact_formula,1/3,'=E6,SPB:BYPASS_COMMON_RECOVERY,dpv2.direct.m172.slot_002
钢牙蜘蛛,172,7,超级金创药,920017,物品,,'=1/3,exact_formula,1/3,'=E7,SPB:BYPASS_COMMON_RECOVERY,dpv2.direct.m172.slot_003
钢牙蜘蛛,172,8,超级魔法药,920042,物品,,'=1/3,exact_formula,1/3,'=E8,SPB:BYPASS_COMMON_RECOVERY,dpv2.direct.m172.slot_004
钢牙蜘蛛,172,9,金币,,金币,2250,'=1/3,exact_formula,1/3,'=E9,SPB:BYPASS_GOLD,dpv2.direct.m172.v505_0001
钢牙蜘蛛,172,10,疗伤药,910007,物品,,'=1/15,exact_formula,1/15,'=E10,SPB:BYPASS_COMMON_RECOVERY,dpv2.direct.m172.slot_005
钢牙蜘蛛,172,11,八荒,89,物品,,'=1/60,exact_formula,1/60,'=E11,SPB:AUTO_BOOST;小怪装备分母x3,dpv2.direct.m172.slot_041
钢牙蜘蛛,172,12,凌风,92,物品,,'=1/60,exact_formula,1/60,'=E12,SPB:AUTO_BOOST;小怪装备分母x3,dpv2.direct.m172.slot_051
钢牙蜘蛛,172,13,凤凰明珠,163,物品,,'=1/60,exact_formula,1/60,'=E13,SPB:AUTO_BOOST;小怪装备分母x3,dpv2.direct.m172.slot_047
钢牙蜘蛛,172,14,半月,91,物品,,'=1/60,exact_formula,1/60,'=E14,SPB:AUTO_BOOST;小怪装备分母x3,dpv2.direct.m172.slot_042
钢牙蜘蛛,172,15,坚固手套,182,物品,,'=1/60,exact_formula,1/60,'=E15,SPB:AUTO_BOOST;小怪装备分母x3,dpv2.direct.m172.slot_048
钢牙蜘蛛,172,16,海魂,90,物品,,'=1/60,exact_formula,1/60,'=E16,SPB:AUTO_BOOST;小怪装备分母x3,dpv2.direct.m172.slot_043
钢牙蜘蛛,172,17,灯笼项链,164,物品,,'=1/60,exact_formula,1/60,'=E17,SPB:AUTO_BOOST;小怪装备分母x3,dpv2.direct.m172.slot_050
钢牙蜘蛛,172,18,琥珀项链,162,物品,,'=1/60,exact_formula,1/60,'=E18,SPB:AUTO_BOOST;小怪装备分母x3,dpv2.direct.m172.slot_046
钢牙蜘蛛,172,19,蓝色水晶戒指,202,物品,,'=1/60,exact_formula,1/60,'=E19,SPB:AUTO_BOOST;小怪装备分母x3,dpv2.direct.m172.slot_044
钢牙蜘蛛,172,20,魔法手镯,183,物品,,'=1/60,exact_formula,1/60,'=E20,SPB:AUTO_BOOST;小怪装备分母x3,dpv2.direct.m172.v505_0049
钢牙蜘蛛,172,21,魔鬼项链,161,物品,,'=1/60,exact_formula,1/60,'=E21,SPB:AUTO_BOOST;小怪装备分母x3,dpv2.direct.m172.slot_045
钢牙蜘蛛,172,22,偃月,95,物品,,'=1/60,exact_formula,1/60,'=E22,SPB:AUTO_BOOST;小怪装备分母x3,dpv2.direct.m172.slot_035
钢牙蜘蛛,172,23,小手镯,175,物品,,'=1/60,exact_formula,1/60,'=E23,SPB:AUTO_BOOST;小怪装备分母x3,dpv2.direct.m172.slot_040
钢牙蜘蛛,172,24,斩马刀,94,物品,,'=1/60,exact_formula,1/60,'=E24,SPB:AUTO_BOOST;小怪装备分母x3,dpv2.direct.m172.slot_034
钢牙蜘蛛,172,25,珍珠戒指,205,物品,,'=1/60,exact_formula,1/60,'=E25,SPB:AUTO_BOOST;小怪装备分母x3,dpv2.direct.m172.slot_032
钢牙蜘蛛,172,26,生铁戒指,201,物品,,'=1/60,exact_formula,1/60,'=E26,SPB:AUTO_BOOST;小怪装备分母x3,dpv2.direct.m172.slot_036
钢牙蜘蛛,172,27,白色虎齿项链,159,物品,,'=1/60,exact_formula,1/60,'=E27,SPB:AUTO_BOOST;小怪装备分母x3,dpv2.direct.m172.slot_037
钢牙蜘蛛,172,28,白金项链,155,物品,,'=1/60,exact_formula,1/60,'=E28,SPB:AUTO_BOOST;小怪装备分母x3,dpv2.direct.m172.slot_038
钢牙蜘蛛,172,29,破魂,93,物品,,'=1/60,exact_formula,1/60,'=E29,SPB:AUTO_BOOST;小怪装备分母x3,dpv2.direct.m172.slot_033
钢牙蜘蛛,172,30,蛇眼戒指,204,物品,,'=1/60,exact_formula,1/60,'=E30,SPB:AUTO_BOOST;小怪装备分母x3,dpv2.direct.m172.slot_031
钢牙蜘蛛,172,31,道士手镯,185,物品,,'=1/60,exact_formula,1/60,'=E31,SPB:AUTO_BOOST;小怪装备分母x3,dpv2.direct.m172.slot_027
钢牙蜘蛛,172,32,降魔,96,物品,,'=1/60,exact_formula,1/60,'=E32,SPB:AUTO_BOOST;小怪装备分母x3,dpv2.direct.m172.slot_029
钢牙蜘蛛,172,33,骷髅戒指,207,物品,,'=1/60,exact_formula,1/60,'=E33,SPB:AUTO_BOOST;小怪装备分母x3,dpv2.direct.m172.slot_039
钢牙蜘蛛,172,34,魔力手镯,186,物品,,'=1/60,exact_formula,1/60,'=E34,SPB:AUTO_BOOST;小怪装备分母x3,dpv2.direct.m172.slot_049
钢牙蜘蛛,172,35,黑檀手镯,184,物品,,'=1/60,exact_formula,1/60,'=E35,SPB:AUTO_BOOST;小怪装备分母x3,dpv2.direct.m172.slot_028
钢牙蜘蛛,172,36,黑色水晶戒指,203,物品,,'=1/60,exact_formula,1/60,'=E36,SPB:AUTO_BOOST;小怪装备分母x3,dpv2.direct.m172.slot_030
钢牙蜘蛛,172,37,灵魂战衣(男),127,物品,,'=1/60,exact_formula,1/60,'=E37,SPB:AUTO_BOOST;小怪装备分母x3,dpv2.direct.m172.slot_018
钢牙蜘蛛,172,39,蓝翡翠项链,165,物品,,'=1/60,exact_formula,1/60,'=E39,SPB:AUTO_BOOST;小怪装备分母x3,dpv2.direct.m172.slot_023
钢牙蜘蛛,172,40,道德戒指,209,物品,,'=1/60,exact_formula,1/60,'=E40,SPB:AUTO_BOOST;小怪装备分母x3,dpv2.direct.m172.slot_025
钢牙蜘蛛,172,41,重盔甲(男),122,物品,,'=1/60,exact_formula,1/60,'=E41,SPB:AUTO_BOOST;小怪装备分母x3,dpv2.direct.m172.slot_016
钢牙蜘蛛,172,43,金戒指,206,物品,,'=1/60,exact_formula,1/60,'=E43,SPB:AUTO_BOOST;小怪装备分母x3,dpv2.direct.m172.slot_022
钢牙蜘蛛,172,44,金手镯,188,物品,,'=1/60,exact_formula,1/60,'=E44,SPB:AUTO_BOOST;小怪装备分母x3,dpv2.direct.m172.slot_024
钢牙蜘蛛,172,45,魅力戒指,208,物品,,'=1/60,exact_formula,1/60,'=E45,SPB:AUTO_BOOST;小怪装备分母x3,dpv2.direct.m172.slot_026
钢牙蜘蛛,172,46,魔法长袍(男),124,物品,,'=1/60,exact_formula,1/60,'=E46,SPB:AUTO_BOOST;小怪装备分母x3,dpv2.direct.m172.slot_020
钢牙蜘蛛,172,48,凝霜,98,物品,,'=1/60,exact_formula,1/60,'=E48,SPB:AUTO_BOOST;小怪装备分母x3,dpv2.direct.m172.slot_010
钢牙蜘蛛,172,49,放大镜,166,物品,,'=1/60,exact_formula,1/60,'=E49,SPB:AUTO_BOOST;小怪装备分母x3,dpv2.direct.m172.slot_007
钢牙蜘蛛,172,50,竹笛,167,物品,,'=1/60,exact_formula,1/60,'=E50,SPB:AUTO_BOOST;小怪装备分母x3,dpv2.direct.m172.slot_008
钢牙蜘蛛,172,51,道士头盔,149,物品,,'=1/60,exact_formula,1/60,'=E51,SPB:AUTO_BOOST;小怪装备分母x3,dpv2.direct.m172.slot_009
钢牙蜘蛛,172,52,修罗,97,物品,,'=1/60,exact_formula,1/60,'=E52,SPB:AUTO_BOOST;小怪装备分母x3,dpv2.direct.m172.slot_015
钢牙蜘蛛,172,53,死神手套,187,物品,,'=1/60,exact_formula,1/60,'=E53,SPB:AUTO_BOOST;小怪装备分母x3,dpv2.direct.m172.slot_014
钢牙蜘蛛,172,54,骷髅头盔,150,物品,,'=1/60,exact_formula,1/60,'=E54,SPB:AUTO_BOOST;小怪装备分母x3,dpv2.direct.m172.slot_013
钢牙蜘蛛,172,55,珊瑚戒指,210,物品,,'=1/60,exact_formula,1/60,'=E55,SPB:AUTO_BOOST;小怪装备分母x3,dpv2.direct.m172.slot_011
钢牙蜘蛛,172,56,降妖除魔戒指,211,物品,,'=1/60,exact_formula,1/60,'=E56,SPB:AUTO_BOOST;小怪装备分母x3,dpv2.direct.m172.slot_012
天狼蜘蛛,176,6,金创药(中量),920044,物品,,'=1/2,exact_formula,1/2,'=E6,SPB:BYPASS_COMMON_RECOVERY,dpv2.direct.m176.slot_002
天狼蜘蛛,176,7,魔法药(中量),920052,物品,,'=1/2,exact_formula,1/2,'=E7,SPB:BYPASS_COMMON_RECOVERY,dpv2.direct.m176.slot_003
天狼蜘蛛,176,8,金币,,金币,2250,'=1/3,exact_formula,1/3,'=E8,SPB:BYPASS_GOLD,dpv2.direct.m176.slot_001
天狼蜘蛛,176,9,太阳水,920014,物品,,'=1/25,exact_formula,1/25,'=E9,SPB:BYPASS_COMMON_RECOVERY,dpv2.direct.m176.slot_004
天狼蜘蛛,176,10,疗伤药,910007,物品,,'=1/25,exact_formula,1/25,'=E10,SPB:BYPASS_COMMON_RECOVERY,dpv2.direct.m176.slot_005
天狼蜘蛛,176,11,八荒,89,物品,,'=1/60,exact_formula,1/60,'=E11,SPB:AUTO_BOOST;小怪装备分母x3,dpv2.direct.m176.slot_041
天狼蜘蛛,176,12,凌风,92,物品,,'=1/60,exact_formula,1/60,'=E12,SPB:AUTO_BOOST;小怪装备分母x3,dpv2.direct.m176.slot_051
天狼蜘蛛,176,13,凤凰明珠,163,物品,,'=1/60,exact_formula,1/60,'=E13,SPB:AUTO_BOOST;小怪装备分母x3,dpv2.direct.m176.slot_047
天狼蜘蛛,176,14,半月,91,物品,,'=1/60,exact_formula,1/60,'=E14,SPB:AUTO_BOOST;小怪装备分母x3,dpv2.direct.m176.slot_042
天狼蜘蛛,176,15,坚固手套,182,物品,,'=1/60,exact_formula,1/60,'=E15,SPB:AUTO_BOOST;小怪装备分母x3,dpv2.direct.m176.slot_048
天狼蜘蛛,176,16,海魂,90,物品,,'=1/60,exact_formula,1/60,'=E16,SPB:AUTO_BOOST;小怪装备分母x3,dpv2.direct.m176.slot_043
天狼蜘蛛,176,17,灯笼项链,164,物品,,'=1/60,exact_formula,1/60,'=E17,SPB:AUTO_BOOST;小怪装备分母x3,dpv2.direct.m176.slot_050
天狼蜘蛛,176,18,琥珀项链,162,物品,,'=1/60,exact_formula,1/60,'=E18,SPB:AUTO_BOOST;小怪装备分母x3,dpv2.direct.m176.slot_046
天狼蜘蛛,176,19,蓝色水晶戒指,202,物品,,'=1/60,exact_formula,1/60,'=E19,SPB:AUTO_BOOST;小怪装备分母x3,dpv2.direct.m176.slot_044
天狼蜘蛛,176,20,魔法手镯,183,物品,,'=1/60,exact_formula,1/60,'=E20,SPB:AUTO_BOOST;小怪装备分母x3,dpv2.direct.m176.v505_0049
天狼蜘蛛,176,21,魔鬼项链,161,物品,,'=1/60,exact_formula,1/60,'=E21,SPB:AUTO_BOOST;小怪装备分母x3,dpv2.direct.m176.slot_045
天狼蜘蛛,176,22,偃月,95,物品,,'=1/60,exact_formula,1/60,'=E22,SPB:AUTO_BOOST;小怪装备分母x3,dpv2.direct.m176.slot_035
天狼蜘蛛,176,23,小手镯,175,物品,,'=1/60,exact_formula,1/60,'=E23,SPB:AUTO_BOOST;小怪装备分母x3,dpv2.direct.m176.slot_040
天狼蜘蛛,176,24,斩马刀,94,物品,,'=1/60,exact_formula,1/60,'=E24,SPB:AUTO_BOOST;小怪装备分母x3,dpv2.direct.m176.slot_034
天狼蜘蛛,176,25,珍珠戒指,205,物品,,'=1/60,exact_formula,1/60,'=E25,SPB:AUTO_BOOST;小怪装备分母x3,dpv2.direct.m176.slot_032
天狼蜘蛛,176,26,生铁戒指,201,物品,,'=1/60,exact_formula,1/60,'=E26,SPB:AUTO_BOOST;小怪装备分母x3,dpv2.direct.m176.slot_036
天狼蜘蛛,176,27,白色虎齿项链,159,物品,,'=1/60,exact_formula,1/60,'=E27,SPB:AUTO_BOOST;小怪装备分母x3,dpv2.direct.m176.slot_037
天狼蜘蛛,176,28,白金项链,155,物品,,'=1/60,exact_formula,1/60,'=E28,SPB:AUTO_BOOST;小怪装备分母x3,dpv2.direct.m176.slot_038
天狼蜘蛛,176,29,破魂,93,物品,,'=1/60,exact_formula,1/60,'=E29,SPB:AUTO_BOOST;小怪装备分母x3,dpv2.direct.m176.slot_033
天狼蜘蛛,176,30,蛇眼戒指,204,物品,,'=1/60,exact_formula,1/60,'=E30,SPB:AUTO_BOOST;小怪装备分母x3,dpv2.direct.m176.slot_031
天狼蜘蛛,176,31,道士手镯,185,物品,,'=1/60,exact_formula,1/60,'=E31,SPB:AUTO_BOOST;小怪装备分母x3,dpv2.direct.m176.slot_027
天狼蜘蛛,176,32,降魔,96,物品,,'=1/60,exact_formula,1/60,'=E32,SPB:AUTO_BOOST;小怪装备分母x3,dpv2.direct.m176.slot_029
天狼蜘蛛,176,33,骷髅戒指,207,物品,,'=1/60,exact_formula,1/60,'=E33,SPB:AUTO_BOOST;小怪装备分母x3,dpv2.direct.m176.slot_039
天狼蜘蛛,176,34,魔力手镯,186,物品,,'=1/60,exact_formula,1/60,'=E34,SPB:AUTO_BOOST;小怪装备分母x3,dpv2.direct.m176.slot_049
天狼蜘蛛,176,35,黑檀手镯,184,物品,,'=1/60,exact_formula,1/60,'=E35,SPB:AUTO_BOOST;小怪装备分母x3,dpv2.direct.m176.slot_028
天狼蜘蛛,176,36,黑色水晶戒指,203,物品,,'=1/60,exact_formula,1/60,'=E36,SPB:AUTO_BOOST;小怪装备分母x3,dpv2.direct.m176.slot_030
天狼蜘蛛,176,37,灵魂战衣(男),127,物品,,'=1/60,exact_formula,1/60,'=E37,SPB:AUTO_BOOST;小怪装备分母x3,dpv2.direct.m176.slot_018
天狼蜘蛛,176,39,蓝翡翠项链,165,物品,,'=1/60,exact_formula,1/60,'=E39,SPB:AUTO_BOOST;小怪装备分母x3,dpv2.direct.m176.slot_023
天狼蜘蛛,176,40,道德戒指,209,物品,,'=1/60,exact_formula,1/60,'=E40,SPB:AUTO_BOOST;小怪装备分母x3,dpv2.direct.m176.slot_025
天狼蜘蛛,176,41,重盔甲(男),122,物品,,'=1/60,exact_formula,1/60,'=E41,SPB:AUTO_BOOST;小怪装备分母x3,dpv2.direct.m176.slot_016
天狼蜘蛛,176,43,金戒指,206,物品,,'=1/60,exact_formula,1/60,'=E43,SPB:AUTO_BOOST;小怪装备分母x3,dpv2.direct.m176.slot_022
天狼蜘蛛,176,44,金手镯,188,物品,,'=1/60,exact_formula,1/60,'=E44,SPB:AUTO_BOOST;小怪装备分母x3,dpv2.direct.m176.slot_024
天狼蜘蛛,176,45,魅力戒指,208,物品,,'=1/60,exact_formula,1/60,'=E45,SPB:AUTO_BOOST;小怪装备分母x3,dpv2.direct.m176.slot_026
天狼蜘蛛,176,46,魔法长袍(男),124,物品,,'=1/60,exact_formula,1/60,'=E46,SPB:AUTO_BOOST;小怪装备分母x3,dpv2.direct.m176.slot_020
天狼蜘蛛,176,48,凝霜,98,物品,,'=1/60,exact_formula,1/60,'=E48,SPB:AUTO_BOOST;小怪装备分母x3,dpv2.direct.m176.slot_010
天狼蜘蛛,176,49,放大镜,166,物品,,'=1/60,exact_formula,1/60,'=E49,SPB:AUTO_BOOST;小怪装备分母x3,dpv2.direct.m176.slot_007
天狼蜘蛛,176,50,竹笛,167,物品,,'=1/60,exact_formula,1/60,'=E50,SPB:AUTO_BOOST;小怪装备分母x3,dpv2.direct.m176.slot_008
天狼蜘蛛,176,51,道士头盔,149,物品,,'=1/60,exact_formula,1/60,'=E51,SPB:AUTO_BOOST;小怪装备分母x3,dpv2.direct.m176.slot_009
天狼蜘蛛,176,52,修罗,97,物品,,'=1/60,exact_formula,1/60,'=E52,SPB:AUTO_BOOST;小怪装备分母x3,dpv2.direct.m176.slot_015
天狼蜘蛛,176,53,死神手套,187,物品,,'=1/60,exact_formula,1/60,'=E53,SPB:AUTO_BOOST;小怪装备分母x3,dpv2.direct.m176.slot_014
天狼蜘蛛,176,54,骷髅头盔,150,物品,,'=1/60,exact_formula,1/60,'=E54,SPB:AUTO_BOOST;小怪装备分母x3,dpv2.direct.m176.slot_013
天狼蜘蛛,176,55,珊瑚戒指,210,物品,,'=1/60,exact_formula,1/60,'=E55,SPB:AUTO_BOOST;小怪装备分母x3,dpv2.direct.m176.slot_011
天狼蜘蛛,176,56,降妖除魔戒指,211,物品,,'=1/60,exact_formula,1/60,'=E56,SPB:AUTO_BOOST;小怪装备分母x3,dpv2.direct.m176.slot_012
花吻蜘蛛,178,6,太阳水,920014,物品,,'=1/3,exact_formula,1/3,'=E6,SPB:BYPASS_COMMON_RECOVERY,dpv2.direct.m178.slot_002
花吻蜘蛛,178,7,超级金创药,920017,物品,,'=1/3,exact_formula,1/3,'=E7,SPB:BYPASS_COMMON_RECOVERY,dpv2.direct.m178.slot_003
花吻蜘蛛,178,8,超级魔法药,920042,物品,,'=1/3,exact_formula,1/3,'=E8,SPB:BYPASS_COMMON_RECOVERY,dpv2.direct.m178.slot_004
花吻蜘蛛,178,9,金币,,金币,2250,'=1/3,exact_formula,1/3,'=E9,SPB:BYPASS_GOLD,dpv2.direct.m178.v505_0001
花吻蜘蛛,178,10,疗伤药,910007,物品,,'=1/15,exact_formula,1/15,'=E10,SPB:BYPASS_COMMON_RECOVERY,dpv2.direct.m178.slot_005
花吻蜘蛛,178,11,八荒,89,物品,,'=1/60,exact_formula,1/60,'=E11,SPB:AUTO_BOOST;小怪装备分母x3,dpv2.direct.m178.slot_041
花吻蜘蛛,178,12,凌风,92,物品,,'=1/60,exact_formula,1/60,'=E12,SPB:AUTO_BOOST;小怪装备分母x3,dpv2.direct.m178.slot_051
花吻蜘蛛,178,13,凤凰明珠,163,物品,,'=1/60,exact_formula,1/60,'=E13,SPB:AUTO_BOOST;小怪装备分母x3,dpv2.direct.m178.slot_047
花吻蜘蛛,178,14,半月,91,物品,,'=1/60,exact_formula,1/60,'=E14,SPB:AUTO_BOOST;小怪装备分母x3,dpv2.direct.m178.slot_042
花吻蜘蛛,178,15,坚固手套,182,物品,,'=1/60,exact_formula,1/60,'=E15,SPB:AUTO_BOOST;小怪装备分母x3,dpv2.direct.m178.slot_048
花吻蜘蛛,178,16,海魂,90,物品,,'=1/60,exact_formula,1/60,'=E16,SPB:AUTO_BOOST;小怪装备分母x3,dpv2.direct.m178.slot_043
花吻蜘蛛,178,17,灯笼项链,164,物品,,'=1/60,exact_formula,1/60,'=E17,SPB:AUTO_BOOST;小怪装备分母x3,dpv2.direct.m178.slot_050
花吻蜘蛛,178,18,琥珀项链,162,物品,,'=1/60,exact_formula,1/60,'=E18,SPB:AUTO_BOOST;小怪装备分母x3,dpv2.direct.m178.slot_046
花吻蜘蛛,178,19,蓝色水晶戒指,202,物品,,'=1/60,exact_formula,1/60,'=E19,SPB:AUTO_BOOST;小怪装备分母x3,dpv2.direct.m178.slot_044
花吻蜘蛛,178,20,魔法手镯,183,物品,,'=1/60,exact_formula,1/60,'=E20,SPB:AUTO_BOOST;小怪装备分母x3,dpv2.direct.m178.v505_0049
花吻蜘蛛,178,21,魔鬼项链,161,物品,,'=1/60,exact_formula,1/60,'=E21,SPB:AUTO_BOOST;小怪装备分母x3,dpv2.direct.m178.slot_045
花吻蜘蛛,178,22,偃月,95,物品,,'=1/60,exact_formula,1/60,'=E22,SPB:AUTO_BOOST;小怪装备分母x3,dpv2.direct.m178.slot_035
花吻蜘蛛,178,23,小手镯,175,物品,,'=1/60,exact_formula,1/60,'=E23,SPB:AUTO_BOOST;小怪装备分母x3,dpv2.direct.m178.slot_040
花吻蜘蛛,178,24,斩马刀,94,物品,,'=1/60,exact_formula,1/60,'=E24,SPB:AUTO_BOOST;小怪装备分母x3,dpv2.direct.m178.slot_034
花吻蜘蛛,178,25,珍珠戒指,205,物品,,'=1/60,exact_formula,1/60,'=E25,SPB:AUTO_BOOST;小怪装备分母x3,dpv2.direct.m178.slot_032
花吻蜘蛛,178,26,生铁戒指,201,物品,,'=1/60,exact_formula,1/60,'=E26,SPB:AUTO_BOOST;小怪装备分母x3,dpv2.direct.m178.slot_036
花吻蜘蛛,178,27,白色虎齿项链,159,物品,,'=1/60,exact_formula,1/60,'=E27,SPB:AUTO_BOOST;小怪装备分母x3,dpv2.direct.m178.slot_037
花吻蜘蛛,178,28,白金项链,155,物品,,'=1/60,exact_formula,1/60,'=E28,SPB:AUTO_BOOST;小怪装备分母x3,dpv2.direct.m178.slot_038
花吻蜘蛛,178,29,破魂,93,物品,,'=1/60,exact_formula,1/60,'=E29,SPB:AUTO_BOOST;小怪装备分母x3,dpv2.direct.m178.slot_033
花吻蜘蛛,178,30,蛇眼戒指,204,物品,,'=1/60,exact_formula,1/60,'=E30,SPB:AUTO_BOOST;小怪装备分母x3,dpv2.direct.m178.slot_031
花吻蜘蛛,178,31,道士手镯,185,物品,,'=1/60,exact_formula,1/60,'=E31,SPB:AUTO_BOOST;小怪装备分母x3,dpv2.direct.m178.slot_027
花吻蜘蛛,178,32,降魔,96,物品,,'=1/60,exact_formula,1/60,'=E32,SPB:AUTO_BOOST;小怪装备分母x3,dpv2.direct.m178.slot_029
花吻蜘蛛,178,33,骷髅戒指,207,物品,,'=1/60,exact_formula,1/60,'=E33,SPB:AUTO_BOOST;小怪装备分母x3,dpv2.direct.m178.slot_039
花吻蜘蛛,178,34,魔力手镯,186,物品,,'=1/60,exact_formula,1/60,'=E34,SPB:AUTO_BOOST;小怪装备分母x3,dpv2.direct.m178.slot_049
花吻蜘蛛,178,35,黑檀手镯,184,物品,,'=1/60,exact_formula,1/60,'=E35,SPB:AUTO_BOOST;小怪装备分母x3,dpv2.direct.m178.slot_028
花吻蜘蛛,178,36,黑色水晶戒指,203,物品,,'=1/60,exact_formula,1/60,'=E36,SPB:AUTO_BOOST;小怪装备分母x3,dpv2.direct.m178.slot_030
花吻蜘蛛,178,37,灵魂战衣(男),127,物品,,'=1/60,exact_formula,1/60,'=E37,SPB:AUTO_BOOST;小怪装备分母x3,dpv2.direct.m178.slot_018
花吻蜘蛛,178,39,蓝翡翠项链,165,物品,,'=1/60,exact_formula,1/60,'=E39,SPB:AUTO_BOOST;小怪装备分母x3,dpv2.direct.m178.slot_023
花吻蜘蛛,178,40,道德戒指,209,物品,,'=1/60,exact_formula,1/60,'=E40,SPB:AUTO_BOOST;小怪装备分母x3,dpv2.direct.m178.slot_025
花吻蜘蛛,178,41,重盔甲(男),122,物品,,'=1/60,exact_formula,1/60,'=E41,SPB:AUTO_BOOST;小怪装备分母x3,dpv2.direct.m178.slot_016
花吻蜘蛛,178,43,金戒指,206,物品,,'=1/60,exact_formula,1/60,'=E43,SPB:AUTO_BOOST;小怪装备分母x3,dpv2.direct.m178.slot_022
花吻蜘蛛,178,44,金手镯,188,物品,,'=1/60,exact_formula,1/60,'=E44,SPB:AUTO_BOOST;小怪装备分母x3,dpv2.direct.m178.slot_024
花吻蜘蛛,178,45,魅力戒指,208,物品,,'=1/60,exact_formula,1/60,'=E45,SPB:AUTO_BOOST;小怪装备分母x3,dpv2.direct.m178.slot_026
花吻蜘蛛,178,46,魔法长袍(男),124,物品,,'=1/60,exact_formula,1/60,'=E46,SPB:AUTO_BOOST;小怪装备分母x3,dpv2.direct.m178.slot_020
花吻蜘蛛,178,48,凝霜,98,物品,,'=1/60,exact_formula,1/60,'=E48,SPB:AUTO_BOOST;小怪装备分母x3,dpv2.direct.m178.slot_010
花吻蜘蛛,178,49,放大镜,166,物品,,'=1/60,exact_formula,1/60,'=E49,SPB:AUTO_BOOST;小怪装备分母x3,dpv2.direct.m178.slot_007
花吻蜘蛛,178,50,竹笛,167,物品,,'=1/60,exact_formula,1/60,'=E50,SPB:AUTO_BOOST;小怪装备分母x3,dpv2.direct.m178.slot_008
花吻蜘蛛,178,51,道士头盔,149,物品,,'=1/60,exact_formula,1/60,'=E51,SPB:AUTO_BOOST;小怪装备分母x3,dpv2.direct.m178.slot_009
花吻蜘蛛,178,52,修罗,97,物品,,'=1/60,exact_formula,1/60,'=E52,SPB:AUTO_BOOST;小怪装备分母x3,dpv2.direct.m178.slot_015
花吻蜘蛛,178,53,死神手套,187,物品,,'=1/60,exact_formula,1/60,'=E53,SPB:AUTO_BOOST;小怪装备分母x3,dpv2.direct.m178.slot_014
花吻蜘蛛,178,54,骷髅头盔,150,物品,,'=1/60,exact_formula,1/60,'=E54,SPB:AUTO_BOOST;小怪装备分母x3,dpv2.direct.m178.slot_013
花吻蜘蛛,178,55,珊瑚戒指,210,物品,,'=1/60,exact_formula,1/60,'=E55,SPB:AUTO_BOOST;小怪装备分母x3,dpv2.direct.m178.slot_011
花吻蜘蛛,178,56,降妖除魔戒指,211,物品,,'=1/60,exact_formula,1/60,'=E56,SPB:AUTO_BOOST;小怪装备分母x3,dpv2.direct.m178.slot_012
幻影蜘蛛,182,6,金币,,金币,2250,'=1/3,exact_formula,1/3,'=E6,SPB:BYPASS_GOLD,dpv2.direct.m182.slot_001
幻影蜘蛛,182,7,太阳水,920014,物品,,'=1/5,exact_formula,1/5,'=E7,SPB:BYPASS_COMMON_RECOVERY,dpv2.direct.m182.slot_002
幻影蜘蛛,182,8,超级金创药,920017,物品,,'=1/5,exact_formula,1/5,'=E8,SPB:BYPASS_COMMON_RECOVERY,dpv2.direct.m182.slot_003
幻影蜘蛛,182,9,超级魔法药,920042,物品,,'=1/5,exact_formula,1/5,'=E9,SPB:BYPASS_COMMON_RECOVERY,dpv2.direct.m182.slot_004
幻影蜘蛛,182,10,太阳水,920014,物品,,'=1/25,exact_formula,1/25,'=E10,SPB:BYPASS_COMMON_RECOVERY,dpv2.direct.m182.slot_005
幻影蜘蛛,182,11,疗伤药,910007,物品,,'=1/25,exact_formula,1/25,'=E11,SPB:BYPASS_COMMON_RECOVERY,dpv2.direct.m182.slot_006
幻影蜘蛛,182,12,八荒,89,物品,,'=1/60,exact_formula,1/60,'=E12,SPB:AUTO_BOOST;小怪装备分母x3,dpv2.direct.m182.slot_007
幻影蜘蛛,182,13,凌风,92,物品,,'=1/60,exact_formula,1/60,'=E13,SPB:AUTO_BOOST;小怪装备分母x3,dpv2.direct.m182.slot_017
幻影蜘蛛,182,14,凤凰明珠,163,物品,,'=1/60,exact_formula,1/60,'=E14,SPB:AUTO_BOOST;小怪装备分母x3,dpv2.direct.m182.slot_013
幻影蜘蛛,182,15,半月,91,物品,,'=1/60,exact_formula,1/60,'=E15,SPB:AUTO_BOOST;小怪装备分母x3,dpv2.direct.m182.slot_008
幻影蜘蛛,182,16,坚固手套,182,物品,,'=1/60,exact_formula,1/60,'=E16,SPB:AUTO_BOOST;小怪装备分母x3,dpv2.direct.m182.slot_014
幻影蜘蛛,182,17,海魂,90,物品,,'=1/60,exact_formula,1/60,'=E17,SPB:AUTO_BOOST;小怪装备分母x3,dpv2.direct.m182.slot_009
幻影蜘蛛,182,18,灯笼项链,164,物品,,'=1/60,exact_formula,1/60,'=E18,SPB:AUTO_BOOST;小怪装备分母x3,dpv2.direct.m182.slot_016
幻影蜘蛛,182,19,琥珀项链,162,物品,,'=1/60,exact_formula,1/60,'=E19,SPB:AUTO_BOOST;小怪装备分母x3,dpv2.direct.m182.slot_012
幻影蜘蛛,182,20,蓝色水晶戒指,202,物品,,'=1/60,exact_formula,1/60,'=E20,SPB:AUTO_BOOST;小怪装备分母x3,dpv2.direct.m182.slot_010
幻影蜘蛛,182,21,魔法手镯,183,物品,,'=1/60,exact_formula,1/60,'=E21,SPB:AUTO_BOOST;小怪装备分母x3,dpv2.direct.m182.slot_015
幻影蜘蛛,182,22,魔鬼项链,161,物品,,'=1/60,exact_formula,1/60,'=E22,SPB:AUTO_BOOST;小怪装备分母x3,dpv2.direct.m182.slot_011
幻影蜘蛛,182,23,偃月,95,物品,,'=1/60,exact_formula,1/60,'=E23,SPB:AUTO_BOOST;小怪装备分母x3,dpv2.direct.m182.slot_027
幻影蜘蛛,182,24,小手镯,175,物品,,'=1/60,exact_formula,1/60,'=E24,SPB:AUTO_BOOST;小怪装备分母x3,dpv2.direct.m182.slot_032
幻影蜘蛛,182,25,斩马刀,94,物品,,'=1/60,exact_formula,1/60,'=E25,SPB:AUTO_BOOST;小怪装备分母x3,dpv2.direct.m182.slot_026
幻影蜘蛛,182,26,珍珠戒指,205,物品,,'=1/60,exact_formula,1/60,'=E26,SPB:AUTO_BOOST;小怪装备分母x3,dpv2.direct.m182.slot_024
幻影蜘蛛,182,27,生铁戒指,201,物品,,'=1/60,exact_formula,1/60,'=E27,SPB:AUTO_BOOST;小怪装备分母x3,dpv2.direct.m182.slot_028
幻影蜘蛛,182,28,白色虎齿项链,159,物品,,'=1/60,exact_formula,1/60,'=E28,SPB:AUTO_BOOST;小怪装备分母x3,dpv2.direct.m182.slot_029
幻影蜘蛛,182,29,白金项链,155,物品,,'=1/60,exact_formula,1/60,'=E29,SPB:AUTO_BOOST;小怪装备分母x3,dpv2.direct.m182.slot_030
幻影蜘蛛,182,30,破魂,93,物品,,'=1/60,exact_formula,1/60,'=E30,SPB:AUTO_BOOST;小怪装备分母x3,dpv2.direct.m182.slot_025
幻影蜘蛛,182,31,蛇眼戒指,204,物品,,'=1/60,exact_formula,1/60,'=E31,SPB:AUTO_BOOST;小怪装备分母x3,dpv2.direct.m182.slot_023
幻影蜘蛛,182,32,道士手镯,185,物品,,'=1/60,exact_formula,1/60,'=E32,SPB:AUTO_BOOST;小怪装备分母x3,dpv2.direct.m182.slot_018
幻影蜘蛛,182,33,降魔,96,物品,,'=1/60,exact_formula,1/60,'=E33,SPB:AUTO_BOOST;小怪装备分母x3,dpv2.direct.m182.slot_021
幻影蜘蛛,182,34,骷髅戒指,207,物品,,'=1/60,exact_formula,1/60,'=E34,SPB:AUTO_BOOST;小怪装备分母x3,dpv2.direct.m182.slot_031
幻影蜘蛛,182,35,魔力手镯,186,物品,,'=1/60,exact_formula,1/60,'=E35,SPB:AUTO_BOOST;小怪装备分母x3,dpv2.direct.m182.slot_020
幻影蜘蛛,182,36,黑檀手镯,184,物品,,'=1/60,exact_formula,1/60,'=E36,SPB:AUTO_BOOST;小怪装备分母x3,dpv2.direct.m182.slot_019
幻影蜘蛛,182,37,黑色水晶戒指,203,物品,,'=1/60,exact_formula,1/60,'=E37,SPB:AUTO_BOOST;小怪装备分母x3,dpv2.direct.m182.slot_022
幻影蜘蛛,182,38,灵魂战衣(男),127,物品,,'=1/60,exact_formula,1/60,'=E38,SPB:AUTO_BOOST;小怪装备分母x3,dpv2.direct.m182.slot_035
幻影蜘蛛,182,40,蓝翡翠项链,165,物品,,'=1/60,exact_formula,1/60,'=E40,SPB:AUTO_BOOST;小怪装备分母x3,dpv2.direct.m182.slot_040
幻影蜘蛛,182,41,道德戒指,209,物品,,'=1/60,exact_formula,1/60,'=E41,SPB:AUTO_BOOST;小怪装备分母x3,dpv2.direct.m182.slot_042
幻影蜘蛛,182,42,重盔甲(男),122,物品,,'=1/60,exact_formula,1/60,'=E42,SPB:AUTO_BOOST;小怪装备分母x3,dpv2.direct.m182.slot_033
幻影蜘蛛,182,44,金戒指,206,物品,,'=1/60,exact_formula,1/60,'=E44,SPB:AUTO_BOOST;小怪装备分母x3,dpv2.direct.m182.slot_039
幻影蜘蛛,182,45,金手镯,188,物品,,'=1/60,exact_formula,1/60,'=E45,SPB:AUTO_BOOST;小怪装备分母x3,dpv2.direct.m182.slot_041
幻影蜘蛛,182,46,魅力戒指,208,物品,,'=1/60,exact_formula,1/60,'=E46,SPB:AUTO_BOOST;小怪装备分母x3,dpv2.direct.m182.slot_043
幻影蜘蛛,182,47,魔法长袍(男),124,物品,,'=1/60,exact_formula,1/60,'=E47,SPB:AUTO_BOOST;小怪装备分母x3,dpv2.direct.m182.slot_037
幻影蜘蛛,182,49,凝霜,98,物品,,'=1/60,exact_formula,1/60,'=E49,SPB:AUTO_BOOST;小怪装备分母x3,dpv2.direct.m182.slot_047
幻影蜘蛛,182,50,放大镜,166,物品,,'=1/60,exact_formula,1/60,'=E50,SPB:AUTO_BOOST;小怪装备分母x3,dpv2.direct.m182.slot_044
幻影蜘蛛,182,51,竹笛,167,物品,,'=1/60,exact_formula,1/60,'=E51,SPB:AUTO_BOOST;小怪装备分母x3,dpv2.direct.m182.slot_045
幻影蜘蛛,182,52,道士头盔,149,物品,,'=1/60,exact_formula,1/60,'=E52,SPB:AUTO_BOOST;小怪装备分母x3,dpv2.direct.m182.slot_046
幻影蜘蛛,182,53,修罗,97,物品,,'=1/60,exact_formula,1/60,'=E53,SPB:AUTO_BOOST;小怪装备分母x3,dpv2.direct.m182.slot_050
幻影蜘蛛,182,54,死神手套,187,物品,,'=1/60,exact_formula,1/60,'=E54,SPB:AUTO_BOOST;小怪装备分母x3,dpv2.direct.m182.slot_049
幻影蜘蛛,182,55,骷髅头盔,150,物品,,'=1/60,exact_formula,1/60,'=E55,SPB:AUTO_BOOST;小怪装备分母x3,dpv2.direct.m182.slot_048
幻影蜘蛛,182,56,珊瑚戒指,210,物品,,'=1/60,exact_formula,1/60,'=E56,SPB:AUTO_BOOST;小怪装备分母x3,dpv2.direct.m182.slot_051
幻影蜘蛛,182,57,降妖除魔戒指,211,物品,,'=1/60,exact_formula,1/60,'=E57,SPB:AUTO_BOOST;小怪装备分母x3,dpv2.direct.m182.slot_052
恶灵僵尸,196,6,金币,,金币,1500,'=1/4,exact_formula,1/4,'=E6,SPB:BYPASS_GOLD,dpv2.direct.m196.v505_0001
恶灵僵尸,196,7,召唤骷髅,920006,物品,,'=1/20,exact_formula,1/20,'=E7,SPB:BYPASS_UNCLASSIFIED,dpv2.direct.m196.slot_017
恶灵僵尸,196,8,地狱火,920010,物品,,'=1/20,exact_formula,1/20,'=E8,SPB:BYPASS_UNCLASSIFIED,dpv2.direct.m196.slot_021
恶灵僵尸,196,9,大火球,920013,物品,,'=1/20,exact_formula,1/20,'=E9,SPB:BYPASS_UNCLASSIFIED,dpv2.direct.m196.slot_016
恶灵僵尸,196,10,施毒术,920022,物品,,'=1/20,exact_formula,1/20,'=E10,SPB:BYPASS_UNCLASSIFIED,dpv2.direct.m196.slot_013
恶灵僵尸,196,11,灵魂火符,920027,物品,,'=1/20,exact_formula,1/20,'=E11,SPB:BYPASS_UNCLASSIFIED,dpv2.direct.m196.slot_019
恶灵僵尸,196,12,瞬息移动,920031,物品,,'=1/20,exact_formula,1/20,'=E12,SPB:BYPASS_UNCLASSIFIED,dpv2.direct.m196.slot_018
恶灵僵尸,196,13,诱惑之光,920041,物品,,'=1/20,exact_formula,1/20,'=E13,SPB:BYPASS_UNCLASSIFIED,dpv2.direct.m196.slot_022
恶灵僵尸,196,14,隐身术,920046,物品,,'=1/20,exact_formula,1/20,'=E14,SPB:BYPASS_UNCLASSIFIED,dpv2.direct.m196.slot_015
恶灵僵尸,196,15,雷电术,920048,物品,,'=1/20,exact_formula,1/20,'=E15,SPB:BYPASS_UNCLASSIFIED,dpv2.direct.m196.slot_020
恶灵僵尸,196,16,刺杀剑术,920003,物品,,'=1/20,exact_formula,1/20,'=E16,SPB:BYPASS_UNCLASSIFIED,dpv2.direct.m196.slot_008
恶灵僵尸,196,17,幽灵盾,920015,物品,,'=1/20,exact_formula,1/20,'=E17,SPB:BYPASS_UNCLASSIFIED,dpv2.direct.m196.slot_010
恶灵僵尸,196,18,火墙,920025,物品,,'=1/20,exact_formula,1/20,'=E18,SPB:BYPASS_UNCLASSIFIED,dpv2.direct.m196.slot_009
恶灵僵尸,196,19,爆裂火焰,920029,物品,,'=1/20,exact_formula,1/20,'=E19,SPB:BYPASS_UNCLASSIFIED,dpv2.direct.m196.slot_011
恶灵僵尸,196,20,疾光电影,920030,物品,,'=1/20,exact_formula,1/20,'=E20,SPB:BYPASS_UNCLASSIFIED,dpv2.direct.m196.slot_005
恶灵僵尸,196,21,神圣战甲术,920034,物品,,'=1/20,exact_formula,1/20,'=E21,SPB:BYPASS_UNCLASSIFIED,dpv2.direct.m196.slot_007
恶灵僵尸,196,22,集体隐身术,920047,物品,,'=1/20,exact_formula,1/20,'=E22,SPB:BYPASS_UNCLASSIFIED,dpv2.direct.m196.slot_012
恶灵僵尸,196,23,攻杀剑术,920021,物品,,'=1/20,exact_formula,1/20,'=E23,SPB:BYPASS_UNCLASSIFIED,dpv2.direct.m196.slot_014
恶灵僵尸,196,24,金创药(中量),920044,物品,,0.2,numeric_literal,1/5,'=E24,SPB:BYPASS_COMMON_RECOVERY,dpv2.direct.m196.slot_003
恶灵僵尸,196,25,魔法药(中量),920052,物品,,0.2,numeric_literal,1/5,'=E25,SPB:BYPASS_COMMON_RECOVERY,dpv2.direct.m196.slot_004
恶灵僵尸,196,26,心灵启示,920018,物品,,0.005,numeric_literal,1/200,'=E26,SPB:BYPASS_UNCLASSIFIED,dpv2.direct.m196.slot_006
恶灵僵尸,196,27,金币,,金币,2500,'=1/500,exact_formula,1/500,'=E27,SPB:BYPASS_GOLD,dpv2.direct.m196.v505_0002
骷髅锤兵,200,6,金币,,金币,5000,'=1/4,exact_formula,1/4,'=E6,SPB:BYPASS_GOLD,dpv2.direct.m200.slot_001
骷髅锤兵,200,7,太阳水,920014,物品,,'=1/5,exact_formula,1/5,'=E7,SPB:BYPASS_COMMON_RECOVERY,dpv2.direct.m200.slot_002
骷髅锤兵,200,8,八荒,89,物品,,'=1/60,exact_formula,1/60,'=E8,SPB:AUTO_BOOST;小怪装备分母x3,dpv2.direct.m200.slot_032
骷髅锤兵,200,9,凌风,92,物品,,'=1/60,exact_formula,1/60,'=E9,SPB:AUTO_BOOST;小怪装备分母x3,dpv2.direct.m200.slot_035
骷髅锤兵,200,10,凤凰明珠,163,物品,,'=1/60,exact_formula,1/60,'=E10,SPB:AUTO_BOOST;小怪装备分母x3,dpv2.direct.m200.slot_039
骷髅锤兵,200,11,半月,91,物品,,'=1/60,exact_formula,1/60,'=E11,SPB:AUTO_BOOST;小怪装备分母x3,dpv2.direct.m200.slot_033
骷髅锤兵,200,12,坚固手套,182,物品,,'=1/60,exact_formula,1/60,'=E12,SPB:AUTO_BOOST;小怪装备分母x3,dpv2.direct.m200.slot_040
骷髅锤兵,200,13,海魂,90,物品,,'=1/60,exact_formula,1/60,'=E13,SPB:AUTO_BOOST;小怪装备分母x3,dpv2.direct.m200.slot_034
骷髅锤兵,200,14,灯笼项链,164,物品,,'=1/60,exact_formula,1/60,'=E14,SPB:AUTO_BOOST;小怪装备分母x3,dpv2.direct.m200.slot_042
骷髅锤兵,200,15,琥珀项链,162,物品,,'=1/60,exact_formula,1/60,'=E15,SPB:AUTO_BOOST;小怪装备分母x3,dpv2.direct.m200.slot_038
骷髅锤兵,200,16,蓝色水晶戒指,202,物品,,'=1/60,exact_formula,1/60,'=E16,SPB:AUTO_BOOST;小怪装备分母x3,dpv2.direct.m200.slot_036
骷髅锤兵,200,17,魔法手镯,183,物品,,'=1/60,exact_formula,1/60,'=E17,SPB:AUTO_BOOST;小怪装备分母x3,dpv2.direct.m200.v505_0042
骷髅锤兵,200,18,魔鬼项链,161,物品,,'=1/60,exact_formula,1/60,'=E18,SPB:AUTO_BOOST;小怪装备分母x3,dpv2.direct.m200.slot_037
骷髅锤兵,200,19,万年雪霜,920001,物品,,'=1/10,exact_formula,1/10,'=E19,SPB:BYPASS_COMMON_RECOVERY,dpv2.direct.m200.slot_003
骷髅锤兵,200,20,偃月,95,物品,,'=1/60,exact_formula,1/60,'=E20,SPB:AUTO_BOOST;小怪装备分母x3,dpv2.direct.m200.slot_026
骷髅锤兵,200,21,小手镯,175,物品,,'=1/60,exact_formula,1/60,'=E21,SPB:AUTO_BOOST;小怪装备分母x3,dpv2.direct.m200.slot_031
骷髅锤兵,200,22,斩马刀,94,物品,,'=1/60,exact_formula,1/60,'=E22,SPB:AUTO_BOOST;小怪装备分母x3,dpv2.direct.m200.slot_025
骷髅锤兵,200,23,珍珠戒指,205,物品,,'=1/60,exact_formula,1/60,'=E23,SPB:AUTO_BOOST;小怪装备分母x3,dpv2.direct.m200.slot_023
骷髅锤兵,200,24,生铁戒指,201,物品,,'=1/60,exact_formula,1/60,'=E24,SPB:AUTO_BOOST;小怪装备分母x3,dpv2.direct.m200.slot_027
骷髅锤兵,200,25,白色虎齿项链,159,物品,,'=1/60,exact_formula,1/60,'=E25,SPB:AUTO_BOOST;小怪装备分母x3,dpv2.direct.m200.slot_028
骷髅锤兵,200,26,白金项链,155,物品,,'=1/60,exact_formula,1/60,'=E26,SPB:AUTO_BOOST;小怪装备分母x3,dpv2.direct.m200.slot_029
骷髅锤兵,200,27,破魂,93,物品,,'=1/60,exact_formula,1/60,'=E27,SPB:AUTO_BOOST;小怪装备分母x3,dpv2.direct.m200.slot_024
骷髅锤兵,200,28,蛇眼戒指,204,物品,,'=1/60,exact_formula,1/60,'=E28,SPB:AUTO_BOOST;小怪装备分母x3,dpv2.direct.m200.slot_022
骷髅锤兵,200,29,道士手镯,185,物品,,'=1/60,exact_formula,1/60,'=E29,SPB:AUTO_BOOST;小怪装备分母x3,dpv2.direct.m200.slot_018
骷髅锤兵,200,30,降魔,96,物品,,'=1/60,exact_formula,1/60,'=E30,SPB:AUTO_BOOST;小怪装备分母x3,dpv2.direct.m200.slot_020
骷髅锤兵,200,31,骷髅戒指,207,物品,,'=1/60,exact_formula,1/60,'=E31,SPB:AUTO_BOOST;小怪装备分母x3,dpv2.direct.m200.slot_030
骷髅锤兵,200,32,魔力手镯,186,物品,,'=1/60,exact_formula,1/60,'=E32,SPB:AUTO_BOOST;小怪装备分母x3,dpv2.direct.m200.slot_041
骷髅锤兵,200,33,黑檀手镯,184,物品,,'=1/60,exact_formula,1/60,'=E33,SPB:AUTO_BOOST;小怪装备分母x3,dpv2.direct.m200.slot_019
骷髅锤兵,200,34,黑色水晶戒指,203,物品,,'=1/60,exact_formula,1/60,'=E34,SPB:AUTO_BOOST;小怪装备分母x3,dpv2.direct.m200.slot_021
骷髅锤兵,200,35,灵魂战衣(男),126,物品,,'=1/60,exact_formula,1/60,'=E35,SPB:AUTO_BOOST;小怪装备分母x3,dpv2.direct.m200.slot_009
骷髅锤兵,200,37,蓝翡翠项链,165,物品,,'=1/60,exact_formula,1/60,'=E37,SPB:AUTO_BOOST;小怪装备分母x3,dpv2.direct.m200.slot_014
骷髅锤兵,200,38,道德戒指,209,物品,,'=1/60,exact_formula,1/60,'=E38,SPB:AUTO_BOOST;小怪装备分母x3,dpv2.direct.m200.slot_016
骷髅锤兵,200,39,重盔甲(男),122,物品,,'=1/60,exact_formula,1/60,'=E39,SPB:AUTO_BOOST;小怪装备分母x3,dpv2.direct.m200.slot_007
骷髅锤兵,200,41,金戒指,206,物品,,'=1/60,exact_formula,1/60,'=E41,SPB:AUTO_BOOST;小怪装备分母x3,dpv2.direct.m200.slot_013
骷髅锤兵,200,42,金手镯,188,物品,,'=1/60,exact_formula,1/60,'=E42,SPB:AUTO_BOOST;小怪装备分母x3,dpv2.direct.m200.slot_015
骷髅锤兵,200,43,魅力戒指,208,物品,,'=1/60,exact_formula,1/60,'=E43,SPB:AUTO_BOOST;小怪装备分母x3,dpv2.direct.m200.slot_017
骷髅锤兵,200,44,魔法长袍(男),124,物品,,'=1/60,exact_formula,1/60,'=E44,SPB:AUTO_BOOST;小怪装备分母x3,dpv2.direct.m200.slot_011
骷髅锤兵,200,46,修罗,97,物品,,'=1/60,exact_formula,1/60,'=E46,SPB:AUTO_BOOST;小怪装备分母x3,dpv2.direct.m200.slot_005
骷髅锤兵,200,47,死神手套,187,物品,,'=1/60,exact_formula,1/60,'=E47,SPB:AUTO_BOOST;小怪装备分母x3,dpv2.direct.m200.slot_004
骷髅锤兵,200,48,骷髅头盔,150,物品,,'=1/60,exact_formula,1/60,'=E48,SPB:AUTO_BOOST;小怪装备分母x3,dpv2.direct.m200.slot_006
骷髅长枪兵,202,6,金币,,金币,1000,'=1/4,exact_formula,1/4,'=E6,SPB:BYPASS_GOLD,dpv2.direct.m202.v505_0001
骷髅长枪兵,202,7,八荒,89,物品,,'=1/60,exact_formula,1/60,'=E7,SPB:AUTO_BOOST;小怪装备分母x3,dpv2.direct.m202.slot_018
骷髅长枪兵,202,8,六角戒指,198,物品,,'=1/60,exact_formula,1/60,'=E8,SPB:AUTO_BOOST;小怪装备分母x3,dpv2.direct.m202.slot_041
骷髅长枪兵,202,9,凌风,92,物品,,'=1/60,exact_formula,1/60,'=E9,SPB:AUTO_BOOST;小怪装备分母x3,dpv2.direct.m202.slot_021
骷髅长枪兵,202,10,凤凰明珠,163,物品,,'=1/60,exact_formula,1/60,'=E10,SPB:AUTO_BOOST;小怪装备分母x3,dpv2.direct.m202.slot_025
骷髅长枪兵,202,11,半月,91,物品,,'=1/60,exact_formula,1/60,'=E11,SPB:AUTO_BOOST;小怪装备分母x3,dpv2.direct.m202.slot_019
骷髅长枪兵,202,12,坚固手套,182,物品,,'=1/60,exact_formula,1/60,'=E12,SPB:AUTO_BOOST;小怪装备分母x3,dpv2.direct.m202.slot_026
骷髅长枪兵,202,13,大手镯,179,物品,,'=1/60,exact_formula,1/60,'=E13,SPB:AUTO_BOOST;SPB_CEILING_1_20;小怪装备分母x3,dpv2.direct.m202.slot_045
骷髅长枪兵,202,14,小手镯,175,物品,,'=1/60,exact_formula,1/60,'=E14,SPB:AUTO_BOOST;小怪装备分母x3,dpv2.direct.m202.slot_039
骷髅长枪兵,202,15,海魂,90,物品,,'=1/60,exact_formula,1/60,'=E15,SPB:AUTO_BOOST;小怪装备分母x3,dpv2.direct.m202.slot_020
骷髅长枪兵,202,16,灯笼项链,164,物品,,'=1/60,exact_formula,1/60,'=E16,SPB:AUTO_BOOST;小怪装备分母x3,dpv2.direct.m202.slot_028
骷髅长枪兵,202,17,牛角戒指,200,物品,,'=1/60,exact_formula,1/60,'=E17,SPB:AUTO_BOOST;小怪装备分母x3,dpv2.direct.m202.slot_044
骷髅长枪兵,202,18,玻璃戒指,199,物品,,'=1/60,exact_formula,1/60,'=E18,SPB:AUTO_BOOST;小怪装备分母x3,dpv2.direct.m202.slot_040
骷髅长枪兵,202,19,琥珀项链,162,物品,,'=1/60,exact_formula,1/60,'=E19,SPB:AUTO_BOOST;小怪装备分母x3,dpv2.direct.m202.slot_024
骷髅长枪兵,202,20,皮制手套,177,物品,,'=1/60,exact_formula,1/60,'=E20,SPB:AUTO_BOOST;小怪装备分母x3,dpv2.direct.m202.slot_042
骷髅长枪兵,202,21,短剑,84,物品,,'=1/60,exact_formula,1/60,'=E21,SPB:AUTO_BOOST;小怪装备分母x3,dpv2.direct.m202.slot_030
骷髅长枪兵,202,22,蓝色水晶戒指,202,物品,,'=1/60,exact_formula,1/60,'=E22,SPB:AUTO_BOOST;小怪装备分母x3,dpv2.direct.m202.slot_022
骷髅长枪兵,202,23,轻型盔甲(男),118,物品,,'=1/60,exact_formula,1/60,'=E23,SPB:AUTO_BOOST;小怪装备分母x3,dpv2.direct.m202.slot_031
骷髅长枪兵,202,25,铁剑,85,物品,,'=1/60,exact_formula,1/60,'=E25,SPB:AUTO_BOOST;小怪装备分母x3,dpv2.direct.m202.slot_029
骷髅长枪兵,202,26,银手镯,176,物品,,'=1/60,exact_formula,1/60,'=E26,SPB:AUTO_BOOST;小怪装备分母x3,dpv2.direct.m202.slot_043
骷髅长枪兵,202,27,青铜剑,83,物品,,'=1/60,exact_formula,1/60,'=E27,SPB:AUTO_BOOST;小怪装备分母x3,dpv2.direct.m202.slot_038
骷髅长枪兵,202,28,青铜头盔,147,物品,,'=1/60,exact_formula,1/60,'=E28,SPB:AUTO_BOOST;小怪装备分母x3,dpv2.direct.m202.slot_037
骷髅长枪兵,202,29,青铜斧,87,物品,,'=1/60,exact_formula,1/60,'=E29,SPB:AUTO_BOOST;小怪装备分母x3,dpv2.direct.m202.slot_033
骷髅长枪兵,202,30,魔法手镯,183,物品,,'=1/60,exact_formula,1/60,'=E30,SPB:AUTO_BOOST;小怪装备分母x3,dpv2.direct.m202.v505_0029
骷髅长枪兵,202,31,魔鬼项链,161,物品,,'=1/60,exact_formula,1/60,'=E31,SPB:AUTO_BOOST;小怪装备分母x3,dpv2.direct.m202.slot_023
骷髅长枪兵,202,32,黄色水晶项链,158,物品,,'=1/60,exact_formula,1/60,'=E32,SPB:AUTO_BOOST;小怪装备分母x3,dpv2.direct.m202.slot_035
骷髅长枪兵,202,33,黑檀项链,157,物品,,'=1/60,exact_formula,1/60,'=E33,SPB:AUTO_BOOST;小怪装备分母x3,dpv2.direct.m202.slot_034
骷髅长枪兵,202,34,黑色水晶项链,156,物品,,'=1/60,exact_formula,1/60,'=E34,SPB:AUTO_BOOST;小怪装备分母x3,dpv2.direct.m202.slot_036
骷髅长枪兵,202,35,偃月,95,物品,,'=1/60,exact_formula,1/60,'=E35,SPB:AUTO_BOOST;小怪装备分母x3,dpv2.direct.m202.slot_012
骷髅长枪兵,202,36,小手镯,175,物品,,'=1/60,exact_formula,1/60,'=E36,SPB:AUTO_BOOST;小怪装备分母x3,dpv2.direct.m202.slot_017
骷髅长枪兵,202,37,斩马刀,94,物品,,'=1/60,exact_formula,1/60,'=E37,SPB:AUTO_BOOST;小怪装备分母x3,dpv2.direct.m202.slot_011
骷髅长枪兵,202,38,珍珠戒指,205,物品,,'=1/60,exact_formula,1/60,'=E38,SPB:AUTO_BOOST;小怪装备分母x3,dpv2.direct.m202.slot_009
骷髅长枪兵,202,39,生铁戒指,201,物品,,'=1/60,exact_formula,1/60,'=E39,SPB:AUTO_BOOST;小怪装备分母x3,dpv2.direct.m202.slot_013
骷髅长枪兵,202,40,白色虎齿项链,159,物品,,'=1/60,exact_formula,1/60,'=E40,SPB:AUTO_BOOST;小怪装备分母x3,dpv2.direct.m202.slot_014
骷髅长枪兵,202,41,白金项链,155,物品,,'=1/60,exact_formula,1/60,'=E41,SPB:AUTO_BOOST;小怪装备分母x3,dpv2.direct.m202.slot_015
骷髅长枪兵,202,42,破魂,93,物品,,'=1/60,exact_formula,1/60,'=E42,SPB:AUTO_BOOST;小怪装备分母x3,dpv2.direct.m202.slot_010
骷髅长枪兵,202,43,蛇眼戒指,204,物品,,'=1/60,exact_formula,1/60,'=E43,SPB:AUTO_BOOST;小怪装备分母x3,dpv2.direct.m202.slot_008
骷髅长枪兵,202,44,道士手镯,185,物品,,'=1/60,exact_formula,1/60,'=E44,SPB:AUTO_BOOST;小怪装备分母x3,dpv2.direct.m202.slot_004
骷髅长枪兵,202,45,降魔,96,物品,,'=1/60,exact_formula,1/60,'=E45,SPB:AUTO_BOOST;小怪装备分母x3,dpv2.direct.m202.slot_006
骷髅长枪兵,202,46,骷髅戒指,207,物品,,'=1/60,exact_formula,1/60,'=E46,SPB:AUTO_BOOST;小怪装备分母x3,dpv2.direct.m202.slot_016
骷髅长枪兵,202,47,魔力手镯,186,物品,,'=1/60,exact_formula,1/60,'=E47,SPB:AUTO_BOOST;小怪装备分母x3,dpv2.direct.m202.slot_027
骷髅长枪兵,202,48,黑檀手镯,184,物品,,'=1/60,exact_formula,1/60,'=E48,SPB:AUTO_BOOST;小怪装备分母x3,dpv2.direct.m202.slot_005
骷髅长枪兵,202,49,黑色水晶戒指,203,物品,,'=1/60,exact_formula,1/60,'=E49,SPB:AUTO_BOOST;小怪装备分母x3,dpv2.direct.m202.slot_007
骷髅长枪兵,202,50,万年雪霜,920001,物品,,0.1,numeric_literal,1/10,'=E50,SPB:BYPASS_COMMON_RECOVERY,dpv2.direct.m202.slot_003
骷髅长枪兵,202,51,太阳水,920014,物品,,0.2,numeric_literal,1/5,'=E51,SPB:BYPASS_COMMON_RECOVERY,dpv2.direct.m202.slot_002
骷髅长枪兵,202,52,金币,,金币,10000,0.002,numeric_literal,1/500,'=E52,SPB:BYPASS_GOLD,dpv2.direct.m202.v505_0002
骷髅刀斧手,204,6,太阳水,920014,物品,,'=1/20,exact_formula,1/20,'=E6,SPB:BYPASS_COMMON_RECOVERY,dpv2.direct.m204.slot_002
骷髅刀斧手,204,7,金币,,金币,4000,'=1/40,exact_formula,1/40,'=E7,SPB:BYPASS_GOLD,dpv2.direct.m204.slot_001
骷髅刀斧手,204,8,八荒,89,物品,,'=1/60,exact_formula,1/60,'=E8,SPB:AUTO_BOOST;小怪装备分母x3,dpv2.direct.m204.slot_029
骷髅刀斧手,204,9,凌风,92,物品,,'=1/60,exact_formula,1/60,'=E9,SPB:AUTO_BOOST;小怪装备分母x3,dpv2.direct.m204.slot_032
骷髅刀斧手,204,10,凤凰明珠,163,物品,,'=1/60,exact_formula,1/60,'=E10,SPB:AUTO_BOOST;小怪装备分母x3,dpv2.direct.m204.slot_036
骷髅刀斧手,204,11,半月,91,物品,,'=1/60,exact_formula,1/60,'=E11,SPB:AUTO_BOOST;小怪装备分母x3,dpv2.direct.m204.slot_030
骷髅刀斧手,204,12,坚固手套,182,物品,,'=1/60,exact_formula,1/60,'=E12,SPB:AUTO_BOOST;小怪装备分母x3,dpv2.direct.m204.slot_037
骷髅刀斧手,204,13,海魂,90,物品,,'=1/60,exact_formula,1/60,'=E13,SPB:AUTO_BOOST;小怪装备分母x3,dpv2.direct.m204.slot_031
骷髅刀斧手,204,14,灯笼项链,164,物品,,'=1/60,exact_formula,1/60,'=E14,SPB:AUTO_BOOST;小怪装备分母x3,dpv2.direct.m204.slot_039
骷髅刀斧手,204,15,琥珀项链,162,物品,,'=1/60,exact_formula,1/60,'=E15,SPB:AUTO_BOOST;小怪装备分母x3,dpv2.direct.m204.slot_035
骷髅刀斧手,204,16,蓝色水晶戒指,202,物品,,'=1/60,exact_formula,1/60,'=E16,SPB:AUTO_BOOST;小怪装备分母x3,dpv2.direct.m204.slot_033
骷髅刀斧手,204,17,魔法手镯,183,物品,,'=1/60,exact_formula,1/60,'=E17,SPB:AUTO_BOOST;小怪装备分母x3,dpv2.direct.m204.v505_0039
骷髅刀斧手,204,18,魔鬼项链,161,物品,,'=1/60,exact_formula,1/60,'=E18,SPB:AUTO_BOOST;小怪装备分母x3,dpv2.direct.m204.slot_034
骷髅刀斧手,204,19,万年雪霜,920001,物品,,0.1,numeric_literal,1/10,'=E19,SPB:BYPASS_COMMON_RECOVERY,dpv2.direct.m204.slot_003
骷髅刀斧手,204,20,偃月,95,物品,,'=1/60,exact_formula,1/60,'=E20,SPB:AUTO_BOOST;小怪装备分母x3,dpv2.direct.m204.slot_023
骷髅刀斧手,204,21,小手镯,175,物品,,'=1/60,exact_formula,1/60,'=E21,SPB:AUTO_BOOST;小怪装备分母x3,dpv2.direct.m204.slot_028
骷髅刀斧手,204,22,斩马刀,94,物品,,'=1/60,exact_formula,1/60,'=E22,SPB:AUTO_BOOST;小怪装备分母x3,dpv2.direct.m204.slot_022
骷髅刀斧手,204,23,珍珠戒指,205,物品,,'=1/60,exact_formula,1/60,'=E23,SPB:AUTO_BOOST;小怪装备分母x3,dpv2.direct.m204.slot_020
骷髅刀斧手,204,24,生铁戒指,201,物品,,'=1/60,exact_formula,1/60,'=E24,SPB:AUTO_BOOST;小怪装备分母x3,dpv2.direct.m204.slot_024
骷髅刀斧手,204,25,白色虎齿项链,159,物品,,'=1/60,exact_formula,1/60,'=E25,SPB:AUTO_BOOST;小怪装备分母x3,dpv2.direct.m204.slot_025
骷髅刀斧手,204,26,白金项链,155,物品,,'=1/60,exact_formula,1/60,'=E26,SPB:AUTO_BOOST;小怪装备分母x3,dpv2.direct.m204.slot_026
骷髅刀斧手,204,27,破魂,93,物品,,'=1/60,exact_formula,1/60,'=E27,SPB:AUTO_BOOST;小怪装备分母x3,dpv2.direct.m204.slot_021
骷髅刀斧手,204,28,蛇眼戒指,204,物品,,'=1/60,exact_formula,1/60,'=E28,SPB:AUTO_BOOST;小怪装备分母x3,dpv2.direct.m204.slot_019
骷髅刀斧手,204,29,道士手镯,185,物品,,'=1/60,exact_formula,1/60,'=E29,SPB:AUTO_BOOST;小怪装备分母x3,dpv2.direct.m204.slot_015
骷髅刀斧手,204,30,降魔,96,物品,,'=1/60,exact_formula,1/60,'=E30,SPB:AUTO_BOOST;小怪装备分母x3,dpv2.direct.m204.slot_017
骷髅刀斧手,204,31,骷髅戒指,207,物品,,'=1/60,exact_formula,1/60,'=E31,SPB:AUTO_BOOST;小怪装备分母x3,dpv2.direct.m204.slot_027
骷髅刀斧手,204,32,魔力手镯,186,物品,,'=1/60,exact_formula,1/60,'=E32,SPB:AUTO_BOOST;小怪装备分母x3,dpv2.direct.m204.slot_038
骷髅刀斧手,204,33,黑檀手镯,184,物品,,'=1/60,exact_formula,1/60,'=E33,SPB:AUTO_BOOST;小怪装备分母x3,dpv2.direct.m204.slot_016
骷髅刀斧手,204,34,黑色水晶戒指,203,物品,,'=1/60,exact_formula,1/60,'=E34,SPB:AUTO_BOOST;小怪装备分母x3,dpv2.direct.m204.slot_018
骷髅刀斧手,204,35,灵魂战衣(男),126,物品,,'=1/60,exact_formula,1/60,'=E35,SPB:AUTO_BOOST;小怪装备分母x3,dpv2.direct.m204.slot_006
骷髅刀斧手,204,37,蓝翡翠项链,165,物品,,'=1/60,exact_formula,1/60,'=E37,SPB:AUTO_BOOST;小怪装备分母x3,dpv2.direct.m204.slot_011
骷髅刀斧手,204,38,道德戒指,209,物品,,'=1/60,exact_formula,1/60,'=E38,SPB:AUTO_BOOST;小怪装备分母x3,dpv2.direct.m204.slot_013
骷髅刀斧手,204,39,重盔甲(男),122,物品,,'=1/60,exact_formula,1/60,'=E39,SPB:AUTO_BOOST;小怪装备分母x3,dpv2.direct.m204.slot_004
骷髅刀斧手,204,41,金戒指,206,物品,,'=1/60,exact_formula,1/60,'=E41,SPB:AUTO_BOOST;小怪装备分母x3,dpv2.direct.m204.slot_010
骷髅刀斧手,204,42,金手镯,188,物品,,'=1/60,exact_formula,1/60,'=E42,SPB:AUTO_BOOST;小怪装备分母x3,dpv2.direct.m204.slot_012
骷髅刀斧手,204,43,魅力戒指,208,物品,,'=1/60,exact_formula,1/60,'=E43,SPB:AUTO_BOOST;小怪装备分母x3,dpv2.direct.m204.slot_014
骷髅刀斧手,204,44,魔法长袍(男),124,物品,,'=1/60,exact_formula,1/60,'=E44,SPB:AUTO_BOOST;小怪装备分母x3,dpv2.direct.m204.slot_008
骷髅弓箭手,206,6,金币,,金币,2500,'=1/3,exact_formula,1/3,'=E6,SPB:BYPASS_GOLD,dpv2.direct.m206.slot_001
骷髅弓箭手,206,7,超级金创药,920017,物品,,'=1/25,exact_formula,1/25,'=E7,SPB:BYPASS_COMMON_RECOVERY,dpv2.direct.m206.slot_002
骷髅弓箭手,206,8,超级魔法药,920042,物品,,'=1/40,exact_formula,1/40,'=E8,SPB:BYPASS_COMMON_RECOVERY,dpv2.direct.m206.slot_003
骷髅弓箭手,206,9,太阳水,920014,物品,,'=1/50,exact_formula,1/50,'=E9,SPB:BYPASS_COMMON_RECOVERY,dpv2.direct.m206.slot_004
骷髅弓箭手,206,10,八荒,89,物品,,'=1/60,exact_formula,1/60,'=E10,SPB:AUTO_BOOST;小怪装备分母x3,dpv2.direct.m206.slot_040
骷髅弓箭手,206,11,凌风,92,物品,,'=1/60,exact_formula,1/60,'=E11,SPB:AUTO_BOOST;小怪装备分母x3,dpv2.direct.m206.slot_043
骷髅弓箭手,206,12,凤凰明珠,163,物品,,'=1/60,exact_formula,1/60,'=E12,SPB:AUTO_BOOST;小怪装备分母x3,dpv2.direct.m206.slot_047
骷髅弓箭手,206,13,半月,91,物品,,'=1/60,exact_formula,1/60,'=E13,SPB:AUTO_BOOST;小怪装备分母x3,dpv2.direct.m206.slot_041
骷髅弓箭手,206,14,坚固手套,182,物品,,'=1/60,exact_formula,1/60,'=E14,SPB:AUTO_BOOST;小怪装备分母x3,dpv2.direct.m206.slot_048
骷髅弓箭手,206,15,海魂,90,物品,,'=1/60,exact_formula,1/60,'=E15,SPB:AUTO_BOOST;小怪装备分母x3,dpv2.direct.m206.slot_042
骷髅弓箭手,206,16,灯笼项链,164,物品,,'=1/60,exact_formula,1/60,'=E16,SPB:AUTO_BOOST;小怪装备分母x3,dpv2.direct.m206.slot_050
骷髅弓箭手,206,17,琥珀项链,162,物品,,'=1/60,exact_formula,1/60,'=E17,SPB:AUTO_BOOST;小怪装备分母x3,dpv2.direct.m206.slot_046
骷髅弓箭手,206,18,蓝色水晶戒指,202,物品,,'=1/60,exact_formula,1/60,'=E18,SPB:AUTO_BOOST;小怪装备分母x3,dpv2.direct.m206.slot_044
骷髅弓箭手,206,19,魔法手镯,183,物品,,'=1/60,exact_formula,1/60,'=E19,SPB:AUTO_BOOST;小怪装备分母x3,dpv2.direct.m206.v505_0050
骷髅弓箭手,206,20,魔鬼项链,161,物品,,'=1/60,exact_formula,1/60,'=E20,SPB:AUTO_BOOST;小怪装备分母x3,dpv2.direct.m206.slot_045
骷髅弓箭手,206,21,偃月,95,物品,,'=1/60,exact_formula,1/60,'=E21,SPB:AUTO_BOOST;小怪装备分母x3,dpv2.direct.m206.slot_034
骷髅弓箭手,206,22,小手镯,175,物品,,'=1/60,exact_formula,1/60,'=E22,SPB:AUTO_BOOST;小怪装备分母x3,dpv2.direct.m206.slot_039
骷髅弓箭手,206,23,斩马刀,94,物品,,'=1/60,exact_formula,1/60,'=E23,SPB:AUTO_BOOST;小怪装备分母x3,dpv2.direct.m206.slot_033
骷髅弓箭手,206,24,珍珠戒指,205,物品,,'=1/60,exact_formula,1/60,'=E24,SPB:AUTO_BOOST;小怪装备分母x3,dpv2.direct.m206.slot_031
骷髅弓箭手,206,25,生铁戒指,201,物品,,'=1/60,exact_formula,1/60,'=E25,SPB:AUTO_BOOST;小怪装备分母x3,dpv2.direct.m206.slot_035
骷髅弓箭手,206,26,白色虎齿项链,159,物品,,'=1/60,exact_formula,1/60,'=E26,SPB:AUTO_BOOST;小怪装备分母x3,dpv2.direct.m206.slot_036
骷髅弓箭手,206,27,白金项链,155,物品,,'=1/60,exact_formula,1/60,'=E27,SPB:AUTO_BOOST;小怪装备分母x3,dpv2.direct.m206.slot_037
骷髅弓箭手,206,28,破魂,93,物品,,'=1/60,exact_formula,1/60,'=E28,SPB:AUTO_BOOST;小怪装备分母x3,dpv2.direct.m206.slot_032
骷髅弓箭手,206,29,蛇眼戒指,204,物品,,'=1/60,exact_formula,1/60,'=E29,SPB:AUTO_BOOST;小怪装备分母x3,dpv2.direct.m206.slot_030
骷髅弓箭手,206,30,道士手镯,185,物品,,'=1/60,exact_formula,1/60,'=E30,SPB:AUTO_BOOST;小怪装备分母x3,dpv2.direct.m206.slot_026
骷髅弓箭手,206,31,降魔,96,物品,,'=1/60,exact_formula,1/60,'=E31,SPB:AUTO_BOOST;小怪装备分母x3,dpv2.direct.m206.slot_028
骷髅弓箭手,206,32,骷髅戒指,207,物品,,'=1/60,exact_formula,1/60,'=E32,SPB:AUTO_BOOST;小怪装备分母x3,dpv2.direct.m206.slot_038
骷髅弓箭手,206,33,魔力手镯,186,物品,,'=1/60,exact_formula,1/60,'=E33,SPB:AUTO_BOOST;小怪装备分母x3,dpv2.direct.m206.slot_049
骷髅弓箭手,206,34,黑檀手镯,184,物品,,'=1/60,exact_formula,1/60,'=E34,SPB:AUTO_BOOST;小怪装备分母x3,dpv2.direct.m206.slot_027
骷髅弓箭手,206,35,黑色水晶戒指,203,物品,,'=1/60,exact_formula,1/60,'=E35,SPB:AUTO_BOOST;小怪装备分母x3,dpv2.direct.m206.slot_029
骷髅弓箭手,206,36,万年雪霜,920001,物品,,'=1/60,exact_formula,1/60,'=E36,SPB:BYPASS_COMMON_RECOVERY,dpv2.direct.m206.slot_005
骷髅弓箭手,206,37,灵魂战衣(男),127,物品,,'=1/60,exact_formula,1/60,'=E37,SPB:AUTO_BOOST;小怪装备分母x3,dpv2.direct.m206.slot_017
骷髅弓箭手,206,39,蓝翡翠项链,165,物品,,'=1/60,exact_formula,1/60,'=E39,SPB:AUTO_BOOST;小怪装备分母x3,dpv2.direct.m206.slot_022
骷髅弓箭手,206,40,道德戒指,209,物品,,'=1/60,exact_formula,1/60,'=E40,SPB:AUTO_BOOST;小怪装备分母x3,dpv2.direct.m206.slot_024
骷髅弓箭手,206,41,重盔甲(男),122,物品,,'=1/60,exact_formula,1/60,'=E41,SPB:AUTO_BOOST;小怪装备分母x3,dpv2.direct.m206.slot_015
骷髅弓箭手,206,43,金戒指,206,物品,,'=1/60,exact_formula,1/60,'=E43,SPB:AUTO_BOOST;小怪装备分母x3,dpv2.direct.m206.slot_021
骷髅弓箭手,206,44,金手镯,188,物品,,'=1/60,exact_formula,1/60,'=E44,SPB:AUTO_BOOST;小怪装备分母x3,dpv2.direct.m206.slot_023
骷髅弓箭手,206,45,魅力戒指,208,物品,,'=1/60,exact_formula,1/60,'=E45,SPB:AUTO_BOOST;小怪装备分母x3,dpv2.direct.m206.slot_025
骷髅弓箭手,206,46,魔法长袍(男),124,物品,,'=1/60,exact_formula,1/60,'=E46,SPB:AUTO_BOOST;小怪装备分母x3,dpv2.direct.m206.slot_019
骷髅弓箭手,206,48,凝霜,98,物品,,'=1/60,exact_formula,1/60,'=E48,SPB:AUTO_BOOST;小怪装备分母x3,dpv2.direct.m206.slot_009
骷髅弓箭手,206,49,竹笛,167,物品,,'=1/60,exact_formula,1/60,'=E49,SPB:AUTO_BOOST;小怪装备分母x3,dpv2.direct.m206.slot_007
骷髅弓箭手,206,50,道士头盔,149,物品,,'=1/60,exact_formula,1/60,'=E50,SPB:AUTO_BOOST;小怪装备分母x3,dpv2.direct.m206.slot_008
骷髅弓箭手,206,51,修罗,97,物品,,'=1/60,exact_formula,1/60,'=E51,SPB:AUTO_BOOST;小怪装备分母x3,dpv2.direct.m206.slot_014
骷髅弓箭手,206,52,死神手套,187,物品,,'=1/60,exact_formula,1/60,'=E52,SPB:AUTO_BOOST;小怪装备分母x3,dpv2.direct.m206.slot_013
骷髅弓箭手,206,53,骷髅头盔,150,物品,,'=1/60,exact_formula,1/60,'=E53,SPB:AUTO_BOOST;小怪装备分母x3,dpv2.direct.m206.slot_012
骷髅弓箭手,206,54,放大镜,166,物品,,'=1/60,exact_formula,1/60,'=E54,SPB:AUTO_BOOST;小怪装备分母x3,dpv2.direct.m206.slot_006
骷髅弓箭手,206,55,珊瑚戒指,210,物品,,'=1/60,exact_formula,1/60,'=E55,SPB:AUTO_BOOST;小怪装备分母x3,dpv2.direct.m206.slot_010
骷髅弓箭手,206,56,降妖除魔戒指,211,物品,,'=1/60,exact_formula,1/60,'=E56,SPB:AUTO_BOOST;小怪装备分母x3,dpv2.direct.m206.slot_011
牛头魔,210,6,金币,,金币,1875,'=1/3,exact_formula,1/3,'=E6,SPB:BYPASS_GOLD,dpv2.direct.m210.v505_0001
牛头魔,210,7,八荒,89,物品,,'=1/60,exact_formula,1/60,'=E7,SPB:AUTO_BOOST;小怪装备分母x3,dpv2.direct.m210.slot_036
牛头魔,210,8,凌风,92,物品,,'=1/60,exact_formula,1/60,'=E8,SPB:AUTO_BOOST;小怪装备分母x3,dpv2.direct.m210.slot_039
牛头魔,210,9,凤凰明珠,163,物品,,'=1/60,exact_formula,1/60,'=E9,SPB:AUTO_BOOST;小怪装备分母x3,dpv2.direct.m210.slot_043
牛头魔,210,10,半月,91,物品,,'=1/60,exact_formula,1/60,'=E10,SPB:AUTO_BOOST;小怪装备分母x3,dpv2.direct.m210.slot_037
牛头魔,210,11,坚固手套,182,物品,,'=1/60,exact_formula,1/60,'=E11,SPB:AUTO_BOOST;小怪装备分母x3,dpv2.direct.m210.slot_044
牛头魔,210,12,海魂,90,物品,,'=1/60,exact_formula,1/60,'=E12,SPB:AUTO_BOOST;小怪装备分母x3,dpv2.direct.m210.slot_038
牛头魔,210,13,灯笼项链,164,物品,,'=1/60,exact_formula,1/60,'=E13,SPB:AUTO_BOOST;小怪装备分母x3,dpv2.direct.m210.slot_046
牛头魔,210,14,琥珀项链,162,物品,,'=1/60,exact_formula,1/60,'=E14,SPB:AUTO_BOOST;小怪装备分母x3,dpv2.direct.m210.slot_042
牛头魔,210,15,蓝色水晶戒指,202,物品,,'=1/60,exact_formula,1/60,'=E15,SPB:AUTO_BOOST;小怪装备分母x3,dpv2.direct.m210.slot_040
牛头魔,210,16,魔法手镯,183,物品,,'=1/60,exact_formula,1/60,'=E16,SPB:AUTO_BOOST;小怪装备分母x3,dpv2.direct.m210.v505_0047
牛头魔,210,17,魔鬼项链,161,物品,,'=1/60,exact_formula,1/60,'=E17,SPB:AUTO_BOOST;小怪装备分母x3,dpv2.direct.m210.slot_041
牛头魔,210,18,偃月,95,物品,,'=1/60,exact_formula,1/60,'=E18,SPB:AUTO_BOOST;小怪装备分母x3,dpv2.direct.m210.slot_030
牛头魔,210,19,小手镯,175,物品,,'=1/60,exact_formula,1/60,'=E19,SPB:AUTO_BOOST;小怪装备分母x3,dpv2.direct.m210.slot_035
牛头魔,210,20,斩马刀,94,物品,,'=1/60,exact_formula,1/60,'=E20,SPB:AUTO_BOOST;小怪装备分母x3,dpv2.direct.m210.slot_029
牛头魔,210,21,珍珠戒指,205,物品,,'=1/60,exact_formula,1/60,'=E21,SPB:AUTO_BOOST;小怪装备分母x3,dpv2.direct.m210.slot_027
牛头魔,210,22,生铁戒指,201,物品,,'=1/60,exact_formula,1/60,'=E22,SPB:AUTO_BOOST;小怪装备分母x3,dpv2.direct.m210.slot_031
牛头魔,210,23,白色虎齿项链,159,物品,,'=1/60,exact_formula,1/60,'=E23,SPB:AUTO_BOOST;小怪装备分母x3,dpv2.direct.m210.slot_032
牛头魔,210,24,白金项链,155,物品,,'=1/60,exact_formula,1/60,'=E24,SPB:AUTO_BOOST;小怪装备分母x3,dpv2.direct.m210.slot_033
牛头魔,210,25,破魂,93,物品,,'=1/60,exact_formula,1/60,'=E25,SPB:AUTO_BOOST;小怪装备分母x3,dpv2.direct.m210.slot_028
牛头魔,210,26,蛇眼戒指,204,物品,,'=1/60,exact_formula,1/60,'=E26,SPB:AUTO_BOOST;小怪装备分母x3,dpv2.direct.m210.slot_026
牛头魔,210,27,道士手镯,185,物品,,'=1/60,exact_formula,1/60,'=E27,SPB:AUTO_BOOST;小怪装备分母x3,dpv2.direct.m210.slot_022
牛头魔,210,28,降魔,96,物品,,'=1/60,exact_formula,1/60,'=E28,SPB:AUTO_BOOST;小怪装备分母x3,dpv2.direct.m210.slot_024
牛头魔,210,29,骷髅戒指,207,物品,,'=1/60,exact_formula,1/60,'=E29,SPB:AUTO_BOOST;小怪装备分母x3,dpv2.direct.m210.slot_034
牛头魔,210,30,魔力手镯,186,物品,,'=1/60,exact_formula,1/60,'=E30,SPB:AUTO_BOOST;小怪装备分母x3,dpv2.direct.m210.slot_045
牛头魔,210,31,黑檀手镯,184,物品,,'=1/60,exact_formula,1/60,'=E31,SPB:AUTO_BOOST;小怪装备分母x3,dpv2.direct.m210.slot_023
牛头魔,210,32,黑色水晶戒指,203,物品,,'=1/60,exact_formula,1/60,'=E32,SPB:AUTO_BOOST;小怪装备分母x3,dpv2.direct.m210.slot_025
牛头魔,210,33,灵魂战衣(男),127,物品,,'=1/60,exact_formula,1/60,'=E33,SPB:AUTO_BOOST;小怪装备分母x3,dpv2.direct.m210.slot_013
牛头魔,210,35,蓝翡翠项链,165,物品,,'=1/60,exact_formula,1/60,'=E35,SPB:AUTO_BOOST;小怪装备分母x3,dpv2.direct.m210.slot_018
牛头魔,210,36,道德戒指,209,物品,,'=1/60,exact_formula,1/60,'=E36,SPB:AUTO_BOOST;小怪装备分母x3,dpv2.direct.m210.slot_020
牛头魔,210,37,重盔甲(男),122,物品,,'=1/60,exact_formula,1/60,'=E37,SPB:AUTO_BOOST;小怪装备分母x3,dpv2.direct.m210.slot_011
牛头魔,210,39,金戒指,206,物品,,'=1/60,exact_formula,1/60,'=E39,SPB:AUTO_BOOST;小怪装备分母x3,dpv2.direct.m210.slot_017
牛头魔,210,40,金手镯,188,物品,,'=1/60,exact_formula,1/60,'=E40,SPB:AUTO_BOOST;小怪装备分母x3,dpv2.direct.m210.slot_019
牛头魔,210,41,魅力戒指,208,物品,,'=1/60,exact_formula,1/60,'=E41,SPB:AUTO_BOOST;小怪装备分母x3,dpv2.direct.m210.slot_021
牛头魔,210,42,魔法长袍(男),124,物品,,'=1/60,exact_formula,1/60,'=E42,SPB:AUTO_BOOST;小怪装备分母x3,dpv2.direct.m210.slot_015
牛头魔,210,44,凝霜,98,物品,,'=1/60,exact_formula,1/60,'=E44,SPB:AUTO_BOOST;小怪装备分母x3,dpv2.direct.m210.slot_005
牛头魔,210,45,放大镜,166,物品,,'=1/60,exact_formula,1/60,'=E45,SPB:AUTO_BOOST;小怪装备分母x3,dpv2.direct.m210.slot_002
牛头魔,210,46,竹笛,167,物品,,'=1/60,exact_formula,1/60,'=E46,SPB:AUTO_BOOST;小怪装备分母x3,dpv2.direct.m210.slot_003
牛头魔,210,47,道士头盔,149,物品,,'=1/60,exact_formula,1/60,'=E47,SPB:AUTO_BOOST;小怪装备分母x3,dpv2.direct.m210.slot_004
牛头魔,210,48,修罗,97,物品,,'=1/60,exact_formula,1/60,'=E48,SPB:AUTO_BOOST;小怪装备分母x3,dpv2.direct.m210.slot_010
牛头魔,210,49,死神手套,187,物品,,'=1/60,exact_formula,1/60,'=E49,SPB:AUTO_BOOST;小怪装备分母x3,dpv2.direct.m210.slot_009
牛头魔,210,50,骷髅头盔,150,物品,,'=1/60,exact_formula,1/60,'=E50,SPB:AUTO_BOOST;小怪装备分母x3,dpv2.direct.m210.slot_008
牛头魔,210,51,珊瑚戒指,210,物品,,'=1/60,exact_formula,1/60,'=E51,SPB:AUTO_BOOST;小怪装备分母x3,dpv2.direct.m210.slot_006
牛头魔,210,52,降妖除魔戒指,211,物品,,'=1/60,exact_formula,1/60,'=E52,SPB:AUTO_BOOST;小怪装备分母x3,dpv2.direct.m210.slot_007
牛头魔,210,53,金币,,金币,25000,'=1/500,exact_formula,1/500,'=E53,SPB:BYPASS_GOLD,dpv2.direct.m210.v505_0002
牛魔战士,212,6,金币,,金币,2250,'=1/3,exact_formula,1/3,'=E6,SPB:BYPASS_GOLD,dpv2.direct.m212.v505_0001
牛魔战士,212,7,太阳水,920014,物品,,'=1/25,exact_formula,1/25,'=E7,SPB:BYPASS_COMMON_RECOVERY,dpv2.direct.m212.slot_002
牛魔战士,212,8,灵魂战衣(男),127,物品,,'=1/60,exact_formula,1/60,'=E8,SPB:AUTO_BOOST;小怪装备分母x3,dpv2.direct.m212.slot_012
牛魔战士,212,10,蓝翡翠项链,165,物品,,'=1/60,exact_formula,1/60,'=E10,SPB:AUTO_BOOST;小怪装备分母x3,dpv2.direct.m212.slot_017
牛魔战士,212,11,道德戒指,209,物品,,'=1/60,exact_formula,1/60,'=E11,SPB:AUTO_BOOST;小怪装备分母x3,dpv2.direct.m212.slot_019
牛魔战士,212,12,重盔甲(男),122,物品,,'=1/60,exact_formula,1/60,'=E12,SPB:AUTO_BOOST;小怪装备分母x3,dpv2.direct.m212.slot_010
牛魔战士,212,14,金戒指,206,物品,,'=1/60,exact_formula,1/60,'=E14,SPB:AUTO_BOOST;小怪装备分母x3,dpv2.direct.m212.slot_016
牛魔战士,212,15,金手镯,188,物品,,'=1/60,exact_formula,1/60,'=E15,SPB:AUTO_BOOST;小怪装备分母x3,dpv2.direct.m212.slot_018
牛魔战士,212,16,魅力戒指,208,物品,,'=1/60,exact_formula,1/60,'=E16,SPB:AUTO_BOOST;小怪装备分母x3,dpv2.direct.m212.slot_020
牛魔战士,212,17,魔法长袍(男),124,物品,,'=1/60,exact_formula,1/60,'=E17,SPB:AUTO_BOOST;小怪装备分母x3,dpv2.direct.m212.slot_014
牛魔战士,212,19,万年雪霜,920001,物品,,'=1/10,exact_formula,1/10,'=E19,SPB:BYPASS_COMMON_RECOVERY,dpv2.direct.m212.slot_003
牛魔战士,212,20,偃月,95,物品,,'=1/60,exact_formula,1/60,'=E20,SPB:AUTO_BOOST;小怪装备分母x3,dpv2.direct.m212.slot_029
牛魔战士,212,21,小手镯,175,物品,,'=1/60,exact_formula,1/60,'=E21,SPB:AUTO_BOOST;小怪装备分母x3,dpv2.direct.m212.slot_034
牛魔战士,212,22,斩马刀,94,物品,,'=1/60,exact_formula,1/60,'=E22,SPB:AUTO_BOOST;小怪装备分母x3,dpv2.direct.m212.slot_028
牛魔战士,212,23,珍珠戒指,205,物品,,'=1/60,exact_formula,1/60,'=E23,SPB:AUTO_BOOST;小怪装备分母x3,dpv2.direct.m212.slot_026
牛魔战士,212,24,生铁戒指,201,物品,,'=1/60,exact_formula,1/60,'=E24,SPB:AUTO_BOOST;小怪装备分母x3,dpv2.direct.m212.slot_030
牛魔战士,212,25,白色虎齿项链,159,物品,,'=1/60,exact_formula,1/60,'=E25,SPB:AUTO_BOOST;小怪装备分母x3,dpv2.direct.m212.slot_031
牛魔战士,212,26,白金项链,155,物品,,'=1/60,exact_formula,1/60,'=E26,SPB:AUTO_BOOST;小怪装备分母x3,dpv2.direct.m212.slot_032
牛魔战士,212,27,破魂,93,物品,,'=1/60,exact_formula,1/60,'=E27,SPB:AUTO_BOOST;小怪装备分母x3,dpv2.direct.m212.slot_027
牛魔战士,212,28,蛇眼戒指,204,物品,,'=1/60,exact_formula,1/60,'=E28,SPB:AUTO_BOOST;小怪装备分母x3,dpv2.direct.m212.slot_025
牛魔战士,212,29,道士手镯,185,物品,,'=1/60,exact_formula,1/60,'=E29,SPB:AUTO_BOOST;小怪装备分母x3,dpv2.direct.m212.slot_021
牛魔战士,212,30,降魔,96,物品,,'=1/60,exact_formula,1/60,'=E30,SPB:AUTO_BOOST;小怪装备分母x3,dpv2.direct.m212.slot_023
牛魔战士,212,31,骷髅戒指,207,物品,,'=1/60,exact_formula,1/60,'=E31,SPB:AUTO_BOOST;小怪装备分母x3,dpv2.direct.m212.slot_033
牛魔战士,212,32,魔力手镯,186,物品,,'=1/60,exact_formula,1/60,'=E32,SPB:AUTO_BOOST;小怪装备分母x3,dpv2.direct.m212.v505_0023
牛魔战士,212,33,黑檀手镯,184,物品,,'=1/60,exact_formula,1/60,'=E33,SPB:AUTO_BOOST;小怪装备分母x3,dpv2.direct.m212.slot_022
牛魔战士,212,34,黑色水晶戒指,203,物品,,'=1/60,exact_formula,1/60,'=E34,SPB:AUTO_BOOST;小怪装备分母x3,dpv2.direct.m212.slot_024
牛魔战士,212,35,凝霜,98,物品,,'=1/60,exact_formula,1/60,'=E35,SPB:AUTO_BOOST;小怪装备分母x3,dpv2.direct.m212.slot_007
牛魔战士,212,36,放大镜,166,物品,,'=1/60,exact_formula,1/60,'=E36,SPB:AUTO_BOOST;小怪装备分母x3,dpv2.direct.m212.slot_004
牛魔战士,212,37,竹笛,167,物品,,'=1/60,exact_formula,1/60,'=E37,SPB:AUTO_BOOST;小怪装备分母x3,dpv2.direct.m212.slot_005
牛魔战士,212,38,道士头盔,149,物品,,'=1/60,exact_formula,1/60,'=E38,SPB:AUTO_BOOST;小怪装备分母x3,dpv2.direct.m212.slot_006
牛魔战士,212,39,珊瑚戒指,210,物品,,'=1/60,exact_formula,1/60,'=E39,SPB:AUTO_BOOST;小怪装备分母x3,dpv2.direct.m212.slot_008
牛魔战士,212,40,降妖除魔戒指,211,物品,,'=1/60,exact_formula,1/60,'=E40,SPB:AUTO_BOOST;小怪装备分母x3,dpv2.direct.m212.slot_009
牛魔斗士,214,6,金币,,金币,2250,'=1/3,exact_formula,1/3,'=E6,SPB:BYPASS_GOLD,dpv2.direct.m214.v505_0001
牛魔斗士,214,7,太阳水,920014,物品,,'=1/25,exact_formula,1/25,'=E7,SPB:BYPASS_COMMON_RECOVERY,dpv2.direct.m214.slot_002
牛魔斗士,214,8,八荒,89,物品,,'=1/60,exact_formula,1/60,'=E8,SPB:AUTO_BOOST;小怪装备分母x3,dpv2.direct.m214.v505_0039
牛魔斗士,214,9,凌风,92,物品,,'=1/60,exact_formula,1/60,'=E9,SPB:AUTO_BOOST;小怪装备分母x3,dpv2.direct.m214.v505_0049
牛魔斗士,214,10,凤凰明珠,163,物品,,'=1/60,exact_formula,1/60,'=E10,SPB:AUTO_BOOST;小怪装备分母x3,dpv2.direct.m214.v505_0045
牛魔斗士,214,11,半月,91,物品,,'=1/60,exact_formula,1/60,'=E11,SPB:AUTO_BOOST;小怪装备分母x3,dpv2.direct.m214.v505_0040
牛魔斗士,214,12,坚固手套,182,物品,,'=1/60,exact_formula,1/60,'=E12,SPB:AUTO_BOOST;小怪装备分母x3,dpv2.direct.m214.v505_0046
牛魔斗士,214,13,海魂,90,物品,,'=1/60,exact_formula,1/60,'=E13,SPB:AUTO_BOOST;小怪装备分母x3,dpv2.direct.m214.v505_0041
牛魔斗士,214,14,灯笼项链,164,物品,,'=1/60,exact_formula,1/60,'=E14,SPB:AUTO_BOOST;小怪装备分母x3,dpv2.direct.m214.v505_0048
牛魔斗士,214,15,琥珀项链,162,物品,,'=1/60,exact_formula,1/60,'=E15,SPB:AUTO_BOOST;小怪装备分母x3,dpv2.direct.m214.v505_0044
牛魔斗士,214,16,蓝色水晶戒指,202,物品,,'=1/60,exact_formula,1/60,'=E16,SPB:AUTO_BOOST;小怪装备分母x3,dpv2.direct.m214.v505_0042
牛魔斗士,214,17,魔法手镯,183,物品,,'=1/60,exact_formula,1/60,'=E17,SPB:AUTO_BOOST;小怪装备分母x3,dpv2.direct.m214.v505_0047
牛魔斗士,214,18,魔鬼项链,161,物品,,'=1/60,exact_formula,1/60,'=E18,SPB:AUTO_BOOST;小怪装备分母x3,dpv2.direct.m214.v505_0043
牛魔斗士,214,19,万年雪霜,920001,物品,,'=1/10,exact_formula,1/10,'=E19,SPB:BYPASS_COMMON_RECOVERY,dpv2.direct.m214.slot_003
牛魔斗士,214,20,偃月,95,物品,,'=1/60,exact_formula,1/60,'=E20,SPB:AUTO_BOOST;小怪装备分母x3,dpv2.direct.m214.slot_029
牛魔斗士,214,21,小手镯,175,物品,,'=1/60,exact_formula,1/60,'=E21,SPB:AUTO_BOOST;小怪装备分母x3,dpv2.direct.m214.slot_034
牛魔斗士,214,22,斩马刀,94,物品,,'=1/60,exact_formula,1/60,'=E22,SPB:AUTO_BOOST;小怪装备分母x3,dpv2.direct.m214.slot_028
牛魔斗士,214,23,珍珠戒指,205,物品,,'=1/60,exact_formula,1/60,'=E23,SPB:AUTO_BOOST;小怪装备分母x3,dpv2.direct.m214.slot_026
牛魔斗士,214,24,生铁戒指,201,物品,,'=1/60,exact_formula,1/60,'=E24,SPB:AUTO_BOOST;小怪装备分母x3,dpv2.direct.m214.slot_030
牛魔斗士,214,25,白色虎齿项链,159,物品,,'=1/60,exact_formula,1/60,'=E25,SPB:AUTO_BOOST;小怪装备分母x3,dpv2.direct.m214.slot_031
牛魔斗士,214,26,白金项链,155,物品,,'=1/60,exact_formula,1/60,'=E26,SPB:AUTO_BOOST;小怪装备分母x3,dpv2.direct.m214.slot_032
牛魔斗士,214,27,破魂,93,物品,,'=1/60,exact_formula,1/60,'=E27,SPB:AUTO_BOOST;小怪装备分母x3,dpv2.direct.m214.slot_027
牛魔斗士,214,28,蛇眼戒指,204,物品,,'=1/60,exact_formula,1/60,'=E28,SPB:AUTO_BOOST;小怪装备分母x3,dpv2.direct.m214.slot_025
牛魔斗士,214,29,道士手镯,185,物品,,'=1/60,exact_formula,1/60,'=E29,SPB:AUTO_BOOST;小怪装备分母x3,dpv2.direct.m214.slot_021
牛魔斗士,214,30,降魔,96,物品,,'=1/60,exact_formula,1/60,'=E30,SPB:AUTO_BOOST;小怪装备分母x3,dpv2.direct.m214.slot_023
牛魔斗士,214,31,骷髅戒指,207,物品,,'=1/60,exact_formula,1/60,'=E31,SPB:AUTO_BOOST;小怪装备分母x3,dpv2.direct.m214.slot_033
牛魔斗士,214,32,魔力手镯,186,物品,,'=1/60,exact_formula,1/60,'=E32,SPB:AUTO_BOOST;小怪装备分母x3,dpv2.direct.m214.v505_0026
牛魔斗士,214,33,黑檀手镯,184,物品,,'=1/60,exact_formula,1/60,'=E33,SPB:AUTO_BOOST;小怪装备分母x3,dpv2.direct.m214.slot_022
牛魔斗士,214,34,黑色水晶戒指,203,物品,,'=1/60,exact_formula,1/60,'=E34,SPB:AUTO_BOOST;小怪装备分母x3,dpv2.direct.m214.slot_024
牛魔斗士,214,35,灵魂战衣(男),127,物品,,'=1/60,exact_formula,1/60,'=E35,SPB:AUTO_BOOST;小怪装备分母x3,dpv2.direct.m214.slot_012
牛魔斗士,214,37,蓝翡翠项链,165,物品,,'=1/60,exact_formula,1/60,'=E37,SPB:AUTO_BOOST;小怪装备分母x3,dpv2.direct.m214.slot_017
牛魔斗士,214,38,道德戒指,209,物品,,'=1/60,exact_formula,1/60,'=E38,SPB:AUTO_BOOST;小怪装备分母x3,dpv2.direct.m214.slot_019
牛魔斗士,214,39,重盔甲(男),122,物品,,'=1/60,exact_formula,1/60,'=E39,SPB:AUTO_BOOST;小怪装备分母x3,dpv2.direct.m214.slot_010
牛魔斗士,214,41,金戒指,206,物品,,'=1/60,exact_formula,1/60,'=E41,SPB:AUTO_BOOST;小怪装备分母x3,dpv2.direct.m214.slot_016
牛魔斗士,214,42,金手镯,188,物品,,'=1/60,exact_formula,1/60,'=E42,SPB:AUTO_BOOST;小怪装备分母x3,dpv2.direct.m214.slot_018
牛魔斗士,214,43,魅力戒指,208,物品,,'=1/60,exact_formula,1/60,'=E43,SPB:AUTO_BOOST;小怪装备分母x3,dpv2.direct.m214.slot_020
牛魔斗士,214,44,魔法长袍(男),124,物品,,'=1/60,exact_formula,1/60,'=E44,SPB:AUTO_BOOST;小怪装备分母x3,dpv2.direct.m214.slot_014
牛魔斗士,214,46,凝霜,98,物品,,'=1/60,exact_formula,1/60,'=E46,SPB:AUTO_BOOST;小怪装备分母x3,dpv2.direct.m214.slot_007
牛魔斗士,214,47,放大镜,166,物品,,'=1/60,exact_formula,1/60,'=E47,SPB:AUTO_BOOST;小怪装备分母x3,dpv2.direct.m214.slot_004
牛魔斗士,214,48,竹笛,167,物品,,'=1/60,exact_formula,1/60,'=E48,SPB:AUTO_BOOST;小怪装备分母x3,dpv2.direct.m214.slot_005
牛魔斗士,214,49,道士头盔,149,物品,,'=1/60,exact_formula,1/60,'=E49,SPB:AUTO_BOOST;小怪装备分母x3,dpv2.direct.m214.slot_006
牛魔斗士,214,50,修罗,97,物品,,'=1/60,exact_formula,1/60,'=E50,SPB:AUTO_BOOST;小怪装备分母x3,dpv2.direct.m214.v505_0012
牛魔斗士,214,51,死神手套,187,物品,,'=1/60,exact_formula,1/60,'=E51,SPB:AUTO_BOOST;小怪装备分母x3,dpv2.direct.m214.v505_0011
牛魔斗士,214,52,骷髅头盔,150,物品,,'=1/60,exact_formula,1/60,'=E52,SPB:AUTO_BOOST;小怪装备分母x3,dpv2.direct.m214.v505_0010
牛魔斗士,214,53,珊瑚戒指,210,物品,,'=1/60,exact_formula,1/60,'=E53,SPB:AUTO_BOOST;小怪装备分母x3,dpv2.direct.m214.slot_008
牛魔斗士,214,54,降妖除魔戒指,211,物品,,'=1/60,exact_formula,1/60,'=E54,SPB:AUTO_BOOST;小怪装备分母x3,dpv2.direct.m214.slot_009
牛魔侍卫,216,6,金币,,金币,3250,'=1/3,exact_formula,1/3,'=E6,SPB:BYPASS_GOLD,dpv2.direct.m216.slot_001
牛魔侍卫,216,7,偃月,95,物品,,'=1/60,exact_formula,1/60,'=E7,SPB:AUTO_BOOST;小怪装备分母x3,dpv2.direct.m216.slot_033
牛魔侍卫,216,8,八荒,89,物品,,'=1/60,exact_formula,1/60,'=E8,SPB:AUTO_BOOST;小怪装备分母x3,dpv2.direct.m216.slot_039
牛魔侍卫,216,9,凌风,92,物品,,'=1/60,exact_formula,1/60,'=E9,SPB:AUTO_BOOST;小怪装备分母x3,dpv2.direct.m216.slot_042
牛魔侍卫,216,10,凤凰明珠,163,物品,,'=1/60,exact_formula,1/60,'=E10,SPB:AUTO_BOOST;小怪装备分母x3,dpv2.direct.m216.slot_046
牛魔侍卫,216,11,半月,91,物品,,'=1/60,exact_formula,1/60,'=E11,SPB:AUTO_BOOST;小怪装备分母x3,dpv2.direct.m216.slot_040
牛魔侍卫,216,12,坚固手套,182,物品,,'=1/60,exact_formula,1/60,'=E12,SPB:AUTO_BOOST;小怪装备分母x3,dpv2.direct.m216.slot_047
牛魔侍卫,216,13,小手镯,175,物品,,'=1/60,exact_formula,1/60,'=E13,SPB:AUTO_BOOST;小怪装备分母x3,dpv2.direct.m216.slot_038
牛魔侍卫,216,14,斩马刀,94,物品,,'=1/60,exact_formula,1/60,'=E14,SPB:AUTO_BOOST;小怪装备分母x3,dpv2.direct.m216.slot_032
牛魔侍卫,216,15,海魂,90,物品,,'=1/60,exact_formula,1/60,'=E15,SPB:AUTO_BOOST;小怪装备分母x3,dpv2.direct.m216.slot_041
牛魔侍卫,216,16,灯笼项链,164,物品,,'=1/60,exact_formula,1/60,'=E16,SPB:AUTO_BOOST;小怪装备分母x3,dpv2.direct.m216.slot_049
牛魔侍卫,216,17,珍珠戒指,205,物品,,'=1/60,exact_formula,1/60,'=E17,SPB:AUTO_BOOST;小怪装备分母x3,dpv2.direct.m216.slot_030
牛魔侍卫,216,18,琥珀项链,162,物品,,'=1/60,exact_formula,1/60,'=E18,SPB:AUTO_BOOST;小怪装备分母x3,dpv2.direct.m216.slot_045
牛魔侍卫,216,19,生铁戒指,201,物品,,'=1/60,exact_formula,1/60,'=E19,SPB:AUTO_BOOST;小怪装备分母x3,dpv2.direct.m216.slot_034
牛魔侍卫,216,20,白色虎齿项链,159,物品,,'=1/60,exact_formula,1/60,'=E20,SPB:AUTO_BOOST;小怪装备分母x3,dpv2.direct.m216.slot_035
牛魔侍卫,216,21,白金项链,155,物品,,'=1/60,exact_formula,1/60,'=E21,SPB:AUTO_BOOST;小怪装备分母x3,dpv2.direct.m216.slot_036
牛魔侍卫,216,22,破魂,93,物品,,'=1/60,exact_formula,1/60,'=E22,SPB:AUTO_BOOST;小怪装备分母x3,dpv2.direct.m216.slot_031
牛魔侍卫,216,23,蓝色水晶戒指,202,物品,,'=1/60,exact_formula,1/60,'=E23,SPB:AUTO_BOOST;小怪装备分母x3,dpv2.direct.m216.slot_043
牛魔侍卫,216,24,蛇眼戒指,204,物品,,'=1/60,exact_formula,1/60,'=E24,SPB:AUTO_BOOST;小怪装备分母x3,dpv2.direct.m216.slot_029
牛魔侍卫,216,25,道士手镯,185,物品,,'=1/60,exact_formula,1/60,'=E25,SPB:AUTO_BOOST;小怪装备分母x3,dpv2.direct.m216.slot_025
牛魔侍卫,216,26,降魔,96,物品,,'=1/60,exact_formula,1/60,'=E26,SPB:AUTO_BOOST;小怪装备分母x3,dpv2.direct.m216.slot_027
牛魔侍卫,216,27,骷髅戒指,207,物品,,'=1/60,exact_formula,1/60,'=E27,SPB:AUTO_BOOST;小怪装备分母x3,dpv2.direct.m216.slot_037
牛魔侍卫,216,28,魔力手镯,186,物品,,'=1/60,exact_formula,1/60,'=E28,SPB:AUTO_BOOST;小怪装备分母x3,dpv2.direct.m216.slot_048
牛魔侍卫,216,29,魔法手镯,183,物品,,'=1/60,exact_formula,1/60,'=E29,SPB:AUTO_BOOST;小怪装备分母x3,dpv2.direct.m216.v505_0049
牛魔侍卫,216,30,魔鬼项链,161,物品,,'=1/60,exact_formula,1/60,'=E30,SPB:AUTO_BOOST;小怪装备分母x3,dpv2.direct.m216.slot_044
牛魔侍卫,216,31,黑檀手镯,184,物品,,'=1/60,exact_formula,1/60,'=E31,SPB:AUTO_BOOST;小怪装备分母x3,dpv2.direct.m216.slot_026
牛魔侍卫,216,32,黑色水晶戒指,203,物品,,'=1/60,exact_formula,1/60,'=E32,SPB:AUTO_BOOST;小怪装备分母x3,dpv2.direct.m216.slot_028
牛魔侍卫,216,33,灵魂战衣(男),127,物品,,'=1/60,exact_formula,1/60,'=E33,SPB:AUTO_BOOST;小怪装备分母x3,dpv2.direct.m216.slot_016
牛魔侍卫,216,34,灵魂战衣(男),126,物品,,'=1/60,exact_formula,1/60,'=E34,SPB:AUTO_BOOST;小怪装备分母x3,dpv2.direct.m216.slot_017
牛魔侍卫,216,35,蓝翡翠项链,165,物品,,'=1/60,exact_formula,1/60,'=E35,SPB:AUTO_BOOST;小怪装备分母x3,dpv2.direct.m216.slot_021
牛魔侍卫,216,36,道德戒指,209,物品,,'=1/60,exact_formula,1/60,'=E36,SPB:AUTO_BOOST;小怪装备分母x3,dpv2.direct.m216.slot_023
牛魔侍卫,216,37,重盔甲(男),122,物品,,'=1/60,exact_formula,1/60,'=E37,SPB:AUTO_BOOST;小怪装备分母x3,dpv2.direct.m216.slot_014
牛魔侍卫,216,38,重盔甲(男),123,物品,,'=1/60,exact_formula,1/60,'=E38,SPB:AUTO_BOOST;小怪装备分母x3,dpv2.direct.m216.slot_015
牛魔侍卫,216,39,金戒指,206,物品,,'=1/60,exact_formula,1/60,'=E39,SPB:AUTO_BOOST;小怪装备分母x3,dpv2.direct.m216.slot_020
牛魔侍卫,216,40,金手镯,188,物品,,'=1/60,exact_formula,1/60,'=E40,SPB:AUTO_BOOST;小怪装备分母x3,dpv2.direct.m216.slot_022
牛魔侍卫,216,41,魅力戒指,208,物品,,'=1/60,exact_formula,1/60,'=E41,SPB:AUTO_BOOST;小怪装备分母x3,dpv2.direct.m216.slot_024
牛魔侍卫,216,42,魔法长袍(男),124,物品,,'=1/60,exact_formula,1/60,'=E42,SPB:AUTO_BOOST;小怪装备分母x3,dpv2.direct.m216.slot_018
牛魔侍卫,216,43,魔法长袍(男),125,物品,,'=1/60,exact_formula,1/60,'=E43,SPB:AUTO_BOOST;小怪装备分母x3,dpv2.direct.m216.slot_019
牛魔侍卫,216,44,万年雪霜,920001,物品,,'=1/60,exact_formula,1/60,'=E44,SPB:BYPASS_COMMON_RECOVERY,dpv2.direct.m216.slot_004
牛魔侍卫,216,45,超级金创药,920017,物品,,'=1/3,exact_formula,1/3,'=E45,SPB:BYPASS_COMMON_RECOVERY,dpv2.direct.m216.slot_002
牛魔侍卫,216,46,修罗,97,物品,,'=1/60,exact_formula,1/60,'=E46,SPB:AUTO_BOOST;小怪装备分母x3,dpv2.direct.m216.slot_013
牛魔侍卫,216,47,凝霜,98,物品,,'=1/60,exact_formula,1/60,'=E47,SPB:AUTO_BOOST;小怪装备分母x3,dpv2.direct.m216.slot_008
牛魔侍卫,216,48,放大镜,166,物品,,'=1/60,exact_formula,1/60,'=E48,SPB:AUTO_BOOST;小怪装备分母x3,dpv2.direct.m216.slot_005
牛魔侍卫,216,49,死神手套,187,物品,,'=1/60,exact_formula,1/60,'=E49,SPB:AUTO_BOOST;小怪装备分母x3,dpv2.direct.m216.slot_012
牛魔侍卫,216,50,竹笛,167,物品,,'=1/60,exact_formula,1/60,'=E50,SPB:AUTO_BOOST;小怪装备分母x3,dpv2.direct.m216.slot_006
牛魔侍卫,216,51,道士头盔,149,物品,,'=1/60,exact_formula,1/60,'=E51,SPB:AUTO_BOOST;小怪装备分母x3,dpv2.direct.m216.slot_007
牛魔侍卫,216,52,骷髅头盔,150,物品,,'=1/60,exact_formula,1/60,'=E52,SPB:AUTO_BOOST;小怪装备分母x3,dpv2.direct.m216.slot_011
牛魔侍卫,216,53,超级魔法药,920042,物品,,'=1/60,exact_formula,1/60,'=E53,SPB:BYPASS_COMMON_RECOVERY,dpv2.direct.m216.slot_003
牛魔侍卫,216,54,珊瑚戒指,210,物品,,'=1/60,exact_formula,1/60,'=E54,SPB:AUTO_BOOST;小怪装备分母x3,dpv2.direct.m216.slot_009
牛魔侍卫,216,55,降妖除魔戒指,211,物品,,'=1/60,exact_formula,1/60,'=E55,SPB:AUTO_BOOST;小怪装备分母x3,dpv2.direct.m216.slot_010
牛魔将军,218,6,太阳水,920014,物品,,'=1/2,exact_formula,1/2,'=E6,SPB:BYPASS_COMMON_RECOVERY,dpv2.direct.m218.v505_0010
牛魔将军,218,7,强效太阳水 ×2,920016,物品,,'=1/2,exact_formula,1/2,'=E7,SPB:BYPASS_COMMON_RECOVERY,dpv2.direct.m218.slot_008 等2个独立槽
牛魔将军,218,8,金币,,金币,20000,'=1/10,exact_formula,1/10,'=E8,SPB:BYPASS_GOLD,dpv2.direct.m218.v505_0001
牛魔将军,218,9,幽灵战衣(男),133,物品,,'=1/60,exact_formula,1/60,'=E9,SPB:AUTO_BOOST;SPB_CEILING_1_20;小怪装备分母x3,dpv2.direct.m218.slot_037
牛魔将军,218,11,恶魔长袍(男),130,物品,,'=1/60,exact_formula,1/60,'=E11,SPB:AUTO_BOOST;SPB_CEILING_1_20;小怪装备分母x3,dpv2.direct.m218.slot_039
牛魔将军,218,13,战神盔甲(男),128,物品,,'=1/60,exact_formula,1/60,'=E13,SPB:AUTO_BOOST;SPB_CEILING_1_20;小怪装备分母x3,dpv2.direct.m218.slot_035
牛魔将军,218,15,炼狱,99,物品,,'=1/60,exact_formula,1/60,'=E15,SPB:AUTO_BOOST;小怪装备分母x3,dpv2.direct.m218.slot_041
牛魔将军,218,16,银蛇,101,物品,,'=1/60,exact_formula,1/60,'=E16,SPB:AUTO_BOOST;小怪装备分母x3,dpv2.direct.m218.slot_043
牛魔将军,218,17,魔杖,100,物品,,'=1/60,exact_formula,1/60,'=E17,SPB:AUTO_BOOST;小怪装备分母x3,dpv2.direct.m218.slot_042
牛魔将军,218,18,困魔咒,920008,物品,,'=1/30,exact_formula,1/30,'=E18,SPB:BYPASS_UNCLASSIFIED,dpv2.direct.m218.slot_046
牛魔将军,218,19,地狱雷光,920011,物品,,'=1/30,exact_formula,1/30,'=E19,SPB:BYPASS_UNCLASSIFIED,dpv2.direct.m218.slot_045
牛魔将军,218,20,野蛮冲撞,920043,物品,,'=1/30,exact_formula,1/30,'=E20,SPB:BYPASS_UNCLASSIFIED,dpv2.direct.m218.slot_047
牛魔将军,218,21,魔法盾,920051,物品,,'=1/30,exact_formula,1/30,'=E21,SPB:BYPASS_UNCLASSIFIED,dpv2.direct.m218.slot_048
牛魔将军,218,22,体力强效神水,910001,物品,,'=1/60,exact_formula,1/60,'=E22,SPB:AUTO_BOOST;SPB_CEILING_1_20;小怪神水分母x6,dpv2.direct.m218.v505_0006
牛魔将军,218,23,攻击神水,910004,物品,,'=1/60,exact_formula,1/60,'=E23,SPB:AUTO_BOOST;SPB_CEILING_1_20;小怪神水分母x6,dpv2.direct.m218.slot_002
牛魔将军,218,24,疾风神水,910003,物品,,'=1/60,exact_formula,1/60,'=E24,SPB:AUTO_BOOST;SPB_CEILING_1_20;小怪神水分母x6,dpv2.direct.m218.v505_0005
牛魔将军,218,25,精神神水,910006,物品,,'=1/60,exact_formula,1/60,'=E25,SPB:AUTO_BOOST;SPB_CEILING_1_20;小怪神水分母x6,dpv2.direct.m218.slot_004
牛魔将军,218,26,魔力强效神水,910002,物品,,'=1/60,exact_formula,1/60,'=E26,SPB:AUTO_BOOST;SPB_CEILING_1_20;小怪神水分母x6,dpv2.direct.m218.v505_0007
牛魔将军,218,27,魔力神水,910005,物品,,'=1/60,exact_formula,1/60,'=E27,SPB:AUTO_BOOST;SPB_CEILING_1_20;小怪神水分母x6,dpv2.direct.m218.slot_003
牛魔将军,218,28,半月弯刀,920004,物品,,'=1/30,exact_formula,1/30,'=E28,SPB:BYPASS_UNCLASSIFIED,dpv2.direct.m218.slot_044
牛魔将军,218,29,天珠项链,170,物品,,'=1/30,exact_formula,1/30,'=E29,SPB:AUTO_BOOST;小怪装备分母x3,dpv2.direct.m218.v505_0026
牛魔将军,218,30,幽灵手套,189,物品,,'=1/30,exact_formula,1/30,'=E30,SPB:AUTO_BOOST;小怪装备分母x3,dpv2.direct.m218.v505_0029
牛魔将军,218,31,幽灵项链,168,物品,,'=1/30,exact_formula,1/30,'=E31,SPB:AUTO_BOOST;小怪装备分母x3,dpv2.direct.m218.slot_054
牛魔将军,218,32,心灵手镯,195,物品,,'=1/30,exact_formula,1/30,'=E32,SPB:AUTO_BOOST;小怪装备分母x3,dpv2.direct.m218.v505_0031
牛魔将军,218,33,思贝儿手镯,190,物品,,'=1/30,exact_formula,1/30,'=E33,SPB:AUTO_BOOST;小怪装备分母x3,dpv2.direct.m218.v505_0030
牛魔将军,218,34,生命项链,169,物品,,'=1/30,exact_formula,1/30,'=E34,SPB:AUTO_BOOST;小怪装备分母x3,dpv2.direct.m218.slot_053
牛魔将军,218,35,红宝石戒指,213,物品,,'=1/30,exact_formula,1/30,'=E35,SPB:AUTO_BOOST;小怪装备分母x3,dpv2.direct.m218.v505_0033
牛魔将军,218,36,虹魔戒指,247,物品,,'=1/60,exact_formula,1/60,'=E36,SPB:AUTO_BOOST;小怪装备分母x3,dpv2.direct.m218.slot_051
牛魔将军,218,37,虹魔手镯,248,物品,,'=1/60,exact_formula,1/60,'=E37,SPB:AUTO_BOOST;小怪装备分母x3,dpv2.direct.m218.v505_0050
牛魔将军,218,38,虹魔项链,249,物品,,'=1/60,exact_formula,1/60,'=E38,SPB:AUTO_BOOST;小怪装备分母x3,dpv2.direct.m218.slot_052
牛魔将军,218,39,记忆头盔,228,物品,,'=1/60,exact_formula,1/60,'=E39,SPB:AUTO_BOOST;小怪装备分母x3,dpv2.direct.m218.slot_055
牛魔将军,218,40,记忆项链,229,物品,,'=1/60,exact_formula,1/60,'=E40,SPB:AUTO_BOOST;小怪装备分母x3,dpv2.direct.m218.v505_0027
牛魔将军,218,41,铂金戒指,214,物品,,'=1/60,exact_formula,1/60,'=E41,SPB:AUTO_BOOST;小怪装备分母x3,dpv2.direct.m218.v505_0034
牛魔将军,218,42,魔血戒指,244,物品,,'=1/60,exact_formula,1/60,'=E42,SPB:AUTO_BOOST;小怪装备分母x3,dpv2.direct.m218.v505_0046
牛魔将军,218,43,魔血手镯,245,物品,,'=1/60,exact_formula,1/60,'=E43,SPB:AUTO_BOOST;小怪装备分母x3,dpv2.direct.m218.slot_049
牛魔将军,218,44,魔血项链,246,物品,,'=1/60,exact_formula,1/60,'=E44,SPB:AUTO_BOOST;小怪装备分母x3,dpv2.direct.m218.slot_050
牛魔将军,218,45,龙之戒指,212,物品,,'=1/30,exact_formula,1/30,'=E45,SPB:AUTO_BOOST;小怪装备分母x3,dpv2.direct.m218.v505_0032
牛魔将军,218,46,三眼手镯,191,物品,,'=1/80,exact_formula,1/80,'=E46,SPB:AUTO_BOOST;小怪装备分母x3,dpv2.direct.m218.v505_0041
牛魔将军,218,47,力量戒指,215,物品,,'=1/80,exact_formula,1/80,'=E47,SPB:AUTO_BOOST;小怪装备分母x3,dpv2.direct.m218.v505_0043
牛魔将军,218,48,恶魔铃铛,172,物品,,'=1/80,exact_formula,1/80,'=E48,SPB:AUTO_BOOST;小怪装备分母x3,dpv2.direct.m218.v505_0037
牛魔将军,218,49,泰坦戒指,217,物品,,'=1/80,exact_formula,1/80,'=E49,SPB:AUTO_BOOST;小怪装备分母x3,dpv2.direct.m218.v505_0045
牛魔将军,218,50,灵魂项链,173,物品,,'=1/80,exact_formula,1/80,'=E50,SPB:AUTO_BOOST;小怪装备分母x3,dpv2.direct.m218.v505_0038
牛魔将军,218,51,紫碧螺,216,物品,,'=1/80,exact_formula,1/80,'=E51,SPB:AUTO_BOOST;小怪装备分母x3,dpv2.direct.m218.v505_0044
牛魔将军,218,52,绿色项链,171,物品,,'=1/80,exact_formula,1/80,'=E52,SPB:AUTO_BOOST;小怪装备分母x3,dpv2.direct.m218.v505_0036
牛魔将军,218,53,阎罗手套,192,物品,,'=1/80,exact_formula,1/80,'=E53,SPB:AUTO_BOOST;小怪装备分母x3,dpv2.direct.m218.v505_0042
牛魔将军,218,54,骑士手镯,193,物品,,'=1/80,exact_formula,1/80,'=E54,SPB:AUTO_BOOST;小怪装备分母x3,dpv2.direct.m218.v505_0039
牛魔将军,218,55,黑铁头盔,151,物品,,'=1/80,exact_formula,1/80,'=E55,SPB:AUTO_BOOST;小怪装备分母x3,dpv2.direct.m218.v505_0035
牛魔将军,218,56,龙之手镯,194,物品,,'=1/80,exact_formula,1/80,'=E56,SPB:AUTO_BOOST;小怪装备分母x3,dpv2.direct.m218.v505_0040
牛魔将军,218,57,井中月,102,物品,,'=1/80,exact_formula,1/80,'=E57,SPB:AUTO_BOOST;小怪装备分母x3,dpv2.direct.m218.slot_056
牛魔将军,218,58,无极棍,104,物品,,'=1/80,exact_formula,1/80,'=E58,SPB:AUTO_BOOST;小怪装备分母x3,dpv2.direct.m218.slot_057
牛魔将军,218,59,裁决之杖,105,物品,,'=1/100,exact_formula,1/100,'=E59,SPB:AUTO_BOOST;小怪装备分母x3,dpv2.direct.m218.slot_058
牛魔将军,218,60,骨玉权杖,106,物品,,'=1/100,exact_formula,1/100,'=E60,SPB:AUTO_BOOST;小怪装备分母x3,dpv2.direct.m218.slot_059
牛魔将军,218,61,龙纹剑,107,物品,,'=1/100,exact_formula,1/100,'=E61,SPB:AUTO_BOOST;小怪装备分母x3,dpv2.direct.m218.slot_060
牛魔法师,220,6,金币,,金币,4250,'=1/3,exact_formula,1/3,'=E6,SPB:BYPASS_GOLD,dpv2.direct.m220.slot_001
牛魔法师,220,7,超级金创药,920017,物品,,'=1/10,exact_formula,1/10,'=E7,SPB:BYPASS_COMMON_RECOVERY,dpv2.direct.m220.slot_002
牛魔法师,220,8,太阳水 ×2,920014,物品,,'=1/20,exact_formula,1/20,'=E8,SPB:BYPASS_COMMON_RECOVERY,dpv2.direct.m220.slot_004 等2个独立槽
牛魔法师,220,9,超级魔法药,920042,物品,,'=1/20,exact_formula,1/20,'=E9,SPB:BYPASS_COMMON_RECOVERY,dpv2.direct.m220.slot_003
牛魔法师,220,10,偃月,95,物品,,'=1/60,exact_formula,1/60,'=E10,SPB:AUTO_BOOST;小怪装备分母x3,dpv2.direct.m220.slot_033
牛魔法师,220,11,八荒,89,物品,,'=1/60,exact_formula,1/60,'=E11,SPB:AUTO_BOOST;小怪装备分母x3,dpv2.direct.m220.v505_0042
牛魔法师,220,12,凌风,92,物品,,'=1/60,exact_formula,1/60,'=E12,SPB:AUTO_BOOST;小怪装备分母x3,dpv2.direct.m220.v505_0045
牛魔法师,220,13,凤凰明珠,163,物品,,'=1/60,exact_formula,1/60,'=E13,SPB:AUTO_BOOST;小怪装备分母x3,dpv2.direct.m220.v505_0049
牛魔法师,220,14,半月,91,物品,,'=1/60,exact_formula,1/60,'=E14,SPB:AUTO_BOOST;小怪装备分母x3,dpv2.direct.m220.v505_0043
牛魔法师,220,15,坚固手套,182,物品,,'=1/60,exact_formula,1/60,'=E15,SPB:AUTO_BOOST;小怪装备分母x3,dpv2.direct.m220.v505_0050
牛魔法师,220,16,小手镯,175,物品,,'=1/60,exact_formula,1/60,'=E16,SPB:AUTO_BOOST;小怪装备分母x3,dpv2.direct.m220.slot_038
牛魔法师,220,17,斩马刀,94,物品,,'=1/60,exact_formula,1/60,'=E17,SPB:AUTO_BOOST;小怪装备分母x3,dpv2.direct.m220.slot_032
牛魔法师,220,18,海魂,90,物品,,'=1/60,exact_formula,1/60,'=E18,SPB:AUTO_BOOST;小怪装备分母x3,dpv2.direct.m220.v505_0044
牛魔法师,220,19,灯笼项链,164,物品,,'=1/60,exact_formula,1/60,'=E19,SPB:AUTO_BOOST;小怪装备分母x3,dpv2.direct.m220.v505_0052
牛魔法师,220,20,珍珠戒指,205,物品,,'=1/60,exact_formula,1/60,'=E20,SPB:AUTO_BOOST;小怪装备分母x3,dpv2.direct.m220.slot_030
牛魔法师,220,21,琥珀项链,162,物品,,'=1/60,exact_formula,1/60,'=E21,SPB:AUTO_BOOST;小怪装备分母x3,dpv2.direct.m220.v505_0048
牛魔法师,220,22,生铁戒指,201,物品,,'=1/60,exact_formula,1/60,'=E22,SPB:AUTO_BOOST;小怪装备分母x3,dpv2.direct.m220.slot_034
牛魔法师,220,23,白色虎齿项链,159,物品,,'=1/60,exact_formula,1/60,'=E23,SPB:AUTO_BOOST;小怪装备分母x3,dpv2.direct.m220.slot_035
牛魔法师,220,24,白金项链,155,物品,,'=1/60,exact_formula,1/60,'=E24,SPB:AUTO_BOOST;小怪装备分母x3,dpv2.direct.m220.slot_036
牛魔法师,220,25,破魂,93,物品,,'=1/60,exact_formula,1/60,'=E25,SPB:AUTO_BOOST;小怪装备分母x3,dpv2.direct.m220.slot_031
牛魔法师,220,26,蓝色水晶戒指,202,物品,,'=1/60,exact_formula,1/60,'=E26,SPB:AUTO_BOOST;小怪装备分母x3,dpv2.direct.m220.v505_0046
牛魔法师,220,27,蛇眼戒指,204,物品,,'=1/60,exact_formula,1/60,'=E27,SPB:AUTO_BOOST;小怪装备分母x3,dpv2.direct.m220.slot_029
牛魔法师,220,28,道士手镯,185,物品,,'=1/60,exact_formula,1/60,'=E28,SPB:AUTO_BOOST;小怪装备分母x3,dpv2.direct.m220.slot_025
牛魔法师,220,29,降魔,96,物品,,'=1/60,exact_formula,1/60,'=E29,SPB:AUTO_BOOST;小怪装备分母x3,dpv2.direct.m220.slot_027
牛魔法师,220,30,骷髅戒指,207,物品,,'=1/60,exact_formula,1/60,'=E30,SPB:AUTO_BOOST;小怪装备分母x3,dpv2.direct.m220.slot_037
牛魔法师,220,31,魔力手镯,186,物品,,'=1/60,exact_formula,1/60,'=E31,SPB:AUTO_BOOST;小怪装备分母x3,dpv2.direct.m220.v505_0029
牛魔法师,220,32,魔法手镯,183,物品,,'=1/60,exact_formula,1/60,'=E32,SPB:AUTO_BOOST;小怪装备分母x3,dpv2.direct.m220.v505_0051
牛魔法师,220,33,魔鬼项链,161,物品,,'=1/60,exact_formula,1/60,'=E33,SPB:AUTO_BOOST;小怪装备分母x3,dpv2.direct.m220.v505_0047
牛魔法师,220,34,黑檀手镯,184,物品,,'=1/60,exact_formula,1/60,'=E34,SPB:AUTO_BOOST;小怪装备分母x3,dpv2.direct.m220.slot_026
牛魔法师,220,35,黑色水晶戒指,203,物品,,'=1/60,exact_formula,1/60,'=E35,SPB:AUTO_BOOST;小怪装备分母x3,dpv2.direct.m220.slot_028
牛魔法师,220,36,万年雪霜,920001,物品,,'=1/10,exact_formula,1/10,'=E36,SPB:BYPASS_COMMON_RECOVERY,dpv2.direct.m220.slot_007
牛魔法师,220,37,灵魂战衣(男),127,物品,,'=1/60,exact_formula,1/60,'=E37,SPB:AUTO_BOOST;小怪装备分母x3,dpv2.direct.m220.slot_016
牛魔法师,220,38,灵魂战衣(男),126,物品,,'=1/60,exact_formula,1/60,'=E38,SPB:AUTO_BOOST;小怪装备分母x3,dpv2.direct.m220.slot_017
牛魔法师,220,39,蓝翡翠项链,165,物品,,'=1/60,exact_formula,1/60,'=E39,SPB:AUTO_BOOST;小怪装备分母x3,dpv2.direct.m220.slot_021
牛魔法师,220,40,道德戒指,209,物品,,'=1/60,exact_formula,1/60,'=E40,SPB:AUTO_BOOST;小怪装备分母x3,dpv2.direct.m220.slot_023
牛魔法师,220,41,重盔甲(男),122,物品,,'=1/60,exact_formula,1/60,'=E41,SPB:AUTO_BOOST;小怪装备分母x3,dpv2.direct.m220.slot_014
牛魔法师,220,43,金戒指,206,物品,,'=1/60,exact_formula,1/60,'=E43,SPB:AUTO_BOOST;小怪装备分母x3,dpv2.direct.m220.slot_020
牛魔法师,220,44,金手镯,188,物品,,'=1/60,exact_formula,1/60,'=E44,SPB:AUTO_BOOST;小怪装备分母x3,dpv2.direct.m220.slot_022
牛魔法师,220,45,魅力戒指,208,物品,,'=1/60,exact_formula,1/60,'=E45,SPB:AUTO_BOOST;小怪装备分母x3,dpv2.direct.m220.slot_024
牛魔法师,220,46,魔法长袍(男),124,物品,,'=1/60,exact_formula,1/60,'=E46,SPB:AUTO_BOOST;小怪装备分母x3,dpv2.direct.m220.slot_018
牛魔法师,220,47,魔法长袍(男),125,物品,,'=1/60,exact_formula,1/60,'=E47,SPB:AUTO_BOOST;小怪装备分母x3,dpv2.direct.m220.slot_019
牛魔法师,220,48,凝霜,98,物品,,'=1/60,exact_formula,1/60,'=E48,SPB:AUTO_BOOST;小怪装备分母x3,dpv2.direct.m220.slot_011
牛魔法师,220,49,幽灵战衣(男),133,物品,,'=1/60,exact_formula,1/60,'=E49,SPB:AUTO_BOOST;小怪装备分母x3,dpv2.direct.m220.slot_041
牛魔法师,220,51,恶魔长袍(男),130,物品,,'=1/60,exact_formula,1/60,'=E51,SPB:AUTO_BOOST;小怪装备分母x3,dpv2.direct.m220.slot_043
牛魔法师,220,52,恶魔长袍(男),131,物品,,'=1/60,exact_formula,1/60,'=E52,SPB:AUTO_BOOST;小怪装备分母x3,dpv2.direct.m220.slot_044
牛魔法师,220,53,战神盔甲(男),128,物品,,'=1/60,exact_formula,1/60,'=E53,SPB:AUTO_BOOST;小怪装备分母x3,dpv2.direct.m220.slot_039
牛魔法师,220,55,放大镜,166,物品,,'=1/60,exact_formula,1/60,'=E55,SPB:AUTO_BOOST;小怪装备分母x3,dpv2.direct.m220.slot_008
牛魔法师,220,56,竹笛,167,物品,,'=1/60,exact_formula,1/60,'=E56,SPB:AUTO_BOOST;小怪装备分母x3,dpv2.direct.m220.slot_009
牛魔法师,220,57,道士头盔,149,物品,,'=1/60,exact_formula,1/60,'=E57,SPB:AUTO_BOOST;小怪装备分母x3,dpv2.direct.m220.slot_010
牛魔法师,220,58,修罗,97,物品,,'=1/60,exact_formula,1/60,'=E58,SPB:AUTO_BOOST;小怪装备分母x3,dpv2.direct.m220.v505_0015
牛魔法师,220,59,死神手套,187,物品,,'=1/60,exact_formula,1/60,'=E59,SPB:AUTO_BOOST;小怪装备分母x3,dpv2.direct.m220.v505_0014
牛魔法师,220,60,骷髅头盔,150,物品,,'=1/60,exact_formula,1/60,'=E60,SPB:AUTO_BOOST;小怪装备分母x3,dpv2.direct.m220.v505_0013
牛魔法师,220,61,珊瑚戒指,210,物品,,'=1/60,exact_formula,1/60,'=E61,SPB:AUTO_BOOST;小怪装备分母x3,dpv2.direct.m220.slot_012
牛魔法师,220,62,降妖除魔戒指,211,物品,,'=1/60,exact_formula,1/60,'=E62,SPB:AUTO_BOOST;小怪装备分母x3,dpv2.direct.m220.slot_013
牛魔祭司,222,6,超级金创药 ×2,920017,物品,,'=1/2,exact_formula,1/2,'=E6,SPB:BYPASS_COMMON_RECOVERY,dpv2.direct.m222.slot_007 等2个独立槽
牛魔祭司,222,7,超级魔法药 ×2,920042,物品,,'=1/2,exact_formula,1/2,'=E7,SPB:BYPASS_COMMON_RECOVERY,dpv2.direct.m222.slot_008 等2个独立槽
牛魔祭司,222,8,强效太阳水 ×5,920016,物品,,'=1/3,exact_formula,1/3,'=E8,SPB:BYPASS_COMMON_RECOVERY,dpv2.direct.m222.slot_009 等5个独立槽
牛魔祭司,222,9,金币,,金币,10000,'=1/5,exact_formula,1/5,'=E9,SPB:BYPASS_GOLD,dpv2.direct.m222.v505_0001
牛魔祭司,222,10,强效太阳水 ×5,920016,物品,,'=1/6,exact_formula,1/6,'=E10,SPB:BYPASS_COMMON_RECOVERY,dpv2.direct.m222.slot_005 等5个独立槽
牛魔祭司,222,11,祝福油,920033,物品,,'=1/20,exact_formula,1/20,'=E11,SPB:AUTO_BOOST;SPB_CEILING_1_20,dpv2.direct.m222.v505_0025
牛魔祭司,222,12,修罗,97,物品,,'=1/60,exact_formula,1/60,'=E12,SPB:AUTO_BOOST;SPB_CEILING_1_20;小怪装备分母x3,dpv2.direct.m222.slot_025
牛魔祭司,222,13,凝霜,98,物品,,'=1/60,exact_formula,1/60,'=E13,SPB:AUTO_BOOST;SPB_CEILING_1_20;小怪装备分母x3,dpv2.direct.m222.slot_020
牛魔祭司,222,14,放大镜,166,物品,,'=1/60,exact_formula,1/60,'=E14,SPB:AUTO_BOOST;SPB_CEILING_1_20;小怪装备分母x3,dpv2.direct.m222.slot_017
牛魔祭司,222,15,死神手套,187,物品,,'=1/60,exact_formula,1/60,'=E15,SPB:AUTO_BOOST;SPB_CEILING_1_20;小怪装备分母x3,dpv2.direct.m222.slot_024
牛魔祭司,222,16,灵魂战衣(男),127,物品,,'=1/60,exact_formula,1/60,'=E16,SPB:AUTO_BOOST;SPB_CEILING_1_20;小怪装备分母x3,dpv2.direct.m222.slot_028
牛魔祭司,222,18,珊瑚戒指,210,物品,,'=1/60,exact_formula,1/60,'=E18,SPB:AUTO_BOOST;SPB_CEILING_1_20;小怪装备分母x3,dpv2.direct.m222.slot_021
牛魔祭司,222,19,竹笛,167,物品,,'=1/60,exact_formula,1/60,'=E19,SPB:AUTO_BOOST;SPB_CEILING_1_20;小怪装备分母x3,dpv2.direct.m222.slot_018
牛魔祭司,222,20,道士头盔,149,物品,,'=1/60,exact_formula,1/60,'=E20,SPB:AUTO_BOOST;SPB_CEILING_1_20;小怪装备分母x3,dpv2.direct.m222.slot_019
牛魔祭司,222,21,重盔甲(男),122,物品,,'=1/60,exact_formula,1/60,'=E21,SPB:AUTO_BOOST;SPB_CEILING_1_20;小怪装备分母x3,dpv2.direct.m222.slot_026
牛魔祭司,222,23,降妖除魔戒指,211,物品,,'=1/60,exact_formula,1/60,'=E23,SPB:AUTO_BOOST;SPB_CEILING_1_20;小怪装备分母x3,dpv2.direct.m222.slot_022
牛魔祭司,222,24,骷髅头盔,150,物品,,'=1/60,exact_formula,1/60,'=E24,SPB:AUTO_BOOST;SPB_CEILING_1_20;小怪装备分母x3,dpv2.direct.m222.slot_023
牛魔祭司,222,25,魔法长袍(男),124,物品,,'=1/60,exact_formula,1/60,'=E25,SPB:AUTO_BOOST;SPB_CEILING_1_20;小怪装备分母x3,dpv2.direct.m222.slot_030
牛魔祭司,222,27,体力强效神水,910001,物品,,'=1/60,exact_formula,1/60,'=E27,SPB:AUTO_BOOST;SPB_CEILING_1_20;小怪神水分母x6,dpv2.direct.m222.v505_0006
牛魔祭司,222,28,攻击神水,910004,物品,,'=1/60,exact_formula,1/60,'=E28,SPB:AUTO_BOOST;SPB_CEILING_1_20;小怪神水分母x6,dpv2.direct.m222.slot_002
牛魔祭司,222,29,疾风神水,910003,物品,,'=1/60,exact_formula,1/60,'=E29,SPB:AUTO_BOOST;SPB_CEILING_1_20;小怪神水分母x6,dpv2.direct.m222.v505_0005
牛魔祭司,222,30,精神神水,910006,物品,,'=1/60,exact_formula,1/60,'=E30,SPB:AUTO_BOOST;SPB_CEILING_1_20;小怪神水分母x6,dpv2.direct.m222.slot_004
牛魔祭司,222,31,虹魔戒指,247,物品,,'=1/60,exact_formula,1/60,'=E31,SPB:AUTO_BOOST;小怪装备分母x3,dpv2.direct.m222.slot_048
牛魔祭司,222,32,虹魔手镯,248,物品,,'=1/60,exact_formula,1/60,'=E32,SPB:AUTO_BOOST;小怪装备分母x3,dpv2.direct.m222.v505_0041
牛魔祭司,222,33,虹魔项链,249,物品,,'=1/60,exact_formula,1/60,'=E33,SPB:AUTO_BOOST;小怪装备分母x3,dpv2.direct.m222.slot_049
牛魔祭司,222,34,魔力强效神水,910002,物品,,'=1/60,exact_formula,1/60,'=E34,SPB:AUTO_BOOST;SPB_CEILING_1_20;小怪神水分母x6,dpv2.direct.m222.v505_0007
牛魔祭司,222,35,魔力神水,910005,物品,,'=1/60,exact_formula,1/60,'=E35,SPB:AUTO_BOOST;SPB_CEILING_1_20;小怪神水分母x6,dpv2.direct.m222.slot_003
牛魔祭司,222,36,魔血戒指,244,物品,,'=1/60,exact_formula,1/60,'=E36,SPB:AUTO_BOOST;小怪装备分母x3,dpv2.direct.m222.v505_0037
牛魔祭司,222,37,魔血手镯,245,物品,,'=1/60,exact_formula,1/60,'=E37,SPB:AUTO_BOOST;小怪装备分母x3,dpv2.direct.m222.slot_046
牛魔祭司,222,38,魔血项链,246,物品,,'=1/60,exact_formula,1/60,'=E38,SPB:AUTO_BOOST;小怪装备分母x3,dpv2.direct.m222.slot_047
牛魔祭司,222,39,天珠项链,170,物品,,'=1/30,exact_formula,1/30,'=E39,SPB:AUTO_BOOST;小怪装备分母x3,dpv2.direct.m222.v505_0028
牛魔祭司,222,40,幽灵手套,189,物品,,'=1/30,exact_formula,1/30,'=E40,SPB:AUTO_BOOST;小怪装备分母x3,dpv2.direct.m222.v505_0031
牛魔祭司,222,41,幽灵项链,168,物品,,'=1/30,exact_formula,1/30,'=E41,SPB:AUTO_BOOST;小怪装备分母x3,dpv2.direct.m222.slot_051
牛魔祭司,222,42,心灵手镯,195,物品,,'=1/30,exact_formula,1/30,'=E42,SPB:AUTO_BOOST;小怪装备分母x3,dpv2.direct.m222.v505_0033
牛魔祭司,222,43,思贝儿手镯,190,物品,,'=1/30,exact_formula,1/30,'=E43,SPB:AUTO_BOOST;小怪装备分母x3,dpv2.direct.m222.v505_0032
牛魔祭司,222,44,生命项链,169,物品,,'=1/30,exact_formula,1/30,'=E44,SPB:AUTO_BOOST;小怪装备分母x3,dpv2.direct.m222.slot_050
牛魔祭司,222,45,红宝石戒指,213,物品,,'=1/30,exact_formula,1/30,'=E45,SPB:AUTO_BOOST;小怪装备分母x3,dpv2.direct.m222.v505_0035
牛魔祭司,222,46,记忆头盔,228,物品,,'=1/60,exact_formula,1/60,'=E46,SPB:AUTO_BOOST;小怪装备分母x3,dpv2.direct.m222.slot_052
牛魔祭司,222,47,记忆项链,229,物品,,'=1/60,exact_formula,1/60,'=E47,SPB:AUTO_BOOST;小怪装备分母x3,dpv2.direct.m222.v505_0029
牛魔祭司,222,48,铂金戒指,214,物品,,'=1/30,exact_formula,1/30,'=E48,SPB:AUTO_BOOST;小怪装备分母x3,dpv2.direct.m222.v505_0036
牛魔祭司,222,49,龙之戒指,212,物品,,'=1/30,exact_formula,1/30,'=E49,SPB:AUTO_BOOST;小怪装备分母x3,dpv2.direct.m222.v505_0034
牛魔祭司,222,50,炼狱,99,物品,,'=1/30,exact_formula,1/30,'=E50,SPB:AUTO_BOOST;小怪装备分母x3,dpv2.direct.m222.slot_038
牛魔祭司,222,51,银蛇,101,物品,,'=1/30,exact_formula,1/30,'=E51,SPB:AUTO_BOOST;小怪装备分母x3,dpv2.direct.m222.slot_040
牛魔祭司,222,52,魔杖,100,物品,,'=1/30,exact_formula,1/30,'=E52,SPB:AUTO_BOOST;小怪装备分母x3,dpv2.direct.m222.slot_039
牛魔祭司,222,53,冰咆哮,920002,物品,,'=1/60,exact_formula,1/60,'=E53,SPB:BYPASS_UNCLASSIFIED,dpv2.direct.m222.v505_0045
牛魔祭司,222,54,召唤神兽,920005,物品,,'=1/60,exact_formula,1/60,'=E54,SPB:BYPASS_UNCLASSIFIED,dpv2.direct.m222.v505_0044
牛魔祭司,222,55,烈火剑法,920028,物品,,'=1/60,exact_formula,1/60,'=E55,SPB:BYPASS_UNCLASSIFIED,dpv2.direct.m222.v505_0043
半兽勇士,38,6,金创药(中量) ×3,920044,物品,,'=1/1,exact_formula,1/1,'=E6,SPB:BYPASS_COMMON_RECOVERY,dpv2.direct.m38.slot_004 等3个独立槽
半兽勇士,38,7,金币,,金币,5800,'=1/1,exact_formula,1/1,'=E7,SPB:BYPASS_GOLD,dpv2.direct.m38.slot_014
半兽勇士,38,8,魔法药(中量) ×3,920052,物品,,'=1/1,exact_formula,1/1,'=E8,SPB:BYPASS_COMMON_RECOVERY,dpv2.direct.m38.slot_001 等3个独立槽
半兽勇士,38,9,太阳水 ×5,920014,物品,,'=1/2,exact_formula,1/2,'=E9,SPB:BYPASS_COMMON_RECOVERY;精英Boss太阳水分母x2,dpv2.direct.m38.slot_007 等5个独立槽
半兽勇士,38,10,强效太阳水 ×2,920016,物品,,'=1/2,exact_formula,1/2,'=E10,SPB:BYPASS_COMMON_RECOVERY;精英Boss太阳水分母x2,dpv2.direct.m38.slot_012 等2个独立槽
半兽勇士,38,11,金创药(中量) ×2,920044,物品,,'=1/2,exact_formula,1/2,'=E11,SPB:BYPASS_COMMON_RECOVERY,dpv2.direct.m38.slot_017 等2个独立槽
半兽勇士,38,12,魔法药(中量) ×2,920052,物品,,'=1/2,exact_formula,1/2,'=E12,SPB:BYPASS_COMMON_RECOVERY,dpv2.direct.m38.slot_015 等2个独立槽
半兽勇士,38,13,太阳水 ×5,920014,物品,,'=1/4,exact_formula,1/4,'=E13,SPB:BYPASS_COMMON_RECOVERY;精英Boss太阳水分母x2,dpv2.direct.m38.slot_019 等5个独立槽
半兽勇士,38,14,强效太阳水 ×3,920016,物品,,'=1/4,exact_formula,1/4,'=E14,SPB:BYPASS_COMMON_RECOVERY;精英Boss太阳水分母x2,dpv2.direct.m38.slot_024 等3个独立槽
半兽勇士,38,15,八荒,89,物品,,'=1/15,exact_formula,1/15,'=E15,SPB:AUTO_BOOST,dpv2.direct.m38.slot_037
半兽勇士,38,16,凌风,92,物品,,'=1/15,exact_formula,1/15,'=E16,SPB:AUTO_BOOST,dpv2.direct.m38.slot_034
半兽勇士,38,17,凤凰明珠,163,物品,,'=1/15,exact_formula,1/15,'=E17,SPB:AUTO_BOOST,dpv2.direct.m38.slot_030
半兽勇士,38,18,半月,91,物品,,'=1/15,exact_formula,1/15,'=E18,SPB:AUTO_BOOST,dpv2.direct.m38.slot_036
半兽勇士,38,19,坚固手套,182,物品,,'=1/15,exact_formula,1/15,'=E19,SPB:AUTO_BOOST,dpv2.direct.m38.slot_029
半兽勇士,38,20,海魂,90,物品,,'=1/15,exact_formula,1/15,'=E20,SPB:AUTO_BOOST,dpv2.direct.m38.slot_035
半兽勇士,38,21,灯笼项链,164,物品,,'=1/15,exact_formula,1/15,'=E21,SPB:AUTO_BOOST,dpv2.direct.m38.slot_027
半兽勇士,38,22,琥珀项链,162,物品,,'=1/15,exact_formula,1/15,'=E22,SPB:AUTO_BOOST,dpv2.direct.m38.slot_031
半兽勇士,38,23,蓝色水晶戒指,202,物品,,'=1/15,exact_formula,1/15,'=E23,SPB:AUTO_BOOST,dpv2.direct.m38.slot_033
半兽勇士,38,24,魔法手镯,183,物品,,'=1/15,exact_formula,1/15,'=E24,SPB:AUTO_BOOST,dpv2.direct.m38.slot_028
半兽勇士,38,25,魔鬼项链,161,物品,,'=1/15,exact_formula,1/15,'=E25,SPB:AUTO_BOOST,dpv2.direct.m38.slot_032
半兽勇士,38,26,六角戒指,198,物品,,'=1/15,exact_formula,1/15,'=E26,SPB:AUTO_BOOST,dpv2.direct.m38.slot_050
半兽勇士,38,27,召唤骷髅,920006,物品,,'=1/10,exact_formula,1/10,'=E27,SPB:BYPASS_UNCLASSIFIED,dpv2.direct.m38.slot_043
半兽勇士,38,28,地狱火,920010,物品,,'=1/10,exact_formula,1/10,'=E28,SPB:BYPASS_UNCLASSIFIED,dpv2.direct.m38.slot_039
半兽勇士,38,29,大手镯,179,物品,,'=1/15,exact_formula,1/15,'=E29,SPB:AUTO_BOOST,dpv2.direct.m38.slot_045
半兽勇士,38,30,大火球,920013,物品,,'=1/15,exact_formula,1/15,'=E30,SPB:BYPASS_UNCLASSIFIED,dpv2.direct.m38.slot_044
半兽勇士,38,31,小手镯,175,物品,,'=1/15,exact_formula,1/15,'=E31,SPB:AUTO_BOOST,dpv2.direct.m38.slot_052
半兽勇士,38,32,灵魂火符,920027,物品,,'=1/15,exact_formula,1/15,'=E32,SPB:BYPASS_UNCLASSIFIED,dpv2.direct.m38.slot_041
半兽勇士,38,33,牛角戒指,200,物品,,'=1/15,exact_formula,1/15,'=E33,SPB:AUTO_BOOST,dpv2.direct.m38.slot_046
半兽勇士,38,34,玻璃戒指,199,物品,,'=1/15,exact_formula,1/15,'=E34,SPB:AUTO_BOOST,dpv2.direct.m38.slot_051
半兽勇士,38,35,皮制手套,177,物品,,'=1/15,exact_formula,1/15,'=E35,SPB:AUTO_BOOST,dpv2.direct.m38.slot_049
半兽勇士,38,36,瞬息移动,920031,物品,,'=1/15,exact_formula,1/15,'=E36,SPB:BYPASS_UNCLASSIFIED,dpv2.direct.m38.slot_042
半兽勇士,38,37,诱惑之光,920041,物品,,'=1/15,exact_formula,1/15,'=E37,SPB:BYPASS_UNCLASSIFIED,dpv2.direct.m38.slot_038
半兽勇士,38,38,钢手镯,178,物品,,'=1/15,exact_formula,1/15,'=E38,SPB:AUTO_BOOST,dpv2.direct.m38.slot_047
半兽勇士,38,39,银手镯,176,物品,,'=1/15,exact_formula,1/15,'=E39,SPB:AUTO_BOOST,dpv2.direct.m38.slot_048
半兽勇士,38,40,雷电术,920048,物品,,'=1/15,exact_formula,1/15,'=E40,SPB:BYPASS_UNCLASSIFIED,dpv2.direct.m38.slot_040
半兽勇士,38,41,青铜剑,83,物品,,'=1/15,exact_formula,1/15,'=E41,SPB:AUTO_BOOST,dpv2.direct.m38.slot_053
半兽勇士,38,42,短剑,84,物品,,'=1/15,exact_formula,1/15,'=E42,SPB:AUTO_BOOST;SPB_CEILING_1_20,dpv2.direct.m38.slot_062
半兽勇士,38,43,轻型盔甲(男),118,物品,,'=1/15,exact_formula,1/15,'=E43,SPB:AUTO_BOOST;SPB_CEILING_1_20,dpv2.direct.m38.slot_061
半兽勇士,38,45,铁剑,85,物品,,'=1/15,exact_formula,1/15,'=E45,SPB:AUTO_BOOST;SPB_CEILING_1_20,dpv2.direct.m38.slot_063
半兽勇士,38,46,青铜头盔,147,物品,,'=1/15,exact_formula,1/15,'=E46,SPB:AUTO_BOOST;SPB_CEILING_1_20,dpv2.direct.m38.slot_055
半兽勇士,38,47,青铜斧,87,物品,,'=1/15,exact_formula,1/15,'=E47,SPB:AUTO_BOOST;SPB_CEILING_1_20,dpv2.direct.m38.slot_059
半兽勇士,38,48,魔法头盔,148,物品,,'=1/15,exact_formula,1/15,'=E48,SPB:AUTO_BOOST;SPB_CEILING_1_20,dpv2.direct.m38.slot_054
半兽勇士,38,49,黄色水晶项链,158,物品,,'=1/15,exact_formula,1/15,'=E49,SPB:AUTO_BOOST;SPB_CEILING_1_20,dpv2.direct.m38.slot_057
半兽勇士,38,50,黑檀项链,157,物品,,'=1/15,exact_formula,1/15,'=E50,SPB:AUTO_BOOST;SPB_CEILING_1_20,dpv2.direct.m38.slot_058
半兽勇士,38,51,黑色水晶项链,156,物品,,'=1/15,exact_formula,1/15,'=E51,SPB:AUTO_BOOST;SPB_CEILING_1_20,dpv2.direct.m38.slot_056
骷髅战将,54,6,金币,,金币,1000,'=1/2,exact_formula,1/2,'=E6,SPB:BYPASS_GOLD,dpv2.direct.m54.slot_001
骷髅战将,54,7,体力强效神水,910001,物品,,'=1/15,exact_formula,1/15,'=E7,SPB:AUTO_BOOST,dpv2.direct.m54.slot_016
骷髅战将,54,8,六角戒指,198,物品,,'=1/15,exact_formula,1/15,'=E8,SPB:AUTO_BOOST;SPB_CEILING_1_20,dpv2.direct.m54.slot_008
骷髅战将,54,9,大手镯,179,物品,,'=1/15,exact_formula,1/15,'=E9,SPB:AUTO_BOOST;SPB_CEILING_1_20,dpv2.direct.m54.slot_013
骷髅战将,54,10,小手镯,175,物品,,'=1/15,exact_formula,1/15,'=E10,SPB:AUTO_BOOST;SPB_CEILING_1_20,dpv2.direct.m54.slot_006
骷髅战将,54,11,攻击神水,910004,物品,,'=1/15,exact_formula,1/15,'=E11,SPB:AUTO_BOOST,dpv2.direct.m54.slot_014
骷髅战将,54,12,牛角戒指,200,物品,,'=1/15,exact_formula,1/15,'=E12,SPB:AUTO_BOOST;SPB_CEILING_1_20,dpv2.direct.m54.slot_012
骷髅战将,54,13,玻璃戒指,199,物品,,'=1/15,exact_formula,1/15,'=E13,SPB:AUTO_BOOST;SPB_CEILING_1_20,dpv2.direct.m54.slot_007
骷髅战将,54,14,皮制手套,177,物品,,'=1/15,exact_formula,1/15,'=E14,SPB:AUTO_BOOST;SPB_CEILING_1_20,dpv2.direct.m54.slot_009
骷髅战将,54,15,钢手镯,178,物品,,'=1/15,exact_formula,1/15,'=E15,SPB:AUTO_BOOST;SPB_CEILING_1_20,dpv2.direct.m54.slot_011
骷髅战将,54,16,银手镯,176,物品,,'=1/15,exact_formula,1/15,'=E16,SPB:AUTO_BOOST;SPB_CEILING_1_20,dpv2.direct.m54.slot_010
骷髅战将,54,17,青铜剑,83,物品,,'=1/15,exact_formula,1/15,'=E17,SPB:AUTO_BOOST;SPB_CEILING_1_20,dpv2.direct.m54.slot_005
骷髅战将,54,18,魔力强效神水,910002,物品,,'=1/15,exact_formula,1/15,'=E18,SPB:AUTO_BOOST,dpv2.direct.m54.slot_017
骷髅战将,54,19,魔力神水,910005,物品,,'=1/15,exact_formula,1/15,'=E19,SPB:AUTO_BOOST,dpv2.direct.m54.slot_015
骷髅战将,54,20,短剑,84,物品,,'=1/15,exact_formula,1/15,'=E20,SPB:AUTO_BOOST,dpv2.direct.m54.slot_019
骷髅战将,54,21,轻型盔甲(男),118,物品,,'=1/15,exact_formula,1/15,'=E21,SPB:AUTO_BOOST,dpv2.direct.m54.slot_020
骷髅战将,54,23,铁剑,85,物品,,'=1/15,exact_formula,1/15,'=E23,SPB:AUTO_BOOST,dpv2.direct.m54.slot_018
骷髅战将,54,24,青铜头盔,147,物品,,'=1/15,exact_formula,1/15,'=E24,SPB:AUTO_BOOST,dpv2.direct.m54.slot_026
骷髅战将,54,25,青铜斧,87,物品,,'=1/15,exact_formula,1/15,'=E25,SPB:AUTO_BOOST,dpv2.direct.m54.slot_022
骷髅战将,54,26,黄色水晶项链,158,物品,,'=1/15,exact_formula,1/15,'=E26,SPB:AUTO_BOOST,dpv2.direct.m54.slot_024
骷髅战将,54,27,黑檀项链,157,物品,,'=1/15,exact_formula,1/15,'=E27,SPB:AUTO_BOOST,dpv2.direct.m54.slot_023
骷髅战将,54,28,黑色水晶项链,156,物品,,'=1/15,exact_formula,1/15,'=E28,SPB:AUTO_BOOST,dpv2.direct.m54.slot_025
骷髅战将,54,29,金创药(中量),920044,物品,,'=1/15,exact_formula,1/15,'=E29,SPB:BYPASS_COMMON_RECOVERY,dpv2.direct.m54.slot_002
骷髅战将,54,30,魔法头盔,148,物品,,'=1/15,exact_formula,1/15,'=E30,SPB:AUTO_BOOST,dpv2.direct.m54.slot_027
骷髅战将,54,31,魔法药(中量),920052,物品,,'=1/15,exact_formula,1/15,'=E31,SPB:BYPASS_COMMON_RECOVERY,dpv2.direct.m54.slot_003
骷髅战将,54,32,八荒,89,物品,,'=1/15,exact_formula,1/15,'=E32,SPB:AUTO_BOOST,dpv2.direct.m54.slot_028
骷髅战将,54,33,凌风,92,物品,,'=1/15,exact_formula,1/15,'=E33,SPB:AUTO_BOOST,dpv2.direct.m54.slot_031
骷髅战将,54,34,凤凰明珠,163,物品,,'=1/15,exact_formula,1/15,'=E34,SPB:AUTO_BOOST,dpv2.direct.m54.slot_035
骷髅战将,54,35,半月,91,物品,,'=1/15,exact_formula,1/15,'=E35,SPB:AUTO_BOOST,dpv2.direct.m54.slot_029
骷髅战将,54,36,坚固手套,182,物品,,'=1/15,exact_formula,1/15,'=E36,SPB:AUTO_BOOST,dpv2.direct.m54.slot_036
骷髅战将,54,37,海魂,90,物品,,'=1/15,exact_formula,1/15,'=E37,SPB:AUTO_BOOST,dpv2.direct.m54.slot_030
骷髅战将,54,38,灯笼项链,164,物品,,'=1/15,exact_formula,1/15,'=E38,SPB:AUTO_BOOST,dpv2.direct.m54.slot_038
骷髅战将,54,39,琥珀项链,162,物品,,'=1/15,exact_formula,1/15,'=E39,SPB:AUTO_BOOST,dpv2.direct.m54.slot_034
骷髅战将,54,40,蓝色水晶戒指,202,物品,,'=1/15,exact_formula,1/15,'=E40,SPB:AUTO_BOOST,dpv2.direct.m54.slot_032
骷髅战将,54,41,魔法手镯,183,物品,,'=1/15,exact_formula,1/15,'=E41,SPB:AUTO_BOOST,dpv2.direct.m54.slot_037
骷髅战将,54,42,魔鬼项链,161,物品,,'=1/15,exact_formula,1/15,'=E42,SPB:AUTO_BOOST,dpv2.direct.m54.slot_033
骷髅战将,54,43,太阳水,920014,物品,,'=1/5,exact_formula,1/5,'=E43,SPB:BYPASS_COMMON_RECOVERY;精英Boss太阳水分母x2,dpv2.direct.m54.slot_004
骷髅精灵,56,6,金创药(中量) ×3,920044,物品,,'=1/1,exact_formula,1/1,'=E6,SPB:BYPASS_COMMON_RECOVERY,dpv2.direct.m56.slot_024 等3个独立槽
骷髅精灵,56,7,金币,,金币,6000,'=1/1,exact_formula,1/1,'=E7,SPB:BYPASS_GOLD,dpv2.direct.m56.slot_001
骷髅精灵,56,8,魔法药(中量) ×3,920052,物品,,'=1/1,exact_formula,1/1,'=E8,SPB:BYPASS_COMMON_RECOVERY,dpv2.direct.m56.slot_029 等3个独立槽
骷髅精灵,56,9,六角戒指,198,物品,,'=1/2,exact_formula,1/2,'=E9,SPB:AUTO_BOOST,dpv2.direct.m56.slot_087
骷髅精灵,56,10,基本剑术,920012,物品,,'=1/2,exact_formula,1/2,'=E10,SPB:BYPASS_UNCLASSIFIED,dpv2.direct.m56.slot_096
骷髅精灵,56,11,大手镯,179,物品,,'=1/2,exact_formula,1/2,'=E11,SPB:AUTO_BOOST,dpv2.direct.m56.slot_092
骷髅精灵,56,12,太阳水 ×5,920014,物品,,'=1/2,exact_formula,1/2,'=E12,SPB:BYPASS_COMMON_RECOVERY;精英Boss太阳水分母x2,dpv2.direct.m56.slot_013 等5个独立槽
骷髅精灵,56,13,小手镯,175,物品,,'=1/2,exact_formula,1/2,'=E13,SPB:AUTO_BOOST,dpv2.direct.m56.slot_085
骷髅精灵,56,14,强效太阳水 ×3,920016,物品,,'=1/2,exact_formula,1/2,'=E14,SPB:BYPASS_COMMON_RECOVERY;精英Boss太阳水分母x2,dpv2.direct.m56.slot_008 等3个独立槽
骷髅精灵,56,15,治愈术,920024,物品,,'=1/2,exact_formula,1/2,'=E15,SPB:BYPASS_UNCLASSIFIED,dpv2.direct.m56.slot_095
骷髅精灵,56,16,火球术,920026,物品,,'=1/2,exact_formula,1/2,'=E16,SPB:BYPASS_UNCLASSIFIED,dpv2.direct.m56.slot_094
骷髅精灵,56,17,牛角戒指,200,物品,,'=1/2,exact_formula,1/2,'=E17,SPB:AUTO_BOOST,dpv2.direct.m56.slot_091
骷髅精灵,56,18,玻璃戒指,199,物品,,'=1/2,exact_formula,1/2,'=E18,SPB:AUTO_BOOST,dpv2.direct.m56.slot_086
骷髅精灵,56,19,皮制手套,177,物品,,'=1/2,exact_formula,1/2,'=E19,SPB:AUTO_BOOST,dpv2.direct.m56.slot_088
骷髅精灵,56,20,精神力战法,920035,物品,,'=1/2,exact_formula,1/2,'=E20,SPB:BYPASS_UNCLASSIFIED,dpv2.direct.m56.slot_093
骷髅精灵,56,21,金创药(中量) ×2,920044,物品,,'=1/2,exact_formula,1/2,'=E21,SPB:BYPASS_COMMON_RECOVERY,dpv2.direct.m56.slot_027 等2个独立槽
骷髅精灵,56,22,钢手镯,178,物品,,'=1/2,exact_formula,1/2,'=E22,SPB:AUTO_BOOST,dpv2.direct.m56.slot_090
骷髅精灵,56,23,铁剑,85,物品,,'=1/2,exact_formula,1/2,'=E23,SPB:AUTO_BOOST,dpv2.direct.m56.slot_084
骷髅精灵,56,24,银手镯,176,物品,,'=1/2,exact_formula,1/2,'=E24,SPB:AUTO_BOOST,dpv2.direct.m56.slot_089
骷髅精灵,56,25,魔法药(中量) ×2,920052,物品,,'=1/2,exact_formula,1/2,'=E25,SPB:BYPASS_COMMON_RECOVERY,dpv2.direct.m56.slot_032 等2个独立槽
骷髅精灵,56,26,抗拒火环,920020,物品,,'=1/3,exact_formula,1/3,'=E26,SPB:BYPASS_UNCLASSIFIED,dpv2.direct.m56.slot_083
骷髅精灵,56,27,短剑,84,物品,,'=1/3,exact_formula,1/3,'=E27,SPB:AUTO_BOOST,dpv2.direct.m56.slot_074
骷髅精灵,56,28,轻型盔甲(男),118,物品,,'=1/3,exact_formula,1/3,'=E28,SPB:AUTO_BOOST,dpv2.direct.m56.slot_075
骷髅精灵,56,29,轻型盔甲(男),119,物品,,'=1/3,exact_formula,1/3,'=E29,SPB:AUTO_BOOST,dpv2.direct.m56.slot_076
骷髅精灵,56,30,铁剑,85,物品,,'=1/3,exact_formula,1/3,'=E30,SPB:AUTO_BOOST,dpv2.direct.m56.slot_073
骷髅精灵,56,31,青铜头盔,147,物品,,'=1/3,exact_formula,1/3,'=E31,SPB:AUTO_BOOST,dpv2.direct.m56.slot_081
骷髅精灵,56,32,青铜斧,87,物品,,'=1/3,exact_formula,1/3,'=E32,SPB:AUTO_BOOST,dpv2.direct.m56.slot_077
骷髅精灵,56,33,魔法头盔,148,物品,,'=1/3,exact_formula,1/3,'=E33,SPB:AUTO_BOOST,dpv2.direct.m56.slot_082
骷髅精灵,56,34,黄色水晶项链,158,物品,,'=1/3,exact_formula,1/3,'=E34,SPB:AUTO_BOOST,dpv2.direct.m56.slot_079
骷髅精灵,56,35,黑檀项链,157,物品,,'=1/3,exact_formula,1/3,'=E35,SPB:AUTO_BOOST,dpv2.direct.m56.slot_078
骷髅精灵,56,36,黑色水晶项链,156,物品,,'=1/3,exact_formula,1/3,'=E36,SPB:AUTO_BOOST,dpv2.direct.m56.slot_080
骷髅精灵,56,37,太阳水 ×6,920014,物品,,'=1/4,exact_formula,1/4,'=E37,SPB:BYPASS_COMMON_RECOVERY;精英Boss太阳水分母x2,dpv2.direct.m56.slot_018 等6个独立槽
骷髅精灵,56,38,强效太阳水 ×2,920016,物品,,'=1/4,exact_formula,1/4,'=E38,SPB:BYPASS_COMMON_RECOVERY;精英Boss太阳水分母x2,dpv2.direct.m56.slot_011 等2个独立槽
骷髅精灵,56,39,八荒,89,物品,,'=1/5,exact_formula,1/5,'=E39,SPB:AUTO_BOOST,dpv2.direct.m56.slot_058
骷髅精灵,56,40,凌风,92,物品,,'=1/5,exact_formula,1/5,'=E40,SPB:AUTO_BOOST,dpv2.direct.m56.slot_061
骷髅精灵,56,41,凤凰明珠,163,物品,,'=1/5,exact_formula,1/5,'=E41,SPB:AUTO_BOOST,dpv2.direct.m56.slot_065
骷髅精灵,56,42,半月,91,物品,,'=1/5,exact_formula,1/5,'=E42,SPB:AUTO_BOOST,dpv2.direct.m56.slot_059
骷髅精灵,56,43,地狱火,920010,物品,,'=1/5,exact_formula,1/5,'=E43,SPB:BYPASS_UNCLASSIFIED,dpv2.direct.m56.slot_070
骷髅精灵,56,44,坚固手套,182,物品,,'=1/5,exact_formula,1/5,'=E44,SPB:AUTO_BOOST,dpv2.direct.m56.slot_066
骷髅精灵,56,45,海魂,90,物品,,'=1/5,exact_formula,1/5,'=E45,SPB:AUTO_BOOST,dpv2.direct.m56.slot_060
骷髅精灵,56,46,灯笼项链,164,物品,,'=1/5,exact_formula,1/5,'=E46,SPB:AUTO_BOOST,dpv2.direct.m56.slot_068
骷髅精灵,56,47,灵魂火符,920027,物品,,'=1/5,exact_formula,1/5,'=E47,SPB:BYPASS_UNCLASSIFIED,dpv2.direct.m56.slot_072
骷髅精灵,56,48,琥珀项链,162,物品,,'=1/5,exact_formula,1/5,'=E48,SPB:AUTO_BOOST,dpv2.direct.m56.slot_064
骷髅精灵,56,49,蓝色水晶戒指,202,物品,,'=1/5,exact_formula,1/5,'=E49,SPB:AUTO_BOOST,dpv2.direct.m56.slot_062
骷髅精灵,56,50,诱惑之光,920041,物品,,'=1/5,exact_formula,1/5,'=E50,SPB:BYPASS_UNCLASSIFIED,dpv2.direct.m56.slot_069
骷髅精灵,56,51,雷电术,920048,物品,,'=1/5,exact_formula,1/5,'=E51,SPB:BYPASS_UNCLASSIFIED,dpv2.direct.m56.slot_071
骷髅精灵,56,52,魔法手镯,183,物品,,'=1/5,exact_formula,1/5,'=E52,SPB:AUTO_BOOST,dpv2.direct.m56.slot_067
骷髅精灵,56,53,魔鬼项链,161,物品,,'=1/5,exact_formula,1/5,'=E53,SPB:AUTO_BOOST,dpv2.direct.m56.slot_063
骷髅精灵,56,54,偃月,95,物品,,'=1/10,exact_formula,1/10,'=E54,SPB:AUTO_BOOST,dpv2.direct.m56.slot_043
骷髅精灵,56,55,召唤骷髅,920006,物品,,'=1/10,exact_formula,1/10,'=E55,SPB:BYPASS_UNCLASSIFIED,dpv2.direct.m56.slot_051
骷髅精灵,56,56,大火球,920013,物品,,'=1/10,exact_formula,1/10,'=E56,SPB:BYPASS_UNCLASSIFIED,dpv2.direct.m56.slot_050
骷髅精灵,56,57,小手镯,175,物品,,'=1/10,exact_formula,1/10,'=E57,SPB:AUTO_BOOST,dpv2.direct.m56.slot_048
骷髅精灵,56,58,幽灵盾,920015,物品,,'=1/10,exact_formula,1/10,'=E58,SPB:BYPASS_UNCLASSIFIED,dpv2.direct.m56.slot_057
骷髅精灵,56,59,攻杀剑术,920021,物品,,'=1/10,exact_formula,1/10,'=E59,SPB:BYPASS_UNCLASSIFIED,dpv2.direct.m56.slot_054
骷髅精灵,56,60,斩马刀,94,物品,,'=1/10,exact_formula,1/10,'=E60,SPB:AUTO_BOOST,dpv2.direct.m56.slot_042
骷髅精灵,56,61,灵魂火符,920027,物品,,'=1/10,exact_formula,1/10,'=E61,SPB:BYPASS_UNCLASSIFIED,dpv2.direct.m56.slot_049
骷髅精灵,56,62,爆裂火焰,920029,物品,,'=1/10,exact_formula,1/10,'=E62,SPB:BYPASS_UNCLASSIFIED,dpv2.direct.m56.slot_056
骷髅精灵,56,63,珍珠戒指,205,物品,,'=1/10,exact_formula,1/10,'=E63,SPB:AUTO_BOOST,dpv2.direct.m56.slot_040
骷髅精灵,56,64,生铁戒指,201,物品,,'=1/10,exact_formula,1/10,'=E64,SPB:AUTO_BOOST,dpv2.direct.m56.slot_044
骷髅精灵,56,65,白色虎齿项链,159,物品,,'=1/10,exact_formula,1/10,'=E65,SPB:AUTO_BOOST,dpv2.direct.m56.slot_045
骷髅精灵,56,66,白金项链,155,物品,,'=1/10,exact_formula,1/10,'=E66,SPB:AUTO_BOOST,dpv2.direct.m56.slot_046
骷髅精灵,56,67,瞬息移动,920031,物品,,'=1/10,exact_formula,1/10,'=E67,SPB:BYPASS_UNCLASSIFIED,dpv2.direct.m56.slot_052
骷髅精灵,56,68,破魂,93,物品,,'=1/10,exact_formula,1/10,'=E68,SPB:AUTO_BOOST,dpv2.direct.m56.slot_041
骷髅精灵,56,69,蛇眼戒指,204,物品,,'=1/10,exact_formula,1/10,'=E69,SPB:AUTO_BOOST,dpv2.direct.m56.slot_039
骷髅精灵,56,70,道士手镯,185,物品,,'=1/10,exact_formula,1/10,'=E70,SPB:AUTO_BOOST,dpv2.direct.m56.slot_034
骷髅精灵,56,71,降魔,96,物品,,'=1/10,exact_formula,1/10,'=E71,SPB:AUTO_BOOST,dpv2.direct.m56.slot_037
骷髅精灵,56,72,隐身术,920046,物品,,'=1/10,exact_formula,1/10,'=E72,SPB:BYPASS_UNCLASSIFIED,dpv2.direct.m56.slot_053
骷髅精灵,56,73,集体隐身术,920047,物品,,'=1/10,exact_formula,1/10,'=E73,SPB:BYPASS_UNCLASSIFIED,dpv2.direct.m56.slot_055
骷髅精灵,56,74,骷髅戒指,207,物品,,'=1/10,exact_formula,1/10,'=E74,SPB:AUTO_BOOST,dpv2.direct.m56.slot_047
骷髅精灵,56,75,魔力手镯,186,物品,,'=1/10,exact_formula,1/10,'=E75,SPB:AUTO_BOOST,dpv2.direct.m56.slot_036
骷髅精灵,56,76,黑檀手镯,184,物品,,'=1/10,exact_formula,1/10,'=E76,SPB:AUTO_BOOST,dpv2.direct.m56.slot_035
骷髅精灵,56,77,黑色水晶戒指,203,物品,,'=1/10,exact_formula,1/10,'=E77,SPB:AUTO_BOOST,dpv2.direct.m56.slot_038
骷髅精灵,56,78,体力强效神水,910001,物品,,'=1/20,exact_formula,1/20,'=E78,SPB:AUTO_BOOST;SPB_CEILING_1_20,dpv2.direct.m56.slot_006
骷髅精灵,56,79,攻击神水,910004,物品,,'=1/20,exact_formula,1/20,'=E79,SPB:AUTO_BOOST;SPB_CEILING_1_20,dpv2.direct.m56.slot_002
骷髅精灵,56,80,疾风神水,910003,物品,,'=1/20,exact_formula,1/20,'=E80,SPB:AUTO_BOOST;SPB_CEILING_1_20,dpv2.direct.m56.slot_005
骷髅精灵,56,81,精神神水,910006,物品,,'=1/20,exact_formula,1/20,'=E81,SPB:AUTO_BOOST;SPB_CEILING_1_20,dpv2.direct.m56.slot_004
骷髅精灵,56,82,魔力强效神水,910002,物品,,'=1/20,exact_formula,1/20,'=E82,SPB:AUTO_BOOST;SPB_CEILING_1_20,dpv2.direct.m56.slot_007
骷髅精灵,56,83,魔力神水,910005,物品,,'=1/20,exact_formula,1/20,'=E83,SPB:AUTO_BOOST;SPB_CEILING_1_20,dpv2.direct.m56.slot_003
沃玛卫士,73,6,超级金创药,920017,物品,,'=1/1,exact_formula,1/1,'=E6,SPB:BYPASS_COMMON_RECOVERY,dpv2.direct.m73.slot_012
沃玛卫士,73,7,超级魔法药,920042,物品,,'=1/1,exact_formula,1/1,'=E7,SPB:BYPASS_COMMON_RECOVERY,dpv2.direct.m73.slot_015
沃玛卫士,73,8,金创药(中量) ×2,920044,物品,,'=1/1,exact_formula,1/1,'=E8,SPB:BYPASS_COMMON_RECOVERY,dpv2.direct.m73.slot_010 等2个独立槽
沃玛卫士,73,9,金币,,金币,13500,'=1/1,exact_formula,1/1,'=E9,SPB:BYPASS_GOLD,dpv2.direct.m73.slot_001
沃玛卫士,73,10,魔法药(中量) ×2,920052,物品,,'=1/1,exact_formula,1/1,'=E10,SPB:BYPASS_COMMON_RECOVERY,dpv2.direct.m73.slot_013 等2个独立槽
沃玛卫士,73,11,太阳水 ×5,920014,物品,,'=1/2,exact_formula,1/2,'=E11,SPB:BYPASS_COMMON_RECOVERY;精英Boss太阳水分母x2,dpv2.direct.m73.slot_005 等5个独立槽
沃玛卫士,73,12,强效太阳水 ×3,920016,物品,,'=1/2,exact_formula,1/2,'=E12,SPB:BYPASS_COMMON_RECOVERY;精英Boss太阳水分母x2,dpv2.direct.m73.slot_002 等3个独立槽
沃玛卫士,73,13,超级金创药 ×2,920017,物品,,'=1/2,exact_formula,1/2,'=E13,SPB:BYPASS_COMMON_RECOVERY,dpv2.direct.m73.slot_023 等2个独立槽
沃玛卫士,73,14,超级魔法药 ×2,920042,物品,,'=1/2,exact_formula,1/2,'=E14,SPB:BYPASS_COMMON_RECOVERY,dpv2.direct.m73.slot_025 等2个独立槽
沃玛卫士,73,15,八荒,89,物品,,'=1/3,exact_formula,1/3,'=E15,SPB:AUTO_BOOST,dpv2.direct.m73.slot_027
沃玛卫士,73,16,凌风,92,物品,,'=1/3,exact_formula,1/3,'=E16,SPB:AUTO_BOOST,dpv2.direct.m73.slot_030
沃玛卫士,73,17,凤凰明珠,163,物品,,'=1/3,exact_formula,1/3,'=E17,SPB:AUTO_BOOST,dpv2.direct.m73.slot_034
沃玛卫士,73,18,半月,91,物品,,'=1/3,exact_formula,1/3,'=E18,SPB:AUTO_BOOST,dpv2.direct.m73.slot_028
沃玛卫士,73,19,地狱火,920010,物品,,'=1/3,exact_formula,1/3,'=E19,SPB:BYPASS_UNCLASSIFIED,dpv2.direct.m73.slot_040
沃玛卫士,73,20,坚固手套,182,物品,,'=1/3,exact_formula,1/3,'=E20,SPB:AUTO_BOOST,dpv2.direct.m73.slot_035
沃玛卫士,73,21,海魂,90,物品,,'=1/3,exact_formula,1/3,'=E21,SPB:AUTO_BOOST,dpv2.direct.m73.slot_029
沃玛卫士,73,22,灯笼项链,164,物品,,'=1/3,exact_formula,1/3,'=E22,SPB:AUTO_BOOST,dpv2.direct.m73.slot_037
沃玛卫士,73,23,灵魂火符,920027,物品,,'=1/3,exact_formula,1/3,'=E23,SPB:BYPASS_UNCLASSIFIED,dpv2.direct.m73.slot_038
沃玛卫士,73,24,琥珀项链,162,物品,,'=1/3,exact_formula,1/3,'=E24,SPB:AUTO_BOOST,dpv2.direct.m73.slot_033
沃玛卫士,73,25,蓝色水晶戒指,202,物品,,'=1/3,exact_formula,1/3,'=E25,SPB:AUTO_BOOST,dpv2.direct.m73.slot_031
沃玛卫士,73,26,诱惑之光,920041,物品,,'=1/3,exact_formula,1/3,'=E26,SPB:BYPASS_UNCLASSIFIED,dpv2.direct.m73.slot_041
沃玛卫士,73,27,雷电术,920048,物品,,'=1/3,exact_formula,1/3,'=E27,SPB:BYPASS_UNCLASSIFIED,dpv2.direct.m73.slot_039
沃玛卫士,73,28,魔力手镯,186,物品,,'=1/3,exact_formula,1/3,'=E28,SPB:AUTO_BOOST,dpv2.direct.m73.slot_036
沃玛卫士,73,29,魔鬼项链,161,物品,,'=1/3,exact_formula,1/3,'=E29,SPB:AUTO_BOOST,dpv2.direct.m73.slot_032
沃玛卫士,73,30,太阳水 ×5,920014,物品,,'=1/4,exact_formula,1/4,'=E30,SPB:BYPASS_COMMON_RECOVERY;精英Boss太阳水分母x2,dpv2.direct.m73.slot_018 等5个独立槽
沃玛卫士,73,31,强效太阳水 ×2,920016,物品,,'=1/4,exact_formula,1/4,'=E31,SPB:BYPASS_COMMON_RECOVERY;精英Boss太阳水分母x2,dpv2.direct.m73.slot_016 等2个独立槽
沃玛卫士,73,32,偃月,95,物品,,'=1/30,exact_formula,1/30,'=E32,SPB:AUTO_BOOST,dpv2.direct.m73.slot_051
沃玛卫士,73,33,召唤骷髅,920006,物品,,'=1/30,exact_formula,1/30,'=E33,SPB:BYPASS_UNCLASSIFIED,dpv2.direct.m73.slot_058
沃玛卫士,73,34,大火球,920013,物品,,'=1/30,exact_formula,1/30,'=E34,SPB:BYPASS_UNCLASSIFIED,dpv2.direct.m73.slot_057
沃玛卫士,73,35,小手镯,175,物品,,'=1/30,exact_formula,1/30,'=E35,SPB:AUTO_BOOST,dpv2.direct.m73.slot_056
沃玛卫士,73,36,攻杀剑术,920021,物品,,'=1/30,exact_formula,1/30,'=E36,SPB:BYPASS_UNCLASSIFIED,dpv2.direct.m73.slot_060
沃玛卫士,73,37,斩马刀,94,物品,,'=1/30,exact_formula,1/30,'=E37,SPB:AUTO_BOOST,dpv2.direct.m73.slot_050
沃玛卫士,73,38,施毒术,920022,物品,,'=1/30,exact_formula,1/30,'=E38,SPB:BYPASS_UNCLASSIFIED,dpv2.direct.m73.slot_061
沃玛卫士,73,39,珍珠戒指,205,物品,,'=1/30,exact_formula,1/30,'=E39,SPB:AUTO_BOOST,dpv2.direct.m73.slot_048
沃玛卫士,73,40,生铁戒指,201,物品,,'=1/30,exact_formula,1/30,'=E40,SPB:AUTO_BOOST,dpv2.direct.m73.slot_052
沃玛卫士,73,41,白色虎齿项链,159,物品,,'=1/30,exact_formula,1/30,'=E41,SPB:AUTO_BOOST,dpv2.direct.m73.slot_053
沃玛卫士,73,42,白金项链,155,物品,,'=1/30,exact_formula,1/30,'=E42,SPB:AUTO_BOOST,dpv2.direct.m73.slot_054
沃玛卫士,73,43,瞬息移动,920031,物品,,'=1/30,exact_formula,1/30,'=E43,SPB:BYPASS_UNCLASSIFIED,dpv2.direct.m73.slot_059
沃玛卫士,73,44,破魂,93,物品,,'=1/30,exact_formula,1/30,'=E44,SPB:AUTO_BOOST,dpv2.direct.m73.slot_049
沃玛卫士,73,45,红宝石戒指,213,物品,,'=1/30,exact_formula,1/30,'=E45,SPB:AUTO_BOOST;v80:CURRENT_ELITE_BOSS_EQUIPMENT_RARE_X4,dpv2.direct.m73.slot_084
沃玛卫士,73,46,蛇眼戒指,204,物品,,'=1/30,exact_formula,1/30,'=E46,SPB:AUTO_BOOST,dpv2.direct.m73.slot_047
沃玛卫士,73,47,道士手镯,185,物品,,'=1/30,exact_formula,1/30,'=E47,SPB:AUTO_BOOST,dpv2.direct.m73.slot_042
沃玛卫士,73,48,铂金戒指,214,物品,,'=1/30,exact_formula,1/30,'=E48,SPB:AUTO_BOOST;v80:CURRENT_ELITE_BOSS_EQUIPMENT_RARE_X4,dpv2.direct.m73.slot_085
沃玛卫士,73,49,降魔,96,物品,,'=1/30,exact_formula,1/30,'=E49,SPB:AUTO_BOOST,dpv2.direct.m73.slot_045
沃玛卫士,73,50,隐身术,920046,物品,,'=1/30,exact_formula,1/30,'=E50,SPB:BYPASS_UNCLASSIFIED,dpv2.direct.m73.slot_062
沃玛卫士,73,51,骷髅戒指,207,物品,,'=1/30,exact_formula,1/30,'=E51,SPB:AUTO_BOOST,dpv2.direct.m73.slot_055
沃玛卫士,73,52,魔力手镯,186,物品,,'=1/30,exact_formula,1/30,'=E52,SPB:AUTO_BOOST,dpv2.direct.m73.slot_044
沃玛卫士,73,53,黑檀手镯,184,物品,,'=1/30,exact_formula,1/30,'=E53,SPB:AUTO_BOOST,dpv2.direct.m73.slot_043
沃玛卫士,73,54,黑色水晶戒指,203,物品,,'=1/30,exact_formula,1/30,'=E54,SPB:AUTO_BOOST,dpv2.direct.m73.slot_046
沃玛卫士,73,55,龙之戒指,212,物品,,'=1/30,exact_formula,1/30,'=E55,SPB:AUTO_BOOST;v80:CURRENT_ELITE_BOSS_EQUIPMENT_RARE_X4,dpv2.direct.m73.slot_083
沃玛卫士,73,57,灵魂战衣(男),127,物品,,'=1/30,exact_formula,1/30,'=E57,SPB:AUTO_BOOST,dpv2.direct.m73.slot_066
沃玛卫士,73,58,蓝翡翠项链,165,物品,,'=1/30,exact_formula,1/30,'=E58,SPB:AUTO_BOOST,dpv2.direct.m73.slot_070
沃玛卫士,73,59,道德戒指,209,物品,,'=1/30,exact_formula,1/30,'=E59,SPB:AUTO_BOOST,dpv2.direct.m73.slot_072
沃玛卫士,73,60,重盔甲(男),122,物品,,'=1/30,exact_formula,1/30,'=E60,SPB:AUTO_BOOST,dpv2.direct.m73.slot_063
沃玛卫士,73,62,金戒指,206,物品,,'=1/30,exact_formula,1/30,'=E62,SPB:AUTO_BOOST,dpv2.direct.m73.slot_069
沃玛卫士,73,63,金手镯,188,物品,,'=1/30,exact_formula,1/30,'=E63,SPB:AUTO_BOOST,dpv2.direct.m73.slot_071
沃玛卫士,73,64,魅力戒指,208,物品,,'=1/30,exact_formula,1/30,'=E64,SPB:AUTO_BOOST,dpv2.direct.m73.slot_073
沃玛卫士,73,65,魔法长袍(男),124,物品,,'=1/30,exact_formula,1/30,'=E65,SPB:AUTO_BOOST,dpv2.direct.m73.slot_067
沃玛卫士,73,67,修罗,97,物品,,'=1/30,exact_formula,1/30,'=E67,SPB:AUTO_BOOST;SPB_CEILING_1_20,dpv2.direct.m73.slot_081
沃玛卫士,73,68,刺杀剑术,920003,物品,,'=1/20,exact_formula,1/20,'=E68,SPB:BYPASS_UNCLASSIFIED,dpv2.direct.m73.slot_079
沃玛卫士,73,69,幽灵盾,920015,物品,,'=1/20,exact_formula,1/20,'=E69,SPB:BYPASS_UNCLASSIFIED,dpv2.direct.m73.slot_074
沃玛卫士,73,70,死神手套,187,物品,,'=1/30,exact_formula,1/30,'=E70,SPB:AUTO_BOOST;SPB_CEILING_1_20,dpv2.direct.m73.slot_080
沃玛卫士,73,71,火墙,920025,物品,,'=1/20,exact_formula,1/20,'=E71,SPB:BYPASS_UNCLASSIFIED,dpv2.direct.m73.slot_077
沃玛卫士,73,72,爆裂火焰,920029,物品,,'=1/20,exact_formula,1/20,'=E72,SPB:BYPASS_UNCLASSIFIED,dpv2.direct.m73.slot_075
沃玛卫士,73,73,神圣战甲术,920034,物品,,'=1/20,exact_formula,1/20,'=E73,SPB:BYPASS_UNCLASSIFIED,dpv2.direct.m73.slot_078
沃玛卫士,73,74,集体隐身术,920047,物品,,'=1/20,exact_formula,1/20,'=E74,SPB:BYPASS_UNCLASSIFIED,dpv2.direct.m73.slot_076
沃玛卫士,73,75,骷髅头盔,150,物品,,'=1/30,exact_formula,1/30,'=E75,SPB:AUTO_BOOST;SPB_CEILING_1_20,dpv2.direct.m73.slot_082
沃玛卫士,73,76,困魔咒,920008,物品,,'=1/20,exact_formula,1/20,'=E76,SPB:BYPASS_UNCLASSIFIED,dpv2.direct.m73.slot_086
沃玛卫士,73,77,半月弯刀,920004,物品,,'=1/20,exact_formula,1/20,'=E77,SPB:BYPASS_UNCLASSIFIED,dpv2.direct.m73.slot_088
沃玛卫士,73,78,地狱雷光,920011,物品,,'=1/20,exact_formula,1/20,'=E78,SPB:BYPASS_UNCLASSIFIED,dpv2.direct.m73.slot_087
沃玛卫士,73,79,野蛮冲撞,920043,物品,,'=1/20,exact_formula,1/20,'=E79,SPB:BYPASS_UNCLASSIFIED,dpv2.direct.m73.slot_090
沃玛卫士,73,80,魔法盾,920051,物品,,'=1/20,exact_formula,1/20,'=E80,SPB:BYPASS_UNCLASSIFIED,dpv2.direct.m73.slot_089
沃玛卫士1,74,6,神秘戒指,220,物品,,'=1/5,exact_formula,1/5,'=E6,SPB:AUTO_BOOST;SPB_CEILING_1_20;v80:CURRENT_ELITE_BOSS_EQUIPMENT_RARE_X4,dpv2.direct.m74.slot_012
沃玛卫士1,74,7,神秘腰带,219,物品,,'=1/5,exact_formula,1/5,'=E7,SPB:AUTO_BOOST;SPB_CEILING_1_20;v80:CURRENT_ELITE_BOSS_EQUIPMENT_RARE_X4,dpv2.direct.m74.slot_014
沃玛卫士1,74,8,凝霜,98,物品,,'=1/20,exact_formula,1/20,'=E8,SPB:AUTO_BOOST;SPB_CEILING_1_20,dpv2.direct.m74.slot_021
沃玛卫士1,74,9,幽灵战衣(男),133,物品,,'=1/20,exact_formula,1/20,'=E9,SPB:AUTO_BOOST;SPB_CEILING_1_20,dpv2.direct.m74.slot_018
沃玛卫士1,74,11,恶魔长袍(男),130,物品,,'=1/20,exact_formula,1/20,'=E11,SPB:AUTO_BOOST;SPB_CEILING_1_20,dpv2.direct.m74.slot_016
沃玛卫士1,74,13,战神盔甲(男),128,物品,,'=1/20,exact_formula,1/20,'=E13,SPB:AUTO_BOOST;SPB_CEILING_1_20,dpv2.direct.m74.slot_020
沃玛卫士1,74,15,放大镜,166,物品,,'=1/20,exact_formula,1/20,'=E15,SPB:AUTO_BOOST;SPB_CEILING_1_20,dpv2.direct.m74.slot_024
沃玛卫士1,74,16,灵魂战衣(男),127,物品,,'=1/20,exact_formula,1/20,'=E16,SPB:AUTO_BOOST;SPB_CEILING_1_20,dpv2.direct.m74.slot_009
沃玛卫士1,74,17,灵魂战衣(男),126,物品,,'=1/20,exact_formula,1/20,'=E17,SPB:AUTO_BOOST;SPB_CEILING_1_20,dpv2.direct.m74.slot_008
沃玛卫士1,74,18,神秘头盔,218,物品,,'=1/20,exact_formula,1/20,'=E18,SPB:AUTO_BOOST;SPB_CEILING_1_20,dpv2.direct.m74.slot_013
沃玛卫士1,74,19,竹笛,167,物品,,'=1/20,exact_formula,1/20,'=E19,SPB:AUTO_BOOST;SPB_CEILING_1_20,dpv2.direct.m74.slot_023
沃玛卫士1,74,20,蓝翡翠项链,165,物品,,'=1/20,exact_formula,1/20,'=E20,SPB:AUTO_BOOST;SPB_CEILING_1_20,dpv2.direct.m74.slot_004
沃玛卫士1,74,21,道士头盔,149,物品,,'=1/20,exact_formula,1/20,'=E21,SPB:AUTO_BOOST;SPB_CEILING_1_20,dpv2.direct.m74.slot_022
沃玛卫士1,74,22,道德戒指,209,物品,,'=1/20,exact_formula,1/20,'=E22,SPB:AUTO_BOOST;SPB_CEILING_1_20,dpv2.direct.m74.slot_002
沃玛卫士1,74,23,重盔甲(男),122,物品,,'=1/20,exact_formula,1/20,'=E23,SPB:AUTO_BOOST;SPB_CEILING_1_20,dpv2.direct.m74.slot_011
沃玛卫士1,74,24,重盔甲(男),123,物品,,'=1/20,exact_formula,1/20,'=E24,SPB:AUTO_BOOST;SPB_CEILING_1_20,dpv2.direct.m74.slot_010
沃玛卫士1,74,25,金戒指,206,物品,,'=1/20,exact_formula,1/20,'=E25,SPB:AUTO_BOOST;SPB_CEILING_1_20,dpv2.direct.m74.slot_005
沃玛卫士1,74,26,金手镯,188,物品,,'=1/20,exact_formula,1/20,'=E26,SPB:AUTO_BOOST;SPB_CEILING_1_20,dpv2.direct.m74.slot_003
沃玛卫士1,74,27,魅力戒指,208,物品,,'=1/20,exact_formula,1/20,'=E27,SPB:AUTO_BOOST;SPB_CEILING_1_20,dpv2.direct.m74.slot_001
沃玛卫士1,74,28,魔法长袍(男),124,物品,,'=1/20,exact_formula,1/20,'=E28,SPB:AUTO_BOOST;SPB_CEILING_1_20,dpv2.direct.m74.slot_007
沃玛卫士1,74,29,魔法长袍(男),125,物品,,'=1/20,exact_formula,1/20,'=E29,SPB:AUTO_BOOST;SPB_CEILING_1_20,dpv2.direct.m74.slot_006
沃玛卫士1,74,30,修罗,97,物品,,'=1/20,exact_formula,1/20,'=E30,SPB:AUTO_BOOST,dpv2.direct.m74.slot_026
沃玛卫士1,74,31,死神手套,187,物品,,'=1/20,exact_formula,1/20,'=E31,SPB:AUTO_BOOST,dpv2.direct.m74.slot_027
沃玛卫士1,74,32,珊瑚戒指,210,物品,,'=1/20,exact_formula,1/20,'=E32,SPB:AUTO_BOOST,dpv2.direct.m74.slot_029
沃玛卫士1,74,33,降妖除魔戒指,211,物品,,'=1/20,exact_formula,1/20,'=E33,SPB:AUTO_BOOST,dpv2.direct.m74.slot_028
沃玛卫士1,74,34,骷髅头盔,150,物品,,'=1/20,exact_formula,1/20,'=E34,SPB:AUTO_BOOST,dpv2.direct.m74.slot_025
尸王,89,6,金创药(中量) ×3,920044,物品,,'=1/1,exact_formula,1/1,'=E6,SPB:BYPASS_COMMON_RECOVERY,dpv2.direct.m89.v505_0023 等3个独立槽
尸王,89,7,金币,,金币,12500,'=1/1,exact_formula,1/1,'=E7,SPB:BYPASS_GOLD,dpv2.direct.m89.v505_0001
尸王,89,8,魔法药(中量) ×3,920052,物品,,'=1/1,exact_formula,1/1,'=E8,SPB:BYPASS_COMMON_RECOVERY,dpv2.direct.m89.v505_0028 等3个独立槽
尸王,89,9,太阳水 ×5,920014,物品,,'=1/2,exact_formula,1/2,'=E9,SPB:BYPASS_COMMON_RECOVERY;精英Boss太阳水分母x2,dpv2.direct.m89.v505_0013 等5个独立槽
尸王,89,10,强效太阳水 ×3,920016,物品,,'=1/2,exact_formula,1/2,'=E10,SPB:BYPASS_COMMON_RECOVERY;精英Boss太阳水分母x2,dpv2.direct.m89.v505_0002 等3个独立槽
尸王,89,11,超级金创药 ×2,920017,物品,,'=1/2,exact_formula,1/2,'=E11,SPB:BYPASS_COMMON_RECOVERY,dpv2.direct.m89.v505_0026 等2个独立槽
尸王,89,12,超级魔法药 ×2,920042,物品,,'=1/2,exact_formula,1/2,'=E12,SPB:BYPASS_COMMON_RECOVERY,dpv2.direct.m89.v505_0031 等2个独立槽
尸王,89,13,基本剑术,920012,物品,,'=1/3,exact_formula,1/3,'=E13,SPB:BYPASS_UNCLASSIFIED,dpv2.direct.m89.v505_0079
尸王,89,14,抗拒火环,920020,物品,,'=1/3,exact_formula,1/3,'=E14,SPB:BYPASS_UNCLASSIFIED,dpv2.direct.m89.v505_0076
尸王,89,15,治愈术,920024,物品,,'=1/3,exact_formula,1/3,'=E15,SPB:BYPASS_UNCLASSIFIED,dpv2.direct.m89.v505_0078
尸王,89,16,火球术,920026,物品,,'=1/3,exact_formula,1/3,'=E16,SPB:BYPASS_UNCLASSIFIED,dpv2.direct.m89.v505_0080
尸王,89,17,精神力战法,920035,物品,,'=1/3,exact_formula,1/3,'=E17,SPB:BYPASS_UNCLASSIFIED,dpv2.direct.m89.v505_0077
尸王,89,18,太阳水 ×5,920014,物品,,'=1/4,exact_formula,1/4,'=E18,SPB:BYPASS_COMMON_RECOVERY;精英Boss太阳水分母x2,dpv2.direct.m89.v505_0018 等5个独立槽
尸王,89,19,强效太阳水 ×2,920016,物品,,'=1/4,exact_formula,1/4,'=E19,SPB:BYPASS_COMMON_RECOVERY;精英Boss太阳水分母x2,dpv2.direct.m89.v505_0005 等2个独立槽
尸王,89,20,召唤骷髅,920006,物品,,'=1/5,exact_formula,1/5,'=E20,SPB:BYPASS_UNCLASSIFIED,dpv2.direct.m89.v505_0074
尸王,89,21,地狱火,920010,物品,,'=1/5,exact_formula,1/5,'=E21,SPB:BYPASS_UNCLASSIFIED,dpv2.direct.m89.v505_0072
尸王,89,22,大火球,920013,物品,,'=1/5,exact_formula,1/5,'=E22,SPB:BYPASS_UNCLASSIFIED,dpv2.direct.m89.v505_0073
尸王,89,23,小手镯,175,物品,,'=1/5,exact_formula,1/5,'=E23,SPB:AUTO_BOOST,dpv2.direct.m89.v505_0051
尸王,89,24,施毒术,920022,物品,,'=1/5,exact_formula,1/5,'=E24,SPB:BYPASS_UNCLASSIFIED,dpv2.direct.m89.v505_0068
尸王,89,25,灵魂火符,920027,物品,,'=1/5,exact_formula,1/5,'=E25,SPB:BYPASS_UNCLASSIFIED,dpv2.direct.m89.v505_0069
尸王,89,26,瞬息移动,920031,物品,,'=1/5,exact_formula,1/5,'=E26,SPB:BYPASS_UNCLASSIFIED,dpv2.direct.m89.v505_0075
尸王,89,27,蓝色水晶戒指,202,物品,,'=1/5,exact_formula,1/5,'=E27,SPB:AUTO_BOOST,dpv2.direct.m89.v505_0047
尸王,89,28,诱惑之光,920041,物品,,'=1/5,exact_formula,1/5,'=E28,SPB:BYPASS_UNCLASSIFIED,dpv2.direct.m89.v505_0071
尸王,89,29,道士手镯,185,物品,,'=1/5,exact_formula,1/5,'=E29,SPB:AUTO_BOOST,dpv2.direct.m89.v505_0048
尸王,89,30,隐身术,920046,物品,,'=1/5,exact_formula,1/5,'=E30,SPB:BYPASS_UNCLASSIFIED,dpv2.direct.m89.v505_0067
尸王,89,31,雷电术,920048,物品,,'=1/5,exact_formula,1/5,'=E31,SPB:BYPASS_UNCLASSIFIED,dpv2.direct.m89.v505_0070
尸王,89,32,魔力手镯,186,物品,,'=1/5,exact_formula,1/5,'=E32,SPB:AUTO_BOOST,dpv2.direct.m89.v505_0050
尸王,89,33,黑檀手镯,184,物品,,'=1/5,exact_formula,1/5,'=E33,SPB:AUTO_BOOST,dpv2.direct.m89.v505_0049
尸王,89,34,幽灵盾,920015,物品,,'=1/7,exact_formula,1/7,'=E34,SPB:BYPASS_UNCLASSIFIED,dpv2.direct.m89.v505_0064
尸王,89,35,火墙,920025,物品,,'=1/7,exact_formula,1/7,'=E35,SPB:BYPASS_UNCLASSIFIED,dpv2.direct.m89.v505_0063
尸王,89,36,爆裂火焰,920029,物品,,'=1/7,exact_formula,1/7,'=E36,SPB:BYPASS_UNCLASSIFIED,dpv2.direct.m89.v505_0065
尸王,89,37,集体隐身术,920047,物品,,'=1/7,exact_formula,1/7,'=E37,SPB:BYPASS_UNCLASSIFIED,dpv2.direct.m89.v505_0066
尸王,89,38,凝霜,98,物品,,'=1/10,exact_formula,1/10,'=E38,SPB:AUTO_BOOST,dpv2.direct.m89.v505_0040
尸王,89,39,刺杀剑术,920003,物品,,'=1/12,exact_formula,1/12,'=E39,SPB:BYPASS_UNCLASSIFIED,dpv2.direct.m89.v505_0060
尸王,89,40,珍珠戒指,205,物品,,'=1/10,exact_formula,1/10,'=E40,SPB:AUTO_BOOST,dpv2.direct.m89.v505_0037
尸王,89,41,生铁戒指,201,物品,,'=1/10,exact_formula,1/10,'=E41,SPB:AUTO_BOOST,dpv2.direct.m89.v505_0038
尸王,89,42,疾光电影,920030,物品,,'=1/10,exact_formula,1/10,'=E42,SPB:BYPASS_UNCLASSIFIED,dpv2.direct.m89.v505_0062
尸王,89,43,祈祷手镯,226,物品,,'=1/60,exact_formula,1/60,'=E43,SPB:AUTO_BOOST;v80:CURRENT_ELITE_BOSS_EQUIPMENT_RARE_X4,dpv2.direct.m89.v505_0045
尸王,89,44,神圣战甲术,920034,物品,,'=1/12,exact_formula,1/12,'=E44,SPB:BYPASS_UNCLASSIFIED,dpv2.direct.m89.v505_0061
尸王,89,45,蓝翡翠项链,165,物品,,'=1/10,exact_formula,1/10,'=E45,SPB:AUTO_BOOST,dpv2.direct.m89.v505_0043
尸王,89,46,蛇眼戒指,204,物品,,'=1/10,exact_formula,1/10,'=E46,SPB:AUTO_BOOST,dpv2.direct.m89.v505_0036
尸王,89,47,记忆手镯,230,物品,,'=1/10,exact_formula,1/10,'=E47,SPB:AUTO_BOOST;v80:CURRENT_ELITE_BOSS_EQUIPMENT_RARE_X4,dpv2.direct.m89.slot_008
尸王,89,48,道德戒指,209,物品,,'=1/10,exact_formula,1/10,'=E48,SPB:AUTO_BOOST,dpv2.direct.m89.v505_0041
尸王,89,49,骷髅戒指,207,物品,,'=1/10,exact_formula,1/10,'=E49,SPB:AUTO_BOOST,dpv2.direct.m89.v505_0033
尸王,89,50,魅力戒指,208,物品,,'=1/10,exact_formula,1/10,'=E50,SPB:AUTO_BOOST,dpv2.direct.m89.v505_0042
尸王,89,51,黑色水晶戒指,203,物品,,'=1/10,exact_formula,1/10,'=E51,SPB:AUTO_BOOST,dpv2.direct.m89.v505_0035
尸王,89,52,半月弯刀,920004,物品,,'=1/12,exact_formula,1/12,'=E52,SPB:BYPASS_UNCLASSIFIED,dpv2.direct.m89.slot_003
尸王,89,53,困魔咒,920008,物品,,'=1/12,exact_formula,1/12,'=E53,SPB:BYPASS_UNCLASSIFIED,dpv2.direct.m89.slot_002
尸王,89,54,心灵启示,920018,物品,,'=1/12,exact_formula,1/12,'=E54,SPB:BYPASS_UNCLASSIFIED,dpv2.direct.m89.v505_0059
尸王,89,55,死神手套,187,物品,,'=1/10,exact_formula,1/10,'=E55,SPB:AUTO_BOOST,dpv2.direct.m89.v505_0039
尸王,89,56,珊瑚戒指,210,物品,,'=1/10,exact_formula,1/10,'=E56,SPB:AUTO_BOOST;SPB_CEILING_1_20,dpv2.direct.m89.v505_0034
尸王,89,57,体力强效神水,910001,物品,,'=1/20,exact_formula,1/20,'=E57,SPB:AUTO_BOOST,dpv2.direct.m89.v505_0011
尸王,89,58,地狱雷光,920011,物品,,'=1/12,exact_formula,1/12,'=E58,SPB:BYPASS_UNCLASSIFIED,dpv2.direct.m89.slot_004
尸王,89,59,攻击神水,910004,物品,,'=1/20,exact_formula,1/20,'=E59,SPB:AUTO_BOOST,dpv2.direct.m89.v505_0007
尸王,89,60,疾风神水,910003,物品,,'=1/20,exact_formula,1/20,'=E60,SPB:AUTO_BOOST,dpv2.direct.m89.v505_0010
尸王,89,61,精神神水,910006,物品,,'=1/20,exact_formula,1/20,'=E61,SPB:AUTO_BOOST,dpv2.direct.m89.v505_0009
尸王,89,62,野蛮冲撞,920043,物品,,'=1/12,exact_formula,1/12,'=E62,SPB:BYPASS_UNCLASSIFIED,dpv2.direct.m89.slot_001
尸王,89,63,魔力强效神水,910002,物品,,'=1/20,exact_formula,1/20,'=E63,SPB:AUTO_BOOST,dpv2.direct.m89.v505_0012
尸王,89,64,魔力神水,910005,物品,,'=1/20,exact_formula,1/20,'=E64,SPB:AUTO_BOOST,dpv2.direct.m89.v505_0008
尸王,89,65,祈祷头盔,224,物品,,'=1/60,exact_formula,1/60,'=E65,SPB:AUTO_BOOST,dpv2.direct.m89.v505_0046
尸王,89,66,群体治疗术,920036,物品,,'=1/12,exact_formula,1/12,'=E66,SPB:BYPASS_UNCLASSIFIED,dpv2.direct.m89.slot_007
尸王,89,67,魔法盾,920051,物品,,'=1/12,exact_formula,1/12,'=E67,SPB:BYPASS_UNCLASSIFIED,dpv2.direct.m89.slot_005
尸王,89,68,圣言术,920009,物品,,'=1/12,exact_formula,1/12,'=E68,SPB:BYPASS_UNCLASSIFIED,dpv2.direct.m89.slot_006
邪恶钳虫,120,6,超级金创药 ×3,920017,物品,,'=1/1,exact_formula,1/1,'=E6,SPB:BYPASS_COMMON_RECOVERY,dpv2.direct.m120.slot_018 等3个独立槽
邪恶钳虫,120,7,超级魔法药 ×3,920042,物品,,'=1/1,exact_formula,1/1,'=E7,SPB:BYPASS_COMMON_RECOVERY,dpv2.direct.m120.slot_021 等3个独立槽
邪恶钳虫,120,8,金创药(中量) ×2,920044,物品,,'=1/1,exact_formula,1/1,'=E8,SPB:BYPASS_COMMON_RECOVERY,dpv2.direct.m120.v505_0032 等2个独立槽
邪恶钳虫,120,9,金币,,金币,17500,'=1/1,exact_formula,1/1,'=E9,SPB:BYPASS_GOLD,dpv2.direct.m120.v505_0001
邪恶钳虫,120,10,魔法药(中量) ×2,920052,物品,,'=1/1,exact_formula,1/1,'=E10,SPB:BYPASS_COMMON_RECOVERY,dpv2.direct.m120.v505_0037 等2个独立槽
邪恶钳虫,120,11,八荒,89,物品,,'=1/2,exact_formula,1/2,'=E11,SPB:AUTO_BOOST,dpv2.direct.m120.slot_095
邪恶钳虫,120,12,凌风,92,物品,,'=1/2,exact_formula,1/2,'=E12,SPB:AUTO_BOOST,dpv2.direct.m120.slot_105
邪恶钳虫,120,13,凤凰明珠,163,物品,,'=1/2,exact_formula,1/2,'=E13,SPB:AUTO_BOOST,dpv2.direct.m120.v505_0117
邪恶钳虫,120,14,半月,91,物品,,'=1/2,exact_formula,1/2,'=E14,SPB:AUTO_BOOST,dpv2.direct.m120.slot_096
邪恶钳虫,120,15,坚固手套,182,物品,,'=1/2,exact_formula,1/2,'=E15,SPB:AUTO_BOOST,dpv2.direct.m120.slot_102
邪恶钳虫,120,16,太阳水 ×7,920014,物品,,'=1/2,exact_formula,1/2,'=E16,SPB:BYPASS_COMMON_RECOVERY;精英Boss太阳水分母x2,dpv2.direct.m120.v505_0018 等7个独立槽
邪恶钳虫,120,17,强效太阳水 ×5,920016,物品,,'=1/2,exact_formula,1/2,'=E17,SPB:BYPASS_COMMON_RECOVERY;精英Boss太阳水分母x2,dpv2.direct.m120.slot_008 等5个独立槽
邪恶钳虫,120,18,海魂,90,物品,,'=1/2,exact_formula,1/2,'=E18,SPB:AUTO_BOOST,dpv2.direct.m120.slot_097
邪恶钳虫,120,19,灯笼项链,164,物品,,'=1/2,exact_formula,1/2,'=E19,SPB:AUTO_BOOST,dpv2.direct.m120.slot_104
邪恶钳虫,120,20,琥珀项链,162,物品,,'=1/2,exact_formula,1/2,'=E20,SPB:AUTO_BOOST,dpv2.direct.m120.slot_100
邪恶钳虫,120,21,蓝色水晶戒指,202,物品,,'=1/2,exact_formula,1/2,'=E21,SPB:AUTO_BOOST,dpv2.direct.m120.slot_098
邪恶钳虫,120,22,超级金创药 ×5,920017,物品,,'=1/2,exact_formula,1/2,'=E22,SPB:BYPASS_COMMON_RECOVERY,dpv2.direct.m120.slot_024 等5个独立槽
邪恶钳虫,120,23,超级魔法药 ×5,920042,物品,,'=1/2,exact_formula,1/2,'=E23,SPB:BYPASS_COMMON_RECOVERY,dpv2.direct.m120.slot_029 等5个独立槽
邪恶钳虫,120,24,魔法手镯,183,物品,,'=1/30,exact_formula,1/30,'=E24,SPB:AUTO_BOOST,dpv2.direct.m120.v505_0119
邪恶钳虫,120,25,魔鬼项链,161,物品,,'=1/30,exact_formula,1/30,'=E25,SPB:AUTO_BOOST,dpv2.direct.m120.slot_099
邪恶钳虫,120,26,偃月,95,物品,,'=1/30,exact_formula,1/30,'=E26,SPB:AUTO_BOOST,dpv2.direct.m120.slot_089
邪恶钳虫,120,27,小手镯,175,物品,,'=1/30,exact_formula,1/30,'=E27,SPB:AUTO_BOOST,dpv2.direct.m120.slot_094
邪恶钳虫,120,28,斩马刀,94,物品,,'=1/30,exact_formula,1/30,'=E28,SPB:AUTO_BOOST,dpv2.direct.m120.slot_087
邪恶钳虫,120,29,珍珠戒指,205,物品,,'=1/30,exact_formula,1/30,'=E29,SPB:AUTO_BOOST,dpv2.direct.m120.slot_085
邪恶钳虫,120,30,生铁戒指,201,物品,,'=1/30,exact_formula,1/30,'=E30,SPB:AUTO_BOOST,dpv2.direct.m120.slot_090
邪恶钳虫,120,31,白色虎齿项链,159,物品,,'=1/30,exact_formula,1/30,'=E31,SPB:AUTO_BOOST,dpv2.direct.m120.slot_091
邪恶钳虫,120,32,白金项链,155,物品,,'=1/30,exact_formula,1/30,'=E32,SPB:AUTO_BOOST,dpv2.direct.m120.slot_092
邪恶钳虫,120,33,破魂,93,物品,,'=1/30,exact_formula,1/30,'=E33,SPB:AUTO_BOOST,dpv2.direct.m120.slot_086
邪恶钳虫,120,34,蛇眼戒指,204,物品,,'=1/30,exact_formula,1/30,'=E34,SPB:AUTO_BOOST,dpv2.direct.m120.slot_084
邪恶钳虫,120,35,道士手镯,185,物品,,'=1/30,exact_formula,1/30,'=E35,SPB:AUTO_BOOST,dpv2.direct.m120.slot_080
邪恶钳虫,120,36,降魔,96,物品,,'=1/30,exact_formula,1/30,'=E36,SPB:AUTO_BOOST,dpv2.direct.m120.slot_082
邪恶钳虫,120,37,骷髅戒指,207,物品,,'=1/30,exact_formula,1/30,'=E37,SPB:AUTO_BOOST,dpv2.direct.m120.slot_093
邪恶钳虫,120,38,魔力手镯,186,物品,,'=1/30,exact_formula,1/30,'=E38,SPB:AUTO_BOOST,dpv2.direct.m120.slot_103
邪恶钳虫,120,39,魔法头盔,148,物品,,'=1/30,exact_formula,1/30,'=E39,SPB:AUTO_BOOST,dpv2.direct.m120.slot_088
邪恶钳虫,120,40,黑檀手镯,184,物品,,'=1/30,exact_formula,1/30,'=E40,SPB:AUTO_BOOST,dpv2.direct.m120.slot_081
邪恶钳虫,120,41,黑色水晶戒指,203,物品,,'=1/30,exact_formula,1/30,'=E41,SPB:AUTO_BOOST,dpv2.direct.m120.slot_083
邪恶钳虫,120,42,太阳水 ×7,920014,物品,,'=1/4,exact_formula,1/4,'=E42,SPB:BYPASS_COMMON_RECOVERY;精英Boss太阳水分母x2,dpv2.direct.m120.v505_0025 等7个独立槽
邪恶钳虫,120,43,强效太阳水 ×5,920016,物品,,'=1/4,exact_formula,1/4,'=E43,SPB:BYPASS_COMMON_RECOVERY;精英Boss太阳水分母x2,dpv2.direct.m120.slot_013 等5个独立槽
邪恶钳虫,120,44,祈祷之刃,223,物品,,'=1/60,exact_formula,1/60,'=E44,SPB:AUTO_BOOST;v80:CURRENT_ELITE_BOSS_EQUIPMENT_RARE_X4,dpv2.direct.m120.slot_036
邪恶钳虫,120,45,祈祷戒指,227,物品,,'=1/60,exact_formula,1/60,'=E45,SPB:AUTO_BOOST;v80:CURRENT_ELITE_BOSS_EQUIPMENT_RARE_X4,dpv2.direct.m120.slot_034
邪恶钳虫,120,46,祈祷手镯,226,物品,,'=1/60,exact_formula,1/60,'=E46,SPB:AUTO_BOOST;v80:CURRENT_ELITE_BOSS_EQUIPMENT_RARE_X4,dpv2.direct.m120.v505_0053
邪恶钳虫,120,47,祈祷项链,225,物品,,'=1/60,exact_formula,1/60,'=E47,SPB:AUTO_BOOST;v80:CURRENT_ELITE_BOSS_EQUIPMENT_RARE_X4,dpv2.direct.m120.v505_0054
邪恶钳虫,120,48,虹魔戒指,247,物品,,'=1/60,exact_formula,1/60,'=E48,SPB:AUTO_BOOST;v80:CURRENT_ELITE_BOSS_EQUIPMENT_RARE_X4,dpv2.direct.m120.slot_047
邪恶钳虫,120,49,虹魔手镯,248,物品,,'=1/60,exact_formula,1/60,'=E49,SPB:AUTO_BOOST;v80:CURRENT_ELITE_BOSS_EQUIPMENT_RARE_X4,dpv2.direct.m120.v505_0070
邪恶钳虫,120,50,虹魔项链,249,物品,,'=1/60,exact_formula,1/60,'=E50,SPB:AUTO_BOOST;v80:CURRENT_ELITE_BOSS_EQUIPMENT_RARE_X4,dpv2.direct.m120.slot_048
邪恶钳虫,120,51,魔血戒指,244,物品,,'=1/60,exact_formula,1/60,'=E51,SPB:AUTO_BOOST;v80:CURRENT_ELITE_BOSS_EQUIPMENT_RARE_X4,dpv2.direct.m120.v505_0066
邪恶钳虫,120,52,魔血手镯,245,物品,,'=1/60,exact_formula,1/60,'=E52,SPB:AUTO_BOOST;v80:CURRENT_ELITE_BOSS_EQUIPMENT_RARE_X4,dpv2.direct.m120.slot_045
邪恶钳虫,120,53,魔血项链,246,物品,,'=1/60,exact_formula,1/60,'=E53,SPB:AUTO_BOOST;v80:CURRENT_ELITE_BOSS_EQUIPMENT_RARE_X4,dpv2.direct.m120.slot_046
邪恶钳虫,120,54,天珠项链,170,物品,,'=1/30,exact_formula,1/30,'=E54,SPB:AUTO_BOOST;v80:CURRENT_ELITE_BOSS_EQUIPMENT_RARE_X4,dpv2.direct.m120.slot_037
邪恶钳虫,120,55,幽灵项链,168,物品,,'=1/30,exact_formula,1/30,'=E55,SPB:AUTO_BOOST;v80:CURRENT_ELITE_BOSS_EQUIPMENT_RARE_X4,dpv2.direct.m120.slot_042
邪恶钳虫,120,56,炼狱,99,物品,,'=1/30,exact_formula,1/30,'=E56,SPB:AUTO_BOOST;v80:CURRENT_ELITE_BOSS_EQUIPMENT_RARE_X4,dpv2.direct.m120.slot_059
邪恶钳虫,120,57,生命项链,169,物品,,'=1/30,exact_formula,1/30,'=E57,SPB:AUTO_BOOST;v80:CURRENT_ELITE_BOSS_EQUIPMENT_RARE_X4,dpv2.direct.m120.slot_041
邪恶钳虫,120,58,记忆头盔,228,物品,,'=1/60,exact_formula,1/60,'=E58,SPB:AUTO_BOOST;v80:CURRENT_ELITE_BOSS_EQUIPMENT_RARE_X4,dpv2.direct.m120.slot_043
邪恶钳虫,120,59,银蛇,101,物品,,'=1/30,exact_formula,1/30,'=E59,SPB:AUTO_BOOST;v80:CURRENT_ELITE_BOSS_EQUIPMENT_RARE_X4,dpv2.direct.m120.slot_057
邪恶钳虫,120,60,魔杖,100,物品,,'=1/30,exact_formula,1/30,'=E60,SPB:AUTO_BOOST;v80:CURRENT_ELITE_BOSS_EQUIPMENT_RARE_X4,dpv2.direct.m120.slot_058
邪恶钳虫,120,61,体力强效神水,910001,物品,,'=1/20,exact_formula,1/20,'=E61,SPB:AUTO_BOOST;SPB_CEILING_1_20,dpv2.direct.m120.slot_006
邪恶钳虫,120,62,修罗,97,物品,,'=1/20,exact_formula,1/20,'=E62,SPB:AUTO_BOOST;SPB_CEILING_1_20,dpv2.direct.m120.slot_068
邪恶钳虫,120,63,凝霜,98,物品,,'=1/20,exact_formula,1/20,'=E63,SPB:AUTO_BOOST;SPB_CEILING_1_20,dpv2.direct.m120.slot_063
邪恶钳虫,120,64,半月弯刀,920004,物品,,'=1/20,exact_formula,1/20,'=E64,SPB:BYPASS_UNCLASSIFIED,dpv2.direct.m120.slot_053
邪恶钳虫,120,65,困魔咒,920008,物品,,'=1/20,exact_formula,1/20,'=E65,SPB:BYPASS_UNCLASSIFIED,dpv2.direct.m120.slot_049
邪恶钳虫,120,66,攻击神水,910004,物品,,'=1/20,exact_formula,1/20,'=E66,SPB:AUTO_BOOST;SPB_CEILING_1_20,dpv2.direct.m120.slot_002
邪恶钳虫,120,67,放大镜,166,物品,,'=1/20,exact_formula,1/20,'=E67,SPB:AUTO_BOOST;SPB_CEILING_1_20,dpv2.direct.m120.slot_060
邪恶钳虫,120,68,死神手套,187,物品,,'=1/20,exact_formula,1/20,'=E68,SPB:AUTO_BOOST;SPB_CEILING_1_20,dpv2.direct.m120.slot_067
邪恶钳虫,120,69,灵魂战衣(男),127,物品,,'=1/20,exact_formula,1/20,'=E69,SPB:AUTO_BOOST;SPB_CEILING_1_20,dpv2.direct.m120.slot_071
邪恶钳虫,120,71,珊瑚戒指,210,物品,,'=1/20,exact_formula,1/20,'=E71,SPB:AUTO_BOOST;SPB_CEILING_1_20,dpv2.direct.m120.slot_064
邪恶钳虫,120,72,疾风神水,910003,物品,,'=1/20,exact_formula,1/20,'=E72,SPB:AUTO_BOOST;SPB_CEILING_1_20,dpv2.direct.m120.v505_0005
邪恶钳虫,120,73,竹笛,167,物品,,'=1/20,exact_formula,1/20,'=E73,SPB:AUTO_BOOST;SPB_CEILING_1_20,dpv2.direct.m120.slot_061
邪恶钳虫,120,74,精神神水,910006,物品,,'=1/20,exact_formula,1/20,'=E74,SPB:AUTO_BOOST;SPB_CEILING_1_20,dpv2.direct.m120.slot_004
邪恶钳虫,120,75,蓝翡翠项链,165,物品,,'=1/20,exact_formula,1/20,'=E75,SPB:AUTO_BOOST;SPB_CEILING_1_20,dpv2.direct.m120.slot_076
邪恶钳虫,120,76,道士头盔,149,物品,,'=1/20,exact_formula,1/20,'=E76,SPB:AUTO_BOOST;SPB_CEILING_1_20,dpv2.direct.m120.slot_062
邪恶钳虫,120,77,道德戒指,209,物品,,'=1/20,exact_formula,1/20,'=E77,SPB:AUTO_BOOST;SPB_CEILING_1_20,dpv2.direct.m120.slot_078
邪恶钳虫,120,78,重盔甲(男),122,物品,,'=1/20,exact_formula,1/20,'=E78,SPB:AUTO_BOOST;SPB_CEILING_1_20,dpv2.direct.m120.slot_069
邪恶钳虫,120,80,野蛮冲撞,920043,物品,,'=1/20,exact_formula,1/20,'=E80,SPB:BYPASS_UNCLASSIFIED,dpv2.direct.m120.slot_055
邪恶钳虫,120,81,金戒指,206,物品,,'=1/20,exact_formula,1/20,'=E81,SPB:AUTO_BOOST;SPB_CEILING_1_20,dpv2.direct.m120.slot_075
邪恶钳虫,120,82,金手镯,188,物品,,'=1/20,exact_formula,1/20,'=E82,SPB:AUTO_BOOST;SPB_CEILING_1_20,dpv2.direct.m120.slot_077
邪恶钳虫,120,83,降妖除魔戒指,211,物品,,'=1/20,exact_formula,1/20,'=E83,SPB:AUTO_BOOST;SPB_CEILING_1_20,dpv2.direct.m120.slot_065
邪恶钳虫,120,84,骷髅头盔,150,物品,,'=1/20,exact_formula,1/20,'=E84,SPB:AUTO_BOOST;SPB_CEILING_1_20,dpv2.direct.m120.slot_066
邪恶钳虫,120,85,魅力戒指,208,物品,,'=1/20,exact_formula,1/20,'=E85,SPB:AUTO_BOOST;SPB_CEILING_1_20,dpv2.direct.m120.slot_079
邪恶钳虫,120,86,魔力强效神水,910002,物品,,'=1/20,exact_formula,1/20,'=E86,SPB:AUTO_BOOST;SPB_CEILING_1_20,dpv2.direct.m120.slot_007
邪恶钳虫,120,87,魔力神水,910005,物品,,'=1/20,exact_formula,1/20,'=E87,SPB:AUTO_BOOST;SPB_CEILING_1_20,dpv2.direct.m120.slot_003
邪恶钳虫,120,88,魔法长袍(男),124,物品,,'=1/20,exact_formula,1/20,'=E88,SPB:AUTO_BOOST;SPB_CEILING_1_20,dpv2.direct.m120.slot_073
邪恶钳虫,120,90,地狱雷光,920011,物品,,'=1/24,exact_formula,1/24,'=E90,SPB:BYPASS_UNCLASSIFIED,dpv2.direct.m120.slot_052
邪恶钳虫,120,91,祈祷头盔,224,物品,,'=1/60,exact_formula,1/60,'=E91,SPB:AUTO_BOOST,dpv2.direct.m120.slot_035
邪恶钳虫,120,92,魔法盾,920051,物品,,'=1/36,exact_formula,1/36,'=E92,SPB:BYPASS_UNCLASSIFIED,dpv2.direct.m120.slot_054
白野猪,135,6,超级金创药 ×3,920017,物品,,'=1/1,exact_formula,1/1,'=E6,SPB:BYPASS_COMMON_RECOVERY,dpv2.direct.m135.slot_015 等3个独立槽
白野猪,135,7,超级魔法药 ×3,920042,物品,,'=1/1,exact_formula,1/1,'=E7,SPB:BYPASS_COMMON_RECOVERY,dpv2.direct.m135.slot_021 等3个独立槽
白野猪,135,8,金创药(中量) ×3,920044,物品,,'=1/1,exact_formula,1/1,'=E8,SPB:BYPASS_COMMON_RECOVERY,dpv2.direct.m135.slot_012 等3个独立槽
白野猪,135,9,金币,,金币,25000,'=1/1,exact_formula,1/1,'=E9,SPB:BYPASS_GOLD,dpv2.direct.m135.slot_001
白野猪,135,10,魔法药(中量) ×3,920052,物品,,'=1/1,exact_formula,1/1,'=E10,SPB:BYPASS_COMMON_RECOVERY,dpv2.direct.m135.slot_018 等3个独立槽
白野猪,135,11,太阳水 ×5,920014,物品,,'=1/2,exact_formula,1/2,'=E11,SPB:BYPASS_COMMON_RECOVERY;精英Boss太阳水分母x2,dpv2.direct.m135.slot_007 等5个独立槽
白野猪,135,12,强效太阳水 ×5,920016,物品,,'=1/2,exact_formula,1/2,'=E12,SPB:BYPASS_COMMON_RECOVERY;精英Boss太阳水分母x2,dpv2.direct.m135.slot_002 等5个独立槽
白野猪,135,13,超级金创药 ×6,920017,物品,,'=1/2,exact_formula,1/2,'=E13,SPB:BYPASS_COMMON_RECOVERY,dpv2.direct.m135.slot_034 等6个独立槽
白野猪,135,14,超级魔法药 ×6,920042,物品,,'=1/2,exact_formula,1/2,'=E14,SPB:BYPASS_COMMON_RECOVERY,dpv2.direct.m135.slot_040 等6个独立槽
白野猪,135,15,偃月,95,物品,,'=1/3,exact_formula,1/3,'=E15,SPB:AUTO_BOOST,dpv2.direct.m135.slot_055
白野猪,135,16,小手镯,175,物品,,'=1/3,exact_formula,1/3,'=E16,SPB:AUTO_BOOST,dpv2.direct.m135.slot_060
白野猪,135,17,斩马刀,94,物品,,'=1/3,exact_formula,1/3,'=E17,SPB:AUTO_BOOST,dpv2.direct.m135.slot_054
白野猪,135,18,珍珠戒指,205,物品,,'=1/3,exact_formula,1/3,'=E18,SPB:AUTO_BOOST,dpv2.direct.m135.slot_052
白野猪,135,19,生铁戒指,201,物品,,'=1/3,exact_formula,1/3,'=E19,SPB:AUTO_BOOST,dpv2.direct.m135.slot_056
白野猪,135,20,白色虎齿项链,159,物品,,'=1/3,exact_formula,1/3,'=E20,SPB:AUTO_BOOST,dpv2.direct.m135.slot_057
白野猪,135,21,白金项链,155,物品,,'=1/3,exact_formula,1/3,'=E21,SPB:AUTO_BOOST,dpv2.direct.m135.slot_058
白野猪,135,22,破魂,93,物品,,'=1/3,exact_formula,1/3,'=E22,SPB:AUTO_BOOST,dpv2.direct.m135.slot_053
白野猪,135,23,蛇眼戒指,204,物品,,'=1/3,exact_formula,1/3,'=E23,SPB:AUTO_BOOST,dpv2.direct.m135.slot_051
白野猪,135,24,道士手镯,185,物品,,'=1/3,exact_formula,1/3,'=E24,SPB:AUTO_BOOST,dpv2.direct.m135.slot_046
白野猪,135,25,降魔 ×2,96,物品,,'=1/3,exact_formula,1/3,'=E25,SPB:AUTO_BOOST,dpv2.direct.m135.slot_049 等2个独立槽
白野猪,135,26,骷髅戒指,207,物品,,'=1/3,exact_formula,1/3,'=E26,SPB:AUTO_BOOST,dpv2.direct.m135.slot_059
白野猪,135,27,魔力手镯,186,物品,,'=1/3,exact_formula,1/3,'=E27,SPB:AUTO_BOOST,dpv2.direct.m135.slot_048
白野猪,135,28,黑檀手镯,184,物品,,'=1/3,exact_formula,1/3,'=E28,SPB:AUTO_BOOST,dpv2.direct.m135.slot_047
白野猪,135,29,黑色水晶戒指,203,物品,,'=1/3,exact_formula,1/3,'=E29,SPB:AUTO_BOOST,dpv2.direct.m135.slot_050
白野猪,135,30,太阳水 ×5,920014,物品,,'=1/4,exact_formula,1/4,'=E30,SPB:BYPASS_COMMON_RECOVERY;精英Boss太阳水分母x2,dpv2.direct.m135.slot_029 等5个独立槽
白野猪,135,31,强效太阳水 ×5,920016,物品,,'=1/4,exact_formula,1/4,'=E31,SPB:BYPASS_COMMON_RECOVERY;精英Boss太阳水分母x2,dpv2.direct.m135.slot_024 等5个独立槽
白野猪,135,32,召唤神兽,920005,物品,,'=1/5,exact_formula,1/5,'=E32,SPB:BYPASS_UNCLASSIFIED;v80:CURRENT_ELITE_BOSS_EQUIPMENT_RARE_X4,dpv2.direct.m135.slot_113
白野猪,135,33,天珠项链,170,物品,,'=1/5,exact_formula,1/5,'=E33,SPB:AUTO_BOOST;SPB_CEILING_1_20;v80:CURRENT_ELITE_BOSS_EQUIPMENT_RARE_X4,dpv2.direct.m135.slot_086
白野猪,135,34,幽灵手套,189,物品,,'=1/5,exact_formula,1/5,'=E34,SPB:AUTO_BOOST;SPB_CEILING_1_20;v80:CURRENT_ELITE_BOSS_EQUIPMENT_RARE_X4,dpv2.direct.m135.slot_089
白野猪,135,35,幽灵项链,168,物品,,'=1/5,exact_formula,1/5,'=E35,SPB:AUTO_BOOST;SPB_CEILING_1_20;v80:CURRENT_ELITE_BOSS_EQUIPMENT_RARE_X4,dpv2.direct.m135.slot_084
白野猪,135,36,心灵手镯,195,物品,,'=1/5,exact_formula,1/5,'=E36,SPB:AUTO_BOOST;SPB_CEILING_1_20;v80:CURRENT_ELITE_BOSS_EQUIPMENT_RARE_X4,dpv2.direct.m135.slot_091
白野猪,135,37,思贝儿手镯,190,物品,,'=1/5,exact_formula,1/5,'=E37,SPB:AUTO_BOOST;SPB_CEILING_1_20;v80:CURRENT_ELITE_BOSS_EQUIPMENT_RARE_X4,dpv2.direct.m135.slot_090
白野猪,135,38,灵魂战衣(男),127,物品,,'=1/5,exact_formula,1/5,'=E38,SPB:AUTO_BOOST,dpv2.direct.m135.slot_064
白野猪,135,39,灵魂战衣(男),126,物品,,'=1/5,exact_formula,1/5,'=E39,SPB:AUTO_BOOST,dpv2.direct.m135.slot_063
白野猪,135,40,炼狱,99,物品,,'=1/5,exact_formula,1/5,'=E40,SPB:AUTO_BOOST;SPB_CEILING_1_20;v80:CURRENT_ELITE_BOSS_EQUIPMENT_RARE_X4,dpv2.direct.m135.slot_104
白野猪,135,41,烈火剑法,920028,物品,,'=1/5,exact_formula,1/5,'=E41,SPB:BYPASS_UNCLASSIFIED;v80:CURRENT_ELITE_BOSS_EQUIPMENT_RARE_X4,dpv2.direct.m135.slot_112
白野猪,135,42,生命项链,169,物品,,'=1/5,exact_formula,1/5,'=E42,SPB:AUTO_BOOST;SPB_CEILING_1_20;v80:CURRENT_ELITE_BOSS_EQUIPMENT_RARE_X4,dpv2.direct.m135.slot_085
白野猪,135,43,红宝石戒指,213,物品,,'=1/5,exact_formula,1/5,'=E43,SPB:AUTO_BOOST;SPB_CEILING_1_20;v80:CURRENT_ELITE_BOSS_EQUIPMENT_RARE_X4,dpv2.direct.m135.slot_093
白野猪,135,44,蓝翡翠项链,165,物品,,'=1/5,exact_formula,1/5,'=E44,SPB:AUTO_BOOST,dpv2.direct.m135.slot_068
白野猪,135,45,记忆头盔,228,物品,,'=1/5,exact_formula,1/5,'=E45,SPB:AUTO_BOOST;SPB_CEILING_1_20;v80:CURRENT_ELITE_BOSS_EQUIPMENT_RARE_X4,dpv2.direct.m135.slot_088
白野猪,135,46,记忆项链,229,物品,,'=1/5,exact_formula,1/5,'=E46,SPB:AUTO_BOOST;SPB_CEILING_1_20;v80:CURRENT_ELITE_BOSS_EQUIPMENT_RARE_X4,dpv2.direct.m135.slot_087
白野猪,135,47,道德戒指,209,物品,,'=1/5,exact_formula,1/5,'=E47,SPB:AUTO_BOOST,dpv2.direct.m135.slot_070
白野猪,135,48,重盔甲(男),122,物品,,'=1/5,exact_formula,1/5,'=E48,SPB:AUTO_BOOST,dpv2.direct.m135.slot_061
白野猪,135,49,重盔甲(男),123,物品,,'=1/5,exact_formula,1/5,'=E49,SPB:AUTO_BOOST,dpv2.direct.m135.slot_062
白野猪,135,50,金戒指,206,物品,,'=1/5,exact_formula,1/5,'=E50,SPB:AUTO_BOOST,dpv2.direct.m135.slot_067
白野猪,135,51,金手镯,188,物品,,'=1/5,exact_formula,1/5,'=E51,SPB:AUTO_BOOST,dpv2.direct.m135.slot_069
白野猪,135,52,铂金戒指,214,物品,,'=1/5,exact_formula,1/5,'=E52,SPB:AUTO_BOOST;SPB_CEILING_1_20;v80:CURRENT_ELITE_BOSS_EQUIPMENT_RARE_X4,dpv2.direct.m135.slot_094
白野猪,135,53,银蛇,101,物品,,'=1/5,exact_formula,1/5,'=E53,SPB:AUTO_BOOST;SPB_CEILING_1_20;v80:CURRENT_ELITE_BOSS_EQUIPMENT_RARE_X4,dpv2.direct.m135.slot_106
白野猪,135,54,魅力戒指,208,物品,,'=1/5,exact_formula,1/5,'=E54,SPB:AUTO_BOOST,dpv2.direct.m135.slot_071
白野猪,135,55,魔杖,100,物品,,'=1/5,exact_formula,1/5,'=E55,SPB:AUTO_BOOST;SPB_CEILING_1_20;v80:CURRENT_ELITE_BOSS_EQUIPMENT_RARE_X4,dpv2.direct.m135.slot_105
白野猪,135,56,魔法长袍(男),124,物品,,'=1/5,exact_formula,1/5,'=E56,SPB:AUTO_BOOST,dpv2.direct.m135.slot_065
白野猪,135,57,魔法长袍(男),125,物品,,'=1/5,exact_formula,1/5,'=E57,SPB:AUTO_BOOST,dpv2.direct.m135.slot_066
白野猪,135,58,龙之戒指,212,物品,,'=1/5,exact_formula,1/5,'=E58,SPB:AUTO_BOOST;SPB_CEILING_1_20;v80:CURRENT_ELITE_BOSS_EQUIPMENT_RARE_X4,dpv2.direct.m135.slot_092
白野猪,135,59,冰咆哮,920002,物品,,'=1/6,exact_formula,1/6,'=E59,SPB:BYPASS_UNCLASSIFIED;v80:CURRENT_ELITE_BOSS_EQUIPMENT_RARE_X4,dpv2.direct.m135.slot_115
白野猪,135,60,体力强效神水,910001,物品,,'=1/20,exact_formula,1/20,'=E60,SPB:AUTO_BOOST;SPB_CEILING_1_20,dpv2.direct.m135.slot_101
白野猪,135,61,修罗,97,物品,,'=1/20,exact_formula,1/20,'=E61,SPB:AUTO_BOOST;SPB_CEILING_1_20,dpv2.direct.m135.slot_073
白野猪,135,62,凝霜,98,物品,,'=1/20,exact_formula,1/20,'=E62,SPB:AUTO_BOOST;SPB_CEILING_1_20,dpv2.direct.m135.slot_109
白野猪,135,63,半月弯刀,920004,物品,,'=1/20,exact_formula,1/20,'=E63,SPB:BYPASS_UNCLASSIFIED,dpv2.direct.m135.slot_075
白野猪,135,64,困魔咒,920008,物品,,'=1/20,exact_formula,1/20,'=E64,SPB:BYPASS_UNCLASSIFIED,dpv2.direct.m135.slot_082
白野猪,135,65,地狱雷光,920011,物品,,'=1/20,exact_formula,1/20,'=E65,SPB:BYPASS_UNCLASSIFIED,dpv2.direct.m135.slot_103
白野猪,135,66,幽灵战衣(男),133,物品,,'=1/20,exact_formula,1/20,'=E66,SPB:AUTO_BOOST;SPB_CEILING_1_20,dpv2.direct.m135.slot_079
白野猪,135,67,幽灵战衣(男),132,物品,,'=1/20,exact_formula,1/20,'=E67,SPB:AUTO_BOOST;SPB_CEILING_1_20,dpv2.direct.m135.slot_078
白野猪,135,68,恶魔长袍(男),130,物品,,'=1/20,exact_formula,1/20,'=E68,SPB:AUTO_BOOST;SPB_CEILING_1_20,dpv2.direct.m135.slot_080
白野猪,135,69,恶魔长袍(男),131,物品,,'=1/20,exact_formula,1/20,'=E69,SPB:AUTO_BOOST;SPB_CEILING_1_20,dpv2.direct.m135.slot_081
白野猪,135,70,战神盔甲(男),128,物品,,'=1/20,exact_formula,1/20,'=E70,SPB:AUTO_BOOST;SPB_CEILING_1_20,dpv2.direct.m135.slot_076
白野猪,135,71,战神盔甲(男),129,物品,,'=1/20,exact_formula,1/20,'=E71,SPB:AUTO_BOOST;SPB_CEILING_1_20,dpv2.direct.m135.slot_077
白野猪,135,72,攻击神水,910004,物品,,'=1/20,exact_formula,1/20,'=E72,SPB:AUTO_BOOST;SPB_CEILING_1_20,dpv2.direct.m135.slot_097
白野猪,135,73,放大镜,166,物品,,'=1/10,exact_formula,1/10,'=E73,SPB:AUTO_BOOST;SPB_CEILING_1_20,dpv2.direct.m135.slot_095
白野猪,135,74,死神手套,187,物品,,'=1/10,exact_formula,1/10,'=E74,SPB:AUTO_BOOST;SPB_CEILING_1_20,dpv2.direct.m135.slot_072
白野猪,135,75,珊瑚戒指,210,物品,,'=1/10,exact_formula,1/10,'=E75,SPB:AUTO_BOOST;SPB_CEILING_1_20,dpv2.direct.m135.slot_110
白野猪,135,76,疾风神水,910003,物品,,'=1/10,exact_formula,1/10,'=E76,SPB:AUTO_BOOST;SPB_CEILING_1_20,dpv2.direct.m135.slot_100
白野猪,135,77,竹笛,167,物品,,'=1/10,exact_formula,1/10,'=E77,SPB:AUTO_BOOST;SPB_CEILING_1_20,dpv2.direct.m135.slot_096
白野猪,135,78,精神神水,910006,物品,,'=1/20,exact_formula,1/20,'=E78,SPB:AUTO_BOOST;SPB_CEILING_1_20,dpv2.direct.m135.slot_099
白野猪,135,79,群体治疗术,920036,物品,,'=1/20,exact_formula,1/20,'=E79,SPB:BYPASS_UNCLASSIFIED,dpv2.direct.m135.slot_107
白野猪,135,80,虹魔戒指,247,物品,,'=1/40,exact_formula,1/40,'=E80,SPB:AUTO_BOOST;v80:CURRENT_ELITE_BOSS_EQUIPMENT_RARE_X4,dpv2.direct.m135.slot_119
白野猪,135,81,虹魔手镯,248,物品,,'=1/40,exact_formula,1/40,'=E81,SPB:AUTO_BOOST;v80:CURRENT_ELITE_BOSS_EQUIPMENT_RARE_X4,dpv2.direct.m135.slot_120
白野猪,135,82,虹魔项链,249,物品,,'=1/40,exact_formula,1/40,'=E82,SPB:AUTO_BOOST;v80:CURRENT_ELITE_BOSS_EQUIPMENT_RARE_X4,dpv2.direct.m135.slot_121
白野猪,135,83,道士头盔,149,物品,,'=1/10,exact_formula,1/10,'=E83,SPB:AUTO_BOOST;SPB_CEILING_1_20,dpv2.direct.m135.slot_108
白野猪,135,84,野蛮冲撞,920043,物品,,'=1/20,exact_formula,1/20,'=E84,SPB:BYPASS_UNCLASSIFIED,dpv2.direct.m135.slot_083
白野猪,135,85,降妖除魔戒指,211,物品,,'=1/10,exact_formula,1/10,'=E85,SPB:AUTO_BOOST;SPB_CEILING_1_20,dpv2.direct.m135.slot_111
白野猪,135,86,骷髅头盔,150,物品,,'=1/10,exact_formula,1/10,'=E86,SPB:AUTO_BOOST;SPB_CEILING_1_20,dpv2.direct.m135.slot_074
白野猪,135,87,魔力强效神水,910002,物品,,'=1/20,exact_formula,1/20,'=E87,SPB:AUTO_BOOST;SPB_CEILING_1_20,dpv2.direct.m135.slot_102
白野猪,135,88,魔力神水,910005,物品,,'=1/20,exact_formula,1/20,'=E88,SPB:AUTO_BOOST;SPB_CEILING_1_20,dpv2.direct.m135.slot_098
白野猪,135,89,魔法盾,920051,物品,,'=1/20,exact_formula,1/20,'=E89,SPB:BYPASS_UNCLASSIFIED,dpv2.direct.m135.v505_0056
白野猪,135,90,魔血戒指,244,物品,,'=1/40,exact_formula,1/40,'=E90,SPB:AUTO_BOOST;v80:CURRENT_ELITE_BOSS_EQUIPMENT_RARE_X4,dpv2.direct.m135.slot_116
白野猪,135,91,魔血手镯,245,物品,,'=1/40,exact_formula,1/40,'=E91,SPB:AUTO_BOOST;v80:CURRENT_ELITE_BOSS_EQUIPMENT_RARE_X4,dpv2.direct.m135.slot_117
白野猪,135,92,魔血项链,246,物品,,'=1/40,exact_formula,1/40,'=E92,SPB:AUTO_BOOST;v80:CURRENT_ELITE_BOSS_EQUIPMENT_RARE_X4,dpv2.direct.m135.slot_118
白野猪,135,93,圣言术,920009,物品,,'=1/24,exact_formula,1/24,'=E93,SPB:BYPASS_UNCLASSIFIED,dpv2.direct.m135.slot_114
白野猪,135,94,井中月,102,物品,,'=1/40,exact_formula,1/40,'=E94,SPB:AUTO_BOOST;v80:CURRENT_ELITE_BOSS_EQUIPMENT_RARE_X4,dpv2.direct.m135.slot_122
白野猪,135,95,无极棍,104,物品,,'=1/40,exact_formula,1/40,'=E95,SPB:AUTO_BOOST;v80:CURRENT_ELITE_BOSS_EQUIPMENT_RARE_X4,dpv2.direct.m135.slot_123
白野猪,135,96,裁决之杖,105,物品,,'=1/120,exact_formula,1/120,'=E96,SPB:AUTO_BOOST;v80:CURRENT_ELITE_BOSS_EQUIPMENT_RARE_X4,dpv2.direct.m135.slot_124
白野猪,135,97,骨玉权杖,106,物品,,'=1/120,exact_formula,1/120,'=E97,SPB:AUTO_BOOST;v80:CURRENT_ELITE_BOSS_EQUIPMENT_RARE_X4,dpv2.direct.m135.slot_125
白野猪,135,98,龙纹剑,107,物品,,'=1/120,exact_formula,1/120,'=E98,SPB:AUTO_BOOST;v80:CURRENT_ELITE_BOSS_EQUIPMENT_RARE_X4,dpv2.direct.m135.slot_126
邪恶毒蛇,141,6,超级金创药 ×8,920017,物品,,'=1/1,exact_formula,1/1,'=E6,SPB:BYPASS_COMMON_RECOVERY,dpv2.direct.m141.slot_020 等8个独立槽
邪恶毒蛇,141,7,超级魔法药 ×8,920042,物品,,'=1/1,exact_formula,1/1,'=E7,SPB:BYPASS_COMMON_RECOVERY,dpv2.direct.m141.slot_023 等8个独立槽
邪恶毒蛇,141,8,金币,,金币,27500,'=1/1,exact_formula,1/1,'=E8,SPB:BYPASS_GOLD,dpv2.direct.m141.v505_0001
邪恶毒蛇,141,9,太阳水 ×8,920014,物品,,'=1/2,exact_formula,1/2,'=E9,SPB:BYPASS_COMMON_RECOVERY;精英Boss太阳水分母x2,dpv2.direct.m141.v505_0018 等8个独立槽
邪恶毒蛇,141,10,强效太阳水 ×8,920016,物品,,'=1/2,exact_formula,1/2,'=E10,SPB:BYPASS_COMMON_RECOVERY;精英Boss太阳水分母x2,dpv2.direct.m141.slot_008 等8个独立槽
邪恶毒蛇,141,11,超级金创药 ×2,920017,物品,,'=1/2,exact_formula,1/2,'=E11,SPB:BYPASS_COMMON_RECOVERY,dpv2.direct.m141.slot_018 等2个独立槽
邪恶毒蛇,141,12,超级魔法药 ×2,920042,物品,,'=1/2,exact_formula,1/2,'=E12,SPB:BYPASS_COMMON_RECOVERY,dpv2.direct.m141.slot_021 等2个独立槽
邪恶毒蛇,141,13,太阳水 ×2,920014,物品,,'=1/4,exact_formula,1/4,'=E13,SPB:BYPASS_COMMON_RECOVERY;精英Boss太阳水分母x2,dpv2.direct.m141.v505_0026 等2个独立槽
邪恶毒蛇,141,14,强效太阳水 ×2,920016,物品,,'=1/4,exact_formula,1/4,'=E14,SPB:BYPASS_COMMON_RECOVERY;精英Boss太阳水分母x2,dpv2.direct.m141.slot_013 等2个独立槽
邪恶毒蛇,141,15,偃月,95,物品,,'=1/5,exact_formula,1/5,'=E15,SPB:AUTO_BOOST,dpv2.direct.m141.v505_0107
邪恶毒蛇,141,16,天珠项链,170,物品,,'=1/20,exact_formula,1/20,'=E16,SPB:AUTO_BOOST;SPB_CEILING_1_20;v80:CURRENT_ELITE_BOSS_EQUIPMENT_RARE_X4,dpv2.direct.m141.slot_042
邪恶毒蛇,141,17,小手镯,175,物品,,'=1/20,exact_formula,1/20,'=E17,SPB:AUTO_BOOST,dpv2.direct.m141.v505_0112
邪恶毒蛇,141,18,幽灵手套,189,物品,,'=1/20,exact_formula,1/20,'=E18,SPB:AUTO_BOOST;SPB_CEILING_1_20;v80:CURRENT_ELITE_BOSS_EQUIPMENT_RARE_X4,dpv2.direct.m141.v505_0057
邪恶毒蛇,141,19,幽灵项链,168,物品,,'=1/20,exact_formula,1/20,'=E19,SPB:AUTO_BOOST;SPB_CEILING_1_20;v80:CURRENT_ELITE_BOSS_EQUIPMENT_RARE_X4,dpv2.direct.m141.slot_037
邪恶毒蛇,141,20,心灵手镯,195,物品,,'=1/20,exact_formula,1/20,'=E20,SPB:AUTO_BOOST;SPB_CEILING_1_20;v80:CURRENT_ELITE_BOSS_EQUIPMENT_RARE_X4,dpv2.direct.m141.slot_041
邪恶毒蛇,141,21,思贝儿手镯,190,物品,,'=1/20,exact_formula,1/20,'=E21,SPB:AUTO_BOOST;SPB_CEILING_1_20;v80:CURRENT_ELITE_BOSS_EQUIPMENT_RARE_X4,dpv2.direct.m141.slot_040
邪恶毒蛇,141,22,斩马刀,94,物品,,'=1/60,exact_formula,1/60,'=E22,SPB:AUTO_BOOST,dpv2.direct.m141.v505_0106
邪恶毒蛇,141,23,珍珠戒指,205,物品,,'=1/60,exact_formula,1/60,'=E23,SPB:AUTO_BOOST,dpv2.direct.m141.v505_0104
邪恶毒蛇,141,24,生命项链,169,物品,,'=1/60,exact_formula,1/60,'=E24,SPB:AUTO_BOOST;SPB_CEILING_1_20;v80:CURRENT_ELITE_BOSS_EQUIPMENT_RARE_X4,dpv2.direct.m141.slot_036
邪恶毒蛇,141,25,生铁戒指,201,物品,,'=1/60,exact_formula,1/60,'=E25,SPB:AUTO_BOOST,dpv2.direct.m141.v505_0108
邪恶毒蛇,141,26,白色虎齿项链,159,物品,,'=1/60,exact_formula,1/60,'=E26,SPB:AUTO_BOOST,dpv2.direct.m141.v505_0109
邪恶毒蛇,141,27,白金项链,155,物品,,'=1/60,exact_formula,1/60,'=E27,SPB:AUTO_BOOST,dpv2.direct.m141.v505_0110
邪恶毒蛇,141,28,破魂,93,物品,,'=1/60,exact_formula,1/60,'=E28,SPB:AUTO_BOOST,dpv2.direct.m141.v505_0105
邪恶毒蛇,141,29,红宝石戒指,213,物品,,'=1/60,exact_formula,1/60,'=E29,SPB:AUTO_BOOST;v80:CURRENT_ELITE_BOSS_EQUIPMENT_RARE_X4,dpv2.direct.m141.slot_043
邪恶毒蛇,141,30,蓝翡翠项链,165,物品,,'=1/60,exact_formula,1/60,'=E30,SPB:AUTO_BOOST,dpv2.direct.m141.slot_075
邪恶毒蛇,141,31,蛇眼戒指,204,物品,,'=1/60,exact_formula,1/60,'=E31,SPB:AUTO_BOOST,dpv2.direct.m141.v505_0103
邪恶毒蛇,141,32,记忆头盔,228,物品,,'=1/60,exact_formula,1/60,'=E32,SPB:AUTO_BOOST;SPB_CEILING_1_20;v80:CURRENT_ELITE_BOSS_EQUIPMENT_RARE_X4,dpv2.direct.m141.slot_038
邪恶毒蛇,141,33,记忆项链,229,物品,,'=1/60,exact_formula,1/60,'=E33,SPB:AUTO_BOOST;SPB_CEILING_1_20;v80:CURRENT_ELITE_BOSS_EQUIPMENT_RARE_X4,dpv2.direct.m141.slot_045
邪恶毒蛇,141,34,道士手镯,185,物品,,'=1/60,exact_formula,1/60,'=E34,SPB:AUTO_BOOST,dpv2.direct.m141.v505_0097
邪恶毒蛇,141,35,道德戒指,209,物品,,'=1/60,exact_formula,1/60,'=E35,SPB:AUTO_BOOST,dpv2.direct.m141.slot_077
邪恶毒蛇,141,36,金戒指,206,物品,,'=1/60,exact_formula,1/60,'=E36,SPB:AUTO_BOOST,dpv2.direct.m141.slot_074
邪恶毒蛇,141,37,金手镯,188,物品,,'=1/60,exact_formula,1/60,'=E37,SPB:AUTO_BOOST,dpv2.direct.m141.slot_076
邪恶毒蛇,141,38,铂金戒指,214,物品,,'=1/60,exact_formula,1/60,'=E38,SPB:AUTO_BOOST;v80:CURRENT_ELITE_BOSS_EQUIPMENT_RARE_X4,dpv2.direct.m141.slot_044
邪恶毒蛇,141,39,降魔,96,物品,,'=1/60,exact_formula,1/60,'=E39,SPB:AUTO_BOOST,dpv2.direct.m141.v505_0101
邪恶毒蛇,141,40,骷髅戒指,207,物品,,'=1/60,exact_formula,1/60,'=E40,SPB:AUTO_BOOST,dpv2.direct.m141.v505_0111
邪恶毒蛇,141,41,魅力戒指,208,物品,,'=1/60,exact_formula,1/60,'=E41,SPB:AUTO_BOOST,dpv2.direct.m141.slot_078
邪恶毒蛇,141,42,魔力手镯,186,物品,,'=1/60,exact_formula,1/60,'=E42,SPB:AUTO_BOOST,dpv2.direct.m141.v505_0100
邪恶毒蛇,141,43,魔法头盔,148,物品,,'=1/60,exact_formula,1/60,'=E43,SPB:AUTO_BOOST,dpv2.direct.m141.v505_0098
邪恶毒蛇,141,44,黑檀手镯,184,物品,,'=1/60,exact_formula,1/60,'=E44,SPB:AUTO_BOOST,dpv2.direct.m141.v505_0099
邪恶毒蛇,141,45,黑色水晶戒指,203,物品,,'=1/60,exact_formula,1/60,'=E45,SPB:AUTO_BOOST,dpv2.direct.m141.v505_0102
邪恶毒蛇,141,46,龙之戒指,212,物品,,'=1/20,exact_formula,1/20,'=E46,SPB:AUTO_BOOST;v80:CURRENT_ELITE_BOSS_EQUIPMENT_RARE_X4,dpv2.direct.m141.slot_046
邪恶毒蛇,141,47,召唤神兽,920005,物品,,'=1/20,exact_formula,1/20,'=E47,SPB:BYPASS_UNCLASSIFIED;v80:CURRENT_ELITE_BOSS_EQUIPMENT_RARE_X4,dpv2.direct.m141.slot_096
邪恶毒蛇,141,48,烈火剑法,920028,物品,,'=1/20,exact_formula,1/20,'=E48,SPB:BYPASS_UNCLASSIFIED;v80:CURRENT_ELITE_BOSS_EQUIPMENT_RARE_X4,dpv2.direct.m141.slot_095
邪恶毒蛇,141,49,冰咆哮,920002,物品,,'=1/20,exact_formula,1/20,'=E49,SPB:BYPASS_UNCLASSIFIED;v80:CURRENT_ELITE_BOSS_EQUIPMENT_RARE_X4,dpv2.direct.m141.slot_094
邪恶毒蛇,141,50,炼狱,99,物品,,'=1/20,exact_formula,1/20,'=E50,SPB:AUTO_BOOST;v80:CURRENT_ELITE_BOSS_EQUIPMENT_RARE_X4,dpv2.direct.m141.slot_049
邪恶毒蛇,141,51,银蛇,101,物品,,'=1/20,exact_formula,1/20,'=E51,SPB:AUTO_BOOST;v80:CURRENT_ELITE_BOSS_EQUIPMENT_RARE_X4,dpv2.direct.m141.slot_047
邪恶毒蛇,141,52,魔杖,100,物品,,'=1/20,exact_formula,1/20,'=E52,SPB:AUTO_BOOST;v80:CURRENT_ELITE_BOSS_EQUIPMENT_RARE_X4,dpv2.direct.m141.slot_048
邪恶毒蛇,141,53,祝福油,920033,物品,,'=1/10,exact_formula,1/10,'=E53,SPB:AUTO_BOOST,dpv2.direct.m141.v505_0051
邪恶毒蛇,141,54,虹魔戒指,247,物品,,'=1/60,exact_formula,1/60,'=E54,SPB:AUTO_BOOST;v80:CURRENT_ELITE_BOSS_EQUIPMENT_RARE_X4,dpv2.direct.m141.slot_057
邪恶毒蛇,141,55,虹魔手镯,248,物品,,'=1/60,exact_formula,1/60,'=E55,SPB:AUTO_BOOST;v80:CURRENT_ELITE_BOSS_EQUIPMENT_RARE_X4,dpv2.direct.m141.v505_0067
邪恶毒蛇,141,56,虹魔项链,249,物品,,'=1/60,exact_formula,1/60,'=E56,SPB:AUTO_BOOST;v80:CURRENT_ELITE_BOSS_EQUIPMENT_RARE_X4,dpv2.direct.m141.slot_058
邪恶毒蛇,141,57,魔血戒指,244,物品,,'=1/60,exact_formula,1/60,'=E57,SPB:AUTO_BOOST;v80:CURRENT_ELITE_BOSS_EQUIPMENT_RARE_X4,dpv2.direct.m141.v505_0063
邪恶毒蛇,141,58,魔血手镯,245,物品,,'=1/60,exact_formula,1/60,'=E58,SPB:AUTO_BOOST;v80:CURRENT_ELITE_BOSS_EQUIPMENT_RARE_X4,dpv2.direct.m141.slot_055
邪恶毒蛇,141,59,魔血项链,246,物品,,'=1/60,exact_formula,1/60,'=E59,SPB:AUTO_BOOST;v80:CURRENT_ELITE_BOSS_EQUIPMENT_RARE_X4,dpv2.direct.m141.slot_056
邪恶毒蛇,141,60,体力强效神水,910001,物品,,'=1/20,exact_formula,1/20,'=E60,SPB:AUTO_BOOST;SPB_CEILING_1_20,dpv2.direct.m141.v505_0006
邪恶毒蛇,141,61,修罗,97,物品,,'=1/60,exact_formula,1/60,'=1/60,SPB:AUTO_BOOST;SPB_CEILING_1_20,dpv2.direct.m141.slot_066
邪恶毒蛇,141,62,凝霜,98,物品,,'=1/60,exact_formula,1/60,'=1/60,SPB:AUTO_BOOST;SPB_CEILING_1_20,dpv2.direct.m141.slot_062
邪恶毒蛇,141,63,攻击神水,910004,物品,,'=1/60,exact_formula,1/60,'=1/60,SPB:AUTO_BOOST;SPB_CEILING_1_20,dpv2.direct.m141.slot_002
邪恶毒蛇,141,64,放大镜,166,物品,,'=1/60,exact_formula,1/60,'=1/60,SPB:AUTO_BOOST;SPB_CEILING_1_20,dpv2.direct.m141.slot_059
邪恶毒蛇,141,65,死神手套,187,物品,,'=1/60,exact_formula,1/60,'=1/60,SPB:AUTO_BOOST;SPB_CEILING_1_20,dpv2.direct.m141.slot_065
邪恶毒蛇,141,66,灵魂战衣(男),127,物品,,'=1/60,exact_formula,1/60,'=1/60,SPB:AUTO_BOOST;SPB_CEILING_1_20,dpv2.direct.m141.slot_070
邪恶毒蛇,141,67,灵魂战衣(男),126,物品,,'=1/60,exact_formula,1/60,'=1/60,SPB:AUTO_BOOST;SPB_CEILING_1_20,dpv2.direct.m141.slot_071
邪恶毒蛇,141,68,珊瑚戒指,210,物品,,'=1/60,exact_formula,1/60,'=1/60,SPB:AUTO_BOOST;SPB_CEILING_1_20,dpv2.direct.m141.slot_063
邪恶毒蛇,141,69,疾风神水,910003,物品,,'=1/20,exact_formula,1/20,'=E69,SPB:AUTO_BOOST;SPB_CEILING_1_20,dpv2.direct.m141.v505_0005
邪恶毒蛇,141,70,竹笛,167,物品,,'=1/60,exact_formula,1/60,'=E70,SPB:AUTO_BOOST;SPB_CEILING_1_20,dpv2.direct.m141.slot_060
邪恶毒蛇,141,71,精神神水,910006,物品,,'=1/20,exact_formula,1/20,'=E71,SPB:AUTO_BOOST;SPB_CEILING_1_20,dpv2.direct.m141.slot_004
邪恶毒蛇,141,72,道士头盔,149,物品,,'=1/20,exact_formula,1/20,'=E72,SPB:AUTO_BOOST;SPB_CEILING_1_20,dpv2.direct.m141.slot_061
邪恶毒蛇,141,73,重盔甲(男),122,物品,,'=1/60,exact_formula,1/60,'=E73,SPB:AUTO_BOOST;SPB_CEILING_1_20,dpv2.direct.m141.slot_068
邪恶毒蛇,141,74,重盔甲(男),123,物品,,'=1/60,exact_formula,1/60,'=E74,SPB:AUTO_BOOST;SPB_CEILING_1_20,dpv2.direct.m141.slot_069
邪恶毒蛇,141,75,降妖除魔戒指,211,物品,,'=1/60,exact_formula,1/60,'=E75,SPB:AUTO_BOOST;SPB_CEILING_1_20,dpv2.direct.m141.slot_064
邪恶毒蛇,141,76,骷髅头盔,150,物品,,'=1/60,exact_formula,1/60,'=E76,SPB:AUTO_BOOST;SPB_CEILING_1_20,dpv2.direct.m141.slot_067
邪恶毒蛇,141,77,魔力强效神水,910002,物品,,'=1/60,exact_formula,1/60,'=E77,SPB:AUTO_BOOST;SPB_CEILING_1_20,dpv2.direct.m141.v505_0007
邪恶毒蛇,141,78,魔力神水,910005,物品,,'=1/60,exact_formula,1/60,'=E78,SPB:AUTO_BOOST;SPB_CEILING_1_20,dpv2.direct.m141.slot_003
邪恶毒蛇,141,79,魔法长袍(男),124,物品,,'=1/60,exact_formula,1/60,'=E79,SPB:AUTO_BOOST;SPB_CEILING_1_20,dpv2.direct.m141.slot_072
邪恶毒蛇,141,80,魔法长袍(男),125,物品,,'=1/60,exact_formula,1/60,'=E80,SPB:AUTO_BOOST;SPB_CEILING_1_20,dpv2.direct.m141.slot_073
邪恶毒蛇,141,81,井中月,102,物品,,'=1/40,exact_formula,1/40,'=E81,SPB:AUTO_BOOST;v80:CURRENT_ELITE_BOSS_EQUIPMENT_RARE_X4,dpv2.direct.m141.slot_050
邪恶毒蛇,141,82,无极棍,104,物品,,'=1/40,exact_formula,1/40,'=E82,SPB:AUTO_BOOST;v80:CURRENT_ELITE_BOSS_EQUIPMENT_RARE_X4,dpv2.direct.m141.slot_051
邪恶毒蛇,141,83,裁决之杖,105,物品,,'=1/120,exact_formula,1/120,'=E83,SPB:AUTO_BOOST;v80:CURRENT_ELITE_BOSS_EQUIPMENT_RARE_X4,dpv2.direct.m141.slot_052
邪恶毒蛇,141,84,骨玉权杖,106,物品,,'=1/120,exact_formula,1/120,'=E84,SPB:AUTO_BOOST;v80:CURRENT_ELITE_BOSS_EQUIPMENT_RARE_X4,dpv2.direct.m141.slot_054
邪恶毒蛇,141,85,龙纹剑,107,物品,,'=1/120,exact_formula,1/120,'=E85,SPB:AUTO_BOOST;v80:CURRENT_ELITE_BOSS_EQUIPMENT_RARE_X4,dpv2.direct.m141.slot_053
虹魔猪卫,188,6,超级金创药 ×3,920017,物品,,'=1/1,exact_formula,1/1,'=E6,SPB:BYPASS_COMMON_RECOVERY,dpv2.direct.m188.slot_024 等3个独立槽
虹魔猪卫,188,7,超级魔法药 ×3,920042,物品,,'=1/1,exact_formula,1/1,'=E7,SPB:BYPASS_COMMON_RECOVERY,dpv2.direct.m188.slot_030 等3个独立槽
虹魔猪卫,188,8,金创药(中量) ×3,920044,物品,,'=1/1,exact_formula,1/1,'=E8,SPB:BYPASS_COMMON_RECOVERY,dpv2.direct.m188.v505_0028 等3个独立槽
虹魔猪卫,188,9,金币,,金币,25000,'=1/1,exact_formula,1/1,'=E9,SPB:BYPASS_GOLD,dpv2.direct.m188.v505_0001
虹魔猪卫,188,10,魔法药(中量) ×3,920052,物品,,'=1/1,exact_formula,1/1,'=E10,SPB:BYPASS_COMMON_RECOVERY,dpv2.direct.m188.v505_0034 等3个独立槽
虹魔猪卫,188,11,太阳水 ×5,920014,物品,,'=1/2,exact_formula,1/2,'=E11,SPB:BYPASS_COMMON_RECOVERY;精英Boss太阳水分母x2,dpv2.direct.m188.v505_0018 等5个独立槽
虹魔猪卫,188,12,强效太阳水 ×5,920016,物品,,'=1/2,exact_formula,1/2,'=E12,SPB:BYPASS_COMMON_RECOVERY;精英Boss太阳水分母x2,dpv2.direct.m188.slot_008 等5个独立槽
虹魔猪卫,188,13,超级金创药 ×6,920017,物品,,'=1/2,exact_formula,1/2,'=E13,SPB:BYPASS_COMMON_RECOVERY,dpv2.direct.m188.slot_018 等6个独立槽
虹魔猪卫,188,14,超级魔法药 ×6,920042,物品,,'=1/2,exact_formula,1/2,'=E14,SPB:BYPASS_COMMON_RECOVERY,dpv2.direct.m188.slot_021 等6个独立槽
虹魔猪卫,188,15,偃月,95,物品,,'=1/60,exact_formula,1/60,'=E15,SPB:AUTO_BOOST,dpv2.direct.m188.v505_0115
虹魔猪卫,188,16,小手镯,175,物品,,'=1/60,exact_formula,1/60,'=E16,SPB:AUTO_BOOST,dpv2.direct.m188.v505_0121
虹魔猪卫,188,17,斩马刀,94,物品,,'=1/60,exact_formula,1/60,'=E17,SPB:AUTO_BOOST,dpv2.direct.m188.v505_0114
虹魔猪卫,188,18,珍珠戒指,205,物品,,'=1/60,exact_formula,1/60,'=E18,SPB:AUTO_BOOST,dpv2.direct.m188.v505_0112
虹魔猪卫,188,19,生铁戒指,201,物品,,'=1/60,exact_formula,1/60,'=E19,SPB:AUTO_BOOST,dpv2.direct.m188.v505_0117
虹魔猪卫,188,20,白色虎齿项链,159,物品,,'=1/60,exact_formula,1/60,'=E20,SPB:AUTO_BOOST,dpv2.direct.m188.v505_0118
虹魔猪卫,188,21,白金项链,155,物品,,'=1/60,exact_formula,1/60,'=E21,SPB:AUTO_BOOST,dpv2.direct.m188.v505_0119
虹魔猪卫,188,22,破魂,93,物品,,'=1/60,exact_formula,1/60,'=E22,SPB:AUTO_BOOST,dpv2.direct.m188.v505_0113
虹魔猪卫,188,23,蛇眼戒指,204,物品,,'=1/60,exact_formula,1/60,'=E23,SPB:AUTO_BOOST,dpv2.direct.m188.v505_0111
虹魔猪卫,188,24,道士手镯,185,物品,,'=1/60,exact_formula,1/60,'=E24,SPB:AUTO_BOOST,dpv2.direct.m188.v505_0106
虹魔猪卫,188,25,降魔 ×2,96,物品,,'=1/60,exact_formula,1/60,'=E25,SPB:AUTO_BOOST,dpv2.direct.m188.v505_0109 等2个独立槽
虹魔猪卫,188,26,骷髅戒指,207,物品,,'=1/60,exact_formula,1/60,'=E26,SPB:AUTO_BOOST,dpv2.direct.m188.v505_0120
虹魔猪卫,188,27,魔力手镯,186,物品,,'=1/60,exact_formula,1/60,'=E27,SPB:AUTO_BOOST,dpv2.direct.m188.v505_0108
虹魔猪卫,188,28,黑檀手镯,184,物品,,'=1/60,exact_formula,1/60,'=E28,SPB:AUTO_BOOST,dpv2.direct.m188.v505_0107
虹魔猪卫,188,29,黑色水晶戒指,203,物品,,'=1/60,exact_formula,1/60,'=E29,SPB:AUTO_BOOST,dpv2.direct.m188.v505_0110
虹魔猪卫,188,30,太阳水 ×5,920014,物品,,'=1/4,exact_formula,1/4,'=E30,SPB:BYPASS_COMMON_RECOVERY;精英Boss太阳水分母x2,dpv2.direct.m188.v505_0023 等5个独立槽
虹魔猪卫,188,31,强效太阳水 ×5,920016,物品,,'=1/4,exact_formula,1/4,'=E31,SPB:BYPASS_COMMON_RECOVERY;精英Boss太阳水分母x2,dpv2.direct.m188.slot_013 等5个独立槽
虹魔猪卫,188,32,召唤神兽,920005,物品,,'=1/20,exact_formula,1/20,'=E32,SPB:BYPASS_UNCLASSIFIED;v80:CURRENT_ELITE_BOSS_EQUIPMENT_RARE_X4,dpv2.direct.m188.v505_0060
虹魔猪卫,188,33,天珠项链,170,物品,,'=1/20,exact_formula,1/20,'=E33,SPB:AUTO_BOOST;SPB_CEILING_1_20;v80:CURRENT_ELITE_BOSS_EQUIPMENT_RARE_X4,dpv2.direct.m188.slot_044
虹魔猪卫,188,34,幽灵项链,168,物品,,'=1/20,exact_formula,1/20,'=E34,SPB:AUTO_BOOST;SPB_CEILING_1_20;v80:CURRENT_ELITE_BOSS_EQUIPMENT_RARE_X4,dpv2.direct.m188.slot_037
虹魔猪卫,188,35,灵魂战衣(男),127,物品,,'=1/60,exact_formula,1/60,'=E35,SPB:AUTO_BOOST,dpv2.direct.m188.slot_067
虹魔猪卫,188,36,灵魂战衣(男),126,物品,,'=1/60,exact_formula,1/60,'=E36,SPB:AUTO_BOOST,dpv2.direct.m188.slot_068
虹魔猪卫,188,37,烈火剑法,920028,物品,,'=1/20,exact_formula,1/20,'=E37,SPB:BYPASS_UNCLASSIFIED;v80:CURRENT_ELITE_BOSS_EQUIPMENT_RARE_X4,dpv2.direct.m188.v505_0059
虹魔猪卫,188,38,生命项链,169,物品,,'=1/20,exact_formula,1/20,'=E38,SPB:AUTO_BOOST;SPB_CEILING_1_20;v80:CURRENT_ELITE_BOSS_EQUIPMENT_RARE_X4,dpv2.direct.m188.slot_036
虹魔猪卫,188,39,蓝翡翠项链,165,物品,,'=1/60,exact_formula,1/60,'=E39,SPB:AUTO_BOOST,dpv2.direct.m188.slot_072
虹魔猪卫,188,40,记忆头盔,228,物品,,'=1/60,exact_formula,1/60,'=E40,SPB:AUTO_BOOST;SPB_CEILING_1_20;v80:CURRENT_ELITE_BOSS_EQUIPMENT_RARE_X4,dpv2.direct.m188.slot_038
虹魔猪卫,188,41,道德戒指,209,物品,,'=1/60,exact_formula,1/60,'=E41,SPB:AUTO_BOOST,dpv2.direct.m188.slot_074
虹魔猪卫,188,42,重盔甲(男),122,物品,,'=1/60,exact_formula,1/60,'=E42,SPB:AUTO_BOOST,dpv2.direct.m188.slot_065
虹魔猪卫,188,43,重盔甲(男),123,物品,,'=1/60,exact_formula,1/60,'=E43,SPB:AUTO_BOOST,dpv2.direct.m188.slot_066
虹魔猪卫,188,44,金戒指,206,物品,,'=1/60,exact_formula,1/60,'=E44,SPB:AUTO_BOOST,dpv2.direct.m188.slot_071
虹魔猪卫,188,45,金手镯,188,物品,,'=1/60,exact_formula,1/60,'=E45,SPB:AUTO_BOOST,dpv2.direct.m188.slot_073
虹魔猪卫,188,46,魅力戒指,208,物品,,'=1/60,exact_formula,1/60,'=E46,SPB:AUTO_BOOST,dpv2.direct.m188.slot_075
虹魔猪卫,188,47,魔法长袍(男),124,物品,,'=1/60,exact_formula,1/60,'=E47,SPB:AUTO_BOOST,dpv2.direct.m188.slot_069
虹魔猪卫,188,48,魔法长袍(男),125,物品,,'=1/60,exact_formula,1/60,'=E48,SPB:AUTO_BOOST,dpv2.direct.m188.slot_070
虹魔猪卫,188,49,冰咆哮,920002,物品,,'=1/20,exact_formula,1/20,'=E49,SPB:BYPASS_UNCLASSIFIED;v80:CURRENT_ELITE_BOSS_EQUIPMENT_RARE_X4,dpv2.direct.m188.v505_0061
虹魔猪卫,188,50,炼狱,99,物品,,'=1/20,exact_formula,1/20,'=E50,SPB:AUTO_BOOST;v80:CURRENT_ELITE_BOSS_EQUIPMENT_RARE_X4,dpv2.direct.m188.slot_049
虹魔猪卫,188,51,银蛇,101,物品,,'=1/20,exact_formula,1/20,'=E51,SPB:AUTO_BOOST;v80:CURRENT_ELITE_BOSS_EQUIPMENT_RARE_X4,dpv2.direct.m188.slot_047
虹魔猪卫,188,52,魔杖,100,物品,,'=1/20,exact_formula,1/20,'=E52,SPB:AUTO_BOOST;v80:CURRENT_ELITE_BOSS_EQUIPMENT_RARE_X4,dpv2.direct.m188.slot_048
虹魔猪卫,188,53,幽灵战衣(男),133,物品,,'=1/20,exact_formula,1/20,'=E53,SPB:AUTO_BOOST,dpv2.direct.m188.slot_078
虹魔猪卫,188,55,恶魔长袍(男),130,物品,,'=1/20,exact_formula,1/20,'=E55,SPB:AUTO_BOOST,dpv2.direct.m188.slot_080
虹魔猪卫,188,57,战神盔甲(男),128,物品,,'=1/20,exact_formula,1/20,'=E57,SPB:AUTO_BOOST,dpv2.direct.m188.slot_076
虹魔猪卫,188,59,体力强效神水,910001,物品,,'=1/20,exact_formula,1/20,'=E59,SPB:AUTO_BOOST;SPB_CEILING_1_20,dpv2.direct.m188.v505_0006
虹魔猪卫,188,60,修罗,97,物品,,'=1/60,exact_formula,1/60,'=E60,SPB:AUTO_BOOST;SPB_CEILING_1_20,dpv2.direct.m188.slot_063
虹魔猪卫,188,61,凝霜,98,物品,,'=1/60,exact_formula,1/60,'=E61,SPB:AUTO_BOOST;SPB_CEILING_1_20,dpv2.direct.m188.slot_059
虹魔猪卫,188,62,半月弯刀,920004,物品,,'=1/20,exact_formula,1/20,'=E62,SPB:BYPASS_UNCLASSIFIED,dpv2.direct.m188.slot_087
虹魔猪卫,188,63,困魔咒,920008,物品,,'=1/20,exact_formula,1/20,'=E63,SPB:BYPASS_UNCLASSIFIED,dpv2.direct.m188.slot_083
虹魔猪卫,188,64,地狱雷光,920011,物品,,'=1/20,exact_formula,1/20,'=E64,SPB:BYPASS_UNCLASSIFIED,dpv2.direct.m188.slot_086
虹魔猪卫,188,65,攻击神水,910004,物品,,'=1/20,exact_formula,1/20,'=E65,SPB:AUTO_BOOST;SPB_CEILING_1_20,dpv2.direct.m188.slot_002
虹魔猪卫,188,66,放大镜,166,物品,,'=1/20,exact_formula,1/20,'=E66,SPB:AUTO_BOOST;SPB_CEILING_1_20,dpv2.direct.m188.slot_056
虹魔猪卫,188,67,死神手套,187,物品,,'=1/20,exact_formula,1/20,'=E67,SPB:AUTO_BOOST;SPB_CEILING_1_20,dpv2.direct.m188.slot_062
虹魔猪卫,188,68,珊瑚戒指,210,物品,,'=1/20,exact_formula,1/20,'=E68,SPB:AUTO_BOOST;SPB_CEILING_1_20,dpv2.direct.m188.slot_060
虹魔猪卫,188,69,疾风神水,910003,物品,,'=1/20,exact_formula,1/20,'=E69,SPB:AUTO_BOOST;SPB_CEILING_1_20,dpv2.direct.m188.v505_0005
虹魔猪卫,188,70,竹笛,167,物品,,'=1/20,exact_formula,1/20,'=E70,SPB:AUTO_BOOST;SPB_CEILING_1_20,dpv2.direct.m188.slot_057
虹魔猪卫,188,71,精神神水,910006,物品,,'=1/20,exact_formula,1/20,'=E71,SPB:AUTO_BOOST;SPB_CEILING_1_20,dpv2.direct.m188.slot_004
虹魔猪卫,188,72,群体治疗术,920036,物品,,'=1/20,exact_formula,1/20,'=E72,SPB:BYPASS_UNCLASSIFIED,dpv2.direct.m188.slot_090
虹魔猪卫,188,73,虹魔戒指,247,物品,,'=1/60,exact_formula,1/60,'=E73,SPB:AUTO_BOOST;v80:CURRENT_ELITE_BOSS_EQUIPMENT_RARE_X4,dpv2.direct.m188.slot_054
虹魔猪卫,188,74,虹魔手镯,248,物品,,'=1/60,exact_formula,1/60,'=E74,SPB:AUTO_BOOST;v80:CURRENT_ELITE_BOSS_EQUIPMENT_RARE_X4,dpv2.direct.m188.v505_0078
虹魔猪卫,188,75,虹魔项链,249,物品,,'=1/60,exact_formula,1/60,'=E75,SPB:AUTO_BOOST;v80:CURRENT_ELITE_BOSS_EQUIPMENT_RARE_X4,dpv2.direct.m188.slot_055
虹魔猪卫,188,76,道士头盔,149,物品,,'=1/20,exact_formula,1/20,'=E76,SPB:AUTO_BOOST;SPB_CEILING_1_20,dpv2.direct.m188.slot_058
虹魔猪卫,188,77,野蛮冲撞,920043,物品,,'=1/20,exact_formula,1/20,'=E77,SPB:BYPASS_UNCLASSIFIED,dpv2.direct.m188.slot_089
虹魔猪卫,188,78,降妖除魔戒指,211,物品,,'=1/20,exact_formula,1/20,'=E78,SPB:AUTO_BOOST;SPB_CEILING_1_20,dpv2.direct.m188.slot_061
虹魔猪卫,188,79,骷髅头盔,150,物品,,'=1/20,exact_formula,1/20,'=E79,SPB:AUTO_BOOST;SPB_CEILING_1_20,dpv2.direct.m188.slot_064
虹魔猪卫,188,80,魔力强效神水,910002,物品,,'=1/20,exact_formula,1/20,'=E80,SPB:AUTO_BOOST;SPB_CEILING_1_20,dpv2.direct.m188.v505_0007
虹魔猪卫,188,81,魔力神水,910005,物品,,'=1/20,exact_formula,1/20,'=E81,SPB:AUTO_BOOST;SPB_CEILING_1_20,dpv2.direct.m188.slot_003
虹魔猪卫,188,82,魔法盾,920051,物品,,'=1/20,exact_formula,1/20,'=E82,SPB:BYPASS_UNCLASSIFIED,dpv2.direct.m188.slot_088
虹魔猪卫,188,83,魔血戒指,244,物品,,'=1/60,exact_formula,1/60,'=E83,SPB:AUTO_BOOST;v80:CURRENT_ELITE_BOSS_EQUIPMENT_RARE_X4,dpv2.direct.m188.v505_0074
虹魔猪卫,188,84,魔血手镯,245,物品,,'=1/60,exact_formula,1/60,'=E84,SPB:AUTO_BOOST;v80:CURRENT_ELITE_BOSS_EQUIPMENT_RARE_X4,dpv2.direct.m188.slot_052
虹魔猪卫,188,85,魔血项链,246,物品,,'=1/60,exact_formula,1/60,'=E85,SPB:AUTO_BOOST;v80:CURRENT_ELITE_BOSS_EQUIPMENT_RARE_X4,dpv2.direct.m188.slot_053
虹魔猪卫,188,86,圣言术,920009,物品,,'=1/24,exact_formula,1/24,'=E86,SPB:BYPASS_UNCLASSIFIED,dpv2.direct.m188.slot_084
虹魔猪卫,188,87,井中月,102,物品,,'=1/30,exact_formula,1/30,'=E87,SPB:AUTO_BOOST;v80:CURRENT_ELITE_BOSS_EQUIPMENT_RARE_X4,dpv2.direct.m188.slot_050
虹魔猪卫,188,88,无极棍,104,物品,,'=1/30,exact_formula,1/30,'=E88,SPB:AUTO_BOOST;v80:CURRENT_ELITE_BOSS_EQUIPMENT_RARE_X4,dpv2.direct.m188.slot_051
虹魔猪卫,188,89,裁决之杖,105,物品,,'=1/75,exact_formula,1/75,'=E89,SPB:AUTO_BOOST;v80:CURRENT_ELITE_BOSS_EQUIPMENT_RARE_X4,dpv2.direct.m188.v505_0071
虹魔猪卫,188,90,骨玉权杖,106,物品,,'=1/75,exact_formula,1/75,'=E90,SPB:AUTO_BOOST;v80:CURRENT_ELITE_BOSS_EQUIPMENT_RARE_X4,dpv2.direct.m188.v505_0072
虹魔猪卫,188,91,龙纹剑,107,物品,,'=1/75,exact_formula,1/75,'=E91,SPB:AUTO_BOOST;v80:CURRENT_ELITE_BOSS_EQUIPMENT_RARE_X4,dpv2.direct.m188.v505_0073
虹魔蝎卫,191,6,超级金创药 ×8,920017,物品,,'=1/1,exact_formula,1/1,'=E6,SPB:BYPASS_COMMON_RECOVERY,dpv2.direct.m191.slot_020 等8个独立槽
虹魔蝎卫,191,7,超级魔法药 ×8,920042,物品,,'=1/1,exact_formula,1/1,'=E7,SPB:BYPASS_COMMON_RECOVERY,dpv2.direct.m191.slot_023 等8个独立槽
虹魔蝎卫,191,8,金币,,金币,20000,'=1/1,exact_formula,1/1,'=E8,SPB:BYPASS_GOLD,dpv2.direct.m191.v505_0001
虹魔蝎卫,191,9,太阳水 ×8,920014,物品,,'=1/2,exact_formula,1/2,'=E9,SPB:BYPASS_COMMON_RECOVERY;精英Boss太阳水分母x2,dpv2.direct.m191.v505_0018 等8个独立槽
虹魔蝎卫,191,10,强效太阳水 ×8,920016,物品,,'=1/2,exact_formula,1/2,'=E10,SPB:BYPASS_COMMON_RECOVERY;精英Boss太阳水分母x2,dpv2.direct.m191.slot_008 等8个独立槽
虹魔蝎卫,191,11,超级金创药 ×2,920017,物品,,'=1/2,exact_formula,1/2,'=E11,SPB:BYPASS_COMMON_RECOVERY,dpv2.direct.m191.slot_018 等2个独立槽
虹魔蝎卫,191,12,超级魔法药 ×2,920042,物品,,'=1/2,exact_formula,1/2,'=E12,SPB:BYPASS_COMMON_RECOVERY,dpv2.direct.m191.slot_021 等2个独立槽
虹魔蝎卫,191,13,太阳水 ×2,920014,物品,,'=1/4,exact_formula,1/4,'=E13,SPB:BYPASS_COMMON_RECOVERY;精英Boss太阳水分母x2,dpv2.direct.m191.v505_0026 等2个独立槽
虹魔蝎卫,191,14,强效太阳水 ×2,920016,物品,,'=1/4,exact_formula,1/4,'=E14,SPB:BYPASS_COMMON_RECOVERY;精英Boss太阳水分母x2,dpv2.direct.m191.slot_013 等2个独立槽
虹魔蝎卫,191,15,偃月,95,物品,,'=1/5,exact_formula,1/5,'=E15,SPB:AUTO_BOOST,dpv2.direct.m191.v505_0106
虹魔蝎卫,191,16,天珠项链,170,物品,,'=1/20,exact_formula,1/20,'=E16,SPB:AUTO_BOOST;SPB_CEILING_1_20;v80:CURRENT_ELITE_BOSS_EQUIPMENT_RARE_X4,dpv2.direct.m191.slot_044
虹魔蝎卫,191,17,小手镯,175,物品,,'=1/60,exact_formula,1/60,'=E17,SPB:AUTO_BOOST,dpv2.direct.m191.v505_0111
虹魔蝎卫,191,18,幽灵手套,189,物品,,'=1/20,exact_formula,1/20,'=E18,SPB:AUTO_BOOST;SPB_CEILING_1_20;v80:CURRENT_ELITE_BOSS_EQUIPMENT_RARE_X4,dpv2.direct.m191.v505_0052
虹魔蝎卫,191,19,幽灵项链,168,物品,,'=1/20,exact_formula,1/20,'=E19,SPB:AUTO_BOOST;SPB_CEILING_1_20;v80:CURRENT_ELITE_BOSS_EQUIPMENT_RARE_X4,dpv2.direct.m191.slot_037
虹魔蝎卫,191,20,心灵手镯,195,物品,,'=1/20,exact_formula,1/20,'=E20,SPB:AUTO_BOOST;SPB_CEILING_1_20;v80:CURRENT_ELITE_BOSS_EQUIPMENT_RARE_X4,dpv2.direct.m191.slot_042
虹魔蝎卫,191,21,思贝儿手镯,190,物品,,'=1/20,exact_formula,1/20,'=E21,SPB:AUTO_BOOST;SPB_CEILING_1_20;v80:CURRENT_ELITE_BOSS_EQUIPMENT_RARE_X4,dpv2.direct.m191.slot_040
虹魔蝎卫,191,22,斩马刀,94,物品,,'=1/60,exact_formula,1/60,'=E22,SPB:AUTO_BOOST,dpv2.direct.m191.v505_0105
虹魔蝎卫,191,23,珍珠戒指,205,物品,,'=1/60,exact_formula,1/60,'=E23,SPB:AUTO_BOOST,dpv2.direct.m191.v505_0103
虹魔蝎卫,191,24,生命项链,169,物品,,'=1/20,exact_formula,1/20,'=E24,SPB:AUTO_BOOST;SPB_CEILING_1_20;v80:CURRENT_ELITE_BOSS_EQUIPMENT_RARE_X4,dpv2.direct.m191.slot_036
虹魔蝎卫,191,25,生铁戒指,201,物品,,'=1/60,exact_formula,1/60,'=E25,SPB:AUTO_BOOST,dpv2.direct.m191.v505_0107
虹魔蝎卫,191,26,白色虎齿项链,159,物品,,'=1/60,exact_formula,1/60,'=E26,SPB:AUTO_BOOST,dpv2.direct.m191.v505_0108
虹魔蝎卫,191,27,白金项链,155,物品,,'=1/60,exact_formula,1/60,'=E27,SPB:AUTO_BOOST,dpv2.direct.m191.v505_0109
虹魔蝎卫,191,28,破魂,93,物品,,'=1/60,exact_formula,1/60,'=E28,SPB:AUTO_BOOST,dpv2.direct.m191.v505_0104
虹魔蝎卫,191,29,红宝石戒指,213,物品,,'=1/20,exact_formula,1/20,'=E29,SPB:AUTO_BOOST;SPB_CEILING_1_20;v80:CURRENT_ELITE_BOSS_EQUIPMENT_RARE_X4,dpv2.direct.m191.slot_041
虹魔蝎卫,191,30,蓝翡翠项链,165,物品,,'=1/60,exact_formula,1/60,'=E30,SPB:AUTO_BOOST,dpv2.direct.m191.slot_072
虹魔蝎卫,191,31,蛇眼戒指,204,物品,,'=1/60,exact_formula,1/60,'=E31,SPB:AUTO_BOOST,dpv2.direct.m191.v505_0102
虹魔蝎卫,191,32,记忆头盔,228,物品,,'=1/60,exact_formula,1/60,'=E32,SPB:AUTO_BOOST;SPB_CEILING_1_20;v80:CURRENT_ELITE_BOSS_EQUIPMENT_RARE_X4,dpv2.direct.m191.slot_038
虹魔蝎卫,191,33,道士手镯,185,物品,,'=1/60,exact_formula,1/60,'=E33,SPB:AUTO_BOOST,dpv2.direct.m191.v505_0096
虹魔蝎卫,191,34,道德戒指,209,物品,,'=1/60,exact_formula,1/60,'=E34,SPB:AUTO_BOOST,dpv2.direct.m191.slot_074
虹魔蝎卫,191,35,金戒指,206,物品,,'=1/60,exact_formula,1/60,'=E35,SPB:AUTO_BOOST,dpv2.direct.m191.slot_071
虹魔蝎卫,191,36,金手镯,188,物品,,'=1/60,exact_formula,1/60,'=E36,SPB:AUTO_BOOST,dpv2.direct.m191.slot_073
虹魔蝎卫,191,37,铂金戒指,214,物品,,'=1/60,exact_formula,1/60,'=E37,SPB:AUTO_BOOST;SPB_CEILING_1_20;v80:CURRENT_ELITE_BOSS_EQUIPMENT_RARE_X4,dpv2.direct.m191.slot_043
虹魔蝎卫,191,38,降魔,96,物品,,'=1/60,exact_formula,1/60,'=E38,SPB:AUTO_BOOST,dpv2.direct.m191.v505_0100
虹魔蝎卫,191,39,骷髅戒指,207,物品,,'=1/60,exact_formula,1/60,'=E39,SPB:AUTO_BOOST,dpv2.direct.m191.v505_0110
虹魔蝎卫,191,40,魅力戒指,208,物品,,'=1/60,exact_formula,1/60,'=E40,SPB:AUTO_BOOST,dpv2.direct.m191.slot_075
虹魔蝎卫,191,41,魔力手镯,186,物品,,'=1/60,exact_formula,1/60,'=E41,SPB:AUTO_BOOST,dpv2.direct.m191.v505_0099
虹魔蝎卫,191,42,魔法头盔,148,物品,,'=1/60,exact_formula,1/60,'=E42,SPB:AUTO_BOOST,dpv2.direct.m191.v505_0097
虹魔蝎卫,191,43,黑檀手镯,184,物品,,'=1/60,exact_formula,1/60,'=E43,SPB:AUTO_BOOST,dpv2.direct.m191.v505_0098
虹魔蝎卫,191,44,黑色水晶戒指,203,物品,,'=1/60,exact_formula,1/60,'=E44,SPB:AUTO_BOOST,dpv2.direct.m191.v505_0101
虹魔蝎卫,191,45,龙之戒指,212,物品,,0.05,numeric_literal,1/20,'=E45,SPB:AUTO_BOOST;SPB_CEILING_1_20;v80:CURRENT_ELITE_BOSS_EQUIPMENT_RARE_X4,dpv2.direct.m191.slot_046
虹魔蝎卫,191,46,召唤神兽,920005,物品,,0.05,numeric_literal,1/20,'=E46,SPB:BYPASS_UNCLASSIFIED;v80:CURRENT_ELITE_BOSS_EQUIPMENT_RARE_X4,dpv2.direct.m191.v505_0074
虹魔蝎卫,191,47,烈火剑法,920028,物品,,0.05,numeric_literal,1/20,'=E47,SPB:BYPASS_UNCLASSIFIED;v80:CURRENT_ELITE_BOSS_EQUIPMENT_RARE_X4,dpv2.direct.m191.v505_0073
虹魔蝎卫,191,48,冰咆哮,920002,物品,,0.05,numeric_literal,1/20,'=E48,SPB:BYPASS_UNCLASSIFIED;v80:CURRENT_ELITE_BOSS_EQUIPMENT_RARE_X4,dpv2.direct.m191.v505_0075
虹魔蝎卫,191,49,炼狱,99,物品,,0.05,numeric_literal,1/20,'=E49,SPB:AUTO_BOOST;v80:CURRENT_ELITE_BOSS_EQUIPMENT_RARE_X4,dpv2.direct.m191.slot_049
虹魔蝎卫,191,50,银蛇,101,物品,,0.05,numeric_literal,1/20,'=E50,SPB:AUTO_BOOST;v80:CURRENT_ELITE_BOSS_EQUIPMENT_RARE_X4,dpv2.direct.m191.slot_047
虹魔蝎卫,191,51,魔杖,100,物品,,0.05,numeric_literal,1/20,'=E51,SPB:AUTO_BOOST;v80:CURRENT_ELITE_BOSS_EQUIPMENT_RARE_X4,dpv2.direct.m191.slot_048
虹魔蝎卫,191,52,虹魔戒指,247,物品,,'=1/60,exact_formula,1/60,'=E52,SPB:AUTO_BOOST;v80:CURRENT_ELITE_BOSS_EQUIPMENT_RARE_X4,dpv2.direct.m191.slot_054
虹魔蝎卫,191,53,虹魔手镯,248,物品,,'=1/60,exact_formula,1/60,'=E53,SPB:AUTO_BOOST;v80:CURRENT_ELITE_BOSS_EQUIPMENT_RARE_X4,dpv2.direct.m191.v505_0066
虹魔蝎卫,191,54,虹魔项链,249,物品,,'=1/60,exact_formula,1/60,'=E54,SPB:AUTO_BOOST;v80:CURRENT_ELITE_BOSS_EQUIPMENT_RARE_X4,dpv2.direct.m191.slot_055
虹魔蝎卫,191,55,魔血戒指,244,物品,,'=1/60,exact_formula,1/60,'=E55,SPB:AUTO_BOOST;v80:CURRENT_ELITE_BOSS_EQUIPMENT_RARE_X4,dpv2.direct.m191.v505_0062
虹魔蝎卫,191,56,魔血手镯,245,物品,,'=1/60,exact_formula,1/60,'=E56,SPB:AUTO_BOOST;v80:CURRENT_ELITE_BOSS_EQUIPMENT_RARE_X4,dpv2.direct.m191.slot_052
虹魔蝎卫,191,57,魔血项链,246,物品,,'=1/60,exact_formula,1/60,'=E57,SPB:AUTO_BOOST;v80:CURRENT_ELITE_BOSS_EQUIPMENT_RARE_X4,dpv2.direct.m191.slot_053
虹魔蝎卫,191,58,体力强效神水,910001,物品,,'=1/20,exact_formula,1/20,'=E58,SPB:AUTO_BOOST;SPB_CEILING_1_20,dpv2.direct.m191.v505_0006
虹魔蝎卫,191,59,修罗,97,物品,,'=1/60,exact_formula,1/60,'=E59,SPB:AUTO_BOOST;SPB_CEILING_1_20,dpv2.direct.m191.slot_063
虹魔蝎卫,191,60,凝霜,98,物品,,'=1/60,exact_formula,1/60,'=E60,SPB:AUTO_BOOST;SPB_CEILING_1_20,dpv2.direct.m191.slot_059
虹魔蝎卫,191,61,攻击神水,910004,物品,,'=1/20,exact_formula,1/20,'=E61,SPB:AUTO_BOOST;SPB_CEILING_1_20,dpv2.direct.m191.slot_002
虹魔蝎卫,191,62,放大镜,166,物品,,'=1/20,exact_formula,1/20,'=E62,SPB:AUTO_BOOST;SPB_CEILING_1_20,dpv2.direct.m191.slot_056
虹魔蝎卫,191,63,死神手套,187,物品,,'=1/20,exact_formula,1/20,'=E63,SPB:AUTO_BOOST;SPB_CEILING_1_20,dpv2.direct.m191.slot_062
虹魔蝎卫,191,64,灵魂战衣(男),127,物品,,'=1/20,exact_formula,1/20,'=E64,SPB:AUTO_BOOST;SPB_CEILING_1_20,dpv2.direct.m191.slot_067
虹魔蝎卫,191,66,珊瑚戒指,210,物品,,'=1/20,exact_formula,1/20,'=E66,SPB:AUTO_BOOST;SPB_CEILING_1_20,dpv2.direct.m191.slot_060
虹魔蝎卫,191,67,疾风神水,910003,物品,,'=1/20,exact_formula,1/20,'=E67,SPB:AUTO_BOOST;SPB_CEILING_1_20,dpv2.direct.m191.v505_0005
虹魔蝎卫,191,68,祝福油,920033,物品,,'=1/20,exact_formula,1/20,'=E68,SPB:AUTO_BOOST;SPB_CEILING_1_20,dpv2.direct.m191.v505_0051
虹魔蝎卫,191,69,竹笛,167,物品,,'=1/20,exact_formula,1/20,'=E69,SPB:AUTO_BOOST;SPB_CEILING_1_20,dpv2.direct.m191.slot_057
虹魔蝎卫,191,70,精神神水,910006,物品,,'=1/20,exact_formula,1/20,'=E70,SPB:AUTO_BOOST;SPB_CEILING_1_20,dpv2.direct.m191.slot_004
虹魔蝎卫,191,71,道士头盔,149,物品,,'=1/20,exact_formula,1/20,'=E71,SPB:AUTO_BOOST;SPB_CEILING_1_20,dpv2.direct.m191.slot_058
虹魔蝎卫,191,72,重盔甲(男),122,物品,,'=1/20,exact_formula,1/20,'=E72,SPB:AUTO_BOOST;SPB_CEILING_1_20,dpv2.direct.m191.slot_065
虹魔蝎卫,191,74,降妖除魔戒指,211,物品,,'=1/20,exact_formula,1/20,'=E74,SPB:AUTO_BOOST;SPB_CEILING_1_20,dpv2.direct.m191.slot_061
虹魔蝎卫,191,75,骷髅头盔,150,物品,,'=1/20,exact_formula,1/20,'=E75,SPB:AUTO_BOOST;SPB_CEILING_1_20,dpv2.direct.m191.slot_064
虹魔蝎卫,191,76,魔力强效神水,910002,物品,,'=1/20,exact_formula,1/20,'=E76,SPB:AUTO_BOOST;SPB_CEILING_1_20,dpv2.direct.m191.v505_0007
虹魔蝎卫,191,77,魔力神水,910005,物品,,'=1/20,exact_formula,1/20,'=E77,SPB:AUTO_BOOST;SPB_CEILING_1_20,dpv2.direct.m191.slot_003
虹魔蝎卫,191,78,魔法长袍(男),124,物品,,'=1/60,exact_formula,1/60,'=E78,SPB:AUTO_BOOST;SPB_CEILING_1_20,dpv2.direct.m191.slot_069
虹魔蝎卫,191,80,井中月,102,物品,,'=1/30,exact_formula,1/30,'=E80,SPB:AUTO_BOOST;v80:CURRENT_ELITE_BOSS_EQUIPMENT_RARE_X4,dpv2.direct.m191.slot_050
虹魔蝎卫,191,81,无极棍,104,物品,,'=1/30,exact_formula,1/30,'=E81,SPB:AUTO_BOOST;v80:CURRENT_ELITE_BOSS_EQUIPMENT_RARE_X4,dpv2.direct.m191.slot_051
虹魔蝎卫,191,82,裁决之杖,105,物品,,'=1/75,exact_formula,1/75,'=E82,SPB:AUTO_BOOST;v80:CURRENT_ELITE_BOSS_EQUIPMENT_RARE_X4,dpv2.direct.m191.v505_0070
虹魔蝎卫,191,83,骨玉权杖,106,物品,,'=1/75,exact_formula,1/75,'=E83,SPB:AUTO_BOOST;v80:CURRENT_ELITE_BOSS_EQUIPMENT_RARE_X4,dpv2.direct.m191.v505_0071
虹魔蝎卫,191,84,龙纹剑,107,物品,,'=1/75,exact_formula,1/75,'=E84,SPB:AUTO_BOOST;v80:CURRENT_ELITE_BOSS_EQUIPMENT_RARE_X4,dpv2.direct.m191.v505_0072
沃玛教主,76,6,超级金创药 ×8,920017,物品,,'=1/1,exact_formula,1/1,'=E6,SPB:BYPASS_COMMON_RECOVERY,dpv2.direct.m76.v505_0028 等8个独立槽
沃玛教主,76,7,超级魔法药 ×8,920042,物品,,'=1/1,exact_formula,1/1,'=E7,SPB:BYPASS_COMMON_RECOVERY,dpv2.direct.m76.v505_0038 等8个独立槽
沃玛教主,76,8,金币,,金币,30000,'=1/1,exact_formula,1/1,'=E8,SPB:BYPASS_GOLD,dpv2.direct.m76.slot_001
沃玛教主,76,9,偃月,95,物品,,'=1/2,exact_formula,1/2,'=E9,SPB:AUTO_BOOST,dpv2.direct.m76.v505_0103
沃玛教主,76,10,太阳水 ×8,920014,物品,,'=1/2,exact_formula,1/2,'=E10,SPB:BYPASS_COMMON_RECOVERY;精英Boss太阳水分母x2,dpv2.direct.m76.v505_0018 等8个独立槽
沃玛教主,76,12,强效太阳水 ×8,920016,物品,,'=1/2,exact_formula,1/2,'=E12,SPB:BYPASS_COMMON_RECOVERY;精英Boss太阳水分母x2,dpv2.direct.m76.v505_0008 等8个独立槽
沃玛教主,76,21,超级金创药 ×2,920017,物品,,'=1/2,exact_formula,1/2,'=E21,SPB:BYPASS_COMMON_RECOVERY,dpv2.direct.m76.v505_0036 等2个独立槽
沃玛教主,76,22,超级魔法药 ×2,920042,物品,,'=1/2,exact_formula,1/2,'=E22,SPB:BYPASS_COMMON_RECOVERY,dpv2.direct.m76.v505_0046 等2个独立槽
沃玛教主,76,33,太阳水 ×2,920014,物品,,'=1/4,exact_formula,1/4,'=E33,SPB:BYPASS_COMMON_RECOVERY;精英Boss太阳水分母x2,dpv2.direct.m76.v505_0026 等2个独立槽
沃玛教主,76,34,强效太阳水 ×2,920016,物品,,'=1/4,exact_formula,1/4,'=E34,SPB:BYPASS_COMMON_RECOVERY;精英Boss太阳水分母x2,dpv2.direct.m76.v505_0016 等2个独立槽
沃玛教主,76,36,祝福油,920033,物品,,1,numeric_literal,1/1,'=E36,SPB:AUTO_BOOST,dpv2.direct.m76.slot_003
沃玛教主,76,37,天珠项链,170,物品,,'=1/5,exact_formula,1/5,'=E37,SPB:AUTO_BOOST;SPB_CEILING_1_20;v80:CURRENT_ELITE_BOSS_EQUIPMENT_RARE_X4,dpv2.direct.m76.slot_014
沃玛教主,76,38,幽灵手套,189,物品,,'=1/5,exact_formula,1/5,'=E38,SPB:AUTO_BOOST;SPB_CEILING_1_20;v80:CURRENT_ELITE_BOSS_EQUIPMENT_RARE_X4,dpv2.direct.m76.slot_015
沃玛教主,76,39,幽灵项链,168,物品,,'=1/5,exact_formula,1/5,'=E39,SPB:AUTO_BOOST;SPB_CEILING_1_20;v80:CURRENT_ELITE_BOSS_EQUIPMENT_RARE_X4,dpv2.direct.m76.slot_012
沃玛教主,76,40,心灵手镯,195,物品,,'=1/5,exact_formula,1/5,'=E40,SPB:AUTO_BOOST;SPB_CEILING_1_20;v80:CURRENT_ELITE_BOSS_EQUIPMENT_RARE_X4,dpv2.direct.m76.slot_017
沃玛教主,76,41,思贝儿手镯,190,物品,,'=1/5,exact_formula,1/5,'=E41,SPB:AUTO_BOOST;SPB_CEILING_1_20;v80:CURRENT_ELITE_BOSS_EQUIPMENT_RARE_X4,dpv2.direct.m76.slot_016
沃玛教主,76,42,狂风戒指,222,物品,,'=1/5,exact_formula,1/5,'=E42,SPB:AUTO_BOOST;SPB_CEILING_1_20;v80:CURRENT_ELITE_BOSS_EQUIPMENT_RARE_X4,dpv2.direct.m76.slot_021
沃玛教主,76,43,生命项链,169,物品,,'=1/5,exact_formula,1/5,'=E43,SPB:AUTO_BOOST;SPB_CEILING_1_20;v80:CURRENT_ELITE_BOSS_EQUIPMENT_RARE_X4,dpv2.direct.m76.slot_013
沃玛教主,76,44,红宝石戒指,213,物品,,'=1/5,exact_formula,1/5,'=E44,SPB:AUTO_BOOST;SPB_CEILING_1_20;v80:CURRENT_ELITE_BOSS_EQUIPMENT_RARE_X4,dpv2.direct.m76.slot_019
沃玛教主,76,45,记忆头盔,228,物品,,'=1/10,exact_formula,1/10,'=E45,SPB:AUTO_BOOST;SPB_CEILING_1_20;v80:CURRENT_ELITE_BOSS_EQUIPMENT_RARE_X4,dpv2.direct.m76.slot_011
沃玛教主,76,46,记忆项链,229,物品,,'=1/10,exact_formula,1/10,'=E46,SPB:AUTO_BOOST;SPB_CEILING_1_20;v80:CURRENT_ELITE_BOSS_EQUIPMENT_RARE_X4,dpv2.direct.m76.slot_010
沃玛教主,76,47,铂金戒指,214,物品,,'=1/5,exact_formula,1/5,'=E47,SPB:AUTO_BOOST;SPB_CEILING_1_20;v80:CURRENT_ELITE_BOSS_EQUIPMENT_RARE_X4,dpv2.direct.m76.slot_020
沃玛教主,76,48,龙之戒指,212,物品,,'=1/5,exact_formula,1/5,'=E48,SPB:AUTO_BOOST;SPB_CEILING_1_20;v80:CURRENT_ELITE_BOSS_EQUIPMENT_RARE_X4,dpv2.direct.m76.slot_018
沃玛教主,76,49,烈火剑法,920028,物品,,'=1/8,exact_formula,1/8,'=E49,SPB:BYPASS_UNCLASSIFIED;v80:CURRENT_ELITE_BOSS_EQUIPMENT_RARE_X4,dpv2.direct.m76.slot_026
沃玛教主,76,50,冰咆哮,920002,物品,,'=2/17,exact_formula,2/17,'=E50,SPB:BYPASS_UNCLASSIFIED;v80:CURRENT_ELITE_BOSS_EQUIPMENT_RARE_X4,dpv2.direct.m76.slot_028
沃玛教主,76,51,召唤神兽,920005,物品,,'=2/17,exact_formula,2/17,'=E51,SPB:BYPASS_UNCLASSIFIED;v80:CURRENT_ELITE_BOSS_EQUIPMENT_RARE_X4,dpv2.direct.m76.slot_027
沃玛教主,76,52,修罗,97,物品,,'=1/5,exact_formula,1/5,'=E52,SPB:AUTO_BOOST,dpv2.direct.m76.v505_0082
沃玛教主,76,53,死神手套,187,物品,,'=1/5,exact_formula,1/5,'=E53,SPB:AUTO_BOOST,dpv2.direct.m76.v505_0081
沃玛教主,76,54,骷髅头盔,150,物品,,'=1/5,exact_formula,1/5,'=E54,SPB:AUTO_BOOST,dpv2.direct.m76.v505_0080
沃玛教主,76,55,炼狱,99,物品,,'=1/5,exact_formula,1/5,'=E55,SPB:AUTO_BOOST;v80:CURRENT_ELITE_BOSS_EQUIPMENT_RARE_X4,dpv2.direct.m76.slot_029
沃玛教主,76,56,银蛇,101,物品,,'=1/5,exact_formula,1/5,'=E56,SPB:AUTO_BOOST;v80:CURRENT_ELITE_BOSS_EQUIPMENT_RARE_X4,dpv2.direct.m76.slot_030
沃玛教主,76,57,魔杖,100,物品,,'=1/5,exact_formula,1/5,'=E57,SPB:AUTO_BOOST;v80:CURRENT_ELITE_BOSS_EQUIPMENT_RARE_X4,dpv2.direct.m76.slot_031
沃玛教主,76,58,体力强效神水,910001,物品,,'=1/20,exact_formula,1/20,'=E58,SPB:AUTO_BOOST;SPB_CEILING_1_20,dpv2.direct.m76.slot_008
沃玛教主,76,59,凝霜,98,物品,,'=1/20,exact_formula,1/20,'=E59,SPB:AUTO_BOOST;SPB_CEILING_1_20,dpv2.direct.m76.v505_0077
沃玛教主,76,60,攻击神水,910004,物品,,'=1/20,exact_formula,1/20,'=E60,SPB:AUTO_BOOST;SPB_CEILING_1_20,dpv2.direct.m76.slot_004
沃玛教主,76,61,放大镜,166,物品,,'=1/20,exact_formula,1/20,'=E61,SPB:AUTO_BOOST;SPB_CEILING_1_20,dpv2.direct.m76.v505_0074
沃玛教主,76,62,灵魂战衣(男),127,物品,,'=1/20,exact_formula,1/20,'=E62,SPB:AUTO_BOOST,dpv2.direct.m76.v505_0085
沃玛教主,76,63,灵魂战衣(男),126,物品,,'=1/20,exact_formula,1/20,'=E63,SPB:AUTO_BOOST,dpv2.direct.m76.v505_0086
沃玛教主,76,64,珊瑚戒指,210,物品,,'=1/20,exact_formula,1/20,'=E64,SPB:AUTO_BOOST;SPB_CEILING_1_20,dpv2.direct.m76.v505_0078
沃玛教主,76,65,疾风神水,910003,物品,,'=1/20,exact_formula,1/20,'=E65,SPB:AUTO_BOOST;SPB_CEILING_1_20,dpv2.direct.m76.slot_007
沃玛教主,76,66,竹笛,167,物品,,'=1/20,exact_formula,1/20,'=E66,SPB:AUTO_BOOST;SPB_CEILING_1_20,dpv2.direct.m76.v505_0075
沃玛教主,76,67,精神神水,910006,物品,,'=1/20,exact_formula,1/20,'=E67,SPB:AUTO_BOOST;SPB_CEILING_1_20,dpv2.direct.m76.slot_006
沃玛教主,76,68,记忆戒指,231,物品,,'=1/10,exact_formula,1/10,'=E68,SPB:AUTO_BOOST;v80:CURRENT_ELITE_BOSS_EQUIPMENT_RARE_X4,dpv2.direct.m76.slot_032
沃玛教主,76,69,道士头盔,149,物品,,'=1/20,exact_formula,1/20,'=E69,SPB:AUTO_BOOST;SPB_CEILING_1_20,dpv2.direct.m76.v505_0076
沃玛教主,76,72,野蛮冲撞,920043,物品,,0.2,numeric_literal,1/5,'=E72,SPB:BYPASS_UNCLASSIFIED,dpv2.direct.m76.slot_022
沃玛教主,76,73,降妖除魔戒指,211,物品,,'=1/20,exact_formula,1/20,'=E73,SPB:AUTO_BOOST;SPB_CEILING_1_20,dpv2.direct.m76.v505_0079
沃玛教主,76,74,魔力强效神水,910002,物品,,'=1/20,exact_formula,1/20,'=E74,SPB:AUTO_BOOST;SPB_CEILING_1_20,dpv2.direct.m76.slot_009
沃玛教主,76,75,魔力神水,910005,物品,,'=1/20,exact_formula,1/20,'=E75,SPB:AUTO_BOOST;SPB_CEILING_1_20,dpv2.direct.m76.slot_005
沃玛教主,76,78,命运之刃,110,物品,,'=1/15,exact_formula,1/15,'=E78,v81;SPB:AUTO_BOOST;v80:CURRENT_ELITE_BOSS_EQUIPMENT_RARE_X4,dpv2.user.v81.m76.fate_blade
沃玛教主,76,79,魔法盾,920051,物品,,'=1/5,exact_formula,1/5,'=E79,SPB:BYPASS_UNCLASSIFIED,dpv2.direct.m76.slot_023
沃玛教主,76,80,圣言术,920009,物品,,'=1/5,exact_formula,1/5,'=E80,SPB:BYPASS_UNCLASSIFIED,dpv2.direct.m76.slot_025
沃玛教主,76,81,群体治疗术,920036,物品,,'=1/5,exact_formula,1/5,'=E81,SPB:BYPASS_UNCLASSIFIED,dpv2.direct.m76.slot_024
沃玛教主,76,82,传送戒指,254,物品,,'=1/100,exact_formula,1/100,'=E82,SPB:AUTO_BOOST;v80:CURRENT_ELITE_BOSS_EQUIPMENT_RARE_X4,dpv2.direct.m76.slot_033
触龙神,124,6,超级金创药 ×8,920017,物品,,'=1/1,exact_formula,1/1,'=E6,SPB:BYPASS_COMMON_RECOVERY,dpv2.direct.m124.slot_018 等8个独立槽
触龙神,124,7,超级魔法药 ×8,920042,物品,,'=1/1,exact_formula,1/1,'=E7,SPB:BYPASS_COMMON_RECOVERY,dpv2.direct.m124.slot_026 等8个独立槽
触龙神,124,8,金币,,金币,70000,'=1/1,exact_formula,1/1,'=E8,SPB:BYPASS_GOLD,dpv2.direct.m124.slot_001
触龙神,124,9,太阳水 ×8,920014,物品,,'=1/2,exact_formula,1/2,'=E9,SPB:BYPASS_COMMON_RECOVERY;精英Boss太阳水分母x2,dpv2.direct.m124.slot_010 等8个独立槽
触龙神,124,10,强效太阳水 ×8,920016,物品,,'=1/2,exact_formula,1/2,'=E10,SPB:BYPASS_COMMON_RECOVERY;精英Boss太阳水分母x2,dpv2.direct.m124.slot_002 等8个独立槽
触龙神,124,11,超级金创药 ×2,920017,物品,,'=1/2,exact_formula,1/2,'=E11,SPB:BYPASS_COMMON_RECOVERY,dpv2.direct.m124.slot_038 等2个独立槽
触龙神,124,12,超级魔法药 ×2,920042,物品,,'=1/2,exact_formula,1/2,'=E12,SPB:BYPASS_COMMON_RECOVERY,dpv2.direct.m124.slot_040 等2个独立槽
触龙神,124,13,太阳水 ×2,920014,物品,,'=1/4,exact_formula,1/4,'=E13,SPB:BYPASS_COMMON_RECOVERY;精英Boss太阳水分母x2,dpv2.direct.m124.slot_036 等2个独立槽
触龙神,124,14,强效太阳水 ×2,920016,物品,,'=1/4,exact_formula,1/4,'=E14,SPB:BYPASS_COMMON_RECOVERY;精英Boss太阳水分母x2,dpv2.direct.m124.slot_034 等2个独立槽
触龙神,124,15,祝福油,920033,物品,,'=1/4,exact_formula,1/4,'=E15,SPB:AUTO_BOOST,dpv2.direct.m124.slot_042
触龙神,124,16,天珠项链,170,物品,,'=1/5,exact_formula,1/5,'=E16,SPB:AUTO_BOOST;SPB_CEILING_1_20;v80:CURRENT_ELITE_BOSS_EQUIPMENT_RARE_X4,dpv2.direct.m124.slot_091
触龙神,124,17,幽灵手套,189,物品,,'=1/5,exact_formula,1/5,'=E17,SPB:AUTO_BOOST;SPB_CEILING_1_20;v80:CURRENT_ELITE_BOSS_EQUIPMENT_RARE_X4,dpv2.direct.m124.slot_086
触龙神,124,18,幽灵项链,168,物品,,'=1/5,exact_formula,1/5,'=E18,SPB:AUTO_BOOST;SPB_CEILING_1_20;v80:CURRENT_ELITE_BOSS_EQUIPMENT_RARE_X4,dpv2.direct.m124.slot_089
触龙神,124,19,心灵手镯,195,物品,,'=1/5,exact_formula,1/5,'=E19,SPB:AUTO_BOOST;SPB_CEILING_1_20;v80:CURRENT_ELITE_BOSS_EQUIPMENT_RARE_X4,dpv2.direct.m124.slot_092
触龙神,124,20,思贝儿手镯,190,物品,,'=1/5,exact_formula,1/5,'=E20,SPB:AUTO_BOOST;SPB_CEILING_1_20;v80:CURRENT_ELITE_BOSS_EQUIPMENT_RARE_X4,dpv2.direct.m124.slot_093
触龙神,124,21,生命项链,169,物品,,'=1/5,exact_formula,1/5,'=E21,SPB:AUTO_BOOST;SPB_CEILING_1_20;v80:CURRENT_ELITE_BOSS_EQUIPMENT_RARE_X4,dpv2.direct.m124.slot_090
触龙神,124,22,红宝石戒指,213,物品,,'=1/5,exact_formula,1/5,'=E22,SPB:AUTO_BOOST;SPB_CEILING_1_20;v80:CURRENT_ELITE_BOSS_EQUIPMENT_RARE_X4,dpv2.direct.m124.slot_095
触龙神,124,23,记忆头盔,228,物品,,'=1/5,exact_formula,1/5,'=E23,SPB:AUTO_BOOST;SPB_CEILING_1_20;v80:CURRENT_ELITE_BOSS_EQUIPMENT_RARE_X4,dpv2.direct.m124.slot_088
触龙神,124,24,记忆项链,229,物品,,'=1/5,exact_formula,1/5,'=E24,SPB:AUTO_BOOST;SPB_CEILING_1_20;v80:CURRENT_ELITE_BOSS_EQUIPMENT_RARE_X4,dpv2.direct.m124.slot_087
触龙神,124,25,铂金戒指,214,物品,,'=1/5,exact_formula,1/5,'=E25,SPB:AUTO_BOOST;SPB_CEILING_1_20;v80:CURRENT_ELITE_BOSS_EQUIPMENT_RARE_X4,dpv2.direct.m124.slot_096
触龙神,124,26,龙之戒指,212,物品,,'=1/5,exact_formula,1/5,'=E26,SPB:AUTO_BOOST;SPB_CEILING_1_20;v80:CURRENT_ELITE_BOSS_EQUIPMENT_RARE_X4,dpv2.direct.m124.slot_094
触龙神,124,27,冰咆哮,920002,物品,,'=1/8,exact_formula,1/8,'=E27,SPB:BYPASS_UNCLASSIFIED;v80:CURRENT_ELITE_BOSS_EQUIPMENT_RARE_X4,dpv2.direct.m124.slot_104
触龙神,124,28,召唤神兽,920005,物品,,'=1/8,exact_formula,1/8,'=E28,SPB:BYPASS_UNCLASSIFIED;v80:CURRENT_ELITE_BOSS_EQUIPMENT_RARE_X4,dpv2.direct.m124.slot_103
触龙神,124,29,炼狱,99,物品,,'=1/8,exact_formula,1/8,'=E29,SPB:AUTO_BOOST;v80:CURRENT_ELITE_BOSS_EQUIPMENT_RARE_X4,dpv2.direct.m124.slot_099
触龙神,124,30,烈火剑法,920028,物品,,'=1/8,exact_formula,1/8,'=E30,SPB:BYPASS_UNCLASSIFIED;v80:CURRENT_ELITE_BOSS_EQUIPMENT_RARE_X4,dpv2.direct.m124.slot_102
触龙神,124,31,银蛇,101,物品,,'=1/8,exact_formula,1/8,'=E31,SPB:AUTO_BOOST;v80:CURRENT_ELITE_BOSS_EQUIPMENT_RARE_X4,dpv2.direct.m124.slot_101
触龙神,124,32,魔杖,100,物品,,'=1/8,exact_formula,1/8,'=E32,SPB:AUTO_BOOST;v80:CURRENT_ELITE_BOSS_EQUIPMENT_RARE_X4,dpv2.direct.m124.slot_100
触龙神,124,33,虹魔戒指,247,物品,,'=1/10,exact_formula,1/10,'=E33,SPB:AUTO_BOOST;v80:CURRENT_ELITE_BOSS_EQUIPMENT_RARE_X4,dpv2.direct.m124.slot_108
触龙神,124,34,虹魔手镯,248,物品,,'=1/10,exact_formula,1/10,'=E34,SPB:AUTO_BOOST;v80:CURRENT_ELITE_BOSS_EQUIPMENT_RARE_X4,dpv2.direct.m124.slot_109
触龙神,124,35,虹魔项链,249,物品,,'=1/10,exact_formula,1/10,'=E35,SPB:AUTO_BOOST;v80:CURRENT_ELITE_BOSS_EQUIPMENT_RARE_X4,dpv2.direct.m124.slot_110
触龙神,124,36,魔血戒指,244,物品,,'=1/10,exact_formula,1/10,'=E36,SPB:AUTO_BOOST;v80:CURRENT_ELITE_BOSS_EQUIPMENT_RARE_X4,dpv2.direct.m124.slot_105
触龙神,124,37,魔血手镯,245,物品,,'=1/10,exact_formula,1/10,'=E37,SPB:AUTO_BOOST;v80:CURRENT_ELITE_BOSS_EQUIPMENT_RARE_X4,dpv2.direct.m124.slot_106
触龙神,124,38,魔血项链,246,物品,,'=1/10,exact_formula,1/10,'=E38,SPB:AUTO_BOOST;v80:CURRENT_ELITE_BOSS_EQUIPMENT_RARE_X4,dpv2.direct.m124.slot_107
触龙神,124,39,体力强效神水,910001,物品,,'=1/20,exact_formula,1/20,'=E39,SPB:AUTO_BOOST;SPB_CEILING_1_20,dpv2.direct.m124.slot_083
触龙神,124,43,半月弯刀,920004,物品,,'=1/20,exact_formula,1/20,'=E43,SPB:BYPASS_UNCLASSIFIED,dpv2.direct.m124.slot_085
触龙神,124,44,困魔咒,920008,物品,,'=1/20,exact_formula,1/20,'=E44,SPB:BYPASS_UNCLASSIFIED,dpv2.direct.m124.slot_097
触龙神,124,45,地狱雷光,920011,物品,,'=1/20,exact_formula,1/20,'=E45,SPB:BYPASS_UNCLASSIFIED,dpv2.direct.m124.slot_098
触龙神,124,47,攻击神水,910004,物品,,'=1/20,exact_formula,1/20,'=E47,SPB:AUTO_BOOST;SPB_CEILING_1_20,dpv2.direct.m124.slot_079
触龙神,124,50,死神手套,187,物品,,'=1/20,exact_formula,1/20,'=E50,SPB:AUTO_BOOST;SPB_CEILING_1_20,dpv2.direct.m124.slot_077
触龙神,124,56,疾风神水,910003,物品,,'=1/20,exact_formula,1/20,'=E56,SPB:AUTO_BOOST;SPB_CEILING_1_20,dpv2.direct.m124.slot_082
触龙神,124,61,精神神水,910006,物品,,'=1/20,exact_formula,1/20,'=E61,SPB:AUTO_BOOST;SPB_CEILING_1_20,dpv2.direct.m124.slot_081
触龙神,124,76,魔力强效神水,910002,物品,,'=1/20,exact_formula,1/20,'=E76,SPB:AUTO_BOOST;SPB_CEILING_1_20,dpv2.direct.m124.slot_084
触龙神,124,78,魔力神水,910005,物品,,'=1/20,exact_formula,1/20,'=E78,SPB:AUTO_BOOST;SPB_CEILING_1_20,dpv2.direct.m124.slot_080
触龙神,124,84,井中月,102,物品,,'=1/10,exact_formula,1/10,'=E84,SPB:AUTO_BOOST;v80:CURRENT_ELITE_BOSS_EQUIPMENT_RARE_X4,dpv2.direct.m124.slot_111
触龙神,124,85,无极棍,104,物品,,'=1/10,exact_formula,1/10,'=E85,SPB:AUTO_BOOST;v80:CURRENT_ELITE_BOSS_EQUIPMENT_RARE_X4,dpv2.direct.m124.slot_112
触龙神,124,86,裁决之杖,105,物品,,'=1/50,exact_formula,1/50,'=E86,SPB:AUTO_BOOST;v80:CURRENT_ELITE_BOSS_EQUIPMENT_RARE_X4,dpv2.direct.m124.slot_113
触龙神,124,87,骨玉权杖,106,物品,,'=1/50,exact_formula,1/50,'=E87,SPB:AUTO_BOOST;v80:CURRENT_ELITE_BOSS_EQUIPMENT_RARE_X4,dpv2.direct.m124.slot_114
触龙神,124,88,龙纹剑,107,物品,,'=1/50,exact_formula,1/50,'=E88,SPB:AUTO_BOOST;v80:CURRENT_ELITE_BOSS_EQUIPMENT_RARE_X4,dpv2.direct.m124.slot_115
石墓尸王,143,6,超级金创药 ×8,920017,物品,,'=1/1,exact_formula,1/1,'=E6,SPB:BYPASS_COMMON_RECOVERY,dpv2.direct.m143.slot_030 等8个独立槽
石墓尸王,143,7,超级魔法药 ×8,920042,物品,,'=1/1,exact_formula,1/1,'=E7,SPB:BYPASS_COMMON_RECOVERY,dpv2.direct.m143.slot_040 等8个独立槽
石墓尸王,143,8,金币,,金币,70000,'=1/1,exact_formula,1/1,'=E8,SPB:BYPASS_GOLD,dpv2.direct.m143.v505_0001
石墓尸王,143,9,太阳水 ×8,920014,物品,,'=1/2,exact_formula,1/2,'=E9,SPB:BYPASS_COMMON_RECOVERY;精英Boss太阳水分母x2,dpv2.direct.m143.slot_020 等8个独立槽
石墓尸王,143,10,强效太阳水 ×8,920016,物品,,'=1/2,exact_formula,1/2,'=E10,SPB:BYPASS_COMMON_RECOVERY;精英Boss太阳水分母x2,dpv2.direct.m143.slot_008 等8个独立槽
石墓尸王,143,11,超级金创药 ×2,920017,物品,,'=1/2,exact_formula,1/2,'=E11,SPB:BYPASS_COMMON_RECOVERY,dpv2.direct.m143.slot_028 等2个独立槽
石墓尸王,143,12,超级魔法药 ×2,920042,物品,,'=1/2,exact_formula,1/2,'=E12,SPB:BYPASS_COMMON_RECOVERY,dpv2.direct.m143.slot_038 等2个独立槽
石墓尸王,143,13,太阳水 ×2,920014,物品,,'=1/4,exact_formula,1/4,'=E13,SPB:BYPASS_COMMON_RECOVERY;精英Boss太阳水分母x2,dpv2.direct.m143.slot_018 等2个独立槽
石墓尸王,143,14,强效太阳水 ×2,920016,物品,,'=1/4,exact_formula,1/4,'=E14,SPB:BYPASS_COMMON_RECOVERY;精英Boss太阳水分母x2,dpv2.direct.m143.slot_016 等2个独立槽
石墓尸王,143,15,冰咆哮,920002,物品,,'=1/10,exact_formula,1/10,'=E15,SPB:BYPASS_UNCLASSIFIED;v80:CURRENT_ELITE_BOSS_EQUIPMENT_RARE_X4,dpv2.direct.m143.v505_0076
石墓尸王,143,16,召唤神兽,920005,物品,,'=1/10,exact_formula,1/10,'=E16,SPB:BYPASS_UNCLASSIFIED;v80:CURRENT_ELITE_BOSS_EQUIPMENT_RARE_X4,dpv2.direct.m143.v505_0075
石墓尸王,143,17,天珠项链,170,物品,,'=1/5,exact_formula,1/5,'=E17,SPB:AUTO_BOOST;SPB_CEILING_1_20;v80:CURRENT_ELITE_BOSS_EQUIPMENT_RARE_X4,dpv2.direct.m143.slot_057
石墓尸王,143,18,幽灵手套,189,物品,,'=1/5,exact_formula,1/5,'=E18,SPB:AUTO_BOOST;SPB_CEILING_1_20;v80:CURRENT_ELITE_BOSS_EQUIPMENT_RARE_X4,dpv2.direct.m143.slot_060
石墓尸王,143,19,幽灵项链,168,物品,,'=1/5,exact_formula,1/5,'=E19,SPB:AUTO_BOOST;SPB_CEILING_1_20;v80:CURRENT_ELITE_BOSS_EQUIPMENT_RARE_X4,dpv2.direct.m143.v505_0054
石墓尸王,143,20,心灵手镯,195,物品,,'=1/5,exact_formula,1/5,'=E20,SPB:AUTO_BOOST;SPB_CEILING_1_20;v80:CURRENT_ELITE_BOSS_EQUIPMENT_RARE_X4,dpv2.direct.m143.v505_0058
石墓尸王,143,21,思贝儿手镯,190,物品,,'=1/5,exact_formula,1/5,'=E21,SPB:AUTO_BOOST;SPB_CEILING_1_20;v80:CURRENT_ELITE_BOSS_EQUIPMENT_RARE_X4,dpv2.direct.m143.slot_053
石墓尸王,143,22,烈火剑法,920028,物品,,'=1/10,exact_formula,1/10,'=E22,SPB:BYPASS_UNCLASSIFIED;v80:CURRENT_ELITE_BOSS_EQUIPMENT_RARE_X4,dpv2.direct.m143.v505_0074
石墓尸王,143,23,生命项链,169,物品,,'=1/5,exact_formula,1/5,'=E23,SPB:AUTO_BOOST;SPB_CEILING_1_20;v80:CURRENT_ELITE_BOSS_EQUIPMENT_RARE_X4,dpv2.direct.m143.slot_056
石墓尸王,143,24,红宝石戒指,213,物品,,'=1/5,exact_formula,1/5,'=E24,SPB:AUTO_BOOST;SPB_CEILING_1_20;v80:CURRENT_ELITE_BOSS_EQUIPMENT_RARE_X4,dpv2.direct.m143.slot_058
石墓尸王,143,25,记忆头盔,228,物品,,'=1/10,exact_formula,1/10,'=E25,SPB:AUTO_BOOST;SPB_CEILING_1_20;v80:CURRENT_ELITE_BOSS_EQUIPMENT_RARE_X4,dpv2.direct.m143.slot_055
石墓尸王,143,26,记忆项链,229,物品,,'=1/10,exact_formula,1/10,'=E26,SPB:AUTO_BOOST;SPB_CEILING_1_20;v80:CURRENT_ELITE_BOSS_EQUIPMENT_RARE_X4,dpv2.direct.m143.slot_054
石墓尸王,143,27,铂金戒指,214,物品,,'=1/5,exact_formula,1/5,'=E27,SPB:AUTO_BOOST;SPB_CEILING_1_20;v80:CURRENT_ELITE_BOSS_EQUIPMENT_RARE_X4,dpv2.direct.m143.slot_059
石墓尸王,143,28,龙之戒指,212,物品,,'=1/5,exact_formula,1/5,'=E28,SPB:AUTO_BOOST;SPB_CEILING_1_20;v80:CURRENT_ELITE_BOSS_EQUIPMENT_RARE_X4,dpv2.direct.m143.v505_0060
石墓尸王,143,29,炼狱,99,物品,,'=1/8,exact_formula,1/8,'=E29,SPB:AUTO_BOOST;v80:CURRENT_ELITE_BOSS_EQUIPMENT_RARE_X4,dpv2.direct.m143.slot_048
石墓尸王,143,30,银蛇,101,物品,,'=1/8,exact_formula,1/8,'=E30,SPB:AUTO_BOOST;v80:CURRENT_ELITE_BOSS_EQUIPMENT_RARE_X4,dpv2.direct.m143.slot_050
石墓尸王,143,31,魔杖,100,物品,,'=1/8,exact_formula,1/8,'=E31,SPB:AUTO_BOOST;v80:CURRENT_ELITE_BOSS_EQUIPMENT_RARE_X4,dpv2.direct.m143.slot_049
石墓尸王,143,32,虹魔戒指,247,物品,,'=1/10,exact_formula,1/10,'=E32,SPB:AUTO_BOOST;v80:CURRENT_ELITE_BOSS_EQUIPMENT_RARE_X4,dpv2.direct.m143.slot_065
石墓尸王,143,33,虹魔手镯,248,物品,,'=1/10,exact_formula,1/10,'=E33,SPB:AUTO_BOOST;v80:CURRENT_ELITE_BOSS_EQUIPMENT_RARE_X4,dpv2.direct.m143.v505_0067
石墓尸王,143,34,虹魔项链,249,物品,,'=1/10,exact_formula,1/10,'=E34,SPB:AUTO_BOOST;v80:CURRENT_ELITE_BOSS_EQUIPMENT_RARE_X4,dpv2.direct.m143.slot_066
石墓尸王,143,35,魔血戒指,244,物品,,'=1/10,exact_formula,1/10,'=E35,SPB:AUTO_BOOST;v80:CURRENT_ELITE_BOSS_EQUIPMENT_RARE_X4,dpv2.direct.m143.v505_0063
石墓尸王,143,36,魔血手镯,245,物品,,'=1/10,exact_formula,1/10,'=E36,SPB:AUTO_BOOST;v80:CURRENT_ELITE_BOSS_EQUIPMENT_RARE_X4,dpv2.direct.m143.slot_063
石墓尸王,143,37,魔血项链,246,物品,,'=1/10,exact_formula,1/10,'=E37,SPB:AUTO_BOOST;v80:CURRENT_ELITE_BOSS_EQUIPMENT_RARE_X4,dpv2.direct.m143.slot_064
石墓尸王,143,38,井中月,102,物品,,'=1/10,exact_formula,1/10,'=E38,SPB:AUTO_BOOST;v80:CURRENT_ELITE_BOSS_EQUIPMENT_RARE_X4,dpv2.direct.m143.slot_061
石墓尸王,143,39,体力强效神水,910001,物品,,'=1/20,exact_formula,1/20,'=E39,SPB:AUTO_BOOST;SPB_CEILING_1_20,dpv2.direct.m143.v505_0006
石墓尸王,143,43,半月弯刀,920004,物品,,'=1/10,exact_formula,1/10,'=E43,SPB:BYPASS_UNCLASSIFIED,dpv2.direct.m143.slot_107
石墓尸王,143,44,困魔咒,920008,物品,,'=1/10,exact_formula,1/10,'=E44,SPB:BYPASS_UNCLASSIFIED,dpv2.direct.m143.slot_067
石墓尸王,143,45,地狱雷光,920011,物品,,'=1/10,exact_formula,1/10,'=E45,SPB:BYPASS_UNCLASSIFIED,dpv2.direct.m143.slot_068
石墓尸王,143,47,攻击神水,910004,物品,,'=1/20,exact_formula,1/20,'=E47,SPB:AUTO_BOOST;SPB_CEILING_1_20,dpv2.direct.m143.slot_002
石墓尸王,143,50,无极棍,104,物品,,'=1/8,exact_formula,1/8,'=E50,SPB:AUTO_BOOST;v80:CURRENT_ELITE_BOSS_EQUIPMENT_RARE_X4,dpv2.direct.m143.v505_0070
石墓尸王,143,51,死神手套,187,物品,,'=1/10,exact_formula,1/10,'=E51,SPB:AUTO_BOOST;SPB_CEILING_1_20,dpv2.direct.m143.slot_076
石墓尸王,143,57,疾风神水,910003,物品,,'=1/20,exact_formula,1/20,'=E57,SPB:AUTO_BOOST;SPB_CEILING_1_20,dpv2.direct.m143.v505_0005
石墓尸王,143,61,祝福油,920033,物品,,'=1/1,exact_formula,1/1,'=E61,SPB:AUTO_BOOST;SPB_CEILING_1_20,dpv2.direct.m143.slot_051
石墓尸王,143,63,精神神水,910006,物品,,'=1/20,exact_formula,1/20,'=E63,SPB:AUTO_BOOST;SPB_CEILING_1_20,dpv2.direct.m143.slot_004
石墓尸王,143,78,魔力强效神水,910002,物品,,'=1/20,exact_formula,1/20,'=E78,SPB:AUTO_BOOST;SPB_CEILING_1_20,dpv2.direct.m143.v505_0007
石墓尸王,143,86,裁决之杖,105,物品,,'=1/20,exact_formula,1/20,'=E86,SPB:AUTO_BOOST;v80:CURRENT_ELITE_BOSS_EQUIPMENT_RARE_X4,dpv2.direct.m143.v505_0071
石墓尸王,143,87,骨玉权杖,106,物品,,'=1/20,exact_formula,1/20,'=E87,SPB:AUTO_BOOST;v80:CURRENT_ELITE_BOSS_EQUIPMENT_RARE_X4,dpv2.direct.m143.v505_0072
石墓尸王,143,88,龙纹剑,107,物品,,'=1/20,exact_formula,1/20,'=E88,SPB:AUTO_BOOST;v80:CURRENT_ELITE_BOSS_EQUIPMENT_RARE_X4,dpv2.direct.m143.v505_0073
祖玛教主,160,6,祖玛头像,920032,物品,,'=1/1,exact_formula,1/1,'=E6,SPB:BYPASS_UNCLASSIFIED,dpv2.direct.m160.slot_002
祖玛教主,160,7,超级金创药 ×8,920017,物品,,'=1/1,exact_formula,1/1,'=E7,SPB:BYPASS_COMMON_RECOVERY,dpv2.direct.m160.v505_0022 等8个独立槽
祖玛教主,160,8,超级魔法药 ×8,920042,物品,,'=1/1,exact_formula,1/1,'=E8,SPB:BYPASS_COMMON_RECOVERY,dpv2.direct.m160.v505_0032 等8个独立槽
祖玛教主,160,9,金币,,金币,150000,'=1/1,exact_formula,1/1,'=E9,SPB:BYPASS_GOLD,dpv2.direct.m160.slot_001
祖玛教主,160,12,强效太阳水 ×10,920016,物品,,'=1/2,exact_formula,1/2,'=E12,SPB:BYPASS_COMMON_RECOVERY;精英Boss太阳水分母x2,dpv2.direct.m160.v505_0002 等10个独立槽
祖玛教主,160,17,祝福油,920033,物品,,'=1/2,exact_formula,1/2,'=E17,SPB:AUTO_BOOST,dpv2.direct.m160.slot_003
祖玛教主,160,19,超级金创药 ×2,920017,物品,,'=1/2,exact_formula,1/2,'=E19,SPB:BYPASS_COMMON_RECOVERY,dpv2.direct.m160.v505_0030 等2个独立槽
祖玛教主,160,20,超级魔法药 ×2,920042,物品,,'=1/2,exact_formula,1/2,'=E20,SPB:BYPASS_COMMON_RECOVERY,dpv2.direct.m160.v505_0040 等2个独立槽
祖玛教主,160,30,强效太阳水 ×10,920016,物品,,'=1/4,exact_formula,1/4,'=E30,SPB:BYPASS_COMMON_RECOVERY;精英Boss太阳水分母x2,dpv2.direct.m160.v505_0012 等10个独立槽
祖玛教主,160,31,三眼手镯,191,物品,,'=1/5,exact_formula,1/5,'=E31,SPB:AUTO_BOOST;SPB_CEILING_1_20;v80:CURRENT_ELITE_BOSS_EQUIPMENT_RARE_X4,dpv2.direct.m160.slot_043
祖玛教主,160,32,冰咆哮,920002,物品,,'=1/5,exact_formula,1/5,'=E32,SPB:BYPASS_UNCLASSIFIED;v80:CURRENT_ELITE_BOSS_EQUIPMENT_RARE_X4,dpv2.direct.m160.slot_034
祖玛教主,160,33,力量戒指,215,物品,,'=1/5,exact_formula,1/5,'=E33,SPB:AUTO_BOOST;SPB_CEILING_1_20;v80:CURRENT_ELITE_BOSS_EQUIPMENT_RARE_X4,dpv2.direct.m160.slot_038
祖玛教主,160,34,召唤神兽,920005,物品,,'=1/5,exact_formula,1/5,'=E34,SPB:BYPASS_UNCLASSIFIED;v80:CURRENT_ELITE_BOSS_EQUIPMENT_RARE_X4,dpv2.direct.m160.slot_035
祖玛教主,160,35,泰坦戒指,217,物品,,'=1/5,exact_formula,1/5,'=E35,SPB:AUTO_BOOST;SPB_CEILING_1_20;v80:CURRENT_ELITE_BOSS_EQUIPMENT_RARE_X4,dpv2.direct.m160.slot_040
祖玛教主,160,36,炼狱,99,物品,,'=1/5,exact_formula,1/5,'=E36,SPB:AUTO_BOOST;SPB_CEILING_1_20;v80:CURRENT_ELITE_BOSS_EQUIPMENT_RARE_X4,dpv2.direct.m160.slot_031
祖玛教主,160,37,烈火剑法,920028,物品,,'=1/5,exact_formula,1/5,'=E37,SPB:BYPASS_UNCLASSIFIED;v80:CURRENT_ELITE_BOSS_EQUIPMENT_RARE_X4,dpv2.direct.m160.slot_036
祖玛教主,160,38,紫碧螺,216,物品,,'=1/5,exact_formula,1/5,'=E38,SPB:AUTO_BOOST;SPB_CEILING_1_20;v80:CURRENT_ELITE_BOSS_EQUIPMENT_RARE_X4,dpv2.direct.m160.slot_039
祖玛教主,160,39,绿色项链,171,物品,,'=1/5,exact_formula,1/5,'=E39,SPB:AUTO_BOOST;SPB_CEILING_1_20;v80:CURRENT_ELITE_BOSS_EQUIPMENT_RARE_X4,dpv2.direct.m160.slot_037
祖玛教主,160,40,虹魔戒指,247,物品,,'=1/5,exact_formula,1/5,'=E40,SPB:AUTO_BOOST;v80:CURRENT_ELITE_BOSS_EQUIPMENT_RARE_X4,dpv2.direct.m160.slot_048
祖玛教主,160,41,虹魔手镯,248,物品,,'=1/5,exact_formula,1/5,'=E41,SPB:AUTO_BOOST;v80:CURRENT_ELITE_BOSS_EQUIPMENT_RARE_X4,dpv2.direct.m160.slot_049
祖玛教主,160,42,虹魔项链,249,物品,,'=1/5,exact_formula,1/5,'=E42,SPB:AUTO_BOOST;v80:CURRENT_ELITE_BOSS_EQUIPMENT_RARE_X4,dpv2.direct.m160.slot_050
祖玛教主,160,43,银蛇,101,物品,,'=1/5,exact_formula,1/5,'=E43,SPB:AUTO_BOOST;SPB_CEILING_1_20;v80:CURRENT_ELITE_BOSS_EQUIPMENT_RARE_X4,dpv2.direct.m160.slot_032
祖玛教主,160,44,阎罗手套,192,物品,,'=1/5,exact_formula,1/5,'=E44,SPB:AUTO_BOOST;SPB_CEILING_1_20;v80:CURRENT_ELITE_BOSS_EQUIPMENT_RARE_X4,dpv2.direct.m160.slot_044
祖玛教主,160,45,骑士手镯,193,物品,,'=1/5,exact_formula,1/5,'=E45,SPB:AUTO_BOOST;SPB_CEILING_1_20;v80:CURRENT_ELITE_BOSS_EQUIPMENT_RARE_X4,dpv2.direct.m160.slot_041
祖玛教主,160,46,魔杖,100,物品,,'=1/5,exact_formula,1/5,'=E46,SPB:AUTO_BOOST;SPB_CEILING_1_20;v80:CURRENT_ELITE_BOSS_EQUIPMENT_RARE_X4,dpv2.direct.m160.slot_033
祖玛教主,160,47,魔血戒指,244,物品,,'=1/5,exact_formula,1/5,'=E47,SPB:AUTO_BOOST;v80:CURRENT_ELITE_BOSS_EQUIPMENT_RARE_X4,dpv2.direct.m160.slot_045
祖玛教主,160,48,魔血手镯,245,物品,,'=1/5,exact_formula,1/5,'=E48,SPB:AUTO_BOOST;v80:CURRENT_ELITE_BOSS_EQUIPMENT_RARE_X4,dpv2.direct.m160.slot_046
祖玛教主,160,49,魔血项链,246,物品,,'=1/5,exact_formula,1/5,'=E49,SPB:AUTO_BOOST;v80:CURRENT_ELITE_BOSS_EQUIPMENT_RARE_X4,dpv2.direct.m160.slot_047
祖玛教主,160,50,龙之手镯,194,物品,,'=1/5,exact_formula,1/5,'=E50,SPB:AUTO_BOOST;SPB_CEILING_1_20;v80:CURRENT_ELITE_BOSS_EQUIPMENT_RARE_X4,dpv2.direct.m160.slot_042
祖玛教主,160,51,狂风项链,221,物品,,'=5/32,exact_formula,5/32,'=E51,SPB:AUTO_BOOST;v80:CURRENT_ELITE_BOSS_EQUIPMENT_RARE_X4,dpv2.direct.m160.slot_051
祖玛教主,160,52,恶魔铃铛,172,物品,,'=1/8,exact_formula,1/8,'=E52,SPB:AUTO_BOOST;v80:CURRENT_ELITE_BOSS_EQUIPMENT_RARE_X4,dpv2.direct.m160.slot_053
祖玛教主,160,53,灵魂项链,173,物品,,'=1/8,exact_formula,1/8,'=E53,SPB:AUTO_BOOST;v80:CURRENT_ELITE_BOSS_EQUIPMENT_RARE_X4,dpv2.direct.m160.slot_052
祖玛教主,160,54,井中月,102,物品,,'=1/8,exact_formula,1/8,'=E54,SPB:AUTO_BOOST;v80:CURRENT_ELITE_BOSS_EQUIPMENT_RARE_X4,dpv2.direct.m160.slot_055
祖玛教主,160,55,无极棍,104,物品,,'=1/8,exact_formula,1/8,'=E55,SPB:AUTO_BOOST;v80:CURRENT_ELITE_BOSS_EQUIPMENT_RARE_X4,dpv2.direct.m160.slot_056
祖玛教主,160,56,体力强效神水,910001,物品,,'=1/20,exact_formula,1/20,'=E56,SPB:AUTO_BOOST;SPB_CEILING_1_20,dpv2.direct.m160.slot_014
祖玛教主,160,59,幽灵战衣(男),133,物品,,'=1/8,exact_formula,1/8,'=E59,SPB:AUTO_BOOST;SPB_CEILING_1_20,dpv2.direct.m160.slot_025
祖玛教主,160,61,恶魔长袍(男),130,物品,,'=1/8,exact_formula,1/8,'=E61,SPB:AUTO_BOOST;SPB_CEILING_1_20,dpv2.direct.m160.slot_026
祖玛教主,160,63,战神盔甲(男),128,物品,,'=1/8,exact_formula,1/8,'=E63,SPB:AUTO_BOOST;SPB_CEILING_1_20,dpv2.direct.m160.slot_022
祖玛教主,160,65,攻击神水,910004,物品,,'=1/20,exact_formula,1/20,'=E65,SPB:AUTO_BOOST;SPB_CEILING_1_20,dpv2.direct.m160.slot_010
祖玛教主,160,73,精神神水,910006,物品,,'=1/20,exact_formula,1/20,'=E73,SPB:AUTO_BOOST;SPB_CEILING_1_20,dpv2.direct.m160.slot_012
祖玛教主,160,75,裁决之杖,105,物品,,'=1/10,exact_formula,1/10,'=E75,SPB:AUTO_BOOST;v80:CURRENT_ELITE_BOSS_EQUIPMENT_RARE_X4,dpv2.direct.m160.slot_057
祖玛教主,160,76,道士头盔,149,物品,,'=1/20,exact_formula,1/20,'=E76,SPB:AUTO_BOOST;SPB_CEILING_1_20,dpv2.direct.m160.slot_018
祖玛教主,160,80,骨玉权杖,106,物品,,'=1/10,exact_formula,1/10,'=E80,SPB:AUTO_BOOST;v80:CURRENT_ELITE_BOSS_EQUIPMENT_RARE_X4,dpv2.direct.m160.slot_058
祖玛教主,160,81,骷髅头盔,150,物品,,'=1/20,exact_formula,1/20,'=E81,SPB:AUTO_BOOST;SPB_CEILING_1_20,dpv2.direct.m160.slot_021
祖玛教主,160,82,魔力强效神水,910002,物品,,'=1/20,exact_formula,1/20,'=E82,SPB:AUTO_BOOST;SPB_CEILING_1_20,dpv2.direct.m160.slot_015
祖玛教主,160,83,魔力神水,910005,物品,,'=1/20,exact_formula,1/20,'=E83,SPB:AUTO_BOOST;SPB_CEILING_1_20,dpv2.direct.m160.slot_011
祖玛教主,160,87,龙纹剑,107,物品,,'=1/10,exact_formula,1/10,'=E87,SPB:AUTO_BOOST;v80:CURRENT_ELITE_BOSS_EQUIPMENT_RARE_X4,dpv2.direct.m160.slot_059
祖玛教主,160,88,黑铁头盔,151,物品,,'=1/10,exact_formula,1/10,'=E88,SPB:AUTO_BOOST,dpv2.direct.m160.slot_054
祖玛教主,160,89,怒斩,113,物品,,'=1/30,exact_formula,1/30,'=E89,SPB:AUTO_BOOST;v80:CURRENT_ELITE_BOSS_EQUIPMENT_RARE_X4,dpv2.direct.m160.slot_060
祖玛教主,160,90,逍遥扇,115,物品,,'=1/30,exact_formula,1/30,'=E90,SPB:AUTO_BOOST;v80:CURRENT_ELITE_BOSS_EQUIPMENT_RARE_X4,dpv2.direct.m160.slot_062
祖玛教主,160,91,龙牙,114,物品,,'=1/30,exact_formula,1/30,'=E91,SPB:AUTO_BOOST;v80:CURRENT_ELITE_BOSS_EQUIPMENT_RARE_X4,dpv2.direct.m160.slot_061
祖玛教主,160,92,嗜魂法杖,109,物品,,'=1/50,exact_formula,1/50,'=E92,SPB:AUTO_BOOST;v80:CURRENT_ELITE_BOSS_EQUIPMENT_RARE_X4,dpv2.direct.m160.slot_071
祖玛教主,160,93,复活戒指,256,物品,,'=1/80,exact_formula,1/80,'=E93,SPB:AUTO_BOOST;v80:CURRENT_ELITE_BOSS_EQUIPMENT_RARE_X4,dpv2.direct.m160.slot_063
祖玛教主,160,94,技巧项链,250,物品,,'=1/80,exact_formula,1/80,'=E94,SPB:AUTO_BOOST;v80:CURRENT_ELITE_BOSS_EQUIPMENT_RARE_X4,dpv2.direct.m160.slot_069
祖玛教主,160,95,护身戒指,257,物品,,'=1/80,exact_formula,1/80,'=E95,SPB:AUTO_BOOST;v80:CURRENT_ELITE_BOSS_EQUIPMENT_RARE_X4,dpv2.direct.m160.slot_064
祖玛教主,160,96,探测项链,251,物品,,'=1/80,exact_formula,1/80,'=E96,SPB:AUTO_BOOST;v80:CURRENT_ELITE_BOSS_EQUIPMENT_RARE_X4,dpv2.direct.m160.slot_070
祖玛教主,160,97,火焰戒指,259,物品,,'=1/80,exact_formula,1/80,'=E97,SPB:AUTO_BOOST;v80:CURRENT_ELITE_BOSS_EQUIPMENT_RARE_X4,dpv2.direct.m160.slot_067
祖玛教主,160,98,超负载戒指,258,物品,,'=1/80,exact_formula,1/80,'=E98,SPB:AUTO_BOOST;v80:CURRENT_ELITE_BOSS_EQUIPMENT_RARE_X4,dpv2.direct.m160.slot_066
祖玛教主,160,99,防御戒指,255,物品,,'=1/80,exact_formula,1/80,'=E99,SPB:AUTO_BOOST;v80:CURRENT_ELITE_BOSS_EQUIPMENT_RARE_X4,dpv2.direct.m160.slot_068
祖玛教主,160,100,隐身戒指,253,物品,,'=1/80,exact_formula,1/80,'=E100,SPB:AUTO_BOOST;v80:CURRENT_ELITE_BOSS_EQUIPMENT_RARE_X4,dpv2.direct.m160.slot_065
祖玛教主,160,101,屠龙,108,物品,,'=1/50,exact_formula,1/50,'=E101,SPB:AUTO_BOOST;v80:CURRENT_ELITE_BOSS_EQUIPMENT_RARE_X4,dpv2.direct.m160.slot_072
双头血魔,162,6,祝福油,920033,物品,,'=1/1,exact_formula,1/1,'=E6,SPB:AUTO_BOOST,dpv2.direct.m162.slot_041
双头血魔,162,7,超级金创药 ×3,920017,物品,,'=1/1,exact_formula,1/1,'=E7,SPB:BYPASS_COMMON_RECOVERY,dpv2.direct.m162.slot_031 等3个独立槽
双头血魔,162,8,超级魔法药 ×3,920042,物品,,'=1/1,exact_formula,1/1,'=E8,SPB:BYPASS_COMMON_RECOVERY,dpv2.direct.m162.slot_036 等3个独立槽
双头血魔,162,9,金创药(中量) ×2,920044,物品,,'=1/1,exact_formula,1/1,'=E9,SPB:BYPASS_COMMON_RECOVERY,dpv2.direct.m162.v505_0040 等2个独立槽
双头血魔,162,10,金币,,金币,75000,'=1/1,exact_formula,1/1,'=E10,SPB:BYPASS_GOLD,dpv2.direct.m162.v505_0001
双头血魔,162,11,魔法药(中量) ×2,920052,物品,,'=1/1,exact_formula,1/1,'=E11,SPB:BYPASS_COMMON_RECOVERY,dpv2.direct.m162.v505_0045 等2个独立槽
双头血魔,162,12,八荒,89,物品,,'=1/2,exact_formula,1/2,'=E12,SPB:AUTO_BOOST,dpv2.direct.m162.v505_0110
双头血魔,162,13,凌风,92,物品,,'=1/2,exact_formula,1/2,'=E13,SPB:AUTO_BOOST,dpv2.direct.m162.v505_0120
双头血魔,162,15,半月,91,物品,,'=1/2,exact_formula,1/2,'=E15,SPB:AUTO_BOOST,dpv2.direct.m162.v505_0111
双头血魔,162,17,太阳水 ×7,920014,物品,,'=1/2,exact_formula,1/2,'=E17,SPB:BYPASS_COMMON_RECOVERY;精英Boss太阳水分母x2,dpv2.direct.m162.v505_0026 等7个独立槽
双头血魔,162,18,强效太阳水 ×5,920016,物品,,'=1/2,exact_formula,1/2,'=E18,SPB:BYPASS_COMMON_RECOVERY;精英Boss太阳水分母x2,dpv2.direct.m162.slot_008 等5个独立槽
双头血魔,162,19,海魂,90,物品,,'=1/2,exact_formula,1/2,'=E19,SPB:AUTO_BOOST,dpv2.direct.m162.v505_0112
双头血魔,162,22,疗伤药 ×7,910007,物品,,'=1/2,exact_formula,1/2,'=E22,SPB:BYPASS_COMMON_RECOVERY,dpv2.direct.m162.slot_018 等7个独立槽
双头血魔,162,24,超级金创药 ×5,920017,物品,,'=1/2,exact_formula,1/2,'=E24,SPB:BYPASS_COMMON_RECOVERY,dpv2.direct.m162.slot_025 等5个独立槽
双头血魔,162,25,超级魔法药 ×5,920042,物品,,'=1/2,exact_formula,1/2,'=E25,SPB:BYPASS_COMMON_RECOVERY,dpv2.direct.m162.slot_028 等5个独立槽
双头血魔,162,43,太阳水 ×7,920014,物品,,'=1/4,exact_formula,1/4,'=E43,SPB:BYPASS_COMMON_RECOVERY;精英Boss太阳水分母x2,dpv2.direct.m162.v505_0033 等7个独立槽
双头血魔,162,44,强效太阳水 ×5,920016,物品,,'=1/4,exact_formula,1/4,'=E44,SPB:BYPASS_COMMON_RECOVERY;精英Boss太阳水分母x2,dpv2.direct.m162.slot_013 等5个独立槽
双头血魔,162,45,天珠项链,170,物品,,'=1/5,exact_formula,1/5,'=E45,SPB:AUTO_BOOST;SPB_CEILING_1_20;v80:CURRENT_ELITE_BOSS_EQUIPMENT_RARE_X4,dpv2.direct.m162.v505_0070
双头血魔,162,46,幽灵项链,168,物品,,'=1/5,exact_formula,1/5,'=E46,SPB:AUTO_BOOST;SPB_CEILING_1_20;v80:CURRENT_ELITE_BOSS_EQUIPMENT_RARE_X4,dpv2.direct.m162.slot_050
双头血魔,162,47,炼狱,99,物品,,'=1/5,exact_formula,1/5,'=E47,SPB:AUTO_BOOST;SPB_CEILING_1_20;v80:CURRENT_ELITE_BOSS_EQUIPMENT_RARE_X4,dpv2.direct.m162.slot_061
双头血魔,162,48,生命项链,169,物品,,'=1/5,exact_formula,1/5,'=E48,SPB:AUTO_BOOST;SPB_CEILING_1_20;v80:CURRENT_ELITE_BOSS_EQUIPMENT_RARE_X4,dpv2.direct.m162.slot_049
双头血魔,162,49,虹魔戒指,247,物品,,'=1/5,exact_formula,1/5,'=E49,SPB:AUTO_BOOST;v80:CURRENT_ELITE_BOSS_EQUIPMENT_RARE_X4,dpv2.direct.m162.slot_084
双头血魔,162,50,虹魔手镯,248,物品,,'=1/5,exact_formula,1/5,'=E50,SPB:AUTO_BOOST;v80:CURRENT_ELITE_BOSS_EQUIPMENT_RARE_X4,dpv2.direct.m162.v505_0129
双头血魔,162,51,虹魔项链,249,物品,,'=1/5,exact_formula,1/5,'=E51,SPB:AUTO_BOOST;v80:CURRENT_ELITE_BOSS_EQUIPMENT_RARE_X4,dpv2.direct.m162.slot_085
双头血魔,162,52,记忆头盔,228,物品,,'=1/5,exact_formula,1/5,'=E52,SPB:AUTO_BOOST;SPB_CEILING_1_20;v80:CURRENT_ELITE_BOSS_EQUIPMENT_RARE_X4,dpv2.direct.m162.slot_051
双头血魔,162,53,银蛇,101,物品,,'=1/5,exact_formula,1/5,'=E53,SPB:AUTO_BOOST;SPB_CEILING_1_20;v80:CURRENT_ELITE_BOSS_EQUIPMENT_RARE_X4,dpv2.direct.m162.slot_059
双头血魔,162,54,魔杖,100,物品,,'=1/5,exact_formula,1/5,'=E54,SPB:AUTO_BOOST;SPB_CEILING_1_20;v80:CURRENT_ELITE_BOSS_EQUIPMENT_RARE_X4,dpv2.direct.m162.slot_060
双头血魔,162,55,魔血戒指,244,物品,,'=1/5,exact_formula,1/5,'=E55,SPB:AUTO_BOOST;v80:CURRENT_ELITE_BOSS_EQUIPMENT_RARE_X4,dpv2.direct.m162.v505_0125
双头血魔,162,56,魔血手镯,245,物品,,'=1/5,exact_formula,1/5,'=E56,SPB:AUTO_BOOST;v80:CURRENT_ELITE_BOSS_EQUIPMENT_RARE_X4,dpv2.direct.m162.slot_082
双头血魔,162,57,魔血项链,246,物品,,'=1/5,exact_formula,1/5,'=E57,SPB:AUTO_BOOST;v80:CURRENT_ELITE_BOSS_EQUIPMENT_RARE_X4,dpv2.direct.m162.slot_083
双头血魔,162,58,体力强效神水,910001,物品,,'=1/6,exact_formula,1/6,'=E58,SPB:AUTO_BOOST,dpv2.direct.m162.v505_0006
双头血魔,162,59,攻击神水,910004,物品,,'=1/6,exact_formula,1/6,'=E59,SPB:AUTO_BOOST,dpv2.direct.m162.slot_002
双头血魔,162,60,疾风神水,910003,物品,,'=1/6,exact_formula,1/6,'=E60,SPB:AUTO_BOOST,dpv2.direct.m162.v505_0005
双头血魔,162,61,精神神水,910006,物品,,'=1/6,exact_formula,1/6,'=E61,SPB:AUTO_BOOST,dpv2.direct.m162.slot_004
双头血魔,162,62,魔力强效神水,910002,物品,,'=1/6,exact_formula,1/6,'=E62,SPB:AUTO_BOOST,dpv2.direct.m162.v505_0007
双头血魔,162,63,魔力神水,910005,物品,,'=1/6,exact_formula,1/6,'=E63,SPB:AUTO_BOOST,dpv2.direct.m162.slot_003
双头血魔,162,64,祈祷之刃,223,物品,,'=1/8,exact_formula,1/8,'=E64,SPB:AUTO_BOOST;v80:CURRENT_ELITE_BOSS_EQUIPMENT_RARE_X4,dpv2.direct.m162.slot_048
双头血魔,162,65,祈祷戒指,227,物品,,'=1/8,exact_formula,1/8,'=E65,SPB:AUTO_BOOST;v80:CURRENT_ELITE_BOSS_EQUIPMENT_RARE_X4,dpv2.direct.m162.slot_047
双头血魔,162,68,半月弯刀,920004,物品,,'=1/20,exact_formula,1/20,'=E68,SPB:BYPASS_UNCLASSIFIED,dpv2.direct.m162.v505_0063
双头血魔,162,69,困魔咒,920008,物品,,'=1/20,exact_formula,1/20,'=E69,SPB:BYPASS_UNCLASSIFIED,dpv2.direct.m162.v505_0064
双头血魔,162,70,圣战戒指,235,物品,,'=1/12,exact_formula,1/12,'=E70,SPB:AUTO_BOOST;v80:CURRENT_ELITE_BOSS_EQUIPMENT_RARE_X4,dpv2.direct.m162.slot_046
双头血魔,162,71,圣战手镯,234,物品,,'=1/12,exact_formula,1/12,'=E71,SPB:AUTO_BOOST;v80:CURRENT_ELITE_BOSS_EQUIPMENT_RARE_X4,dpv2.direct.m162.slot_045
双头血魔,162,72,圣战项链,233,物品,,'=1/12,exact_formula,1/12,'=E72,SPB:AUTO_BOOST;v80:CURRENT_ELITE_BOSS_EQUIPMENT_RARE_X4,dpv2.direct.m162.slot_044
双头血魔,162,73,法神戒指,,,,'=1/12,exact_formula,1/12,,,
双头血魔,162,74,法神手镯,,,,'=1/12,exact_formula,1/12,,,
双头血魔,162,75,法神项链,,,,'=1/12,exact_formula,1/12,,,
双头血魔,162,76,法神头盔,,,,'=1/12,exact_formula,1/12,,,
双头血魔,162,77,天尊戒指,,,,0.08333333333333333,numeric_literal,1/12,,,
双头血魔,162,78,天尊手镯,,,,0.08333333333333333,numeric_literal,1/12,,,
双头血魔,162,79,天尊项链,,,,0.08333333333333333,numeric_literal,1/12,,,
双头血魔,162,80,天尊头盔,,,,0.08333333333333333,numeric_literal,1/12,,,
双头血魔,162,84,野蛮冲撞,920043,物品,,'=1/20,exact_formula,1/20,'=E84,SPB:BYPASS_UNCLASSIFIED,dpv2.direct.m162.v505_0066
双头血魔,162,92,地狱雷光,920011,物品,,'=1/24,exact_formula,1/24,'=E92,SPB:BYPASS_UNCLASSIFIED,dpv2.direct.m162.v505_0065
双头血魔,162,93,祈祷头盔,224,物品,,'=1/32,exact_formula,1/32,'=E93,SPB:AUTO_BOOST,dpv2.direct.m162.v505_0061
双头血魔,162,94,魔法盾,920051,物品,,'=1/36,exact_formula,1/36,'=E94,SPB:BYPASS_UNCLASSIFIED,dpv2.direct.m162.v505_0067
双头血魔,162,95,圣战头盔,232,物品,,0.08333333333333333,numeric_literal,1/12,'=E95,SPB:AUTO_BOOST,dpv2.direct.m162.slot_043
双头金刚,163,6,祝福油,920033,物品,,'=1/1,exact_formula,1/1,'=E6,SPB:AUTO_BOOST,dpv2.direct.m163.slot_041
双头金刚,163,7,超级金创药 ×3,920017,物品,,'=1/1,exact_formula,1/1,'=E7,SPB:BYPASS_COMMON_RECOVERY,dpv2.direct.m163.slot_031 等3个独立槽
双头金刚,163,8,超级魔法药 ×3,920042,物品,,'=1/1,exact_formula,1/1,'=E8,SPB:BYPASS_COMMON_RECOVERY,dpv2.direct.m163.slot_036 等3个独立槽
双头金刚,163,9,金创药(中量) ×2,920044,物品,,'=1/1,exact_formula,1/1,'=E9,SPB:BYPASS_COMMON_RECOVERY,dpv2.direct.m163.v505_0040 等2个独立槽
双头金刚,163,10,金币,,金币,75000,'=1/1,exact_formula,1/1,'=E10,SPB:BYPASS_GOLD,dpv2.direct.m163.v505_0001
双头金刚,163,11,魔法药(中量) ×2,920052,物品,,'=1/1,exact_formula,1/1,'=E11,SPB:BYPASS_COMMON_RECOVERY,dpv2.direct.m163.v505_0045 等2个独立槽
双头金刚,163,17,太阳水 ×7,920014,物品,,'=1/2,exact_formula,1/2,'=E17,SPB:BYPASS_COMMON_RECOVERY;精英Boss太阳水分母x2,dpv2.direct.m163.v505_0026 等7个独立槽
双头金刚,163,18,强效太阳水 ×5,920016,物品,,'=1/2,exact_formula,1/2,'=E18,SPB:BYPASS_COMMON_RECOVERY;精英Boss太阳水分母x2,dpv2.direct.m163.slot_008 等5个独立槽
双头金刚,163,22,疗伤药 ×7,910007,物品,,'=1/2,exact_formula,1/2,'=E22,SPB:BYPASS_COMMON_RECOVERY,dpv2.direct.m163.slot_018 等7个独立槽
双头金刚,163,24,超级金创药 ×5,920017,物品,,'=1/2,exact_formula,1/2,'=E24,SPB:BYPASS_COMMON_RECOVERY,dpv2.direct.m163.slot_025 等5个独立槽
双头金刚,163,25,超级魔法药 ×5,920042,物品,,'=1/2,exact_formula,1/2,'=E25,SPB:BYPASS_COMMON_RECOVERY,dpv2.direct.m163.slot_028 等5个独立槽
双头金刚,163,44,太阳水 ×7,920014,物品,,'=1/4,exact_formula,1/4,'=E44,SPB:BYPASS_COMMON_RECOVERY;精英Boss太阳水分母x2,dpv2.direct.m163.v505_0033 等7个独立槽
双头金刚,163,45,强效太阳水 ×5,920016,物品,,'=1/4,exact_formula,1/4,'=E45,SPB:BYPASS_COMMON_RECOVERY;精英Boss太阳水分母x2,dpv2.direct.m163.slot_013 等5个独立槽
双头金刚,163,46,天珠项链,170,物品,,'=1/5,exact_formula,1/5,'=E46,SPB:AUTO_BOOST;SPB_CEILING_1_20;v80:CURRENT_ELITE_BOSS_EQUIPMENT_RARE_X4,dpv2.direct.m163.v505_0070
双头金刚,163,47,幽灵项链,168,物品,,'=1/5,exact_formula,1/5,'=E47,SPB:AUTO_BOOST;SPB_CEILING_1_20;v80:CURRENT_ELITE_BOSS_EQUIPMENT_RARE_X4,dpv2.direct.m163.slot_050
双头金刚,163,48,炼狱,99,物品,,'=1/5,exact_formula,1/5,'=E48,SPB:AUTO_BOOST;SPB_CEILING_1_20;v80:CURRENT_ELITE_BOSS_EQUIPMENT_RARE_X4,dpv2.direct.m163.slot_061
双头金刚,163,49,生命项链,169,物品,,'=1/5,exact_formula,1/5,'=E49,SPB:AUTO_BOOST;SPB_CEILING_1_20;v80:CURRENT_ELITE_BOSS_EQUIPMENT_RARE_X4,dpv2.direct.m163.slot_049
双头金刚,163,50,虹魔戒指,247,物品,,'=1/5,exact_formula,1/5,'=E50,SPB:AUTO_BOOST;v80:CURRENT_ELITE_BOSS_EQUIPMENT_RARE_X4,dpv2.direct.m163.slot_084
双头金刚,163,51,虹魔手镯,248,物品,,'=1/5,exact_formula,1/5,'=E51,SPB:AUTO_BOOST;v80:CURRENT_ELITE_BOSS_EQUIPMENT_RARE_X4,dpv2.direct.m163.v505_0130
双头金刚,163,52,虹魔项链,249,物品,,'=1/5,exact_formula,1/5,'=E52,SPB:AUTO_BOOST;v80:CURRENT_ELITE_BOSS_EQUIPMENT_RARE_X4,dpv2.direct.m163.slot_085
双头金刚,163,53,记忆头盔,228,物品,,'=1/5,exact_formula,1/5,'=E53,SPB:AUTO_BOOST;SPB_CEILING_1_20;v80:CURRENT_ELITE_BOSS_EQUIPMENT_RARE_X4,dpv2.direct.m163.slot_051
双头金刚,163,54,银蛇,101,物品,,'=1/5,exact_formula,1/5,'=E54,SPB:AUTO_BOOST;SPB_CEILING_1_20;v80:CURRENT_ELITE_BOSS_EQUIPMENT_RARE_X4,dpv2.direct.m163.slot_059
双头金刚,163,55,魔杖,100,物品,,'=1/5,exact_formula,1/5,'=E55,SPB:AUTO_BOOST;SPB_CEILING_1_20;v80:CURRENT_ELITE_BOSS_EQUIPMENT_RARE_X4,dpv2.direct.m163.slot_060
双头金刚,163,56,魔血戒指,244,物品,,'=1/5,exact_formula,1/5,'=E56,SPB:AUTO_BOOST;v80:CURRENT_ELITE_BOSS_EQUIPMENT_RARE_X4,dpv2.direct.m163.v505_0126
双头金刚,163,57,魔血手镯,245,物品,,'=1/5,exact_formula,1/5,'=E57,SPB:AUTO_BOOST;v80:CURRENT_ELITE_BOSS_EQUIPMENT_RARE_X4,dpv2.direct.m163.slot_082
双头金刚,163,58,魔血项链,246,物品,,'=1/5,exact_formula,1/5,'=E58,SPB:AUTO_BOOST;v80:CURRENT_ELITE_BOSS_EQUIPMENT_RARE_X4,dpv2.direct.m163.slot_083
双头金刚,163,59,体力强效神水,910001,物品,,'=1/6,exact_formula,1/6,'=E59,SPB:AUTO_BOOST,dpv2.direct.m163.v505_0006
双头金刚,163,60,攻击神水,910004,物品,,'=1/6,exact_formula,1/6,'=E60,SPB:AUTO_BOOST,dpv2.direct.m163.slot_002
双头金刚,163,61,疾风神水,910003,物品,,'=1/6,exact_formula,1/6,'=E61,SPB:AUTO_BOOST,dpv2.direct.m163.v505_0005
双头金刚,163,62,精神神水,910006,物品,,'=1/6,exact_formula,1/6,'=E62,SPB:AUTO_BOOST,dpv2.direct.m163.slot_004
双头金刚,163,63,魔力强效神水,910002,物品,,'=1/6,exact_formula,1/6,'=E63,SPB:AUTO_BOOST,dpv2.direct.m163.v505_0007
双头金刚,163,64,魔力神水,910005,物品,,'=1/6,exact_formula,1/6,'=E64,SPB:AUTO_BOOST,dpv2.direct.m163.slot_003
双头金刚,163,65,祈祷之刃,223,物品,,'=1/8,exact_formula,1/8,'=E65,SPB:AUTO_BOOST;v80:CURRENT_ELITE_BOSS_EQUIPMENT_RARE_X4,dpv2.direct.m163.slot_048
双头金刚,163,66,祈祷戒指,227,物品,,'=1/8,exact_formula,1/8,'=E66,SPB:AUTO_BOOST;v80:CURRENT_ELITE_BOSS_EQUIPMENT_RARE_X4,dpv2.direct.m163.slot_047
双头金刚,163,69,半月弯刀,920004,物品,,'=1/20,exact_formula,1/20,'=E69,SPB:BYPASS_UNCLASSIFIED,dpv2.direct.m163.v505_0063
双头金刚,163,73,法神戒指,239,物品,,0.08333333333333333,numeric_literal,1/12,'=E73,SPB:AUTO_BOOST;v80:CURRENT_ELITE_BOSS_EQUIPMENT_RARE_X4,dpv2.direct.m163.slot_046
双头金刚,163,74,法神手镯,238,物品,,0.08333333333333333,numeric_literal,1/12,'=E74,SPB:AUTO_BOOST;v80:CURRENT_ELITE_BOSS_EQUIPMENT_RARE_X4,dpv2.direct.m163.slot_045
双头金刚,163,75,法神项链,237,物品,,0.08333333333333333,numeric_literal,1/12,'=E75,SPB:AUTO_BOOST;v80:CURRENT_ELITE_BOSS_EQUIPMENT_RARE_X4,dpv2.direct.m163.slot_044
双头金刚,163,76,圣战戒指,,,,0.08333333333333333,numeric_literal,1/12,,,
双头金刚,163,77,圣战手镯,,,,0.08333333333333333,numeric_literal,1/12,,,
双头金刚,163,78,圣战项链,,,,0.08333333333333333,numeric_literal,1/12,,,
双头金刚,163,79,圣战头盔,,,,0.08333333333333333,numeric_literal,1/12,,,
双头金刚,163,80,天尊戒指,,,,0.08333333333333333,numeric_literal,1/12,,,
双头金刚,163,81,天尊手镯,,,,0.08333333333333333,numeric_literal,1/12,,,
双头金刚,163,82,天尊项链,,,,0.08333333333333333,numeric_literal,1/12,,,
双头金刚,163,83,天尊头盔,,,,0.08333333333333333,numeric_literal,1/12,,,
双头金刚,163,85,野蛮冲撞,920043,物品,,'=1/20,exact_formula,1/20,'=E85,SPB:BYPASS_UNCLASSIFIED,dpv2.direct.m163.v505_0066
双头金刚,163,93,地狱雷光,920011,物品,,'=1/24,exact_formula,1/24,'=E93,SPB:BYPASS_UNCLASSIFIED,dpv2.direct.m163.v505_0065
双头金刚,163,94,祈祷头盔,224,物品,,'=1/32,exact_formula,1/32,'=E94,SPB:AUTO_BOOST,dpv2.direct.m163.v505_0061
双头金刚,163,95,魔法盾,920051,物品,,'=1/36,exact_formula,1/36,'=E95,SPB:BYPASS_UNCLASSIFIED,dpv2.direct.m163.v505_0067
双头金刚,163,96,法神头盔,236,物品,,0.08333333333333333,numeric_literal,1/12,'=E96,SPB:AUTO_BOOST,dpv2.direct.m163.slot_043
赤月恶魔,180,6,疗伤药 ×4,910007,物品,,'=1/1,exact_formula,1/1,'=E6,SPB:BYPASS_COMMON_RECOVERY,dpv2.direct.m180.slot_012 等4个独立槽
赤月恶魔,180,7,祝福油 ×2,920033,物品,,'=1/1,exact_formula,1/1,'=E7,SPB:AUTO_BOOST,dpv2.direct.m180.slot_043 等2个独立槽
赤月恶魔,180,8,超级金创药 ×8,920017,物品,,'=1/1,exact_formula,1/1,'=E8,SPB:BYPASS_COMMON_RECOVERY,dpv2.direct.m180.slot_031 等8个独立槽
赤月恶魔,180,9,超级魔法药 ×8,920042,物品,,'=1/1,exact_formula,1/1,'=E9,SPB:BYPASS_COMMON_RECOVERY,dpv2.direct.m180.slot_038 等8个独立槽
赤月恶魔,180,10,金币,,金币,120000,'=1/1,exact_formula,1/1,'=E10,SPB:BYPASS_GOLD,dpv2.direct.m180.v505_0001
赤月恶魔,180,13,强效太阳水 ×10,920016,物品,,'=1/2,exact_formula,1/2,'=E13,SPB:BYPASS_COMMON_RECOVERY;精英Boss太阳水分母x2,dpv2.direct.m180.slot_005 等10个独立槽
赤月恶魔,180,19,超级金创药 ×2,920017,物品,,'=1/2,exact_formula,1/2,'=E19,SPB:BYPASS_COMMON_RECOVERY,dpv2.direct.m180.slot_029 等2个独立槽
赤月恶魔,180,20,超级魔法药 ×2,920042,物品,,'=1/2,exact_formula,1/2,'=E20,SPB:BYPASS_COMMON_RECOVERY,dpv2.direct.m180.slot_036 等2个独立槽
赤月恶魔,180,30,体力强效神水,910001,物品,,'=1/3,exact_formula,1/3,'=E30,SPB:AUTO_BOOST,dpv2.direct.m180.v505_0006
赤月恶魔,180,31,攻击神水,910004,物品,,'=1/3,exact_formula,1/3,'=E31,SPB:AUTO_BOOST,dpv2.direct.m180.slot_002
赤月恶魔,180,32,疾风神水,910003,物品,,'=1/3,exact_formula,1/3,'=E32,SPB:AUTO_BOOST,dpv2.direct.m180.v505_0005
赤月恶魔,180,33,精神神水,910006,物品,,'=1/3,exact_formula,1/3,'=E33,SPB:AUTO_BOOST,dpv2.direct.m180.slot_004
赤月恶魔,180,34,魔力强效神水,910002,物品,,'=1/3,exact_formula,1/3,'=E34,SPB:AUTO_BOOST,dpv2.direct.m180.v505_0007
赤月恶魔,180,35,魔力神水,910005,物品,,'=1/3,exact_formula,1/3,'=E35,SPB:AUTO_BOOST,dpv2.direct.m180.slot_003
赤月恶魔,180,36,强效太阳水 ×10,920016,物品,,'=1/4,exact_formula,1/4,'=E36,SPB:BYPASS_COMMON_RECOVERY;精英Boss太阳水分母x2,dpv2.direct.m180.slot_019 等10个独立槽
赤月恶魔,180,37,冰咆哮,920002,物品,,'=1/5,exact_formula,1/5,'=E37,SPB:BYPASS_UNCLASSIFIED;v80:CURRENT_ELITE_BOSS_EQUIPMENT_RARE_X4,dpv2.direct.m180.v505_0097
赤月恶魔,180,38,力量戒指,215,物品,,'=1/3,exact_formula,1/3,'=E38,SPB:AUTO_BOOST;SPB_CEILING_1_20;v80:CURRENT_ELITE_BOSS_EQUIPMENT_RARE_X4,dpv2.direct.m180.slot_054
赤月恶魔,180,39,召唤神兽,920005,物品,,'=1/5,exact_formula,1/5,'=E39,SPB:BYPASS_UNCLASSIFIED;v80:CURRENT_ELITE_BOSS_EQUIPMENT_RARE_X4,dpv2.direct.m180.v505_0098
赤月恶魔,180,40,泰坦戒指,217,物品,,'=1/3,exact_formula,1/3,'=E40,SPB:AUTO_BOOST;SPB_CEILING_1_20;v80:CURRENT_ELITE_BOSS_EQUIPMENT_RARE_X4,dpv2.direct.m180.slot_056
赤月恶魔,180,41,炼狱,99,物品,,'=1/5,exact_formula,1/5,'=E41,SPB:AUTO_BOOST;SPB_CEILING_1_20;v80:CURRENT_ELITE_BOSS_EQUIPMENT_RARE_X4,dpv2.direct.m180.v505_0089
赤月恶魔,180,42,烈火剑法,920028,物品,,'=1/5,exact_formula,1/5,'=E42,SPB:BYPASS_UNCLASSIFIED;v80:CURRENT_ELITE_BOSS_EQUIPMENT_RARE_X4,dpv2.direct.m180.v505_0099
赤月恶魔,180,43,紫碧螺,216,物品,,'=1/3,exact_formula,1/3,'=E43,SPB:AUTO_BOOST;SPB_CEILING_1_20;v80:CURRENT_ELITE_BOSS_EQUIPMENT_RARE_X4,dpv2.direct.m180.slot_055
赤月恶魔,180,44,绿色项链,171,物品,,'=1/3,exact_formula,1/3,'=E44,SPB:AUTO_BOOST;SPB_CEILING_1_20;v80:CURRENT_ELITE_BOSS_EQUIPMENT_RARE_X4,dpv2.direct.m180.slot_053
赤月恶魔,180,45,虹魔戒指,247,物品,,'=1/5,exact_formula,1/5,'=E45,SPB:AUTO_BOOST;SPB_CEILING_1_20;v80:CURRENT_ELITE_BOSS_EQUIPMENT_RARE_X4,dpv2.direct.m180.slot_082
赤月恶魔,180,46,虹魔手镯,248,物品,,'=1/5,exact_formula,1/5,'=E46,SPB:AUTO_BOOST;SPB_CEILING_1_20;v80:CURRENT_ELITE_BOSS_EQUIPMENT_RARE_X4,dpv2.direct.m180.v505_0058
赤月恶魔,180,47,虹魔项链,249,物品,,'=1/5,exact_formula,1/5,'=E47,SPB:AUTO_BOOST;SPB_CEILING_1_20;v80:CURRENT_ELITE_BOSS_EQUIPMENT_RARE_X4,dpv2.direct.m180.slot_083
赤月恶魔,180,48,银蛇,101,物品,,'=1/5,exact_formula,1/5,'=E48,SPB:AUTO_BOOST;SPB_CEILING_1_20;v80:CURRENT_ELITE_BOSS_EQUIPMENT_RARE_X4,dpv2.direct.m180.v505_0090
赤月恶魔,180,49,魔杖,100,物品,,'=1/5,exact_formula,1/5,'=E49,SPB:AUTO_BOOST;SPB_CEILING_1_20;v80:CURRENT_ELITE_BOSS_EQUIPMENT_RARE_X4,dpv2.direct.m180.slot_065
赤月恶魔,180,50,魔血戒指,244,物品,,'=1/5,exact_formula,1/5,'=E50,SPB:AUTO_BOOST;SPB_CEILING_1_20;v80:CURRENT_ELITE_BOSS_EQUIPMENT_RARE_X4,dpv2.direct.m180.v505_0054
赤月恶魔,180,51,魔血手镯,245,物品,,'=1/5,exact_formula,1/5,'=E51,SPB:AUTO_BOOST;SPB_CEILING_1_20;v80:CURRENT_ELITE_BOSS_EQUIPMENT_RARE_X4,dpv2.direct.m180.slot_080
赤月恶魔,180,52,魔血项链,246,物品,,'=1/5,exact_formula,1/5,'=E52,SPB:AUTO_BOOST;SPB_CEILING_1_20;v80:CURRENT_ELITE_BOSS_EQUIPMENT_RARE_X4,dpv2.direct.m180.slot_081
赤月恶魔,180,53,三眼手镯,191,物品,,'=1/3,exact_formula,1/3,'=E53,SPB:AUTO_BOOST;v80:CURRENT_ELITE_BOSS_EQUIPMENT_RARE_X4,dpv2.direct.m180.v505_0071
赤月恶魔,180,54,狂风项链,221,物品,,'=1/3,exact_formula,1/3,'=E54,SPB:AUTO_BOOST;v80:CURRENT_ELITE_BOSS_EQUIPMENT_RARE_X4,dpv2.direct.m180.slot_049
赤月恶魔,180,55,阎罗手套,192,物品,,'=1/3,exact_formula,1/3,'=E55,SPB:AUTO_BOOST;v80:CURRENT_ELITE_BOSS_EQUIPMENT_RARE_X4,dpv2.direct.m180.slot_060
赤月恶魔,180,56,骑士手镯,193,物品,,'=1/3,exact_formula,1/3,'=E56,SPB:AUTO_BOOST;v80:CURRENT_ELITE_BOSS_EQUIPMENT_RARE_X4,dpv2.direct.m180.slot_057
赤月恶魔,180,57,龙之手镯,194,物品,,'=5/32,exact_formula,5/32,'=E57,SPB:AUTO_BOOST;v80:CURRENT_ELITE_BOSS_EQUIPMENT_RARE_X4,dpv2.direct.m180.slot_058
赤月恶魔,180,58,恶魔铃铛,172,物品,,'=1/3,exact_formula,1/3,'=E58,SPB:AUTO_BOOST;v80:CURRENT_ELITE_BOSS_EQUIPMENT_RARE_X4,dpv2.direct.m180.slot_051
赤月恶魔,180,59,灵魂项链,173,物品,,'=1/8,exact_formula,1/8,'=E59,SPB:AUTO_BOOST;v80:CURRENT_ELITE_BOSS_EQUIPMENT_RARE_X4,dpv2.direct.m180.slot_050
赤月恶魔,180,60,井中月,102,物品,,'=1/10,exact_formula,1/10,'=E60,SPB:AUTO_BOOST;v80:CURRENT_ELITE_BOSS_EQUIPMENT_RARE_X4,dpv2.direct.m180.slot_064
赤月恶魔,180,61,天尊戒指,243,物品,,'=1/10,exact_formula,1/10,'=E61,SPB:AUTO_BOOST;v80:CURRENT_ELITE_BOSS_EQUIPMENT_RARE_X4,dpv2.direct.m180.slot_048
赤月恶魔,180,62,天尊手镯,242,物品,,'=1/10,exact_formula,1/10,'=E62,SPB:AUTO_BOOST;v80:CURRENT_ELITE_BOSS_EQUIPMENT_RARE_X4,dpv2.direct.m180.slot_047
赤月恶魔,180,63,天尊项链,241,物品,,'=1/10,exact_formula,1/10,'=E63,SPB:AUTO_BOOST;v80:CURRENT_ELITE_BOSS_EQUIPMENT_RARE_X4,dpv2.direct.m180.slot_046
赤月恶魔,180,64,无极棍,104,物品,,'=1/10,exact_formula,1/10,'=E64,SPB:AUTO_BOOST;v80:CURRENT_ELITE_BOSS_EQUIPMENT_RARE_X4,dpv2.direct.m180.slot_066
赤月恶魔,180,65,罗刹,88,物品,,'=1/10,exact_formula,1/10,'=E65,SPB:AUTO_BOOST,dpv2.direct.m180.slot_079
赤月恶魔,180,73,怒斩,113,物品,,'=1/20,exact_formula,1/20,'=E73,SPB:AUTO_BOOST;v80:CURRENT_ELITE_BOSS_EQUIPMENT_RARE_X4,dpv2.direct.m180.v505_0077
赤月恶魔,180,85,裁决之杖,105,物品,,'=1/8,exact_formula,1/8,'=E85,SPB:AUTO_BOOST;v80:CURRENT_ELITE_BOSS_EQUIPMENT_RARE_X4,dpv2.direct.m180.slot_061
赤月恶魔,180,86,逍遥扇,115,物品,,'=1/20,exact_formula,1/20,'=E86,SPB:AUTO_BOOST;v80:CURRENT_ELITE_BOSS_EQUIPMENT_RARE_X4,dpv2.direct.m180.v505_0079
赤月恶魔,180,92,骨玉权杖,106,物品,,'=1/8,exact_formula,1/8,'=E92,SPB:AUTO_BOOST;v80:CURRENT_ELITE_BOSS_EQUIPMENT_RARE_X4,dpv2.direct.m180.slot_062
赤月恶魔,180,97,龙牙,114,物品,,'=1/20,exact_formula,1/20,'=E97,SPB:AUTO_BOOST;v80:CURRENT_ELITE_BOSS_EQUIPMENT_RARE_X4,dpv2.direct.m180.v505_0078
赤月恶魔,180,98,龙纹剑,107,物品,,'=1/8,exact_formula,1/8,'=E98,SPB:AUTO_BOOST;v80:CURRENT_ELITE_BOSS_EQUIPMENT_RARE_X4,dpv2.direct.m180.slot_063
赤月恶魔,180,99,魔法盾,920051,物品,,'=1/28,exact_formula,1/28,'=E99,SPB:BYPASS_UNCLASSIFIED,dpv2.direct.m180.v505_0104
赤月恶魔,180,100,黑铁头盔,151,物品,,'=1/8,exact_formula,1/8,'=E100,SPB:AUTO_BOOST,dpv2.direct.m180.slot_052
赤月恶魔,180,101,天尊头盔,240,物品,,'=1/8,exact_formula,1/8,'=E101,SPB:AUTO_BOOST,dpv2.direct.m180.slot_045
赤月恶魔,180,102,复活戒指,256,物品,,'=1/64,exact_formula,1/64,'=E102,SPB:AUTO_BOOST;v80:CURRENT_ELITE_BOSS_EQUIPMENT_RARE_X4,dpv2.direct.m180.v505_0082
赤月恶魔,180,103,技巧项链,250,物品,,'=1/64,exact_formula,1/64,'=E103,SPB:AUTO_BOOST;v80:CURRENT_ELITE_BOSS_EQUIPMENT_RARE_X4,dpv2.direct.m180.v505_0088
赤月恶魔,180,104,护身戒指,257,物品,,'=1/64,exact_formula,1/64,'=E104,SPB:AUTO_BOOST;v80:CURRENT_ELITE_BOSS_EQUIPMENT_RARE_X4,dpv2.direct.m180.v505_0083
赤月恶魔,180,105,火焰戒指,259,物品,,'=1/64,exact_formula,1/64,'=E105,SPB:AUTO_BOOST;v80:CURRENT_ELITE_BOSS_EQUIPMENT_RARE_X4,dpv2.direct.m180.v505_0086
赤月恶魔,180,106,超负载戒指,258,物品,,'=1/64,exact_formula,1/64,'=E106,SPB:AUTO_BOOST;v80:CURRENT_ELITE_BOSS_EQUIPMENT_RARE_X4,dpv2.direct.m180.v505_0085
赤月恶魔,180,107,防御戒指,255,物品,,'=1/64,exact_formula,1/64,'=E107,SPB:AUTO_BOOST;v80:CURRENT_ELITE_BOSS_EQUIPMENT_RARE_X4,dpv2.direct.m180.v505_0087
赤月恶魔,180,108,隐身戒指,253,物品,,'=1/64,exact_formula,1/64,'=E108,SPB:AUTO_BOOST;v80:CURRENT_ELITE_BOSS_EQUIPMENT_RARE_X4,dpv2.direct.m180.v505_0084
赤月恶魔,180,109,嗜魂法杖,109,物品,,'=1/30,exact_formula,1/30,'=E109,SPB:AUTO_BOOST;v80:CURRENT_ELITE_BOSS_EQUIPMENT_RARE_X4,dpv2.direct.m180.v505_0081
赤月恶魔,180,110,屠龙,108,物品,,'=1/30,exact_formula,1/30,'=E110,SPB:AUTO_BOOST;v80:CURRENT_ELITE_BOSS_EQUIPMENT_RARE_X4,dpv2.direct.m180.v505_0080
赤月恶魔,180,111,圣战戒指,,,,'=1/10,exact_formula,1/10,,,
赤月恶魔,180,112,圣战手镯,,,,'=1/10,exact_formula,1/10,,,
赤月恶魔,180,113,圣战项链,,,,'=1/10,exact_formula,1/10,,,
赤月恶魔,180,114,法神戒指,,,,'=1/10,exact_formula,1/10,,,
赤月恶魔,180,115,法神手镯,,,,'=1/10,exact_formula,1/10,,,
赤月恶魔,180,116,法神项链,,,,'=1/10,exact_formula,1/10,,,
赤月恶魔,180,117,法神头盔,,,,'=1/10,exact_formula,1/10,,,
赤月恶魔,180,118,圣战头盔,,,,'=1/10,exact_formula,1/10,,,
虹魔教主,193,6,超级金创药 ×3,920017,物品,,'=1/1,exact_formula,1/1,'=E6,SPB:BYPASS_COMMON_RECOVERY,dpv2.direct.m193.slot_027 等3个独立槽
虹魔教主,193,7,超级魔法药 ×3,920042,物品,,'=1/1,exact_formula,1/1,'=E7,SPB:BYPASS_COMMON_RECOVERY,dpv2.direct.m193.slot_034 等3个独立槽
虹魔教主,193,8,金创药(中量) ×2,920044,物品,,'=1/1,exact_formula,1/1,'=E8,SPB:BYPASS_COMMON_RECOVERY,dpv2.direct.m193.v505_0040 等2个独立槽
虹魔教主,193,9,金币,,金币,75000,'=1/1,exact_formula,1/1,'=E9,SPB:BYPASS_GOLD,dpv2.direct.m193.v505_0001
虹魔教主,193,10,魔法药(中量) ×2,920052,物品,,'=1/1,exact_formula,1/1,'=E10,SPB:BYPASS_COMMON_RECOVERY,dpv2.direct.m193.v505_0045 等2个独立槽
虹魔教主,193,16,太阳水 ×7,920014,物品,,'=1/2,exact_formula,1/2,'=E16,SPB:BYPASS_COMMON_RECOVERY;精英Boss太阳水分母x2,dpv2.direct.m193.v505_0026 等7个独立槽
虹魔教主,193,17,强效太阳水 ×5,920016,物品,,'=1/2,exact_formula,1/2,'=E17,SPB:BYPASS_COMMON_RECOVERY;精英Boss太阳水分母x2,dpv2.direct.m193.slot_002 等5个独立槽
虹魔教主,193,21,疗伤药 ×7,910007,物品,,'=1/2,exact_formula,1/2,'=E21,SPB:BYPASS_COMMON_RECOVERY,dpv2.direct.m193.v505_0019 等7个独立槽
虹魔教主,193,22,祝福油,920033,物品,,'=1/2,exact_formula,1/2,'=E22,SPB:AUTO_BOOST,dpv2.direct.m193.slot_039
虹魔教主,193,24,超级金创药 ×5,920017,物品,,'=1/2,exact_formula,1/2,'=E24,SPB:BYPASS_COMMON_RECOVERY,dpv2.direct.m193.slot_022 等5个独立槽
虹魔教主,193,25,超级魔法药 ×5,920042,物品,,'=1/2,exact_formula,1/2,'=E25,SPB:BYPASS_COMMON_RECOVERY,dpv2.direct.m193.slot_029 等5个独立槽
虹魔教主,193,44,太阳水 ×7,920014,物品,,'=1/4,exact_formula,1/4,'=E44,SPB:BYPASS_COMMON_RECOVERY;精英Boss太阳水分母x2,dpv2.direct.m193.v505_0033 等7个独立槽
虹魔教主,193,45,强效太阳水 ×5,920016,物品,,'=1/4,exact_formula,1/4,'=E45,SPB:BYPASS_COMMON_RECOVERY;精英Boss太阳水分母x2,dpv2.direct.m193.slot_012 等5个独立槽
虹魔教主,193,46,冰咆哮,920002,物品,,'=1/5,exact_formula,1/5,'=E46,SPB:BYPASS_UNCLASSIFIED;v80:CURRENT_ELITE_BOSS_EQUIPMENT_RARE_X4,dpv2.direct.m193.v505_0070
虹魔教主,193,47,召唤神兽,920005,物品,,'=1/5,exact_formula,1/5,'=E47,SPB:BYPASS_UNCLASSIFIED;v80:CURRENT_ELITE_BOSS_EQUIPMENT_RARE_X4,dpv2.direct.m193.v505_0069
虹魔教主,193,48,炼狱,99,物品,,'=1/5,exact_formula,1/5,'=E48,SPB:AUTO_BOOST;SPB_CEILING_1_20;v80:CURRENT_ELITE_BOSS_EQUIPMENT_RARE_X4,dpv2.direct.m193.slot_056
虹魔教主,193,49,烈火剑法,920028,物品,,'=1/5,exact_formula,1/5,'=E49,SPB:BYPASS_UNCLASSIFIED;v80:CURRENT_ELITE_BOSS_EQUIPMENT_RARE_X4,dpv2.direct.m193.v505_0068
虹魔教主,193,50,虹魔戒指,247,物品,,'=1/5,exact_formula,1/5,'=E50,SPB:AUTO_BOOST;v80:CURRENT_ELITE_BOSS_EQUIPMENT_RARE_X4,dpv2.direct.m193.slot_042
虹魔教主,193,51,虹魔手镯,248,物品,,'=1/5,exact_formula,1/5,'=E51,SPB:AUTO_BOOST;v80:CURRENT_ELITE_BOSS_EQUIPMENT_RARE_X4,dpv2.direct.m193.v505_0145
虹魔教主,193,52,虹魔项链,249,物品,,'=1/5,exact_formula,1/5,'=E52,SPB:AUTO_BOOST;v80:CURRENT_ELITE_BOSS_EQUIPMENT_RARE_X4,dpv2.direct.m193.slot_043
虹魔教主,193,53,银蛇,101,物品,,'=1/5,exact_formula,1/5,'=E53,SPB:AUTO_BOOST;SPB_CEILING_1_20;v80:CURRENT_ELITE_BOSS_EQUIPMENT_RARE_X4,dpv2.direct.m193.slot_054
虹魔教主,193,54,魔杖,100,物品,,'=1/5,exact_formula,1/5,'=E54,SPB:AUTO_BOOST;SPB_CEILING_1_20;v80:CURRENT_ELITE_BOSS_EQUIPMENT_RARE_X4,dpv2.direct.m193.slot_055
虹魔教主,193,55,三眼手镯,191,物品,,'=1/6,exact_formula,1/6,'=E55,SPB:AUTO_BOOST;v80:CURRENT_ELITE_BOSS_EQUIPMENT_RARE_X4,dpv2.direct.m193.v505_0093
虹魔教主,193,56,体力强效神水,910001,物品,,'=1/6,exact_formula,1/6,'=E56,SPB:AUTO_BOOST,dpv2.direct.m193.v505_0006
虹魔教主,193,57,力量戒指,215,物品,,'=1/6,exact_formula,1/6,'=E57,SPB:AUTO_BOOST;v80:CURRENT_ELITE_BOSS_EQUIPMENT_RARE_X4,dpv2.direct.m193.v505_0088
虹魔教主,193,58,天珠项链,170,物品,,'=1/6,exact_formula,1/6,'=E58,SPB:AUTO_BOOST;v80:CURRENT_ELITE_BOSS_EQUIPMENT_RARE_X4,dpv2.direct.m193.slot_049
虹魔教主,193,59,幽灵项链,168,物品,,'=1/6,exact_formula,1/6,'=E59,SPB:AUTO_BOOST;v80:CURRENT_ELITE_BOSS_EQUIPMENT_RARE_X4,dpv2.direct.m193.slot_045
虹魔教主,193,60,攻击神水,910004,物品,,'=1/6,exact_formula,1/6,'=E60,SPB:AUTO_BOOST,dpv2.direct.m193.slot_036
虹魔教主,193,61,泰坦戒指,217,物品,,'=1/6,exact_formula,1/6,'=E61,SPB:AUTO_BOOST;v80:CURRENT_ELITE_BOSS_EQUIPMENT_RARE_X4,dpv2.direct.m193.v505_0090
虹魔教主,193,62,生命项链,169,物品,,'=1/6,exact_formula,1/6,'=E62,SPB:AUTO_BOOST;v80:CURRENT_ELITE_BOSS_EQUIPMENT_RARE_X4,dpv2.direct.m193.slot_044
虹魔教主,193,63,疾风神水,910003,物品,,'=1/6,exact_formula,1/6,'=E63,SPB:AUTO_BOOST,dpv2.direct.m193.v505_0005
虹魔教主,193,64,精神神水,910006,物品,,'=1/6,exact_formula,1/6,'=E64,SPB:AUTO_BOOST,dpv2.direct.m193.slot_038
虹魔教主,193,65,紫碧螺,216,物品,,'=1/6,exact_formula,1/6,'=E65,SPB:AUTO_BOOST;v80:CURRENT_ELITE_BOSS_EQUIPMENT_RARE_X4,dpv2.direct.m193.v505_0089
虹魔教主,193,66,记忆头盔,228,物品,,'=1/6,exact_formula,1/6,'=E66,SPB:AUTO_BOOST;v80:CURRENT_ELITE_BOSS_EQUIPMENT_RARE_X4,dpv2.direct.m193.slot_046
虹魔教主,193,67,阎罗手套,192,物品,,'=1/6,exact_formula,1/6,'=E67,SPB:AUTO_BOOST;v80:CURRENT_ELITE_BOSS_EQUIPMENT_RARE_X4,dpv2.direct.m193.v505_0094
虹魔教主,193,68,骑士手镯,193,物品,,'=1/6,exact_formula,1/6,'=E68,SPB:AUTO_BOOST;v80:CURRENT_ELITE_BOSS_EQUIPMENT_RARE_X4,dpv2.direct.m193.v505_0091
虹魔教主,193,69,魔力强效神水,910002,物品,,'=1/6,exact_formula,1/6,'=E69,SPB:AUTO_BOOST,dpv2.direct.m193.v505_0007
虹魔教主,193,70,魔力神水,910005,物品,,'=1/6,exact_formula,1/6,'=E70,SPB:AUTO_BOOST,dpv2.direct.m193.slot_037
虹魔教主,193,71,龙之手镯,194,物品,,'=1/6,exact_formula,1/6,'=E71,SPB:AUTO_BOOST;v80:CURRENT_ELITE_BOSS_EQUIPMENT_RARE_X4,dpv2.direct.m193.v505_0092
虹魔教主,193,72,狂风项链,221,物品,,'=5/32,exact_formula,5/32,'=E72,SPB:AUTO_BOOST;v80:CURRENT_ELITE_BOSS_EQUIPMENT_RARE_X4,dpv2.direct.m193.v505_0084
虹魔教主,193,73,恶魔铃铛,172,物品,,'=1/8,exact_formula,1/8,'=E73,SPB:AUTO_BOOST;v80:CURRENT_ELITE_BOSS_EQUIPMENT_RARE_X4,dpv2.direct.m193.v505_0086
虹魔教主,193,74,灵魂项链,173,物品,,'=1/8,exact_formula,1/8,'=E74,SPB:AUTO_BOOST;v80:CURRENT_ELITE_BOSS_EQUIPMENT_RARE_X4,dpv2.direct.m193.v505_0085
虹魔教主,193,75,祈祷之刃,223,物品,,'=1/8,exact_formula,1/8,'=E75,SPB:AUTO_BOOST;v80:CURRENT_ELITE_BOSS_EQUIPMENT_RARE_X4,dpv2.direct.m193.v505_0062
虹魔教主,193,76,祈祷戒指,227,物品,,'=1/8,exact_formula,1/8,'=E76,SPB:AUTO_BOOST;v80:CURRENT_ELITE_BOSS_EQUIPMENT_RARE_X4,dpv2.direct.m193.v505_0060
虹魔教主,193,77,绿色项链,171,物品,,'=1/8,exact_formula,1/8,'=E77,SPB:AUTO_BOOST;v80:CURRENT_ELITE_BOSS_EQUIPMENT_RARE_X4,dpv2.direct.m193.v505_0083
虹魔教主,193,78,井中月,102,物品,,'=1/6,exact_formula,1/6,'=E78,SPB:AUTO_BOOST;v80:CURRENT_ELITE_BOSS_EQUIPMENT_RARE_X4,dpv2.direct.m193.v505_0078
虹魔教主,193,79,无极棍,104,物品,,'=1/6,exact_formula,1/6,'=E79,SPB:AUTO_BOOST;v80:CURRENT_ELITE_BOSS_EQUIPMENT_RARE_X4,dpv2.direct.m193.v505_0079
虹魔教主,193,105,祈祷头盔,224,物品,,'=1/10,exact_formula,1/10,'=E105,SPB:AUTO_BOOST,dpv2.direct.m193.v505_0061
虹魔教主,193,106,裁决之杖,105,物品,,'=1/10,exact_formula,1/10,'=E106,SPB:AUTO_BOOST;v80:CURRENT_ELITE_BOSS_EQUIPMENT_RARE_X4,dpv2.direct.m193.v505_0080
虹魔教主,193,107,骨玉权杖,106,物品,,'=1/10,exact_formula,1/10,'=E107,SPB:AUTO_BOOST;v80:CURRENT_ELITE_BOSS_EQUIPMENT_RARE_X4,dpv2.direct.m193.v505_0081
虹魔教主,193,108,黑铁头盔,151,物品,,'=1/10,exact_formula,1/10,'=E108,SPB:AUTO_BOOST,dpv2.direct.m193.v505_0087
虹魔教主,193,109,龙纹剑,107,物品,,'=1/10,exact_formula,1/10,'=E109,SPB:AUTO_BOOST;v80:CURRENT_ELITE_BOSS_EQUIPMENT_RARE_X4,dpv2.direct.m193.v505_0082
虹魔教主,193,110,火焰戒指,259,物品,,'=1/120,exact_formula,1/120,'=E110,SPB:AUTO_BOOST;v80:CURRENT_ELITE_BOSS_EQUIPMENT_RARE_X4,dpv2.direct.m193.v505_0095
虹魔教主,193,111,防御戒指,255,物品,,'=1/120,exact_formula,1/120,'=E111,SPB:AUTO_BOOST;v80:CURRENT_ELITE_BOSS_EQUIPMENT_RARE_X4,dpv2.direct.m193.v505_0096
千年树妖,195,6,超级金创药 ×8,920017,物品,,'=1/1,exact_formula,1/1,'=E6,SPB:BYPASS_COMMON_RECOVERY,dpv2.direct.m195.slot_023 等8个独立槽
千年树妖,195,7,超级魔法药 ×8,920042,物品,,'=1/1,exact_formula,1/1,'=E7,SPB:BYPASS_COMMON_RECOVERY,dpv2.direct.m195.slot_033 等8个独立槽
千年树妖,195,8,金币,,金币,7500,'=1/1,exact_formula,1/1,'=E8,SPB:BYPASS_GOLD,dpv2.direct.m195.slot_001
千年树妖,195,9,太阳水 ×8,920014,物品,,'=1/2,exact_formula,1/2,'=E9,SPB:BYPASS_COMMON_RECOVERY;精英Boss太阳水分母x2,dpv2.direct.m195.v505_0018 等8个独立槽
千年树妖,195,10,强效太阳水 ×8,920016,物品,,'=1/2,exact_formula,1/2,'=E10,SPB:BYPASS_COMMON_RECOVERY;精英Boss太阳水分母x2,dpv2.direct.m195.slot_005 等8个独立槽
千年树妖,195,11,超级金创药 ×2,920017,物品,,'=1/2,exact_formula,1/2,'=E11,SPB:BYPASS_COMMON_RECOVERY,dpv2.direct.m195.slot_021 等2个独立槽
千年树妖,195,12,超级魔法药 ×2,920042,物品,,'=1/2,exact_formula,1/2,'=E12,SPB:BYPASS_COMMON_RECOVERY,dpv2.direct.m195.slot_031 等2个独立槽
千年树妖,195,13,太阳水 ×2,920014,物品,,'=1/4,exact_formula,1/4,'=E13,SPB:BYPASS_COMMON_RECOVERY;精英Boss太阳水分母x2,dpv2.direct.m195.v505_0026 等2个独立槽
千年树妖,195,14,强效太阳水 ×2,920016,物品,,'=1/4,exact_formula,1/4,'=E14,SPB:BYPASS_COMMON_RECOVERY;精英Boss太阳水分母x2,dpv2.direct.m195.slot_013 等2个独立槽
千年树妖,195,15,偃月,95,物品,,'=1/5,exact_formula,1/5,'=E15,SPB:AUTO_BOOST,dpv2.direct.m195.slot_090
千年树妖,195,16,天珠项链,170,物品,,'=1/5,exact_formula,1/5,'=E16,SPB:AUTO_BOOST;SPB_CEILING_1_20;v80:CURRENT_ELITE_BOSS_EQUIPMENT_RARE_X4,dpv2.direct.m195.slot_050
千年树妖,195,17,小手镯,175,物品,,'=1/5,exact_formula,1/5,'=E17,SPB:AUTO_BOOST,dpv2.direct.m195.slot_095
千年树妖,195,18,幽灵手套,189,物品,,'=1/5,exact_formula,1/5,'=E18,SPB:AUTO_BOOST;SPB_CEILING_1_20;v80:CURRENT_ELITE_BOSS_EQUIPMENT_RARE_X4,dpv2.direct.m195.slot_053
千年树妖,195,19,幽灵项链,168,物品,,'=1/5,exact_formula,1/5,'=E19,SPB:AUTO_BOOST;SPB_CEILING_1_20;v80:CURRENT_ELITE_BOSS_EQUIPMENT_RARE_X4,dpv2.direct.m195.v505_0054
千年树妖,195,20,心灵手镯,195,物品,,'=1/5,exact_formula,1/5,'=E20,SPB:AUTO_BOOST;SPB_CEILING_1_20;v80:CURRENT_ELITE_BOSS_EQUIPMENT_RARE_X4,dpv2.direct.m195.v505_0058
千年树妖,195,21,思贝儿手镯,190,物品,,'=1/5,exact_formula,1/5,'=E21,SPB:AUTO_BOOST;SPB_CEILING_1_20;v80:CURRENT_ELITE_BOSS_EQUIPMENT_RARE_X4,dpv2.direct.m195.slot_046
千年树妖,195,22,斩马刀,94,物品,,'=1/5,exact_formula,1/5,'=E22,SPB:AUTO_BOOST,dpv2.direct.m195.slot_089
千年树妖,195,23,珍珠戒指,205,物品,,'=1/5,exact_formula,1/5,'=E23,SPB:AUTO_BOOST,dpv2.direct.m195.slot_087
千年树妖,195,24,生命项链,169,物品,,'=1/5,exact_formula,1/5,'=E24,SPB:AUTO_BOOST;SPB_CEILING_1_20;v80:CURRENT_ELITE_BOSS_EQUIPMENT_RARE_X4,dpv2.direct.m195.slot_049
千年树妖,195,25,生铁戒指,201,物品,,'=1/5,exact_formula,1/5,'=E25,SPB:AUTO_BOOST,dpv2.direct.m195.slot_091
千年树妖,195,26,白色虎齿项链,159,物品,,'=1/5,exact_formula,1/5,'=E26,SPB:AUTO_BOOST,dpv2.direct.m195.slot_092
千年树妖,195,27,白金项链,155,物品,,'=1/5,exact_formula,1/5,'=E27,SPB:AUTO_BOOST,dpv2.direct.m195.slot_093
千年树妖,195,28,破魂,93,物品,,'=1/5,exact_formula,1/5,'=E28,SPB:AUTO_BOOST,dpv2.direct.m195.slot_088
千年树妖,195,29,红宝石戒指,213,物品,,'=1/5,exact_formula,1/5,'=E29,SPB:AUTO_BOOST;SPB_CEILING_1_20;v80:CURRENT_ELITE_BOSS_EQUIPMENT_RARE_X4,dpv2.direct.m195.slot_051
千年树妖,195,30,蓝翡翠项链,165,物品,,'=1/5,exact_formula,1/5,'=E30,SPB:AUTO_BOOST,dpv2.direct.m195.slot_077
千年树妖,195,31,蛇眼戒指,204,物品,,'=1/5,exact_formula,1/5,'=E31,SPB:AUTO_BOOST,dpv2.direct.m195.slot_086
千年树妖,195,32,记忆头盔,228,物品,,'=1/5,exact_formula,1/5,'=E32,SPB:AUTO_BOOST;SPB_CEILING_1_20;v80:CURRENT_ELITE_BOSS_EQUIPMENT_RARE_X4,dpv2.direct.m195.slot_048
千年树妖,195,33,记忆项链,229,物品,,'=1/5,exact_formula,1/5,'=E33,SPB:AUTO_BOOST;SPB_CEILING_1_20;v80:CURRENT_ELITE_BOSS_EQUIPMENT_RARE_X4,dpv2.direct.m195.slot_047
千年树妖,195,34,道士手镯,185,物品,,'=1/5,exact_formula,1/5,'=E34,SPB:AUTO_BOOST,dpv2.direct.m195.slot_081
千年树妖,195,35,道德戒指,209,物品,,'=1/5,exact_formula,1/5,'=E35,SPB:AUTO_BOOST,dpv2.direct.m195.slot_079
千年树妖,195,36,金戒指,206,物品,,'=1/5,exact_formula,1/5,'=E36,SPB:AUTO_BOOST,dpv2.direct.m195.slot_076
千年树妖,195,37,金手镯,188,物品,,'=1/5,exact_formula,1/5,'=E37,SPB:AUTO_BOOST,dpv2.direct.m195.slot_078
千年树妖,195,38,铂金戒指,214,物品,,'=1/5,exact_formula,1/5,'=E38,SPB:AUTO_BOOST;SPB_CEILING_1_20;v80:CURRENT_ELITE_BOSS_EQUIPMENT_RARE_X4,dpv2.direct.m195.slot_052
千年树妖,195,39,降魔,96,物品,,'=1/5,exact_formula,1/5,'=E39,SPB:AUTO_BOOST,dpv2.direct.m195.slot_084
千年树妖,195,40,骷髅戒指,207,物品,,'=1/5,exact_formula,1/5,'=E40,SPB:AUTO_BOOST,dpv2.direct.m195.slot_094
千年树妖,195,41,魅力戒指,208,物品,,'=1/5,exact_formula,1/5,'=E41,SPB:AUTO_BOOST,dpv2.direct.m195.slot_080
千年树妖,195,42,魔力手镯,186,物品,,'=1/5,exact_formula,1/5,'=E42,SPB:AUTO_BOOST,dpv2.direct.m195.v505_0100
千年树妖,195,43,魔法头盔,148,物品,,'=1/5,exact_formula,1/5,'=E43,SPB:AUTO_BOOST,dpv2.direct.m195.slot_082
千年树妖,195,44,黑檀手镯,184,物品,,'=1/5,exact_formula,1/5,'=E44,SPB:AUTO_BOOST,dpv2.direct.m195.slot_083
千年树妖,195,45,黑色水晶戒指,203,物品,,'=1/5,exact_formula,1/5,'=E45,SPB:AUTO_BOOST,dpv2.direct.m195.slot_085
千年树妖,195,46,龙之戒指,212,物品,,'=1/5,exact_formula,1/5,'=E46,SPB:AUTO_BOOST;SPB_CEILING_1_20;v80:CURRENT_ELITE_BOSS_EQUIPMENT_RARE_X4,dpv2.direct.m195.v505_0060
千年树妖,195,47,召唤神兽,920005,物品,,'=1/7,exact_formula,1/7,'=E47,SPB:BYPASS_UNCLASSIFIED;v80:CURRENT_ELITE_BOSS_EQUIPMENT_RARE_X4,dpv2.direct.m195.v505_0075
千年树妖,195,48,烈火剑法,920028,物品,,'=1/7,exact_formula,1/7,'=E48,SPB:BYPASS_UNCLASSIFIED;v80:CURRENT_ELITE_BOSS_EQUIPMENT_RARE_X4,dpv2.direct.m195.v505_0074
千年树妖,195,49,冰咆哮,920002,物品,,'=20/141,exact_formula,20/141,'=E49,SPB:BYPASS_UNCLASSIFIED;v80:CURRENT_ELITE_BOSS_EQUIPMENT_RARE_X4,dpv2.direct.m195.v505_0076
千年树妖,195,50,炼狱,99,物品,,'=5/36,exact_formula,5/36,'=E50,SPB:AUTO_BOOST;v80:CURRENT_ELITE_BOSS_EQUIPMENT_RARE_X4,dpv2.direct.m195.slot_041
千年树妖,195,51,银蛇,101,物品,,'=5/36,exact_formula,5/36,'=E51,SPB:AUTO_BOOST;v80:CURRENT_ELITE_BOSS_EQUIPMENT_RARE_X4,dpv2.direct.m195.slot_043
千年树妖,195,52,魔杖,100,物品,,'=5/36,exact_formula,5/36,'=E52,SPB:AUTO_BOOST;v80:CURRENT_ELITE_BOSS_EQUIPMENT_RARE_X4,dpv2.direct.m195.slot_042
千年树妖,195,53,祝福油,920033,物品,,'=1/8,exact_formula,1/8,'=E53,SPB:AUTO_BOOST,dpv2.direct.m195.slot_044
千年树妖,195,54,虹魔戒指,247,物品,,'=1/10,exact_formula,1/10,'=E54,SPB:AUTO_BOOST;v80:CURRENT_ELITE_BOSS_EQUIPMENT_RARE_X4,dpv2.direct.m195.slot_056
千年树妖,195,55,虹魔手镯,248,物品,,'=1/10,exact_formula,1/10,'=E55,SPB:AUTO_BOOST;v80:CURRENT_ELITE_BOSS_EQUIPMENT_RARE_X4,dpv2.direct.m195.v505_0067
千年树妖,195,56,虹魔项链,249,物品,,'=1/10,exact_formula,1/10,'=E56,SPB:AUTO_BOOST;v80:CURRENT_ELITE_BOSS_EQUIPMENT_RARE_X4,dpv2.direct.m195.slot_057
千年树妖,195,57,魔血戒指,244,物品,,'=1/10,exact_formula,1/10,'=E57,SPB:AUTO_BOOST;v80:CURRENT_ELITE_BOSS_EQUIPMENT_RARE_X4,dpv2.direct.m195.v505_0063
千年树妖,195,58,魔血手镯,245,物品,,'=1/10,exact_formula,1/10,'=E58,SPB:AUTO_BOOST;v80:CURRENT_ELITE_BOSS_EQUIPMENT_RARE_X4,dpv2.direct.m195.slot_054
千年树妖,195,59,魔血项链,246,物品,,'=1/10,exact_formula,1/10,'=E59,SPB:AUTO_BOOST;v80:CURRENT_ELITE_BOSS_EQUIPMENT_RARE_X4,dpv2.direct.m195.slot_055
千年树妖,195,60,井中月,102,物品,,'=1/16,exact_formula,1/16,'=E60,SPB:AUTO_BOOST;v80:CURRENT_ELITE_BOSS_EQUIPMENT_RARE_X4,dpv2.direct.m195.slot_058
千年树妖,195,61,无极棍,104,物品,,'=1/16,exact_formula,1/16,'=E61,SPB:AUTO_BOOST;v80:CURRENT_ELITE_BOSS_EQUIPMENT_RARE_X4,dpv2.direct.m195.slot_060
千年树妖,195,62,体力强效神水,910001,物品,,'=1/20,exact_formula,1/20,'=E62,SPB:AUTO_BOOST;SPB_CEILING_1_20,dpv2.direct.m195.v505_0006
千年树妖,195,63,修罗,97,物品,,'=1/20,exact_formula,1/20,'=E63,SPB:AUTO_BOOST;SPB_CEILING_1_20,dpv2.direct.m195.slot_069
千年树妖,195,64,凝霜,98,物品,,'=1/20,exact_formula,1/20,'=E64,SPB:AUTO_BOOST;SPB_CEILING_1_20,dpv2.direct.m195.slot_064
千年树妖,195,65,攻击神水,910004,物品,,'=1/20,exact_formula,1/20,'=E65,SPB:AUTO_BOOST;SPB_CEILING_1_20,dpv2.direct.m195.slot_002
千年树妖,195,66,放大镜,166,物品,,'=1/20,exact_formula,1/20,'=E66,SPB:AUTO_BOOST;SPB_CEILING_1_20,dpv2.direct.m195.slot_061
千年树妖,195,67,死神手套,187,物品,,'=1/20,exact_formula,1/20,'=E67,SPB:AUTO_BOOST;SPB_CEILING_1_20,dpv2.direct.m195.slot_068
千年树妖,195,68,灵魂战衣(男),127,物品,,'=1/20,exact_formula,1/20,'=E68,SPB:AUTO_BOOST;SPB_CEILING_1_20,dpv2.direct.m195.slot_072
千年树妖,195,69,灵魂战衣(男),126,物品,,'=1/20,exact_formula,1/20,'=E69,SPB:AUTO_BOOST;SPB_CEILING_1_20,dpv2.direct.m195.slot_073
千年树妖,195,70,珊瑚戒指,210,物品,,'=1/20,exact_formula,1/20,'=E70,SPB:AUTO_BOOST;SPB_CEILING_1_20,dpv2.direct.m195.slot_065
千年树妖,195,71,疾风神水,910003,物品,,'=1/20,exact_formula,1/20,'=E71,SPB:AUTO_BOOST;SPB_CEILING_1_20,dpv2.direct.m195.v505_0005
千年树妖,195,72,竹笛,167,物品,,'=1/20,exact_formula,1/20,'=E72,SPB:AUTO_BOOST;SPB_CEILING_1_20,dpv2.direct.m195.slot_062
千年树妖,195,73,精神神水,910006,物品,,'=1/20,exact_formula,1/20,'=E73,SPB:AUTO_BOOST;SPB_CEILING_1_20,dpv2.direct.m195.slot_004
千年树妖,195,74,道士头盔,149,物品,,'=1/20,exact_formula,1/20,'=E74,SPB:AUTO_BOOST;SPB_CEILING_1_20,dpv2.direct.m195.slot_063
千年树妖,195,75,重盔甲(男),122,物品,,'=1/20,exact_formula,1/20,'=E75,SPB:AUTO_BOOST;SPB_CEILING_1_20,dpv2.direct.m195.slot_070
千年树妖,195,76,重盔甲(男),123,物品,,'=1/20,exact_formula,1/20,'=E76,SPB:AUTO_BOOST;SPB_CEILING_1_20,dpv2.direct.m195.slot_071
千年树妖,195,77,降妖除魔戒指,211,物品,,'=1/20,exact_formula,1/20,'=E77,SPB:AUTO_BOOST;SPB_CEILING_1_20,dpv2.direct.m195.slot_066
千年树妖,195,78,骷髅头盔,150,物品,,'=1/20,exact_formula,1/20,'=E78,SPB:AUTO_BOOST;SPB_CEILING_1_20,dpv2.direct.m195.v505_0083
千年树妖,195,79,魔力强效神水,910002,物品,,'=1/20,exact_formula,1/20,'=E79,SPB:AUTO_BOOST;SPB_CEILING_1_20,dpv2.direct.m195.v505_0007
千年树妖,195,80,魔力神水,910005,物品,,'=1/20,exact_formula,1/20,'=E80,SPB:AUTO_BOOST;SPB_CEILING_1_20,dpv2.direct.m195.slot_003
千年树妖,195,81,魔法长袍(男),124,物品,,'=1/20,exact_formula,1/20,'=E81,SPB:AUTO_BOOST;SPB_CEILING_1_20,dpv2.direct.m195.slot_074
千年树妖,195,82,魔法长袍(男),125,物品,,'=1/20,exact_formula,1/20,'=E82,SPB:AUTO_BOOST;SPB_CEILING_1_20,dpv2.direct.m195.slot_075
千年树妖,195,83,裁决之杖,105,物品,,'=1/30,exact_formula,1/30,'=E83,SPB:AUTO_BOOST;v80:CURRENT_ELITE_BOSS_EQUIPMENT_RARE_X4,dpv2.direct.m195.v505_0071
千年树妖,195,84,骨玉权杖,106,物品,,'=1/30,exact_formula,1/30,'=E84,SPB:AUTO_BOOST;v80:CURRENT_ELITE_BOSS_EQUIPMENT_RARE_X4,dpv2.direct.m195.v505_0072
千年树妖,195,85,龙纹剑,107,物品,,'=1/30,exact_formula,1/30,'=E85,SPB:AUTO_BOOST;v80:CURRENT_ELITE_BOSS_EQUIPMENT_RARE_X4,dpv2.direct.m195.v505_0073
恶灵尸王,198,6,金币,,金币,5000,'=1/5,exact_formula,1/5,'=E6,SPB:BYPASS_GOLD,dpv2.direct.m198.v505_0001
恶灵尸王,198,7,小手镯,175,物品,,'=1/32,exact_formula,1/32,'=E7,SPB:AUTO_BOOST,dpv2.direct.m198.slot_043
恶灵尸王,198,8,蓝色水晶戒指,202,物品,,'=1/32,exact_formula,1/32,'=E8,SPB:AUTO_BOOST,dpv2.direct.m198.slot_039
恶灵尸王,198,9,道士手镯,185,物品,,'=1/32,exact_formula,1/32,'=E9,SPB:AUTO_BOOST,dpv2.direct.m198.slot_040
恶灵尸王,198,10,魔力手镯,186,物品,,'=1/32,exact_formula,1/32,'=E10,SPB:AUTO_BOOST,dpv2.direct.m198.slot_042
恶灵尸王,198,11,黑檀手镯,184,物品,,'=1/32,exact_formula,1/32,'=E11,SPB:AUTO_BOOST,dpv2.direct.m198.slot_041
恶灵尸王,198,12,凝霜,98,物品,,'=1/40,exact_formula,1/40,'=E12,SPB:AUTO_BOOST,dpv2.direct.m198.slot_034
恶灵尸王,198,13,召唤骷髅,920006,物品,,'=1/40,exact_formula,1/40,'=E13,SPB:BYPASS_UNCLASSIFIED,dpv2.direct.m198.slot_067
恶灵尸王,198,14,地狱火,920010,物品,,'=1/40,exact_formula,1/40,'=E14,SPB:BYPASS_UNCLASSIFIED,dpv2.direct.m198.slot_065
恶灵尸王,198,15,大火球,920013,物品,,'=1/40,exact_formula,1/40,'=E15,SPB:BYPASS_UNCLASSIFIED,dpv2.direct.m198.slot_066
恶灵尸王,198,16,攻杀剑术,920021,物品,,'=1/40,exact_formula,1/40,'=E16,SPB:BYPASS_UNCLASSIFIED,dpv2.direct.m198.slot_061
恶灵尸王,198,17,施毒术,920022,物品,,'=1/40,exact_formula,1/40,'=E17,SPB:BYPASS_UNCLASSIFIED,dpv2.direct.m198.slot_060
恶灵尸王,198,18,灵魂火符,920027,物品,,'=1/40,exact_formula,1/40,'=E18,SPB:BYPASS_UNCLASSIFIED,dpv2.direct.m198.slot_062
恶灵尸王,198,19,珍珠戒指,205,物品,,'=1/40,exact_formula,1/40,'=E19,SPB:AUTO_BOOST,dpv2.direct.m198.slot_031
恶灵尸王,198,20,生铁戒指,201,物品,,'=1/40,exact_formula,1/40,'=E20,SPB:AUTO_BOOST,dpv2.direct.m198.slot_032
恶灵尸王,198,21,瞬息移动,920031,物品,,'=1/40,exact_formula,1/40,'=E21,SPB:BYPASS_UNCLASSIFIED,dpv2.direct.m198.slot_068
恶灵尸王,198,22,蓝翡翠项链,165,物品,,'=1/40,exact_formula,1/40,'=E22,SPB:AUTO_BOOST,dpv2.direct.m198.slot_037
恶灵尸王,198,23,蛇眼戒指,204,物品,,'=1/40,exact_formula,1/40,'=E23,SPB:AUTO_BOOST,dpv2.direct.m198.slot_030
恶灵尸王,198,24,诱惑之光,920041,物品,,'=1/40,exact_formula,1/40,'=E24,SPB:BYPASS_UNCLASSIFIED,dpv2.direct.m198.slot_064
恶灵尸王,198,25,道德戒指,209,物品,,'=1/40,exact_formula,1/40,'=E25,SPB:AUTO_BOOST,dpv2.direct.m198.slot_035
恶灵尸王,198,26,隐身术,920046,物品,,'=1/40,exact_formula,1/40,'=E26,SPB:BYPASS_UNCLASSIFIED,dpv2.direct.m198.slot_059
恶灵尸王,198,27,雷电术,920048,物品,,'=1/40,exact_formula,1/40,'=E27,SPB:BYPASS_UNCLASSIFIED,dpv2.direct.m198.slot_063
恶灵尸王,198,28,骷髅戒指,207,物品,,'=1/40,exact_formula,1/40,'=E28,SPB:AUTO_BOOST,dpv2.direct.m198.slot_027
恶灵尸王,198,29,魅力戒指,208,物品,,'=1/40,exact_formula,1/40,'=E29,SPB:AUTO_BOOST,dpv2.direct.m198.slot_036
恶灵尸王,198,30,黑色水晶戒指,203,物品,,'=1/40,exact_formula,1/40,'=E30,SPB:AUTO_BOOST,dpv2.direct.m198.slot_029
恶灵尸王,198,31,幽灵盾,920015,物品,,'=1/56,exact_formula,1/56,'=E31,SPB:BYPASS_UNCLASSIFIED,dpv2.direct.m198.slot_056
恶灵尸王,198,32,火墙,920025,物品,,'=1/56,exact_formula,1/56,'=E32,SPB:BYPASS_UNCLASSIFIED,dpv2.direct.m198.slot_055
恶灵尸王,198,33,爆裂火焰,920029,物品,,'=1/56,exact_formula,1/56,'=E33,SPB:BYPASS_UNCLASSIFIED,dpv2.direct.m198.slot_057
恶灵尸王,198,34,集体隐身术,920047,物品,,'=1/56,exact_formula,1/56,'=E34,SPB:BYPASS_UNCLASSIFIED,dpv2.direct.m198.slot_058
恶灵尸王,198,35,半月弯刀,920004,物品,,'=1/60,exact_formula,1/60,'=E35,SPB:BYPASS_UNCLASSIFIED,dpv2.direct.m198.slot_048
恶灵尸王,198,36,冰咆哮,920002,物品,,'=1/80,exact_formula,1/80,'=E36,SPB:BYPASS_UNCLASSIFIED;v80:CURRENT_ELITE_BOSS_EQUIPMENT_RARE_X4,dpv2.direct.m198.v505_0048
恶灵尸王,198,37,刺杀剑术,920003,物品,,'=1/80,exact_formula,1/80,'=E37,SPB:BYPASS_UNCLASSIFIED,dpv2.direct.m198.slot_052
恶灵尸王,198,38,召唤神兽,920005,物品,,'=1/80,exact_formula,1/80,'=E38,SPB:BYPASS_UNCLASSIFIED;v80:CURRENT_ELITE_BOSS_EQUIPMENT_RARE_X4,dpv2.direct.m198.v505_0047
恶灵尸王,198,39,死神手套,187,物品,,'=1/80,exact_formula,1/80,'=E39,SPB:AUTO_BOOST,dpv2.direct.m198.slot_033
恶灵尸王,198,40,烈火剑法,920028,物品,,'=1/80,exact_formula,1/80,'=E40,SPB:BYPASS_UNCLASSIFIED;v80:CURRENT_ELITE_BOSS_EQUIPMENT_RARE_X4,dpv2.direct.m198.v505_0046
恶灵尸王,198,41,疾光电影,920030,物品,,'=1/80,exact_formula,1/80,'=E41,SPB:BYPASS_UNCLASSIFIED,dpv2.direct.m198.slot_054
恶灵尸王,198,42,神圣战甲术,920034,物品,,'=1/80,exact_formula,1/80,'=E42,SPB:BYPASS_UNCLASSIFIED,dpv2.direct.m198.slot_053
恶灵尸王,198,43,野蛮冲撞,920043,物品,,'=1/120,exact_formula,1/120,'=E43,SPB:BYPASS_UNCLASSIFIED,dpv2.direct.m198.slot_050
恶灵尸王,198,44,心灵启示,920018,物品,,'=1/160,exact_formula,1/160,'=E44,SPB:BYPASS_UNCLASSIFIED,dpv2.direct.m198.slot_051
恶灵尸王,198,45,珊瑚戒指,210,物品,,'=1/200,exact_formula,1/200,'=E45,SPB:AUTO_BOOST,dpv2.direct.m198.slot_028
恶灵尸王,198,46,金创药(中量) ×3,920044,物品,,'=1/200,exact_formula,1/200,'=E46,SPB:BYPASS_COMMON_RECOVERY,dpv2.direct.m198.slot_017 等3个独立槽
恶灵尸王,198,47,魔法药(中量) ×3,920052,物品,,'=1/200,exact_formula,1/200,'=E47,SPB:BYPASS_COMMON_RECOVERY,dpv2.direct.m198.slot_022 等3个独立槽
恶灵尸王,198,48,圣言术,920009,物品,,'=1/240,exact_formula,1/240,'=E48,SPB:BYPASS_UNCLASSIFIED,dpv2.direct.m198.slot_045
恶灵尸王,198,49,群体治疗术,920036,物品,,'=1/240,exact_formula,1/240,'=E49,SPB:BYPASS_UNCLASSIFIED,dpv2.direct.m198.slot_044
恶灵尸王,198,50,困魔咒,920008,物品,,'=1/320,exact_formula,1/320,'=E50,SPB:BYPASS_UNCLASSIFIED,dpv2.direct.m198.slot_046
恶灵尸王,198,51,地狱雷光,920011,物品,,'=1/320,exact_formula,1/320,'=E51,SPB:BYPASS_UNCLASSIFIED,dpv2.direct.m198.slot_047
恶灵尸王,198,52,太阳水 ×5,920014,物品,,'=1/400,exact_formula,1/400,'=E52,SPB:BYPASS_COMMON_RECOVERY;精英Boss太阳水分母x2,dpv2.direct.m198.slot_007 等5个独立槽
恶灵尸王,198,53,强效太阳水 ×3,920016,物品,,'=1/400,exact_formula,1/400,'=E53,SPB:BYPASS_COMMON_RECOVERY;精英Boss太阳水分母x2,dpv2.direct.m198.slot_002 等3个独立槽
恶灵尸王,198,54,超级金创药 ×2,920017,物品,,'=1/400,exact_formula,1/400,'=E54,SPB:BYPASS_COMMON_RECOVERY,dpv2.direct.m198.slot_020 等2个独立槽
恶灵尸王,198,55,超级魔法药 ×2,920042,物品,,'=1/400,exact_formula,1/400,'=E55,SPB:BYPASS_COMMON_RECOVERY,dpv2.direct.m198.slot_025 等2个独立槽
恶灵尸王,198,56,魔法盾,920051,物品,,'=1/480,exact_formula,1/480,'=E56,SPB:BYPASS_UNCLASSIFIED,dpv2.direct.m198.slot_049
恶灵尸王,198,57,太阳水 ×5,920014,物品,,'=1/800,exact_formula,1/800,'=E57,SPB:BYPASS_COMMON_RECOVERY;精英Boss太阳水分母x2,dpv2.direct.m198.slot_012 等5个独立槽
恶灵尸王,198,58,强效太阳水 ×2,920016,物品,,'=1/800,exact_formula,1/800,'=E58,SPB:BYPASS_COMMON_RECOVERY;精英Boss太阳水分母x2,dpv2.direct.m198.slot_005 等2个独立槽
恶灵尸王,198,59,记忆手镯,230,物品,,'=1/1500,exact_formula,1/1500,'=E59,SPB:AUTO_BOOST;v80:CURRENT_ELITE_BOSS_EQUIPMENT_RARE_X4,dpv2.direct.m198.slot_038
黄泉教主,208,6,祝福油,920033,物品,,'=1/1,exact_formula,1/1,'=E6,SPB:AUTO_BOOST,dpv2.direct.m208.slot_056
黄泉教主,208,7,超级金创药 ×3,920017,物品,,'=1/1,exact_formula,1/1,'=E7,SPB:BYPASS_COMMON_RECOVERY,dpv2.direct.m208.slot_034 等3个独立槽
黄泉教主,208,8,超级魔法药 ×3,920042,物品,,'=1/1,exact_formula,1/1,'=E8,SPB:BYPASS_COMMON_RECOVERY,dpv2.direct.m208.slot_044 等3个独立槽
黄泉教主,208,9,金币,,金币,100000,'=1/1,exact_formula,1/1,'=E9,SPB:BYPASS_GOLD,dpv2.direct.m208.v505_0001
黄泉教主,208,10,太阳水 ×7,920014,物品,,'=1/2,exact_formula,1/2,'=E10,SPB:BYPASS_COMMON_RECOVERY;精英Boss太阳水分母x2,dpv2.direct.m208.v505_0028 等7个独立槽
黄泉教主,208,11,强效太阳水 ×5,920016,物品,,'=1/2,exact_formula,1/2,'=E11,SPB:BYPASS_COMMON_RECOVERY;精英Boss太阳水分母x2,dpv2.direct.m208.slot_002 等5个独立槽
黄泉教主,208,12,疗伤药 ×7,910007,物品,,'=1/2,exact_formula,1/2,'=E12,SPB:BYPASS_COMMON_RECOVERY,dpv2.direct.m208.slot_022 等7个独立槽
黄泉教主,208,13,祝福油,920033,物品,,'=1/1,exact_formula,1/1,'=E13,SPB:AUTO_BOOST,dpv2.direct.m208.slot_055
黄泉教主,208,14,超级金创药 ×5,920017,物品,,'=1/2,exact_formula,1/2,'=E14,SPB:BYPASS_COMMON_RECOVERY,dpv2.direct.m208.slot_029 等5个独立槽
黄泉教主,208,15,超级魔法药 ×5,920042,物品,,'=1/2,exact_formula,1/2,'=E15,SPB:BYPASS_COMMON_RECOVERY,dpv2.direct.m208.slot_039 等5个独立槽
黄泉教主,208,32,太阳水 ×7,920014,物品,,'=1/4,exact_formula,1/4,'=E32,SPB:BYPASS_COMMON_RECOVERY;精英Boss太阳水分母x2,dpv2.direct.m208.v505_0035 等7个独立槽
黄泉教主,208,33,强效太阳水 ×5,920016,物品,,'=1/4,exact_formula,1/4,'=E33,SPB:BYPASS_COMMON_RECOVERY;精英Boss太阳水分母x2,dpv2.direct.m208.slot_012 等5个独立槽
黄泉教主,208,34,祝福油,920033,物品,,'=1/1,exact_formula,1/1,'=E34,SPB:AUTO_BOOST,dpv2.direct.m208.v505_0010
黄泉教主,208,35,天珠项链,170,物品,,'=1/5,exact_formula,1/5,'=E35,SPB:AUTO_BOOST;SPB_CEILING_1_20;v80:CURRENT_ELITE_BOSS_EQUIPMENT_RARE_X4,dpv2.direct.m208.v505_0068
黄泉教主,208,36,幽灵手套,189,物品,,'=1/5,exact_formula,1/5,'=E36,SPB:AUTO_BOOST;SPB_CEILING_1_20;v80:CURRENT_ELITE_BOSS_EQUIPMENT_RARE_X4,dpv2.direct.m208.v505_0070
黄泉教主,208,37,幽灵项链,168,物品,,'=1/5,exact_formula,1/5,'=E37,SPB:AUTO_BOOST;SPB_CEILING_1_20;v80:CURRENT_ELITE_BOSS_EQUIPMENT_RARE_X4,dpv2.direct.m208.slot_062
黄泉教主,208,38,心灵手镯,195,物品,,'=1/5,exact_formula,1/5,'=E38,SPB:AUTO_BOOST;SPB_CEILING_1_20;v80:CURRENT_ELITE_BOSS_EQUIPMENT_RARE_X4,dpv2.direct.m208.slot_079
黄泉教主,208,39,思贝儿手镯,190,物品,,'=1/5,exact_formula,1/5,'=E39,SPB:AUTO_BOOST;SPB_CEILING_1_20;v80:CURRENT_ELITE_BOSS_EQUIPMENT_RARE_X4,dpv2.direct.m208.v505_0071
黄泉教主,208,40,炼狱,99,物品,,'=1/5,exact_formula,1/5,'=E40,SPB:AUTO_BOOST;SPB_CEILING_1_20;v80:CURRENT_ELITE_BOSS_EQUIPMENT_RARE_X4,dpv2.direct.m208.slot_090
黄泉教主,208,41,生命项链,169,物品,,'=1/5,exact_formula,1/5,'=E41,SPB:AUTO_BOOST;SPB_CEILING_1_20;v80:CURRENT_ELITE_BOSS_EQUIPMENT_RARE_X4,dpv2.direct.m208.slot_061
黄泉教主,208,42,祈祷之刃,223,物品,,'=1/5,exact_formula,1/5,'=E42,SPB:AUTO_BOOST;SPB_CEILING_1_20;v80:CURRENT_ELITE_BOSS_EQUIPMENT_RARE_X4,dpv2.direct.m208.slot_059
黄泉教主,208,43,祈祷戒指,227,物品,,'=1/5,exact_formula,1/5,'=E43,SPB:AUTO_BOOST;SPB_CEILING_1_20;v80:CURRENT_ELITE_BOSS_EQUIPMENT_RARE_X4,dpv2.direct.m208.slot_057
黄泉教主,208,44,红宝石戒指,213,物品,,'=1/5,exact_formula,1/5,'=E44,SPB:AUTO_BOOST;SPB_CEILING_1_20;v80:CURRENT_ELITE_BOSS_EQUIPMENT_RARE_X4,dpv2.direct.m208.v505_0074
黄泉教主,208,45,虹魔戒指,247,物品,,'=1/5,exact_formula,1/5,'=E45,SPB:AUTO_BOOST;v80:CURRENT_ELITE_BOSS_EQUIPMENT_RARE_X4,dpv2.direct.m208.slot_067
黄泉教主,208,46,虹魔手镯,248,物品,,'=1/5,exact_formula,1/5,'=E46,SPB:AUTO_BOOST;v80:CURRENT_ELITE_BOSS_EQUIPMENT_RARE_X4,dpv2.direct.m208.v505_0085
黄泉教主,208,47,虹魔项链,249,物品,,'=1/5,exact_formula,1/5,'=E47,SPB:AUTO_BOOST;v80:CURRENT_ELITE_BOSS_EQUIPMENT_RARE_X4,dpv2.direct.m208.slot_068
黄泉教主,208,48,记忆头盔,228,物品,,'=1/5,exact_formula,1/5,'=E48,SPB:AUTO_BOOST;SPB_CEILING_1_20;v80:CURRENT_ELITE_BOSS_EQUIPMENT_RARE_X4,dpv2.direct.m208.slot_063
黄泉教主,208,49,铂金戒指,214,物品,,'=1/5,exact_formula,1/5,'=E49,SPB:AUTO_BOOST;SPB_CEILING_1_20;v80:CURRENT_ELITE_BOSS_EQUIPMENT_RARE_X4,dpv2.direct.m208.v505_0075
黄泉教主,208,50,银蛇,101,物品,,'=1/5,exact_formula,1/5,'=E50,SPB:AUTO_BOOST;SPB_CEILING_1_20;v80:CURRENT_ELITE_BOSS_EQUIPMENT_RARE_X4,dpv2.direct.m208.slot_091
黄泉教主,208,51,魔杖,100,物品,,'=1/5,exact_formula,1/5,'=E51,SPB:AUTO_BOOST;SPB_CEILING_1_20;v80:CURRENT_ELITE_BOSS_EQUIPMENT_RARE_X4,dpv2.direct.m208.slot_086
黄泉教主,208,52,魔血戒指,244,物品,,'=1/5,exact_formula,1/5,'=E52,SPB:AUTO_BOOST;v80:CURRENT_ELITE_BOSS_EQUIPMENT_RARE_X4,dpv2.direct.m208.v505_0081
黄泉教主,208,53,魔血手镯,245,物品,,'=1/5,exact_formula,1/5,'=E53,SPB:AUTO_BOOST;v80:CURRENT_ELITE_BOSS_EQUIPMENT_RARE_X4,dpv2.direct.m208.slot_065
黄泉教主,208,54,魔血项链,246,物品,,'=1/5,exact_formula,1/5,'=E54,SPB:AUTO_BOOST;v80:CURRENT_ELITE_BOSS_EQUIPMENT_RARE_X4,dpv2.direct.m208.slot_066
黄泉教主,208,55,龙之戒指,212,物品,,'=1/5,exact_formula,1/5,'=E55,SPB:AUTO_BOOST;SPB_CEILING_1_20;v80:CURRENT_ELITE_BOSS_EQUIPMENT_RARE_X4,dpv2.direct.m208.v505_0073
黄泉教主,208,56,体力强效神水,910001,物品,,'=1/6,exact_formula,1/6,'=E56,SPB:AUTO_BOOST,dpv2.direct.m208.v505_0006
黄泉教主,208,57,攻击神水,910004,物品,,'=1/6,exact_formula,1/6,'=E57,SPB:AUTO_BOOST,dpv2.direct.m208.slot_049
黄泉教主,208,58,疾风神水,910003,物品,,'=1/6,exact_formula,1/6,'=E58,SPB:AUTO_BOOST,dpv2.direct.m208.v505_0005
黄泉教主,208,59,精神神水,910006,物品,,'=1/6,exact_formula,1/6,'=E59,SPB:AUTO_BOOST,dpv2.direct.m208.slot_051
黄泉教主,208,60,魔力强效神水,910002,物品,,'=1/6,exact_formula,1/6,'=E60,SPB:AUTO_BOOST,dpv2.direct.m208.v505_0007
黄泉教主,208,61,魔力神水,910005,物品,,'=1/6,exact_formula,1/6,'=E61,SPB:AUTO_BOOST,dpv2.direct.m208.slot_050
黄泉教主,208,62,井中月,102,物品,,'=1/8,exact_formula,1/8,'=E62,SPB:AUTO_BOOST;v80:CURRENT_ELITE_BOSS_EQUIPMENT_RARE_X4,dpv2.direct.m208.slot_085
黄泉教主,208,63,无极棍,104,物品,,'=1/8,exact_formula,1/8,'=E63,SPB:AUTO_BOOST;v80:CURRENT_ELITE_BOSS_EQUIPMENT_RARE_X4,dpv2.direct.m208.slot_088
黄泉教主,208,71,恶魔长袍(男),130,物品,,'=1/5,exact_formula,1/5,'=E71,SPB:AUTO_BOOST;SPB_CEILING_1_20,dpv2.direct.m208.slot_107
黄泉教主,208,73,战神盔甲(男),128,物品,,'=1/5,exact_formula,1/5,'=E73,SPB:AUTO_BOOST;SPB_CEILING_1_20,dpv2.direct.m208.slot_103
黄泉教主,208,78,祈祷头盔,224,物品,,'=1/8,exact_formula,1/8,'=E78,SPB:AUTO_BOOST;SPB_CEILING_1_20,dpv2.direct.m208.slot_058
黄泉教主,208,90,裁决之杖,105,物品,,'=1/20,exact_formula,1/20,'=E90,SPB:AUTO_BOOST;v80:CURRENT_ELITE_BOSS_EQUIPMENT_RARE_X4,dpv2.direct.m208.slot_084
黄泉教主,208,91,骨玉权杖,106,物品,,'=1/20,exact_formula,1/20,'=E91,SPB:AUTO_BOOST;v80:CURRENT_ELITE_BOSS_EQUIPMENT_RARE_X4,dpv2.direct.m208.slot_087
黄泉教主,208,92,龙纹剑,107,物品,,'=1/20,exact_formula,1/20,'=E92,SPB:AUTO_BOOST;v80:CURRENT_ELITE_BOSS_EQUIPMENT_RARE_X4,dpv2.direct.m208.slot_089
牛魔王,224,6,祝福油,920033,物品,,'=1/1,exact_formula,1/1,'=E6,SPB:AUTO_BOOST,dpv2.direct.m224.slot_005
牛魔王,224,7,超级金创药 ×2,920017,物品,,'=1/1,exact_formula,1/1,'=E7,SPB:BYPASS_COMMON_RECOVERY,dpv2.direct.m224.slot_025 等2个独立槽
牛魔王,224,8,超级魔法药 ×2,920042,物品,,'=1/1,exact_formula,1/1,'=E8,SPB:BYPASS_COMMON_RECOVERY,dpv2.direct.m224.slot_027 等2个独立槽
牛魔王,224,9,金币,,金币,50000,'=1/1,exact_formula,1/1,'=E9,SPB:BYPASS_GOLD,dpv2.direct.m224.v505_0001
牛魔王,224,22,超级金创药 ×2,920017,物品,,'=1/2,exact_formula,1/2,'=E22,SPB:BYPASS_COMMON_RECOVERY,dpv2.direct.m224.slot_021 等2个独立槽
牛魔王,224,23,超级魔法药 ×2,920042,物品,,'=1/2,exact_formula,1/2,'=E23,SPB:BYPASS_COMMON_RECOVERY,dpv2.direct.m224.slot_023 等2个独立槽
牛魔王,224,42,太阳水 ×4,920014,物品,,'=1/4,exact_formula,1/4,'=E42,SPB:BYPASS_COMMON_RECOVERY;精英Boss太阳水分母x2,dpv2.direct.m224.slot_014 等4个独立槽
牛魔王,224,43,强效太阳水 ×2,920016,物品,,'=1/4,exact_formula,1/4,'=E43,SPB:BYPASS_COMMON_RECOVERY;精英Boss太阳水分母x2,dpv2.direct.m224.slot_008 等2个独立槽
牛魔王,224,44,天珠项链,170,物品,,'=1/5,exact_formula,1/5,'=E44,SPB:AUTO_BOOST;SPB_CEILING_1_20;v80:CURRENT_ELITE_BOSS_EQUIPMENT_RARE_X4,dpv2.direct.m224.slot_079
牛魔王,224,45,幽灵手套,189,物品,,'=1/5,exact_formula,1/5,'=E45,SPB:AUTO_BOOST;SPB_CEILING_1_20;v80:CURRENT_ELITE_BOSS_EQUIPMENT_RARE_X4,dpv2.direct.m224.v505_0063
牛魔王,224,46,幽灵项链,168,物品,,'=1/5,exact_formula,1/5,'=E46,SPB:AUTO_BOOST;SPB_CEILING_1_20;v80:CURRENT_ELITE_BOSS_EQUIPMENT_RARE_X4,dpv2.direct.m224.slot_074
牛魔王,224,47,心灵手镯,195,物品,,'=1/5,exact_formula,1/5,'=E47,SPB:AUTO_BOOST;SPB_CEILING_1_20;v80:CURRENT_ELITE_BOSS_EQUIPMENT_RARE_X4,dpv2.direct.m224.slot_078
牛魔王,224,48,思贝儿手镯,190,物品,,'=1/5,exact_formula,1/5,'=E48,SPB:AUTO_BOOST;SPB_CEILING_1_20;v80:CURRENT_ELITE_BOSS_EQUIPMENT_RARE_X4,dpv2.direct.m224.slot_077
牛魔王,224,49,攻击神水,910004,物品,,'=1/5,exact_formula,1/5,'=E49,SPB:AUTO_BOOST,dpv2.direct.m224.slot_002
牛魔王,224,50,炼狱,99,物品,,'=1/5,exact_formula,1/5,'=E50,SPB:AUTO_BOOST;SPB_CEILING_1_20;v80:CURRENT_ELITE_BOSS_EQUIPMENT_RARE_X4,dpv2.direct.m224.slot_086
牛魔王,224,51,生命项链,169,物品,,'=1/5,exact_formula,1/5,'=E51,SPB:AUTO_BOOST;SPB_CEILING_1_20;v80:CURRENT_ELITE_BOSS_EQUIPMENT_RARE_X4,dpv2.direct.m224.slot_073
牛魔王,224,52,疾风神水,910003,物品,,'=1/5,exact_formula,1/5,'=E52,SPB:AUTO_BOOST,dpv2.direct.m224.v505_0005
牛魔王,224,53,祈祷之刃,223,物品,,'=1/5,exact_formula,1/5,'=E53,SPB:AUTO_BOOST;v80:CURRENT_ELITE_BOSS_EQUIPMENT_RARE_X4,dpv2.direct.m224.slot_031
牛魔王,224,54,祈祷戒指,227,物品,,'=1/5,exact_formula,1/5,'=E54,SPB:AUTO_BOOST;v80:CURRENT_ELITE_BOSS_EQUIPMENT_RARE_X4,dpv2.direct.m224.slot_029
牛魔王,224,55,精神神水,910006,物品,,'=1/5,exact_formula,1/5,'=E55,SPB:AUTO_BOOST,dpv2.direct.m224.slot_004
牛魔王,224,56,红宝石戒指,213,物品,,'=1/5,exact_formula,1/5,'=E56,SPB:AUTO_BOOST;SPB_CEILING_1_20;v80:CURRENT_ELITE_BOSS_EQUIPMENT_RARE_X4,dpv2.direct.m224.slot_083
牛魔王,224,57,虹魔戒指,247,物品,,'=1/5,exact_formula,1/5,'=E57,SPB:AUTO_BOOST;SPB_CEILING_1_20;v80:CURRENT_ELITE_BOSS_EQUIPMENT_RARE_X4,dpv2.direct.m224.slot_070
牛魔王,224,58,虹魔手镯,248,物品,,'=1/5,exact_formula,1/5,'=E58,SPB:AUTO_BOOST;SPB_CEILING_1_20;v80:CURRENT_ELITE_BOSS_EQUIPMENT_RARE_X4,dpv2.direct.m224.slot_071
牛魔王,224,59,虹魔项链,249,物品,,'=1/5,exact_formula,1/5,'=E59,SPB:AUTO_BOOST;SPB_CEILING_1_20;v80:CURRENT_ELITE_BOSS_EQUIPMENT_RARE_X4,dpv2.direct.m224.slot_072
牛魔王,224,60,记忆头盔,228,物品,,'=1/5,exact_formula,1/5,'=E60,SPB:AUTO_BOOST;SPB_CEILING_1_20;v80:CURRENT_ELITE_BOSS_EQUIPMENT_RARE_X4,dpv2.direct.m224.slot_075
牛魔王,224,61,铂金戒指,214,物品,,'=1/5,exact_formula,1/5,'=E61,SPB:AUTO_BOOST;SPB_CEILING_1_20;v80:CURRENT_ELITE_BOSS_EQUIPMENT_RARE_X4,dpv2.direct.m224.slot_081
牛魔王,224,62,银蛇,101,物品,,'=1/5,exact_formula,1/5,'=E62,SPB:AUTO_BOOST;SPB_CEILING_1_20;v80:CURRENT_ELITE_BOSS_EQUIPMENT_RARE_X4,dpv2.direct.m224.slot_084
牛魔王,224,63,魔力神水,910005,物品,,'=1/5,exact_formula,1/5,'=E63,SPB:AUTO_BOOST,dpv2.direct.m224.slot_003
牛魔王,224,64,魔杖,100,物品,,'=1/5,exact_formula,1/5,'=E64,SPB:AUTO_BOOST;SPB_CEILING_1_20;v80:CURRENT_ELITE_BOSS_EQUIPMENT_RARE_X4,dpv2.direct.m224.slot_085
牛魔王,224,65,魔血戒指,244,物品,,'=1/5,exact_formula,1/5,'=E65,SPB:AUTO_BOOST;SPB_CEILING_1_20;v80:CURRENT_ELITE_BOSS_EQUIPMENT_RARE_X4,dpv2.direct.m224.v505_0043
牛魔王,224,66,魔血手镯,245,物品,,'=1/5,exact_formula,1/5,'=E66,SPB:AUTO_BOOST;SPB_CEILING_1_20;v80:CURRENT_ELITE_BOSS_EQUIPMENT_RARE_X4,dpv2.direct.m224.v505_0044
牛魔王,224,67,魔血项链,246,物品,,'=1/5,exact_formula,1/5,'=E67,SPB:AUTO_BOOST;SPB_CEILING_1_20;v80:CURRENT_ELITE_BOSS_EQUIPMENT_RARE_X4,dpv2.direct.m224.v505_0045
牛魔王,224,68,龙之戒指,212,物品,,'=1/5,exact_formula,1/5,'=E68,SPB:AUTO_BOOST;SPB_CEILING_1_20;v80:CURRENT_ELITE_BOSS_EQUIPMENT_RARE_X4,dpv2.direct.m224.slot_082
牛魔王,224,69,三眼手镯,191,物品,,'=1/6,exact_formula,1/6,'=E69,SPB:AUTO_BOOST;v80:CURRENT_ELITE_BOSS_EQUIPMENT_RARE_X4,dpv2.direct.m224.v505_0079
牛魔王,224,70,体力强效神水,910001,物品,,'=1/6,exact_formula,1/6,'=E70,SPB:AUTO_BOOST,dpv2.direct.m224.v505_0006
牛魔王,224,71,力量戒指,215,物品,,'=1/6,exact_formula,1/6,'=E71,SPB:AUTO_BOOST;v80:CURRENT_ELITE_BOSS_EQUIPMENT_RARE_X4,dpv2.direct.m224.v505_0074
牛魔王,224,72,泰坦戒指,217,物品,,'=1/6,exact_formula,1/6,'=E72,SPB:AUTO_BOOST;v80:CURRENT_ELITE_BOSS_EQUIPMENT_RARE_X4,dpv2.direct.m224.v505_0076
牛魔王,224,73,紫碧螺,216,物品,,'=1/6,exact_formula,1/6,'=E73,SPB:AUTO_BOOST;v80:CURRENT_ELITE_BOSS_EQUIPMENT_RARE_X4,dpv2.direct.m224.v505_0075
牛魔王,224,74,阎罗手套,192,物品,,'=1/6,exact_formula,1/6,'=E74,SPB:AUTO_BOOST;v80:CURRENT_ELITE_BOSS_EQUIPMENT_RARE_X4,dpv2.direct.m224.v505_0080
牛魔王,224,75,骑士手镯,193,物品,,'=1/6,exact_formula,1/6,'=E75,SPB:AUTO_BOOST;v80:CURRENT_ELITE_BOSS_EQUIPMENT_RARE_X4,dpv2.direct.m224.v505_0077
牛魔王,224,76,魔力强效神水,910002,物品,,'=1/6,exact_formula,1/6,'=E76,SPB:AUTO_BOOST,dpv2.direct.m224.v505_0007
牛魔王,224,77,龙之手镯,194,物品,,'=1/6,exact_formula,1/6,'=E77,SPB:AUTO_BOOST;v80:CURRENT_ELITE_BOSS_EQUIPMENT_RARE_X4,dpv2.direct.m224.v505_0078
牛魔王,224,78,狂风项链,221,物品,,'=5/32,exact_formula,5/32,'=E78,SPB:AUTO_BOOST;v80:CURRENT_ELITE_BOSS_EQUIPMENT_RARE_X4,dpv2.direct.m224.v505_0070
牛魔王,224,79,井中月,102,物品,,'=1/8,exact_formula,1/8,'=E79,SPB:AUTO_BOOST;v80:CURRENT_ELITE_BOSS_EQUIPMENT_RARE_X4,dpv2.direct.m224.slot_094
牛魔王,224,80,恶魔铃铛,172,物品,,'=1/8,exact_formula,1/8,'=E80,SPB:AUTO_BOOST;v80:CURRENT_ELITE_BOSS_EQUIPMENT_RARE_X4,dpv2.direct.m224.v505_0072
牛魔王,224,81,无极棍,104,物品,,'=1/8,exact_formula,1/8,'=E81,SPB:AUTO_BOOST;v80:CURRENT_ELITE_BOSS_EQUIPMENT_RARE_X4,dpv2.direct.m224.slot_093
牛魔王,224,82,灵魂项链,173,物品,,'=1/8,exact_formula,1/8,'=E82,SPB:AUTO_BOOST;v80:CURRENT_ELITE_BOSS_EQUIPMENT_RARE_X4,dpv2.direct.m224.v505_0071
牛魔王,224,83,绿色项链,171,物品,,'=1/8,exact_formula,1/8,'=E83,SPB:AUTO_BOOST;v80:CURRENT_ELITE_BOSS_EQUIPMENT_RARE_X4,dpv2.direct.m224.v505_0069
牛魔王,224,86,半月弯刀,920004,物品,,'=1/20,exact_formula,1/20,'=E86,SPB:BYPASS_UNCLASSIFIED,dpv2.direct.m224.slot_032
牛魔王,224,87,困魔咒,920008,物品,,'=1/20,exact_formula,1/20,'=E87,SPB:BYPASS_UNCLASSIFIED,dpv2.direct.m224.slot_033
牛魔王,224,88,地狱雷光,920011,物品,,'=1/20,exact_formula,1/20,'=E88,SPB:BYPASS_UNCLASSIFIED,dpv2.direct.m224.slot_034
牛魔王,224,100,祈祷头盔,224,物品,,'=1/20,exact_formula,1/20,'=E100,SPB:AUTO_BOOST,dpv2.direct.m224.slot_030
牛魔王,224,116,裁决之杖,105,物品,,'=1/8,exact_formula,1/8,'=E116,SPB:AUTO_BOOST;v80:CURRENT_ELITE_BOSS_EQUIPMENT_RARE_X4,dpv2.direct.m224.slot_087
牛魔王,224,117,骨玉权杖,106,物品,,'=1/8,exact_formula,1/8,'=E117,SPB:AUTO_BOOST;v80:CURRENT_ELITE_BOSS_EQUIPMENT_RARE_X4,dpv2.direct.m224.slot_088
牛魔王,224,118,黑铁头盔,151,物品,,'=1/8,exact_formula,1/8,'=E118,SPB:AUTO_BOOST,dpv2.direct.m224.v505_0073
牛魔王,224,119,龙纹剑,107,物品,,'=1/8,exact_formula,1/8,'=E119,SPB:AUTO_BOOST;v80:CURRENT_ELITE_BOSS_EQUIPMENT_RARE_X4,dpv2.direct.m224.slot_089
牛魔王,224,120,怒斩,113,物品,,'=1/20,exact_formula,1/20,'=E120,SPB:AUTO_BOOST;v80:CURRENT_ELITE_BOSS_EQUIPMENT_RARE_X4,dpv2.direct.m224.slot_090
牛魔王,224,121,逍遥扇,115,物品,,'=1/20,exact_formula,1/20,'=E121,SPB:AUTO_BOOST;v80:CURRENT_ELITE_BOSS_EQUIPMENT_RARE_X4,dpv2.direct.m224.slot_092
牛魔王,224,122,龙牙,114,物品,,'=1/20,exact_formula,1/20,'=E122,SPB:AUTO_BOOST;v80:CURRENT_ELITE_BOSS_EQUIPMENT_RARE_X4,dpv2.direct.m224.slot_091
牛魔王,224,123,嗜魂法杖,109,物品,,'=1/30,exact_formula,1/30,'=E123,SPB:AUTO_BOOST;v80:CURRENT_ELITE_BOSS_EQUIPMENT_RARE_X4,dpv2.direct.m224.v505_0053
牛魔王,224,124,屠龙,108,物品,,'=1/30,exact_formula,1/30,'=E124,SPB:AUTO_BOOST;v80:CURRENT_ELITE_BOSS_EQUIPMENT_RARE_X4,dpv2.direct.m224.v505_0052
暗之双头血魔,235,6,回城卷 ×6,920007,物品,,'=1/1,exact_formula,1/1,'=E6,SPB:BYPASS_NEW_ARMOR_BOSS,dpv2.direct.m235.slot_047 等6个独立槽
暗之双头血魔,235,7,超级金创药 ×8,920017,物品,,'=1/1,exact_formula,1/1,'=E7,SPB:BYPASS_NEW_ARMOR_BOSS,dpv2.direct.m235.slot_019 等8个独立槽
暗之双头血魔,235,8,超级魔法药 ×8,920042,物品,,'=1/1,exact_formula,1/1,'=E8,SPB:BYPASS_NEW_ARMOR_BOSS,dpv2.direct.m235.slot_009 等8个独立槽
暗之双头血魔,235,9,强效太阳水 ×10,920016,物品,,'=1/2,exact_formula,1/2,'=E9,SPB:BYPASS_NEW_ARMOR_BOSS;精英Boss太阳水分母x2,dpv2.direct.m235.slot_037 等10个独立槽
暗之双头血魔,235,10,超级金创药 ×2,920017,物品,,'=1/2,exact_formula,1/2,'=E10,SPB:BYPASS_NEW_ARMOR_BOSS,dpv2.direct.m235.slot_017 等2个独立槽
暗之双头血魔,235,11,超级魔法药 ×2,920042,物品,,'=1/2,exact_formula,1/2,'=E11,SPB:BYPASS_NEW_ARMOR_BOSS,dpv2.direct.m235.slot_007 等2个独立槽
暗之双头血魔,235,12,金币,,金币,15000,'=1/2,exact_formula,1/2,'=E12,SPB:BYPASS_NEW_ARMOR_BOSS,dpv2.direct.m235.slot_053
暗之双头血魔,235,13,强效太阳水 ×10,920016,物品,,'=1/4,exact_formula,1/4,'=E13,SPB:BYPASS_NEW_ARMOR_BOSS;精英Boss太阳水分母x2,dpv2.direct.m235.slot_027 等10个独立槽
暗之双头血魔,235,14,体力强效神水,910001,物品,,'=1/30,exact_formula,1/30,'=E14,SPB:BYPASS_NEW_ARMOR_BOSS,dpv2.direct.m235.slot_002
暗之双头血魔,235,15,攻击神水,910004,物品,,'=1/30,exact_formula,1/30,'=E15,SPB:BYPASS_NEW_ARMOR_BOSS,dpv2.direct.m235.slot_006
暗之双头血魔,235,16,疾风神水,910003,物品,,'=1/30,exact_formula,1/30,'=E16,SPB:BYPASS_NEW_ARMOR_BOSS,dpv2.direct.m235.slot_003
暗之双头血魔,235,17,精神神水,910006,物品,,'=1/30,exact_formula,1/30,'=E17,SPB:BYPASS_NEW_ARMOR_BOSS,dpv2.direct.m235.slot_004
暗之双头血魔,235,18,魔力强效神水,910002,物品,,'=1/30,exact_formula,1/30,'=E18,SPB:BYPASS_NEW_ARMOR_BOSS,dpv2.direct.m235.slot_001
暗之双头血魔,235,19,魔力神水,910005,物品,,'=1/30,exact_formula,1/30,'=E19,SPB:BYPASS_NEW_ARMOR_BOSS,dpv2.direct.m235.slot_005
暗之双头血魔,235,20,天魔神甲,140,物品,,'=1/30,exact_formula,1/30,'=E20,SPB:BYPASS_NEW_ARMOR_BOSS,dpv2.direct.m235.slot_054
暗之双头金刚,236,6,回城卷 ×6,920007,物品,,'=1/1,exact_formula,1/1,'=E6,SPB:BYPASS_NEW_ARMOR_BOSS,dpv2.direct.m236.slot_047 等6个独立槽
暗之双头金刚,236,7,超级金创药 ×8,920017,物品,,'=1/1,exact_formula,1/1,'=E7,SPB:BYPASS_NEW_ARMOR_BOSS,dpv2.direct.m236.slot_019 等8个独立槽
暗之双头金刚,236,8,超级魔法药 ×8,920042,物品,,'=1/1,exact_formula,1/1,'=E8,SPB:BYPASS_NEW_ARMOR_BOSS,dpv2.direct.m236.slot_009 等8个独立槽
暗之双头金刚,236,9,强效太阳水 ×10,920016,物品,,'=1/2,exact_formula,1/2,'=E9,SPB:BYPASS_NEW_ARMOR_BOSS;精英Boss太阳水分母x2,dpv2.direct.m236.slot_037 等10个独立槽
暗之双头金刚,236,10,超级金创药 ×2,920017,物品,,'=1/2,exact_formula,1/2,'=E10,SPB:BYPASS_NEW_ARMOR_BOSS,dpv2.direct.m236.slot_017 等2个独立槽
暗之双头金刚,236,11,超级魔法药 ×2,920042,物品,,'=1/2,exact_formula,1/2,'=E11,SPB:BYPASS_NEW_ARMOR_BOSS,dpv2.direct.m236.slot_007 等2个独立槽
暗之双头金刚,236,12,金币,,金币,15000,'=1/2,exact_formula,1/2,'=E12,SPB:BYPASS_NEW_ARMOR_BOSS,dpv2.direct.m236.slot_053
暗之双头金刚,236,13,强效太阳水 ×10,920016,物品,,'=1/4,exact_formula,1/4,'=E13,SPB:BYPASS_NEW_ARMOR_BOSS;精英Boss太阳水分母x2,dpv2.direct.m236.slot_027 等10个独立槽
暗之双头金刚,236,14,体力强效神水,910001,物品,,'=1/30,exact_formula,1/30,'=E14,SPB:BYPASS_NEW_ARMOR_BOSS,dpv2.direct.m236.slot_002
暗之双头金刚,236,15,攻击神水,910004,物品,,'=1/30,exact_formula,1/30,'=E15,SPB:BYPASS_NEW_ARMOR_BOSS,dpv2.direct.m236.slot_006
暗之双头金刚,236,16,疾风神水,910003,物品,,'=1/30,exact_formula,1/30,'=E16,SPB:BYPASS_NEW_ARMOR_BOSS,dpv2.direct.m236.slot_003
暗之双头金刚,236,17,精神神水,910006,物品,,'=1/30,exact_formula,1/30,'=E17,SPB:BYPASS_NEW_ARMOR_BOSS,dpv2.direct.m236.slot_004
暗之双头金刚,236,18,魔力强效神水,910002,物品,,'=1/30,exact_formula,1/30,'=E18,SPB:BYPASS_NEW_ARMOR_BOSS,dpv2.direct.m236.slot_001
暗之双头金刚,236,19,魔力神水,910005,物品,,'=1/30,exact_formula,1/30,'=E19,SPB:BYPASS_NEW_ARMOR_BOSS,dpv2.direct.m236.slot_005
暗之双头金刚,236,20,天尊道袍,144,物品,,'=1/30,exact_formula,1/30,'=E20,SPB:BYPASS_NEW_ARMOR_BOSS,dpv2.direct.m236.slot_054
暗之黄泉教主,237,6,回城卷 ×6,920007,物品,,'=1/1,exact_formula,1/1,'=E6,SPB:BYPASS_NEW_ARMOR_BOSS,dpv2.direct.m237.slot_047 等6个独立槽
暗之黄泉教主,237,7,超级金创药 ×8,920017,物品,,'=1/1,exact_formula,1/1,'=E7,SPB:BYPASS_NEW_ARMOR_BOSS,dpv2.direct.m237.slot_019 等8个独立槽
暗之黄泉教主,237,8,超级魔法药 ×8,920042,物品,,'=1/1,exact_formula,1/1,'=E8,SPB:BYPASS_NEW_ARMOR_BOSS,dpv2.direct.m237.slot_009 等8个独立槽
暗之黄泉教主,237,9,强效太阳水 ×10,920016,物品,,'=1/2,exact_formula,1/2,'=E9,SPB:BYPASS_NEW_ARMOR_BOSS;精英Boss太阳水分母x2,dpv2.direct.m237.slot_037 等10个独立槽
暗之黄泉教主,237,10,超级金创药 ×2,920017,物品,,'=1/2,exact_formula,1/2,'=E10,SPB:BYPASS_NEW_ARMOR_BOSS,dpv2.direct.m237.slot_017 等2个独立槽
暗之黄泉教主,237,11,超级魔法药 ×2,920042,物品,,'=1/2,exact_formula,1/2,'=E11,SPB:BYPASS_NEW_ARMOR_BOSS,dpv2.direct.m237.slot_007 等2个独立槽
暗之黄泉教主,237,12,金币,,金币,15000,'=1/2,exact_formula,1/2,'=E12,SPB:BYPASS_NEW_ARMOR_BOSS,dpv2.direct.m237.slot_053
暗之黄泉教主,237,13,强效太阳水 ×10,920016,物品,,'=1/4,exact_formula,1/4,'=E13,SPB:BYPASS_NEW_ARMOR_BOSS;精英Boss太阳水分母x2,dpv2.direct.m237.slot_027 等10个独立槽
暗之黄泉教主,237,14,体力强效神水,910001,物品,,'=1/30,exact_formula,1/30,'=E14,SPB:BYPASS_NEW_ARMOR_BOSS,dpv2.direct.m237.slot_002
暗之黄泉教主,237,15,攻击神水,910004,物品,,'=1/30,exact_formula,1/30,'=E15,SPB:BYPASS_NEW_ARMOR_BOSS,dpv2.direct.m237.slot_006
暗之黄泉教主,237,16,疾风神水,910003,物品,,'=1/30,exact_formula,1/30,'=E16,SPB:BYPASS_NEW_ARMOR_BOSS,dpv2.direct.m237.slot_003
暗之黄泉教主,237,17,精神神水,910006,物品,,'=1/30,exact_formula,1/30,'=E17,SPB:BYPASS_NEW_ARMOR_BOSS,dpv2.direct.m237.slot_004
暗之黄泉教主,237,18,魔力强效神水,910002,物品,,'=1/30,exact_formula,1/30,'=E18,SPB:BYPASS_NEW_ARMOR_BOSS,dpv2.direct.m237.slot_001
暗之黄泉教主,237,19,魔力神水,910005,物品,,'=1/30,exact_formula,1/30,'=E19,SPB:BYPASS_NEW_ARMOR_BOSS,dpv2.direct.m237.slot_005
暗之黄泉教主,237,20,法神披风,142,物品,,'=1/30,exact_formula,1/30,'=E20,SPB:BYPASS_NEW_ARMOR_BOSS,dpv2.direct.m237.slot_054
暗之骷髅精灵,238,6,回城卷 ×6,920007,物品,,'=1/1,exact_formula,1/1,'=E6,SPB:BYPASS_NEW_ARMOR_BOSS,dpv2.direct.m238.slot_047 等6个独立槽
暗之骷髅精灵,238,7,超级金创药 ×8,920017,物品,,'=1/1,exact_formula,1/1,'=E7,SPB:BYPASS_NEW_ARMOR_BOSS,dpv2.direct.m238.slot_019 等8个独立槽
暗之骷髅精灵,238,8,超级魔法药 ×8,920042,物品,,'=1/1,exact_formula,1/1,'=E8,SPB:BYPASS_NEW_ARMOR_BOSS,dpv2.direct.m238.slot_009 等8个独立槽
暗之骷髅精灵,238,9,强效太阳水 ×10,920016,物品,,'=1/2,exact_formula,1/2,'=E9,SPB:BYPASS_NEW_ARMOR_BOSS;精英Boss太阳水分母x2,dpv2.direct.m238.slot_037 等10个独立槽
暗之骷髅精灵,238,10,超级金创药 ×2,920017,物品,,'=1/2,exact_formula,1/2,'=E10,SPB:BYPASS_NEW_ARMOR_BOSS,dpv2.direct.m238.slot_017 等2个独立槽
暗之骷髅精灵,238,11,超级魔法药 ×2,920042,物品,,'=1/2,exact_formula,1/2,'=E11,SPB:BYPASS_NEW_ARMOR_BOSS,dpv2.direct.m238.slot_007 等2个独立槽
暗之骷髅精灵,238,12,金币,,金币,15000,'=1/2,exact_formula,1/2,'=E12,SPB:BYPASS_NEW_ARMOR_BOSS,dpv2.direct.m238.slot_053
暗之骷髅精灵,238,13,强效太阳水 ×10,920016,物品,,'=1/4,exact_formula,1/4,'=E13,SPB:BYPASS_NEW_ARMOR_BOSS;精英Boss太阳水分母x2,dpv2.direct.m238.slot_027 等10个独立槽
暗之骷髅精灵,238,14,体力强效神水,910001,物品,,'=1/30,exact_formula,1/30,'=E14,SPB:BYPASS_NEW_ARMOR_BOSS,dpv2.direct.m238.slot_002
暗之骷髅精灵,238,15,攻击神水,910004,物品,,'=1/30,exact_formula,1/30,'=E15,SPB:BYPASS_NEW_ARMOR_BOSS,dpv2.direct.m238.slot_006
暗之骷髅精灵,238,16,疾风神水,910003,物品,,'=1/30,exact_formula,1/30,'=E16,SPB:BYPASS_NEW_ARMOR_BOSS,dpv2.direct.m238.slot_003
暗之骷髅精灵,238,17,精神神水,910006,物品,,'=1/30,exact_formula,1/30,'=E17,SPB:BYPASS_NEW_ARMOR_BOSS,dpv2.direct.m238.slot_004
暗之骷髅精灵,238,18,魔力强效神水,910002,物品,,'=1/30,exact_formula,1/30,'=E18,SPB:BYPASS_NEW_ARMOR_BOSS,dpv2.direct.m238.slot_001
暗之骷髅精灵,238,19,魔力神水,910005,物品,,'=1/30,exact_formula,1/30,'=E19,SPB:BYPASS_NEW_ARMOR_BOSS,dpv2.direct.m238.slot_005
暗之骷髅精灵,238,20,天魔神甲,141,物品,,'=1/30,exact_formula,1/30,'=E20,SPB:BYPASS_NEW_ARMOR_BOSS,dpv2.direct.m238.slot_054
暗之虹魔教主,240,6,回城卷 ×6,920007,物品,,'=1/1,exact_formula,1/1,'=E6,SPB:BYPASS_NEW_ARMOR_BOSS,dpv2.direct.m240.slot_047 等6个独立槽
暗之虹魔教主,240,7,超级金创药 ×8,920017,物品,,'=1/1,exact_formula,1/1,'=E7,SPB:BYPASS_NEW_ARMOR_BOSS,dpv2.direct.m240.slot_019 等8个独立槽
暗之虹魔教主,240,8,超级魔法药 ×8,920042,物品,,'=1/1,exact_formula,1/1,'=E8,SPB:BYPASS_NEW_ARMOR_BOSS,dpv2.direct.m240.slot_009 等8个独立槽
暗之虹魔教主,240,9,强效太阳水 ×10,920016,物品,,'=1/2,exact_formula,1/2,'=E9,SPB:BYPASS_NEW_ARMOR_BOSS;精英Boss太阳水分母x2,dpv2.direct.m240.slot_037 等10个独立槽
暗之虹魔教主,240,10,超级金创药 ×2,920017,物品,,'=1/2,exact_formula,1/2,'=E10,SPB:BYPASS_NEW_ARMOR_BOSS,dpv2.direct.m240.slot_017 等2个独立槽
暗之虹魔教主,240,11,超级魔法药 ×2,920042,物品,,'=1/2,exact_formula,1/2,'=E11,SPB:BYPASS_NEW_ARMOR_BOSS,dpv2.direct.m240.slot_007 等2个独立槽
暗之虹魔教主,240,12,金币,,金币,15000,'=1/2,exact_formula,1/2,'=E12,SPB:BYPASS_NEW_ARMOR_BOSS,dpv2.direct.m240.slot_053
暗之虹魔教主,240,13,强效太阳水 ×10,920016,物品,,'=1/4,exact_formula,1/4,'=E13,SPB:BYPASS_NEW_ARMOR_BOSS;精英Boss太阳水分母x2,dpv2.direct.m240.slot_027 等10个独立槽
暗之虹魔教主,240,14,体力强效神水,910001,物品,,'=1/30,exact_formula,1/30,'=E14,SPB:BYPASS_NEW_ARMOR_BOSS,dpv2.direct.m240.slot_002
暗之虹魔教主,240,15,攻击神水,910004,物品,,'=1/30,exact_formula,1/30,'=E15,SPB:BYPASS_NEW_ARMOR_BOSS,dpv2.direct.m240.slot_006
暗之虹魔教主,240,16,疾风神水,910003,物品,,'=1/30,exact_formula,1/30,'=E16,SPB:BYPASS_NEW_ARMOR_BOSS,dpv2.direct.m240.slot_003
暗之虹魔教主,240,17,精神神水,910006,物品,,'=1/30,exact_formula,1/30,'=E17,SPB:BYPASS_NEW_ARMOR_BOSS,dpv2.direct.m240.slot_004
暗之虹魔教主,240,18,魔力强效神水,910002,物品,,'=1/30,exact_formula,1/30,'=E18,SPB:BYPASS_NEW_ARMOR_BOSS,dpv2.direct.m240.slot_001
暗之虹魔教主,240,19,魔力神水,910005,物品,,'=1/30,exact_formula,1/30,'=E19,SPB:BYPASS_NEW_ARMOR_BOSS,dpv2.direct.m240.slot_005
暗之虹魔教主,240,20,法神披风,143,物品,,'=1/30,exact_formula,1/30,'=E20,SPB:BYPASS_NEW_ARMOR_BOSS,dpv2.direct.m240.slot_054
半兽勇士1,39,6,疗伤药,910007,物品,,'=1/5,exact_formula,1/5,'=E6,SPB:BYPASS_COMMON_RECOVERY,dpv2.direct.m39.v505_0004
半兽勇士1,39,7,灵魂战衣(男),127,物品,,'=1/18,exact_formula,1/18,'=E7,SPB:AUTO_BOOST,dpv2.direct.m39.slot_009
半兽勇士1,39,8,灵魂战衣(男),126,物品,,'=1/18,exact_formula,1/18,'=E8,SPB:AUTO_BOOST,dpv2.direct.m39.slot_008
半兽勇士1,39,9,神秘头盔,218,物品,,'=1/18,exact_formula,1/18,'=E9,SPB:AUTO_BOOST,dpv2.direct.m39.slot_013
半兽勇士1,39,10,神秘戒指,220,物品,,'=1/18,exact_formula,1/18,'=E10,SPB:AUTO_BOOST,dpv2.direct.m39.slot_012
半兽勇士1,39,11,神秘腰带,219,物品,,'=1/18,exact_formula,1/18,'=E11,SPB:AUTO_BOOST,dpv2.direct.m39.slot_014
半兽勇士1,39,12,蓝翡翠项链,165,物品,,'=1/18,exact_formula,1/18,'=E12,SPB:AUTO_BOOST,dpv2.direct.m39.slot_004
半兽勇士1,39,13,道德戒指,209,物品,,'=1/18,exact_formula,1/18,'=E13,SPB:AUTO_BOOST,dpv2.direct.m39.slot_002
半兽勇士1,39,14,重盔甲(男),122,物品,,'=1/18,exact_formula,1/18,'=E14,SPB:AUTO_BOOST,dpv2.direct.m39.slot_011
半兽勇士1,39,15,重盔甲(男),123,物品,,'=1/18,exact_formula,1/18,'=E15,SPB:AUTO_BOOST,dpv2.direct.m39.slot_010
半兽勇士1,39,16,金戒指,206,物品,,'=1/18,exact_formula,1/18,'=E16,SPB:AUTO_BOOST,dpv2.direct.m39.slot_005
半兽勇士1,39,17,金手镯,188,物品,,'=1/18,exact_formula,1/18,'=E17,SPB:AUTO_BOOST,dpv2.direct.m39.slot_003
半兽勇士1,39,18,魅力戒指,208,物品,,'=1/18,exact_formula,1/18,'=E18,SPB:AUTO_BOOST,dpv2.direct.m39.slot_001
半兽勇士1,39,19,魔法长袍(男),124,物品,,'=1/18,exact_formula,1/18,'=E19,SPB:AUTO_BOOST,dpv2.direct.m39.slot_007
半兽勇士1,39,20,魔法长袍(男),125,物品,,'=1/18,exact_formula,1/18,'=E20,SPB:AUTO_BOOST,dpv2.direct.m39.slot_006
半兽勇士1,39,21,修罗,97,物品,,'=1/20,exact_formula,1/20,'=E21,SPB:AUTO_BOOST;SPB_CEILING_1_20,dpv2.direct.m39.slot_026
半兽勇士1,39,22,凝霜,98,物品,,'=1/20,exact_formula,1/20,'=E22,SPB:AUTO_BOOST;SPB_CEILING_1_20,dpv2.direct.m39.slot_021
半兽勇士1,39,23,放大镜,166,物品,,'=1/20,exact_formula,1/20,'=E23,SPB:AUTO_BOOST;SPB_CEILING_1_20,dpv2.direct.m39.slot_024
半兽勇士1,39,24,死神手套,187,物品,,'=1/20,exact_formula,1/20,'=E24,SPB:AUTO_BOOST;SPB_CEILING_1_20,dpv2.direct.m39.slot_027
半兽勇士1,39,25,珊瑚戒指,210,物品,,'=1/20,exact_formula,1/20,'=E25,SPB:AUTO_BOOST;SPB_CEILING_1_20,dpv2.direct.m39.slot_029
半兽勇士1,39,26,竹笛,167,物品,,'=1/20,exact_formula,1/20,'=E26,SPB:AUTO_BOOST;SPB_CEILING_1_20,dpv2.direct.m39.slot_023
半兽勇士1,39,27,道士头盔,149,物品,,'=1/20,exact_formula,1/20,'=E27,SPB:AUTO_BOOST;SPB_CEILING_1_20,dpv2.direct.m39.slot_022
半兽勇士1,39,28,降妖除魔戒指,211,物品,,'=1/20,exact_formula,1/20,'=E28,SPB:AUTO_BOOST;SPB_CEILING_1_20,dpv2.direct.m39.slot_028
半兽勇士1,39,29,骷髅头盔,150,物品,,'=1/20,exact_formula,1/20,'=E29,SPB:AUTO_BOOST;SPB_CEILING_1_20,dpv2.direct.m39.slot_025
骷髅精灵1,57,6,修罗,97,物品,,'=1/20,exact_formula,1/20,'=E6,SPB:AUTO_BOOST;SPB_CEILING_1_20,dpv2.direct.m57.slot_026
骷髅精灵1,57,7,幽灵战衣(男),133,物品,,'=1/20,exact_formula,1/20,'=E7,SPB:AUTO_BOOST,dpv2.direct.m57.slot_018
骷髅精灵1,57,8,幽灵战衣(男),132,物品,,'=1/20,exact_formula,1/20,'=E8,SPB:AUTO_BOOST,dpv2.direct.m57.slot_017
骷髅精灵1,57,9,恶魔长袍(男),130,物品,,'=1/20,exact_formula,1/20,'=E9,SPB:AUTO_BOOST,dpv2.direct.m57.slot_016
骷髅精灵1,57,10,恶魔长袍(男),131,物品,,'=1/20,exact_formula,1/20,'=E10,SPB:AUTO_BOOST,dpv2.direct.m57.slot_015
骷髅精灵1,57,11,战神盔甲(男),128,物品,,'=1/20,exact_formula,1/20,'=E11,SPB:AUTO_BOOST,dpv2.direct.m57.slot_020
骷髅精灵1,57,12,战神盔甲(男),129,物品,,'=1/20,exact_formula,1/20,'=E12,SPB:AUTO_BOOST,dpv2.direct.m57.slot_019
骷髅精灵1,57,13,放大镜,166,物品,,'=1/20,exact_formula,1/20,'=E13,SPB:AUTO_BOOST;SPB_CEILING_1_20,dpv2.direct.m57.slot_024
骷髅精灵1,57,14,死神手套,187,物品,,'=1/20,exact_formula,1/20,'=E14,SPB:AUTO_BOOST;SPB_CEILING_1_20,dpv2.direct.m57.slot_027
骷髅精灵1,57,15,灵魂战衣(男),127,物品,,'=1/20,exact_formula,1/20,'=E15,SPB:AUTO_BOOST;SPB_CEILING_1_20,dpv2.direct.m57.slot_009
骷髅精灵1,57,16,灵魂战衣(男),126,物品,,'=1/20,exact_formula,1/20,'=E16,SPB:AUTO_BOOST;SPB_CEILING_1_20,dpv2.direct.m57.slot_008
骷髅精灵1,57,17,神秘头盔,218,物品,,'=1/20,exact_formula,1/20,'=E17,SPB:AUTO_BOOST;SPB_CEILING_1_20,dpv2.direct.m57.slot_013
骷髅精灵1,57,18,神秘戒指,220,物品,,'=1/20,exact_formula,1/20,'=E18,SPB:AUTO_BOOST;SPB_CEILING_1_20,dpv2.direct.m57.slot_012
骷髅精灵1,57,19,神秘腰带,219,物品,,'=1/20,exact_formula,1/20,'=E19,SPB:AUTO_BOOST;SPB_CEILING_1_20,dpv2.direct.m57.slot_014
骷髅精灵1,57,20,竹笛,167,物品,,'=1/20,exact_formula,1/20,'=E20,SPB:AUTO_BOOST;SPB_CEILING_1_20,dpv2.direct.m57.slot_023
骷髅精灵1,57,21,蓝翡翠项链,165,物品,,'=1/20,exact_formula,1/20,'=E21,SPB:AUTO_BOOST;SPB_CEILING_1_20,dpv2.direct.m57.slot_004
骷髅精灵1,57,22,道德戒指,209,物品,,'=1/20,exact_formula,1/20,'=E22,SPB:AUTO_BOOST;SPB_CEILING_1_20,dpv2.direct.m57.slot_002
骷髅精灵1,57,23,重盔甲(男),122,物品,,'=1/20,exact_formula,1/20,'=E23,SPB:AUTO_BOOST;SPB_CEILING_1_20,dpv2.direct.m57.slot_011
骷髅精灵1,57,24,重盔甲(男),123,物品,,'=1/20,exact_formula,1/20,'=E24,SPB:AUTO_BOOST;SPB_CEILING_1_20,dpv2.direct.m57.slot_010
骷髅精灵1,57,25,金戒指,206,物品,,'=1/20,exact_formula,1/20,'=E25,SPB:AUTO_BOOST;SPB_CEILING_1_20,dpv2.direct.m57.slot_005
骷髅精灵1,57,26,金手镯,188,物品,,'=1/20,exact_formula,1/20,'=E26,SPB:AUTO_BOOST;SPB_CEILING_1_20,dpv2.direct.m57.slot_003
骷髅精灵1,57,27,骷髅头盔,150,物品,,'=1/20,exact_formula,1/20,'=E27,SPB:AUTO_BOOST;SPB_CEILING_1_20,dpv2.direct.m57.slot_025
骷髅精灵1,57,28,魅力戒指,208,物品,,'=1/20,exact_formula,1/20,'=E28,SPB:AUTO_BOOST;SPB_CEILING_1_20,dpv2.direct.m57.slot_001
骷髅精灵1,57,29,魔法长袍(男),124,物品,,'=1/20,exact_formula,1/20,'=E29,SPB:AUTO_BOOST;SPB_CEILING_1_20,dpv2.direct.m57.slot_007
骷髅精灵1,57,30,魔法长袍(男),125,物品,,'=1/20,exact_formula,1/20,'=E30,SPB:AUTO_BOOST;SPB_CEILING_1_20,dpv2.direct.m57.slot_006
骷髅精灵1,57,31,凝霜,98,物品,,'=1/36,exact_formula,1/36,'=E31,SPB:AUTO_BOOST,dpv2.direct.m57.slot_021
骷髅精灵1,57,32,珊瑚戒指,210,物品,,'=1/36,exact_formula,1/36,'=E32,SPB:AUTO_BOOST,dpv2.direct.m57.slot_029
骷髅精灵1,57,33,道士头盔,149,物品,,'=1/36,exact_formula,1/36,'=E33,SPB:AUTO_BOOST,dpv2.direct.m57.slot_022
骷髅精灵1,57,34,降妖除魔戒指,211,物品,,'=1/36,exact_formula,1/36,'=E34,SPB:AUTO_BOOST,dpv2.direct.m57.slot_028
沃玛教主1,77,6,灵魂战衣(男),127,物品,,'=1/80,exact_formula,1/80,'=E6,SPB:AUTO_BOOST,dpv2.direct.m77.slot_009
沃玛教主1,77,7,灵魂战衣(男),126,物品,,'=1/80,exact_formula,1/80,'=E7,SPB:AUTO_BOOST,dpv2.direct.m77.slot_008
沃玛教主1,77,8,神秘头盔,218,物品,,'=1/80,exact_formula,1/80,'=E8,SPB:AUTO_BOOST,dpv2.direct.m77.slot_013
沃玛教主1,77,9,神秘戒指,220,物品,,'=1/80,exact_formula,1/80,'=E9,SPB:AUTO_BOOST,dpv2.direct.m77.slot_012
沃玛教主1,77,10,神秘腰带,219,物品,,'=1/80,exact_formula,1/80,'=E10,SPB:AUTO_BOOST,dpv2.direct.m77.slot_014
沃玛教主1,77,11,蓝翡翠项链,165,物品,,'=1/80,exact_formula,1/80,'=E11,SPB:AUTO_BOOST,dpv2.direct.m77.slot_004
沃玛教主1,77,12,道德戒指,209,物品,,'=1/80,exact_formula,1/80,'=E12,SPB:AUTO_BOOST,dpv2.direct.m77.slot_002
沃玛教主1,77,13,重盔甲(男),122,物品,,'=1/80,exact_formula,1/80,'=E13,SPB:AUTO_BOOST,dpv2.direct.m77.slot_011
沃玛教主1,77,14,重盔甲(男),123,物品,,'=1/80,exact_formula,1/80,'=E14,SPB:AUTO_BOOST,dpv2.direct.m77.slot_010
沃玛教主1,77,15,金戒指,206,物品,,'=1/80,exact_formula,1/80,'=E15,SPB:AUTO_BOOST,dpv2.direct.m77.slot_005
沃玛教主1,77,16,金手镯,188,物品,,'=1/80,exact_formula,1/80,'=E16,SPB:AUTO_BOOST,dpv2.direct.m77.slot_003
沃玛教主1,77,17,魅力戒指,208,物品,,'=1/80,exact_formula,1/80,'=E17,SPB:AUTO_BOOST,dpv2.direct.m77.slot_001
沃玛教主1,77,18,魔法长袍(男),124,物品,,'=1/80,exact_formula,1/80,'=E18,SPB:AUTO_BOOST,dpv2.direct.m77.slot_007
沃玛教主1,77,19,魔法长袍(男),125,物品,,'=1/80,exact_formula,1/80,'=E19,SPB:AUTO_BOOST,dpv2.direct.m77.slot_006
沃玛教主1,77,20,凝霜,98,物品,,'=5/1134,exact_formula,5/1134,'=E20,SPB:AUTO_BOOST,dpv2.direct.m77.slot_021
沃玛教主1,77,21,放大镜,166,物品,,'=5/1134,exact_formula,5/1134,'=E21,SPB:AUTO_BOOST,dpv2.direct.m77.slot_024
沃玛教主1,77,22,竹笛,167,物品,,'=5/1134,exact_formula,5/1134,'=E22,SPB:AUTO_BOOST,dpv2.direct.m77.slot_023
沃玛教主1,77,23,道士头盔,149,物品,,'=5/1134,exact_formula,5/1134,'=E23,SPB:AUTO_BOOST,dpv2.direct.m77.slot_022
沃玛教主1,77,24,修罗,97,物品,,'=5/2268,exact_formula,5/2268,'=E24,SPB:AUTO_BOOST,dpv2.direct.m77.slot_026
沃玛教主1,77,25,死神手套,187,物品,,'=5/2268,exact_formula,5/2268,'=E25,SPB:AUTO_BOOST,dpv2.direct.m77.slot_027
沃玛教主1,77,26,珊瑚戒指,210,物品,,'=5/2268,exact_formula,5/2268,'=E26,SPB:AUTO_BOOST,dpv2.direct.m77.slot_029
沃玛教主1,77,27,降妖除魔戒指,211,物品,,'=5/2268,exact_formula,5/2268,'=E27,SPB:AUTO_BOOST,dpv2.direct.m77.slot_028
沃玛教主1,77,28,骷髅头盔,150,物品,,'=5/2268,exact_formula,5/2268,'=E28,SPB:AUTO_BOOST,dpv2.direct.m77.slot_025
尸王1,90,6,修罗,97,物品,,'=1/20,exact_formula,1/20,'=E6,SPB:AUTO_BOOST;SPB_CEILING_1_20,dpv2.direct.m90.slot_026
尸王1,90,7,凝霜,98,物品,,'=1/20,exact_formula,1/20,'=E7,SPB:AUTO_BOOST;SPB_CEILING_1_20,dpv2.direct.m90.slot_021
尸王1,90,8,放大镜,166,物品,,'=1/20,exact_formula,1/20,'=E8,SPB:AUTO_BOOST;SPB_CEILING_1_20,dpv2.direct.m90.slot_024
尸王1,90,9,死神手套,187,物品,,'=1/20,exact_formula,1/20,'=E9,SPB:AUTO_BOOST;SPB_CEILING_1_20,dpv2.direct.m90.slot_027
尸王1,90,10,灵魂战衣(男),127,物品,,'=1/20,exact_formula,1/20,'=E10,SPB:AUTO_BOOST;SPB_CEILING_1_20,dpv2.direct.m90.slot_009
尸王1,90,11,灵魂战衣(男),126,物品,,'=1/20,exact_formula,1/20,'=E11,SPB:AUTO_BOOST;SPB_CEILING_1_20,dpv2.direct.m90.slot_008
尸王1,90,12,珊瑚戒指,210,物品,,'=1/20,exact_formula,1/20,'=E12,SPB:AUTO_BOOST;SPB_CEILING_1_20,dpv2.direct.m90.slot_029
尸王1,90,13,神秘头盔,218,物品,,'=1/20,exact_formula,1/20,'=E13,SPB:AUTO_BOOST;SPB_CEILING_1_20,dpv2.direct.m90.slot_013
尸王1,90,14,神秘戒指,220,物品,,'=1/20,exact_formula,1/20,'=E14,SPB:AUTO_BOOST;SPB_CEILING_1_20,dpv2.direct.m90.slot_012
尸王1,90,15,神秘腰带,219,物品,,'=1/20,exact_formula,1/20,'=E15,SPB:AUTO_BOOST;SPB_CEILING_1_20,dpv2.direct.m90.slot_014
尸王1,90,16,竹笛,167,物品,,'=1/20,exact_formula,1/20,'=E16,SPB:AUTO_BOOST;SPB_CEILING_1_20,dpv2.direct.m90.slot_023
尸王1,90,17,蓝翡翠项链,165,物品,,'=1/20,exact_formula,1/20,'=E17,SPB:AUTO_BOOST;SPB_CEILING_1_20,dpv2.direct.m90.slot_004
尸王1,90,18,道士头盔,149,物品,,'=1/20,exact_formula,1/20,'=E18,SPB:AUTO_BOOST;SPB_CEILING_1_20,dpv2.direct.m90.slot_022
尸王1,90,19,道德戒指,209,物品,,'=1/20,exact_formula,1/20,'=E19,SPB:AUTO_BOOST;SPB_CEILING_1_20,dpv2.direct.m90.slot_002
尸王1,90,20,重盔甲(男),122,物品,,'=1/20,exact_formula,1/20,'=E20,SPB:AUTO_BOOST;SPB_CEILING_1_20,dpv2.direct.m90.slot_011
尸王1,90,21,重盔甲(男),123,物品,,'=1/20,exact_formula,1/20,'=E21,SPB:AUTO_BOOST;SPB_CEILING_1_20,dpv2.direct.m90.slot_010
尸王1,90,22,金戒指,206,物品,,'=1/20,exact_formula,1/20,'=E22,SPB:AUTO_BOOST;SPB_CEILING_1_20,dpv2.direct.m90.slot_005
尸王1,90,23,金手镯,188,物品,,'=1/20,exact_formula,1/20,'=E23,SPB:AUTO_BOOST;SPB_CEILING_1_20,dpv2.direct.m90.slot_003
尸王1,90,24,降妖除魔戒指,211,物品,,'=1/20,exact_formula,1/20,'=E24,SPB:AUTO_BOOST;SPB_CEILING_1_20,dpv2.direct.m90.slot_028
尸王1,90,25,骷髅头盔,150,物品,,'=1/20,exact_formula,1/20,'=E25,SPB:AUTO_BOOST;SPB_CEILING_1_20,dpv2.direct.m90.slot_025
尸王1,90,26,魅力戒指,208,物品,,'=1/20,exact_formula,1/20,'=E26,SPB:AUTO_BOOST;SPB_CEILING_1_20,dpv2.direct.m90.slot_001
尸王1,90,27,魔法长袍(男),124,物品,,'=1/20,exact_formula,1/20,'=E27,SPB:AUTO_BOOST;SPB_CEILING_1_20,dpv2.direct.m90.slot_007
尸王1,90,28,魔法长袍(男),125,物品,,'=1/20,exact_formula,1/20,'=E28,SPB:AUTO_BOOST;SPB_CEILING_1_20,dpv2.direct.m90.slot_006
邪恶钳虫1,121,6,凝霜,98,物品,,'=1/20,exact_formula,1/20,'=E6,SPB:AUTO_BOOST;SPB_CEILING_1_20,dpv2.direct.m121.slot_021
邪恶钳虫1,121,7,幽灵战衣(男),133,物品,,'=1/20,exact_formula,1/20,'=E7,SPB:AUTO_BOOST;SPB_CEILING_1_20,dpv2.direct.m121.slot_018
邪恶钳虫1,121,8,幽灵战衣(男),132,物品,,'=1/20,exact_formula,1/20,'=E8,SPB:AUTO_BOOST;SPB_CEILING_1_20,dpv2.direct.m121.slot_017
邪恶钳虫1,121,9,恶魔长袍(男),130,物品,,'=1/20,exact_formula,1/20,'=E9,SPB:AUTO_BOOST;SPB_CEILING_1_20,dpv2.direct.m121.slot_016
邪恶钳虫1,121,10,恶魔长袍(男),131,物品,,'=1/20,exact_formula,1/20,'=E10,SPB:AUTO_BOOST;SPB_CEILING_1_20,dpv2.direct.m121.slot_015
邪恶钳虫1,121,11,战神盔甲(男),128,物品,,'=1/20,exact_formula,1/20,'=E11,SPB:AUTO_BOOST;SPB_CEILING_1_20,dpv2.direct.m121.slot_020
邪恶钳虫1,121,12,战神盔甲(男),129,物品,,'=1/20,exact_formula,1/20,'=E12,SPB:AUTO_BOOST;SPB_CEILING_1_20,dpv2.direct.m121.slot_019
邪恶钳虫1,121,13,放大镜,166,物品,,'=1/20,exact_formula,1/20,'=E13,SPB:AUTO_BOOST;SPB_CEILING_1_20,dpv2.direct.m121.slot_024
邪恶钳虫1,121,14,灵魂战衣(男),127,物品,,'=1/20,exact_formula,1/20,'=E14,SPB:AUTO_BOOST;SPB_CEILING_1_20,dpv2.direct.m121.slot_009
邪恶钳虫1,121,15,灵魂战衣(男),126,物品,,'=1/20,exact_formula,1/20,'=E15,SPB:AUTO_BOOST;SPB_CEILING_1_20,dpv2.direct.m121.slot_008
邪恶钳虫1,121,16,神秘头盔,218,物品,,'=1/20,exact_formula,1/20,'=E16,SPB:AUTO_BOOST;SPB_CEILING_1_20,dpv2.direct.m121.slot_013
邪恶钳虫1,121,17,神秘戒指,220,物品,,'=1/20,exact_formula,1/20,'=E17,SPB:AUTO_BOOST;SPB_CEILING_1_20,dpv2.direct.m121.slot_012
邪恶钳虫1,121,18,神秘腰带,219,物品,,'=1/20,exact_formula,1/20,'=E18,SPB:AUTO_BOOST;SPB_CEILING_1_20,dpv2.direct.m121.slot_014
邪恶钳虫1,121,19,竹笛,167,物品,,'=1/20,exact_formula,1/20,'=E19,SPB:AUTO_BOOST;SPB_CEILING_1_20,dpv2.direct.m121.slot_023
邪恶钳虫1,121,20,蓝翡翠项链,165,物品,,'=1/20,exact_formula,1/20,'=E20,SPB:AUTO_BOOST;SPB_CEILING_1_20,dpv2.direct.m121.slot_004
邪恶钳虫1,121,21,道士头盔,149,物品,,'=1/20,exact_formula,1/20,'=E21,SPB:AUTO_BOOST;SPB_CEILING_1_20,dpv2.direct.m121.slot_022
邪恶钳虫1,121,22,道德戒指,209,物品,,'=1/20,exact_formula,1/20,'=E22,SPB:AUTO_BOOST;SPB_CEILING_1_20,dpv2.direct.m121.slot_002
邪恶钳虫1,121,23,重盔甲(男),122,物品,,'=1/20,exact_formula,1/20,'=E23,SPB:AUTO_BOOST;SPB_CEILING_1_20,dpv2.direct.m121.slot_011
邪恶钳虫1,121,24,重盔甲(男),123,物品,,'=1/20,exact_formula,1/20,'=E24,SPB:AUTO_BOOST;SPB_CEILING_1_20,dpv2.direct.m121.slot_010
邪恶钳虫1,121,25,金戒指,206,物品,,'=1/20,exact_formula,1/20,'=E25,SPB:AUTO_BOOST;SPB_CEILING_1_20,dpv2.direct.m121.slot_005
邪恶钳虫1,121,26,金手镯,188,物品,,'=1/20,exact_formula,1/20,'=E26,SPB:AUTO_BOOST;SPB_CEILING_1_20,dpv2.direct.m121.slot_003
邪恶钳虫1,121,27,魅力戒指,208,物品,,'=1/20,exact_formula,1/20,'=E27,SPB:AUTO_BOOST;SPB_CEILING_1_20,dpv2.direct.m121.slot_001
邪恶钳虫1,121,28,魔法长袍(男),124,物品,,'=1/20,exact_formula,1/20,'=E28,SPB:AUTO_BOOST;SPB_CEILING_1_20,dpv2.direct.m121.slot_007
邪恶钳虫1,121,29,魔法长袍(男),125,物品,,'=1/20,exact_formula,1/20,'=E29,SPB:AUTO_BOOST;SPB_CEILING_1_20,dpv2.direct.m121.slot_006
邪恶钳虫1,121,30,修罗,97,物品,,'=5/108,exact_formula,5/108,'=E30,SPB:AUTO_BOOST,dpv2.direct.m121.slot_026
邪恶钳虫1,121,31,死神手套,187,物品,,'=5/108,exact_formula,5/108,'=E31,SPB:AUTO_BOOST,dpv2.direct.m121.slot_027
邪恶钳虫1,121,32,珊瑚戒指,210,物品,,'=5/108,exact_formula,5/108,'=E32,SPB:AUTO_BOOST,dpv2.direct.m121.slot_029
邪恶钳虫1,121,33,降妖除魔戒指,211,物品,,'=5/108,exact_formula,5/108,'=E33,SPB:AUTO_BOOST,dpv2.direct.m121.slot_028
邪恶钳虫1,121,34,骷髅头盔,150,物品,,'=5/108,exact_formula,5/108,'=E34,SPB:AUTO_BOOST,dpv2.direct.m121.slot_025
白野猪1,137,6,灵魂战衣(男),127,物品,,'=1/20,exact_formula,1/20,'=E6,SPB:AUTO_BOOST;SPB_CEILING_1_20,dpv2.direct.m137.slot_009
白野猪1,137,7,灵魂战衣(男),126,物品,,'=1/20,exact_formula,1/20,'=E7,SPB:AUTO_BOOST;SPB_CEILING_1_20,dpv2.direct.m137.slot_008
白野猪1,137,8,神秘头盔,218,物品,,'=1/20,exact_formula,1/20,'=E8,SPB:AUTO_BOOST;SPB_CEILING_1_20,dpv2.direct.m137.slot_013
白野猪1,137,9,神秘戒指,220,物品,,'=1/20,exact_formula,1/20,'=E9,SPB:AUTO_BOOST;SPB_CEILING_1_20,dpv2.direct.m137.slot_012
白野猪1,137,10,神秘腰带,219,物品,,'=1/20,exact_formula,1/20,'=E10,SPB:AUTO_BOOST;SPB_CEILING_1_20,dpv2.direct.m137.slot_014
白野猪1,137,11,蓝翡翠项链,165,物品,,'=1/20,exact_formula,1/20,'=E11,SPB:AUTO_BOOST;SPB_CEILING_1_20,dpv2.direct.m137.slot_004
白野猪1,137,12,道德戒指,209,物品,,'=1/20,exact_formula,1/20,'=E12,SPB:AUTO_BOOST;SPB_CEILING_1_20,dpv2.direct.m137.slot_002
白野猪1,137,13,重盔甲(男),122,物品,,'=1/20,exact_formula,1/20,'=E13,SPB:AUTO_BOOST;SPB_CEILING_1_20,dpv2.direct.m137.slot_011
白野猪1,137,14,重盔甲(男),123,物品,,'=1/20,exact_formula,1/20,'=E14,SPB:AUTO_BOOST;SPB_CEILING_1_20,dpv2.direct.m137.slot_010
白野猪1,137,15,金戒指,206,物品,,'=1/20,exact_formula,1/20,'=E15,SPB:AUTO_BOOST;SPB_CEILING_1_20,dpv2.direct.m137.slot_005
白野猪1,137,16,金手镯,188,物品,,'=1/20,exact_formula,1/20,'=E16,SPB:AUTO_BOOST;SPB_CEILING_1_20,dpv2.direct.m137.slot_003
白野猪1,137,17,魅力戒指,208,物品,,'=1/20,exact_formula,1/20,'=E17,SPB:AUTO_BOOST;SPB_CEILING_1_20,dpv2.direct.m137.slot_001
白野猪1,137,18,魔法长袍(男),124,物品,,'=1/20,exact_formula,1/20,'=E18,SPB:AUTO_BOOST;SPB_CEILING_1_20,dpv2.direct.m137.slot_007
白野猪1,137,19,魔法长袍(男),125,物品,,'=1/20,exact_formula,1/20,'=E19,SPB:AUTO_BOOST;SPB_CEILING_1_20,dpv2.direct.m137.slot_006
白野猪1,137,20,凝霜,98,物品,,'=5/162,exact_formula,5/162,'=E20,SPB:AUTO_BOOST,dpv2.direct.m137.slot_021
白野猪1,137,21,放大镜,166,物品,,'=5/162,exact_formula,5/162,'=E21,SPB:AUTO_BOOST,dpv2.direct.m137.slot_024
白野猪1,137,22,竹笛,167,物品,,'=5/162,exact_formula,5/162,'=E22,SPB:AUTO_BOOST,dpv2.direct.m137.slot_023
白野猪1,137,23,道士头盔,149,物品,,'=5/162,exact_formula,5/162,'=E23,SPB:AUTO_BOOST,dpv2.direct.m137.slot_022
白野猪1,137,24,修罗,97,物品,,'=5/324,exact_formula,5/324,'=E24,SPB:AUTO_BOOST,dpv2.direct.m137.slot_026
白野猪1,137,25,死神手套,187,物品,,'=5/324,exact_formula,5/324,'=E25,SPB:AUTO_BOOST,dpv2.direct.m137.slot_027
白野猪1,137,26,珊瑚戒指,210,物品,,'=5/324,exact_formula,5/324,'=E26,SPB:AUTO_BOOST,dpv2.direct.m137.slot_029
白野猪1,137,27,降妖除魔戒指,211,物品,,'=5/324,exact_formula,5/324,'=E27,SPB:AUTO_BOOST,dpv2.direct.m137.slot_028
白野猪1,137,28,骷髅头盔,150,物品,,'=5/324,exact_formula,5/324,'=E28,SPB:AUTO_BOOST,dpv2.direct.m137.slot_025
邪恶毒蛇1,142,6,灵魂战衣(男),127,物品,,'=1/32,exact_formula,1/32,'=E6,SPB:AUTO_BOOST,dpv2.direct.m142.slot_009
邪恶毒蛇1,142,7,灵魂战衣(男),126,物品,,'=1/32,exact_formula,1/32,'=E7,SPB:AUTO_BOOST,dpv2.direct.m142.slot_008
邪恶毒蛇1,142,8,神秘头盔,218,物品,,'=1/32,exact_formula,1/32,'=E8,SPB:AUTO_BOOST,dpv2.direct.m142.slot_013
邪恶毒蛇1,142,9,神秘戒指,220,物品,,'=1/32,exact_formula,1/32,'=E9,SPB:AUTO_BOOST,dpv2.direct.m142.slot_012
邪恶毒蛇1,142,10,神秘腰带,219,物品,,'=1/32,exact_formula,1/32,'=E10,SPB:AUTO_BOOST,dpv2.direct.m142.slot_014
邪恶毒蛇1,142,11,蓝翡翠项链,165,物品,,'=1/32,exact_formula,1/32,'=E11,SPB:AUTO_BOOST,dpv2.direct.m142.slot_004
邪恶毒蛇1,142,12,道德戒指,209,物品,,'=1/32,exact_formula,1/32,'=E12,SPB:AUTO_BOOST,dpv2.direct.m142.slot_002
邪恶毒蛇1,142,13,重盔甲(男),122,物品,,'=1/32,exact_formula,1/32,'=E13,SPB:AUTO_BOOST,dpv2.direct.m142.slot_011
邪恶毒蛇1,142,14,重盔甲(男),123,物品,,'=1/32,exact_formula,1/32,'=E14,SPB:AUTO_BOOST,dpv2.direct.m142.slot_010
邪恶毒蛇1,142,15,金戒指,206,物品,,'=1/32,exact_formula,1/32,'=E15,SPB:AUTO_BOOST,dpv2.direct.m142.slot_005
邪恶毒蛇1,142,16,金手镯,188,物品,,'=1/32,exact_formula,1/32,'=E16,SPB:AUTO_BOOST,dpv2.direct.m142.slot_003
邪恶毒蛇1,142,17,魅力戒指,208,物品,,'=1/32,exact_formula,1/32,'=E17,SPB:AUTO_BOOST,dpv2.direct.m142.slot_001
邪恶毒蛇1,142,18,魔法长袍(男),124,物品,,'=1/32,exact_formula,1/32,'=E18,SPB:AUTO_BOOST,dpv2.direct.m142.slot_007
邪恶毒蛇1,142,19,魔法长袍(男),125,物品,,'=1/32,exact_formula,1/32,'=E19,SPB:AUTO_BOOST,dpv2.direct.m142.slot_006
邪恶毒蛇1,142,20,幽灵战衣(男),133,物品,,'=1/40,exact_formula,1/40,'=E20,SPB:AUTO_BOOST,dpv2.direct.m142.slot_018
邪恶毒蛇1,142,21,幽灵战衣(男),132,物品,,'=1/40,exact_formula,1/40,'=E21,SPB:AUTO_BOOST,dpv2.direct.m142.slot_017
邪恶毒蛇1,142,22,恶魔长袍(男),130,物品,,'=1/40,exact_formula,1/40,'=E22,SPB:AUTO_BOOST,dpv2.direct.m142.slot_016
邪恶毒蛇1,142,23,恶魔长袍(男),131,物品,,'=1/40,exact_formula,1/40,'=E23,SPB:AUTO_BOOST,dpv2.direct.m142.slot_015
邪恶毒蛇1,142,24,战神盔甲(男),128,物品,,'=1/40,exact_formula,1/40,'=E24,SPB:AUTO_BOOST,dpv2.direct.m142.slot_020
邪恶毒蛇1,142,25,战神盔甲(男),129,物品,,'=1/40,exact_formula,1/40,'=E25,SPB:AUTO_BOOST,dpv2.direct.m142.slot_019
邪恶毒蛇1,142,26,放大镜,166,物品,,'=5/486,exact_formula,5/486,'=E26,SPB:AUTO_BOOST,dpv2.direct.m142.slot_024
邪恶毒蛇1,142,27,竹笛,167,物品,,'=5/486,exact_formula,5/486,'=E27,SPB:AUTO_BOOST,dpv2.direct.m142.slot_023
邪恶毒蛇1,142,28,道士头盔,149,物品,,'=5/486,exact_formula,5/486,'=E28,SPB:AUTO_BOOST,dpv2.direct.m142.slot_022
邪恶毒蛇1,142,29,凝霜,98,物品,,'=5/864,exact_formula,5/864,'=E29,SPB:AUTO_BOOST,dpv2.direct.m142.slot_021
邪恶毒蛇1,142,30,修罗,97,物品,,'=5/972,exact_formula,5/972,'=E30,SPB:AUTO_BOOST,dpv2.direct.m142.slot_026
邪恶毒蛇1,142,31,死神手套,187,物品,,'=5/972,exact_formula,5/972,'=E31,SPB:AUTO_BOOST,dpv2.direct.m142.slot_027
邪恶毒蛇1,142,32,珊瑚戒指,210,物品,,'=5/972,exact_formula,5/972,'=E32,SPB:AUTO_BOOST,dpv2.direct.m142.slot_029
邪恶毒蛇1,142,33,降妖除魔戒指,211,物品,,'=5/972,exact_formula,5/972,'=E33,SPB:AUTO_BOOST,dpv2.direct.m142.slot_028
邪恶毒蛇1,142,34,骷髅头盔,150,物品,,'=5/972,exact_formula,5/972,'=E34,SPB:AUTO_BOOST,dpv2.direct.m142.slot_025
蜜蜂,144,6,金币,,金币,1250,'=1/4,exact_formula,1/4,'=E6,SPB:BYPASS_GOLD,dpv2.direct.m144.v505_0001
蜜蜂,144,7,八荒,89,物品,,'=1/20,exact_formula,1/20,'=E7,SPB:AUTO_BOOST,dpv2.direct.m144.slot_028
蜜蜂,144,8,凌风,92,物品,,'=1/20,exact_formula,1/20,'=E8,SPB:AUTO_BOOST,dpv2.direct.m144.slot_031
蜜蜂,144,9,凤凰明珠,163,物品,,'=1/20,exact_formula,1/20,'=E9,SPB:AUTO_BOOST,dpv2.direct.m144.slot_035
蜜蜂,144,10,半月,91,物品,,'=1/20,exact_formula,1/20,'=E10,SPB:AUTO_BOOST,dpv2.direct.m144.slot_029
蜜蜂,144,11,坚固手套,182,物品,,'=1/20,exact_formula,1/20,'=E11,SPB:AUTO_BOOST,dpv2.direct.m144.slot_036
蜜蜂,144,12,海魂,90,物品,,'=1/20,exact_formula,1/20,'=E12,SPB:AUTO_BOOST,dpv2.direct.m144.slot_030
蜜蜂,144,13,灯笼项链,164,物品,,'=1/20,exact_formula,1/20,'=E13,SPB:AUTO_BOOST,dpv2.direct.m144.slot_038
蜜蜂,144,14,琥珀项链,162,物品,,'=1/20,exact_formula,1/20,'=E14,SPB:AUTO_BOOST,dpv2.direct.m144.slot_034
蜜蜂,144,15,短剑,84,物品,,'=1/20,exact_formula,1/20,'=E15,SPB:AUTO_BOOST,dpv2.direct.m144.slot_040
蜜蜂,144,16,蓝色水晶戒指,202,物品,,'=1/20,exact_formula,1/20,'=E16,SPB:AUTO_BOOST,dpv2.direct.m144.slot_032
蜜蜂,144,17,轻型盔甲(男),118,物品,,'=1/20,exact_formula,1/20,'=E17,SPB:AUTO_BOOST,dpv2.direct.m144.slot_041
蜜蜂,144,18,轻型盔甲(男),119,物品,,'=1/20,exact_formula,1/20,'=E18,SPB:AUTO_BOOST,dpv2.direct.m144.slot_042
蜜蜂,144,19,铁剑,85,物品,,'=1/20,exact_formula,1/20,'=E19,SPB:AUTO_BOOST,dpv2.direct.m144.slot_039
蜜蜂,144,20,青铜头盔,147,物品,,'=1/20,exact_formula,1/20,'=E20,SPB:AUTO_BOOST,dpv2.direct.m144.slot_047
蜜蜂,144,21,青铜斧,87,物品,,'=1/20,exact_formula,1/20,'=E21,SPB:AUTO_BOOST,dpv2.direct.m144.slot_043
蜜蜂,144,22,魔法手镯,183,物品,,'=1/20,exact_formula,1/20,'=E22,SPB:AUTO_BOOST,dpv2.direct.m144.v505_0038
蜜蜂,144,23,魔鬼项链,161,物品,,'=1/20,exact_formula,1/20,'=E23,SPB:AUTO_BOOST,dpv2.direct.m144.slot_033
蜜蜂,144,24,黄色水晶项链,158,物品,,'=1/20,exact_formula,1/20,'=E24,SPB:AUTO_BOOST,dpv2.direct.m144.slot_045
蜜蜂,144,25,黑檀项链,157,物品,,'=1/20,exact_formula,1/20,'=E25,SPB:AUTO_BOOST,dpv2.direct.m144.slot_044
蜜蜂,144,26,黑色水晶项链,156,物品,,'=1/20,exact_formula,1/20,'=E26,SPB:AUTO_BOOST,dpv2.direct.m144.slot_046
蜜蜂,144,27,偃月,95,物品,,'=1/24,exact_formula,1/24,'=E27,SPB:AUTO_BOOST,dpv2.direct.m144.slot_022
蜜蜂,144,28,小手镯,175,物品,,'=1/24,exact_formula,1/24,'=E28,SPB:AUTO_BOOST,dpv2.direct.m144.slot_027
蜜蜂,144,29,斩马刀,94,物品,,'=1/24,exact_formula,1/24,'=E29,SPB:AUTO_BOOST,dpv2.direct.m144.slot_021
蜜蜂,144,30,珍珠戒指,205,物品,,'=1/24,exact_formula,1/24,'=E30,SPB:AUTO_BOOST,dpv2.direct.m144.slot_019
蜜蜂,144,31,生铁戒指,201,物品,,'=1/24,exact_formula,1/24,'=E31,SPB:AUTO_BOOST,dpv2.direct.m144.slot_023
蜜蜂,144,32,白色虎齿项链,159,物品,,'=1/24,exact_formula,1/24,'=E32,SPB:AUTO_BOOST,dpv2.direct.m144.slot_024
蜜蜂,144,33,白金项链,155,物品,,'=1/24,exact_formula,1/24,'=E33,SPB:AUTO_BOOST,dpv2.direct.m144.slot_025
蜜蜂,144,34,破魂,93,物品,,'=1/24,exact_formula,1/24,'=E34,SPB:AUTO_BOOST,dpv2.direct.m144.slot_020
蜜蜂,144,35,蛇眼戒指,204,物品,,'=1/24,exact_formula,1/24,'=E35,SPB:AUTO_BOOST,dpv2.direct.m144.slot_018
蜜蜂,144,36,道士手镯,185,物品,,'=1/24,exact_formula,1/24,'=E36,SPB:AUTO_BOOST,dpv2.direct.m144.slot_014
蜜蜂,144,37,降魔,96,物品,,'=1/24,exact_formula,1/24,'=E37,SPB:AUTO_BOOST,dpv2.direct.m144.slot_016
蜜蜂,144,38,骷髅戒指,207,物品,,'=1/24,exact_formula,1/24,'=E38,SPB:AUTO_BOOST,dpv2.direct.m144.slot_026
蜜蜂,144,39,魔力手镯,186,物品,,'=1/24,exact_formula,1/24,'=E39,SPB:AUTO_BOOST,dpv2.direct.m144.slot_037
蜜蜂,144,40,黑檀手镯,184,物品,,'=1/24,exact_formula,1/24,'=E40,SPB:AUTO_BOOST,dpv2.direct.m144.slot_015
蜜蜂,144,41,黑色水晶戒指,203,物品,,'=1/24,exact_formula,1/24,'=E41,SPB:AUTO_BOOST,dpv2.direct.m144.slot_017
蜜蜂,144,42,太阳水,920014,物品,,'=1/30,exact_formula,1/30,'=E42,SPB:BYPASS_COMMON_RECOVERY,dpv2.direct.m144.slot_002
蜜蜂,144,43,灵魂战衣(男),126,物品,,'=1/48,exact_formula,1/48,'=E43,SPB:AUTO_BOOST,dpv2.direct.m144.slot_005
蜜蜂,144,44,灵魂战衣(男),127,物品,,'=1/48,exact_formula,1/48,'=E44,SPB:AUTO_BOOST,dpv2.direct.m144.slot_006
蜜蜂,144,45,蓝翡翠项链,165,物品,,'=1/48,exact_formula,1/48,'=E45,SPB:AUTO_BOOST,dpv2.direct.m144.slot_010
蜜蜂,144,46,道德戒指,209,物品,,'=1/48,exact_formula,1/48,'=E46,SPB:AUTO_BOOST,dpv2.direct.m144.slot_012
蜜蜂,144,47,重盔甲(男),122,物品,,'=1/48,exact_formula,1/48,'=E47,SPB:AUTO_BOOST,dpv2.direct.m144.slot_003
蜜蜂,144,48,重盔甲(男),123,物品,,'=1/48,exact_formula,1/48,'=E48,SPB:AUTO_BOOST,dpv2.direct.m144.slot_004
蜜蜂,144,49,金戒指,206,物品,,'=1/48,exact_formula,1/48,'=E49,SPB:AUTO_BOOST,dpv2.direct.m144.slot_009
蜜蜂,144,50,金手镯,188,物品,,'=1/48,exact_formula,1/48,'=E50,SPB:AUTO_BOOST,dpv2.direct.m144.slot_011
蜜蜂,144,51,魅力戒指,208,物品,,'=1/48,exact_formula,1/48,'=E51,SPB:AUTO_BOOST,dpv2.direct.m144.slot_013
蜜蜂,144,52,魔法长袍(男),124,物品,,'=1/48,exact_formula,1/48,'=E52,SPB:AUTO_BOOST,dpv2.direct.m144.slot_007
蜜蜂,144,53,魔法长袍(男),125,物品,,'=1/48,exact_formula,1/48,'=E53,SPB:AUTO_BOOST,dpv2.direct.m144.slot_008
暗之牛魔王,225,6,强效太阳水 ×5,920016,物品,,'=1/1,exact_formula,1/1,'=E6,SPB:BYPASS_COMMON_RECOVERY,dpv2.direct.m225.slot_005 等5个独立槽
暗之牛魔王,225,7,金币,,金币,50000,'=1/1,exact_formula,1/1,'=E7,SPB:BYPASS_GOLD,dpv2.direct.m225.slot_001
暗之牛魔王,225,8,太阳水,920014,物品,,'=1/2,exact_formula,1/2,'=E8,SPB:BYPASS_COMMON_RECOVERY,dpv2.direct.m225.slot_022
暗之牛魔王,225,9,强效太阳水 ×5,920016,物品,,'=1/2,exact_formula,1/2,'=E9,SPB:BYPASS_COMMON_RECOVERY,dpv2.direct.m225.slot_010 等5个独立槽
暗之牛魔王,225,10,超级金创药 ×3,920017,物品,,'=1/2,exact_formula,1/2,'=E10,SPB:BYPASS_COMMON_RECOVERY,dpv2.direct.m225.slot_024 等3个独立槽
暗之牛魔王,225,11,超级魔法药 ×3,920042,物品,,'=1/2,exact_formula,1/2,'=E11,SPB:BYPASS_COMMON_RECOVERY,dpv2.direct.m225.slot_027 等3个独立槽
暗之牛魔王,225,12,太阳水,920014,物品,,'=1/4,exact_formula,1/4,'=E12,SPB:BYPASS_COMMON_RECOVERY,dpv2.direct.m225.slot_023
暗之牛魔王,225,13,疗伤药 ×7,910007,物品,,'=1/4,exact_formula,1/4,'=E13,SPB:BYPASS_COMMON_RECOVERY,dpv2.direct.m225.slot_015 等7个独立槽
暗之牛魔王,225,14,超级金创药 ×5,920017,物品,,'=1/4,exact_formula,1/4,'=E14,SPB:BYPASS_COMMON_RECOVERY,dpv2.direct.m225.slot_030 等5个独立槽
暗之牛魔王,225,15,超级魔法药 ×5,920042,物品,,'=1/4,exact_formula,1/4,'=E15,SPB:BYPASS_COMMON_RECOVERY,dpv2.direct.m225.slot_035 等5个独立槽
暗之牛魔王,225,16,攻击神水,910004,物品,,'=1/10,exact_formula,1/10,'=E16,SPB:AUTO_BOOST,dpv2.direct.m225.slot_002
暗之牛魔王,225,17,精神神水,910006,物品,,'=1/10,exact_formula,1/10,'=E17,SPB:AUTO_BOOST,dpv2.direct.m225.slot_004
暗之牛魔王,225,18,魔力神水,910005,物品,,'=1/10,exact_formula,1/10,'=E18,SPB:AUTO_BOOST,dpv2.direct.m225.slot_003
暗之牛魔王,225,19,井中月,102,物品,,'=1/20,exact_formula,1/20,'=E19,SPB:AUTO_BOOST;SPB_CEILING_1_20,dpv2.direct.m225.slot_050
暗之牛魔王,225,20,凝霜,98,物品,,'=1/20,exact_formula,1/20,'=E20,SPB:AUTO_BOOST;SPB_CEILING_1_20,dpv2.direct.m225.slot_055
暗之牛魔王,225,21,幽灵战衣(男),133,物品,,'=1/20,exact_formula,1/20,'=E21,SPB:AUTO_BOOST,dpv2.direct.m225.slot_060
暗之牛魔王,225,22,幽灵战衣(男),132,物品,,'=1/20,exact_formula,1/20,'=E22,SPB:AUTO_BOOST,dpv2.direct.m225.slot_061
暗之牛魔王,225,23,幽灵项链,168,物品,,'=1/20,exact_formula,1/20,'=E23,SPB:AUTO_BOOST,dpv2.direct.m225.slot_044
暗之牛魔王,225,24,恶魔长袍(男),130,物品,,'=1/20,exact_formula,1/20,'=E24,SPB:AUTO_BOOST,dpv2.direct.m225.slot_062
暗之牛魔王,225,25,恶魔长袍(男),131,物品,,'=1/20,exact_formula,1/20,'=E25,SPB:AUTO_BOOST,dpv2.direct.m225.slot_063
暗之牛魔王,225,26,战神盔甲(男),128,物品,,'=1/20,exact_formula,1/20,'=E26,SPB:AUTO_BOOST,dpv2.direct.m225.slot_058
暗之牛魔王,225,27,战神盔甲(男),129,物品,,'=1/20,exact_formula,1/20,'=E27,SPB:AUTO_BOOST,dpv2.direct.m225.slot_059
暗之牛魔王,225,28,放大镜,166,物品,,'=1/20,exact_formula,1/20,'=E28,SPB:AUTO_BOOST;SPB_CEILING_1_20,dpv2.direct.m225.slot_052
暗之牛魔王,225,29,无极棍,104,物品,,'=1/20,exact_formula,1/20,'=E29,SPB:AUTO_BOOST;SPB_CEILING_1_20,dpv2.direct.m225.slot_051
暗之牛魔王,225,30,炼狱,99,物品,,'=1/20,exact_formula,1/20,'=E30,SPB:AUTO_BOOST;SPB_CEILING_1_20,dpv2.direct.m225.slot_049
暗之牛魔王,225,31,珊瑚戒指,210,物品,,'=1/20,exact_formula,1/20,'=E31,SPB:AUTO_BOOST;SPB_CEILING_1_20,dpv2.direct.m225.slot_056
暗之牛魔王,225,32,生命项链,169,物品,,'=1/20,exact_formula,1/20,'=E32,SPB:AUTO_BOOST,dpv2.direct.m225.slot_043
暗之牛魔王,225,33,祈祷之刃,223,物品,,'=1/20,exact_formula,1/20,'=E33,SPB:AUTO_BOOST;SPB_CEILING_1_20,dpv2.direct.m225.slot_042
暗之牛魔王,225,34,祈祷头盔 ×2,224,物品,,'=1/20,exact_formula,1/20,'=E34,SPB:AUTO_BOOST;SPB_CEILING_1_20,dpv2.direct.m225.slot_041 等2个独立槽
暗之牛魔王,225,35,祈祷戒指,227,物品,,'=1/20,exact_formula,1/20,'=E35,SPB:AUTO_BOOST;SPB_CEILING_1_20,dpv2.direct.m225.slot_040
暗之牛魔王,225,36,竹笛,167,物品,,'=1/20,exact_formula,1/20,'=E36,SPB:AUTO_BOOST;SPB_CEILING_1_20,dpv2.direct.m225.slot_053
暗之牛魔王,225,37,虹魔戒指,247,物品,,'=1/20,exact_formula,1/20,'=E37,SPB:AUTO_BOOST;SPB_CEILING_1_20,dpv2.direct.m225.slot_064
暗之牛魔王,225,38,虹魔项链,249,物品,,'=1/20,exact_formula,1/20,'=E38,SPB:AUTO_BOOST;SPB_CEILING_1_20,dpv2.direct.m225.slot_066
暗之牛魔王,225,39,记忆头盔,228,物品,,'=1/20,exact_formula,1/20,'=E39,SPB:AUTO_BOOST,dpv2.direct.m225.slot_045
暗之牛魔王,225,40,道士头盔,149,物品,,'=1/20,exact_formula,1/20,'=E40,SPB:AUTO_BOOST;SPB_CEILING_1_20,dpv2.direct.m225.slot_054
暗之牛魔王,225,41,银蛇,101,物品,,'=1/20,exact_formula,1/20,'=E41,SPB:AUTO_BOOST;SPB_CEILING_1_20,dpv2.direct.m225.slot_047
暗之牛魔王,225,42,降妖除魔戒指,211,物品,,'=1/20,exact_formula,1/20,'=E42,SPB:AUTO_BOOST;SPB_CEILING_1_20,dpv2.direct.m225.slot_057
暗之牛魔王,225,43,魔杖,100,物品,,'=1/20,exact_formula,1/20,'=E43,SPB:AUTO_BOOST;SPB_CEILING_1_20,dpv2.direct.m225.slot_048
暗之牛魔王,225,44,虹魔手镯,248,物品,,'=1/32,exact_formula,1/32,'=E44,SPB:AUTO_BOOST,dpv2.direct.m225.slot_065
暗之牛魔王,225,45,裁决之杖,105,物品,,'=5/176,exact_formula,5/176,'=E45,SPB:AUTO_BOOST,dpv2.direct.m225.slot_067
暗之牛魔王,225,46,骨玉权杖,106,物品,,'=5/176,exact_formula,5/176,'=E46,SPB:AUTO_BOOST,dpv2.direct.m225.slot_068
暗之牛魔王,225,47,龙纹剑,107,物品,,'=5/176,exact_formula,5/176,'=E47,SPB:AUTO_BOOST,dpv2.direct.m225.slot_069
宝箱,226,6,金币,,金币,7500,'=1/1,exact_formula,1/1,'=E6,SPB:BYPASS_GOLD,dpv2.direct.m226.v505_0001
宝箱1,227,6,金币,,金币,600,'=1/1,exact_formula,1/1,'=E6,SPB:BYPASS_GOLD,dpv2.direct.m227.v505_0001
宝箱1,227,7,六角戒指,198,物品,,'=1/2,exact_formula,1/2,'=E7,SPB:AUTO_BOOST,dpv2.direct.m227.slot_031
宝箱1,227,8,大手镯,179,物品,,'=1/2,exact_formula,1/2,'=E8,SPB:AUTO_BOOST,dpv2.direct.m227.slot_036
宝箱1,227,9,小手镯,175,物品,,'=1/2,exact_formula,1/2,'=E9,SPB:AUTO_BOOST,dpv2.direct.m227.slot_029
宝箱1,227,10,牛角戒指,200,物品,,'=1/2,exact_formula,1/2,'=E10,SPB:AUTO_BOOST,dpv2.direct.m227.slot_035
宝箱1,227,11,玻璃戒指,199,物品,,'=1/2,exact_formula,1/2,'=E11,SPB:AUTO_BOOST,dpv2.direct.m227.slot_030
宝箱1,227,12,皮制手套,177,物品,,'=1/2,exact_formula,1/2,'=E12,SPB:AUTO_BOOST,dpv2.direct.m227.slot_032
宝箱1,227,13,钢手镯,178,物品,,'=1/2,exact_formula,1/2,'=E13,SPB:AUTO_BOOST,dpv2.direct.m227.slot_034
宝箱1,227,14,银手镯,176,物品,,'=1/2,exact_formula,1/2,'=E14,SPB:AUTO_BOOST,dpv2.direct.m227.slot_033
宝箱1,227,15,青铜头盔,147,物品,,'=1/5,exact_formula,1/5,'=E15,SPB:AUTO_BOOST,dpv2.direct.m227.slot_028
宝箱1,227,16,黄色水晶项链,158,物品,,'=1/5,exact_formula,1/5,'=E16,SPB:AUTO_BOOST,dpv2.direct.m227.slot_026
宝箱1,227,17,黑檀项链,157,物品,,'=1/5,exact_formula,1/5,'=E17,SPB:AUTO_BOOST,dpv2.direct.m227.slot_025
宝箱1,227,18,黑色水晶项链,156,物品,,'=1/5,exact_formula,1/5,'=E18,SPB:AUTO_BOOST,dpv2.direct.m227.slot_027
宝箱1,227,19,凤凰明珠,163,物品,,'=1/10,exact_formula,1/10,'=E19,SPB:AUTO_BOOST,dpv2.direct.m227.slot_020
宝箱1,227,20,坚固手套,182,物品,,'=1/10,exact_formula,1/10,'=E20,SPB:AUTO_BOOST,dpv2.direct.m227.slot_021
宝箱1,227,21,太阳水 ×5,920014,物品,,'=1/10,exact_formula,1/10,'=E21,SPB:BYPASS_COMMON_RECOVERY,dpv2.direct.m227.slot_012 等5个独立槽
宝箱1,227,22,强效太阳水 ×3,920016,物品,,'=1/10,exact_formula,1/10,'=E22,SPB:BYPASS_COMMON_RECOVERY,dpv2.direct.m227.slot_004 等3个独立槽
宝箱1,227,23,灯笼项链,164,物品,,'=1/10,exact_formula,1/10,'=E23,SPB:AUTO_BOOST,dpv2.direct.m227.slot_023
宝箱1,227,24,琥珀项链,162,物品,,'=1/10,exact_formula,1/10,'=E24,SPB:AUTO_BOOST,dpv2.direct.m227.slot_019
宝箱1,227,25,蓝色水晶戒指,202,物品,,'=1/10,exact_formula,1/10,'=E25,SPB:AUTO_BOOST,dpv2.direct.m227.slot_017
宝箱1,227,26,魔法头盔,148,物品,,'=1/10,exact_formula,1/10,'=E26,SPB:AUTO_BOOST,dpv2.direct.m227.slot_024
宝箱1,227,27,魔法手镯,183,物品,,'=1/10,exact_formula,1/10,'=E27,SPB:AUTO_BOOST,dpv2.direct.m227.v505_0022
宝箱1,227,28,魔鬼项链,161,物品,,'=1/10,exact_formula,1/10,'=E28,SPB:AUTO_BOOST,dpv2.direct.m227.slot_018
宝箱1,227,29,太阳水 ×5,920014,物品,,'=1/20,exact_formula,1/20,'=E29,SPB:BYPASS_COMMON_RECOVERY,dpv2.direct.m227.slot_007 等5个独立槽
宝箱1,227,30,强效太阳水 ×2,920016,物品,,'=1/20,exact_formula,1/20,'=E30,SPB:BYPASS_COMMON_RECOVERY,dpv2.direct.m227.slot_002 等2个独立槽
宝箱2,228,6,金币,,金币,1500,'=1/1,exact_formula,1/1,'=E6,SPB:BYPASS_GOLD,dpv2.direct.m228.v505_0001
宝箱2,228,7,偃月,95,物品,,'=1/10,exact_formula,1/10,'=E7,SPB:AUTO_BOOST,dpv2.direct.m228.slot_026
宝箱2,228,8,太阳水 ×5,920014,物品,,'=1/10,exact_formula,1/10,'=E8,SPB:BYPASS_COMMON_RECOVERY,dpv2.direct.m228.slot_012 等5个独立槽
宝箱2,228,9,小手镯,175,物品,,'=1/10,exact_formula,1/10,'=E9,SPB:AUTO_BOOST,dpv2.direct.m228.slot_044
宝箱2,228,10,强效太阳水 ×3,920016,物品,,'=1/10,exact_formula,1/10,'=E10,SPB:BYPASS_COMMON_RECOVERY,dpv2.direct.m228.slot_004 等3个独立槽
宝箱2,228,11,斩马刀,94,物品,,'=1/10,exact_formula,1/10,'=E11,SPB:AUTO_BOOST,dpv2.direct.m228.slot_025
宝箱2,228,12,珍珠戒指,205,物品,,'=1/10,exact_formula,1/10,'=E12,SPB:AUTO_BOOST,dpv2.direct.m228.slot_023
宝箱2,228,13,生铁戒指,201,物品,,'=1/10,exact_formula,1/10,'=E13,SPB:AUTO_BOOST,dpv2.direct.m228.slot_027
宝箱2,228,14,白色虎齿项链,159,物品,,'=1/10,exact_formula,1/10,'=E14,SPB:AUTO_BOOST,dpv2.direct.m228.slot_028
宝箱2,228,15,白金项链,155,物品,,'=1/10,exact_formula,1/10,'=E15,SPB:AUTO_BOOST,dpv2.direct.m228.slot_029
宝箱2,228,16,破魂,93,物品,,'=1/10,exact_formula,1/10,'=E16,SPB:AUTO_BOOST,dpv2.direct.m228.slot_024
宝箱2,228,17,蛇眼戒指,204,物品,,'=1/10,exact_formula,1/10,'=E17,SPB:AUTO_BOOST,dpv2.direct.m228.slot_022
宝箱2,228,18,道士手镯,185,物品,,'=1/10,exact_formula,1/10,'=E18,SPB:AUTO_BOOST,dpv2.direct.m228.slot_018
宝箱2,228,19,降魔,96,物品,,'=1/10,exact_formula,1/10,'=E19,SPB:AUTO_BOOST,dpv2.direct.m228.slot_020
宝箱2,228,20,骷髅戒指,207,物品,,'=1/10,exact_formula,1/10,'=E20,SPB:AUTO_BOOST,dpv2.direct.m228.slot_030
宝箱2,228,21,魔力手镯,186,物品,,'=1/10,exact_formula,1/10,'=E21,SPB:AUTO_BOOST,dpv2.direct.m228.slot_037
宝箱2,228,22,黑檀手镯,184,物品,,'=1/10,exact_formula,1/10,'=E22,SPB:AUTO_BOOST,dpv2.direct.m228.slot_019
宝箱2,228,23,黑色水晶戒指,203,物品,,'=1/10,exact_formula,1/10,'=E23,SPB:AUTO_BOOST,dpv2.direct.m228.slot_021
宝箱2,228,24,六角戒指,198,物品,,'=1/20,exact_formula,1/20,'=E24,SPB:AUTO_BOOST,dpv2.direct.m228.slot_046
宝箱2,228,25,凤凰明珠,163,物品,,'=1/20,exact_formula,1/20,'=E25,SPB:AUTO_BOOST;SPB_CEILING_1_20,dpv2.direct.m228.slot_035
宝箱2,228,26,坚固手套,182,物品,,'=1/20,exact_formula,1/20,'=E26,SPB:AUTO_BOOST;SPB_CEILING_1_20,dpv2.direct.m228.slot_036
宝箱2,228,27,大手镯,179,物品,,'=1/20,exact_formula,1/20,'=E27,SPB:AUTO_BOOST,dpv2.direct.m228.slot_051
宝箱2,228,28,太阳水 ×6,920014,物品,,'=1/20,exact_formula,1/20,'=E28,SPB:BYPASS_COMMON_RECOVERY,dpv2.direct.m228.slot_007 等6个独立槽
宝箱2,228,29,小手镯,175,物品,,'=1/20,exact_formula,1/20,'=E29,SPB:AUTO_BOOST,dpv2.direct.m228.slot_031
宝箱2,228,30,强效太阳水 ×2,920016,物品,,'=1/20,exact_formula,1/20,'=E30,SPB:BYPASS_COMMON_RECOVERY,dpv2.direct.m228.slot_002 等2个独立槽
宝箱2,228,31,灯笼项链,164,物品,,'=1/20,exact_formula,1/20,'=E31,SPB:AUTO_BOOST;SPB_CEILING_1_20,dpv2.direct.m228.slot_038
宝箱2,228,32,牛角戒指,200,物品,,'=1/20,exact_formula,1/20,'=E32,SPB:AUTO_BOOST,dpv2.direct.m228.slot_050
宝箱2,228,33,玻璃戒指,199,物品,,'=1/20,exact_formula,1/20,'=E33,SPB:AUTO_BOOST,dpv2.direct.m228.slot_045
宝箱2,228,34,琥珀项链,162,物品,,'=1/20,exact_formula,1/20,'=E34,SPB:AUTO_BOOST;SPB_CEILING_1_20,dpv2.direct.m228.slot_034
宝箱2,228,35,皮制手套,177,物品,,'=1/20,exact_formula,1/20,'=E35,SPB:AUTO_BOOST,dpv2.direct.m228.slot_047
宝箱2,228,36,蓝色水晶戒指,202,物品,,'=1/20,exact_formula,1/20,'=E36,SPB:AUTO_BOOST;SPB_CEILING_1_20,dpv2.direct.m228.slot_032
宝箱2,228,37,钢手镯,178,物品,,'=1/20,exact_formula,1/20,'=E37,SPB:AUTO_BOOST,dpv2.direct.m228.slot_049
宝箱2,228,38,银手镯,176,物品,,'=1/20,exact_formula,1/20,'=E38,SPB:AUTO_BOOST,dpv2.direct.m228.slot_048
宝箱2,228,39,青铜头盔,147,物品,,'=1/20,exact_formula,1/20,'=E39,SPB:AUTO_BOOST;SPB_CEILING_1_20,dpv2.direct.m228.slot_042
宝箱2,228,40,魔法头盔,148,物品,,'=1/20,exact_formula,1/20,'=E40,SPB:AUTO_BOOST;SPB_CEILING_1_20,dpv2.direct.m228.slot_043
宝箱2,228,41,魔法手镯,183,物品,,'=1/20,exact_formula,1/20,'=E41,SPB:AUTO_BOOST;SPB_CEILING_1_20,dpv2.direct.m228.v505_0038
宝箱2,228,42,魔鬼项链,161,物品,,'=1/20,exact_formula,1/20,'=E42,SPB:AUTO_BOOST;SPB_CEILING_1_20,dpv2.direct.m228.slot_033
宝箱2,228,43,黄色水晶项链,158,物品,,'=1/20,exact_formula,1/20,'=E43,SPB:AUTO_BOOST;SPB_CEILING_1_20,dpv2.direct.m228.slot_040
宝箱2,228,44,黑檀项链,157,物品,,'=1/20,exact_formula,1/20,'=E44,SPB:AUTO_BOOST;SPB_CEILING_1_20,dpv2.direct.m228.slot_039
宝箱2,228,45,黑色水晶项链,156,物品,,'=1/20,exact_formula,1/20,'=E45,SPB:AUTO_BOOST;SPB_CEILING_1_20,dpv2.direct.m228.slot_041
宝箱3,229,6,太阳水 ×5,920014,物品,,'=1/1,exact_formula,1/1,'=E6,SPB:BYPASS_COMMON_RECOVERY,dpv2.direct.m229.slot_012 等5个独立槽
宝箱3,229,7,强效太阳水 ×2,920016,物品,,'=1/1,exact_formula,1/1,'=E7,SPB:BYPASS_COMMON_RECOVERY,dpv2.direct.m229.slot_002 等2个独立槽
宝箱3,229,8,金币,,金币,5800,'=1/1,exact_formula,1/1,'=E8,SPB:BYPASS_GOLD,dpv2.direct.m229.v505_0001
宝箱3,229,9,太阳水 ×5,920014,物品,,'=1/2,exact_formula,1/2,'=E9,SPB:BYPASS_COMMON_RECOVERY,dpv2.direct.m229.slot_007 等5个独立槽
宝箱3,229,10,强效太阳水 ×3,920016,物品,,'=1/2,exact_formula,1/2,'=E10,SPB:BYPASS_COMMON_RECOVERY,dpv2.direct.m229.slot_004 等3个独立槽
宝箱3,229,11,凤凰明珠,163,物品,,'=1/10,exact_formula,1/10,'=E11,SPB:AUTO_BOOST,dpv2.direct.m229.slot_020
宝箱3,229,12,坚固手套,182,物品,,'=1/10,exact_formula,1/10,'=E12,SPB:AUTO_BOOST,dpv2.direct.m229.slot_021
宝箱3,229,13,灯笼项链,164,物品,,'=1/10,exact_formula,1/10,'=E13,SPB:AUTO_BOOST,dpv2.direct.m229.slot_023
宝箱3,229,14,琥珀项链,162,物品,,'=1/10,exact_formula,1/10,'=E14,SPB:AUTO_BOOST,dpv2.direct.m229.slot_019
宝箱3,229,15,蓝色水晶戒指,202,物品,,'=1/10,exact_formula,1/10,'=E15,SPB:AUTO_BOOST,dpv2.direct.m229.slot_017
宝箱3,229,16,魔法手镯,183,物品,,'=1/10,exact_formula,1/10,'=E16,SPB:AUTO_BOOST,dpv2.direct.m229.v505_0022
宝箱3,229,17,魔鬼项链,161,物品,,'=1/10,exact_formula,1/10,'=E17,SPB:AUTO_BOOST,dpv2.direct.m229.slot_018
宝箱3,229,18,六角戒指,198,物品,,'=1/16,exact_formula,1/16,'=E18,SPB:AUTO_BOOST,dpv2.direct.m229.slot_031
宝箱3,229,19,大手镯,179,物品,,'=1/16,exact_formula,1/16,'=E19,SPB:AUTO_BOOST,dpv2.direct.m229.slot_036
宝箱3,229,20,小手镯,175,物品,,'=1/16,exact_formula,1/16,'=E20,SPB:AUTO_BOOST,dpv2.direct.m229.slot_029
宝箱3,229,21,牛角戒指,200,物品,,'=1/16,exact_formula,1/16,'=E21,SPB:AUTO_BOOST,dpv2.direct.m229.slot_035
宝箱3,229,22,玻璃戒指,199,物品,,'=1/16,exact_formula,1/16,'=E22,SPB:AUTO_BOOST,dpv2.direct.m229.slot_030
宝箱3,229,23,皮制手套,177,物品,,'=1/16,exact_formula,1/16,'=E23,SPB:AUTO_BOOST,dpv2.direct.m229.slot_032
宝箱3,229,24,钢手镯,178,物品,,'=1/16,exact_formula,1/16,'=E24,SPB:AUTO_BOOST,dpv2.direct.m229.slot_034
宝箱3,229,25,银手镯,176,物品,,'=1/16,exact_formula,1/16,'=E25,SPB:AUTO_BOOST,dpv2.direct.m229.slot_033
宝箱3,229,26,青铜头盔,147,物品,,'=1/20,exact_formula,1/20,'=E26,SPB:AUTO_BOOST;SPB_CEILING_1_20,dpv2.direct.m229.slot_027
宝箱3,229,27,魔法头盔,148,物品,,'=1/20,exact_formula,1/20,'=E27,SPB:AUTO_BOOST;SPB_CEILING_1_20,dpv2.direct.m229.slot_028
宝箱3,229,28,黄色水晶项链,158,物品,,'=1/20,exact_formula,1/20,'=E28,SPB:AUTO_BOOST;SPB_CEILING_1_20,dpv2.direct.m229.slot_025
宝箱3,229,29,黑檀项链,157,物品,,'=1/20,exact_formula,1/20,'=E29,SPB:AUTO_BOOST;SPB_CEILING_1_20,dpv2.direct.m229.slot_024
宝箱3,229,30,黑色水晶项链,156,物品,,'=1/20,exact_formula,1/20,'=E30,SPB:AUTO_BOOST;SPB_CEILING_1_20,dpv2.direct.m229.slot_026
宝箱4,230,6,太阳水,920014,物品,,'=1/1,exact_formula,1/1,'=E6,SPB:BYPASS_COMMON_RECOVERY,dpv2.direct.m230.slot_012
宝箱4,230,7,强效太阳水,920016,物品,,'=1/1,exact_formula,1/1,'=E7,SPB:BYPASS_COMMON_RECOVERY,dpv2.direct.m230.slot_008
宝箱4,230,8,金币,,金币,7500,'=1/1,exact_formula,1/1,'=E8,SPB:BYPASS_GOLD,dpv2.direct.m230.v505_0001
宝箱4,230,9,太阳水 ×4,920014,物品,,'=1/2,exact_formula,1/2,'=E9,SPB:BYPASS_COMMON_RECOVERY,dpv2.direct.m230.slot_011 等4个独立槽
宝箱4,230,10,强效太阳水 ×2,920016,物品,,'=1/2,exact_formula,1/2,'=E10,SPB:BYPASS_COMMON_RECOVERY,dpv2.direct.m230.slot_009 等2个独立槽
宝箱4,230,11,超级金创药 ×3,920017,物品,,'=1/2,exact_formula,1/2,'=E11,SPB:BYPASS_COMMON_RECOVERY,dpv2.direct.m230.slot_016 等3个独立槽
宝箱4,230,12,超级魔法药 ×3,920042,物品,,'=1/2,exact_formula,1/2,'=E12,SPB:BYPASS_COMMON_RECOVERY,dpv2.direct.m230.slot_019 等3个独立槽
宝箱4,230,13,偃月,95,物品,,'=1/3,exact_formula,1/3,'=E13,SPB:AUTO_BOOST,dpv2.direct.m230.slot_059
宝箱4,230,14,小手镯,175,物品,,'=1/3,exact_formula,1/3,'=E14,SPB:AUTO_BOOST,dpv2.direct.m230.slot_064
宝箱4,230,15,斩马刀,94,物品,,'=1/3,exact_formula,1/3,'=E15,SPB:AUTO_BOOST,dpv2.direct.m230.slot_057
宝箱4,230,16,珍珠戒指,205,物品,,'=1/3,exact_formula,1/3,'=E16,SPB:AUTO_BOOST,dpv2.direct.m230.slot_055
宝箱4,230,17,生铁戒指,201,物品,,'=1/3,exact_formula,1/3,'=E17,SPB:AUTO_BOOST,dpv2.direct.m230.slot_060
宝箱4,230,18,白色虎齿项链,159,物品,,'=1/3,exact_formula,1/3,'=E18,SPB:AUTO_BOOST,dpv2.direct.m230.slot_061
宝箱4,230,19,白金项链,155,物品,,'=1/3,exact_formula,1/3,'=E19,SPB:AUTO_BOOST,dpv2.direct.m230.slot_062
宝箱4,230,20,破魂,93,物品,,'=1/3,exact_formula,1/3,'=E20,SPB:AUTO_BOOST,dpv2.direct.m230.slot_056
宝箱4,230,21,蛇眼戒指,204,物品,,'=1/3,exact_formula,1/3,'=E21,SPB:AUTO_BOOST,dpv2.direct.m230.slot_054
宝箱4,230,22,道士手镯,185,物品,,'=1/3,exact_formula,1/3,'=E22,SPB:AUTO_BOOST,dpv2.direct.m230.slot_050
宝箱4,230,23,降魔,96,物品,,'=1/3,exact_formula,1/3,'=E23,SPB:AUTO_BOOST,dpv2.direct.m230.slot_052
宝箱4,230,24,骷髅戒指,207,物品,,'=1/3,exact_formula,1/3,'=E24,SPB:AUTO_BOOST,dpv2.direct.m230.slot_063
宝箱4,230,25,魔力手镯,186,物品,,'=1/3,exact_formula,1/3,'=E25,SPB:AUTO_BOOST,dpv2.direct.m230.v505_0054
宝箱4,230,26,魔法头盔,148,物品,,'=1/3,exact_formula,1/3,'=E26,SPB:AUTO_BOOST,dpv2.direct.m230.slot_058
宝箱4,230,27,黑檀手镯,184,物品,,'=1/3,exact_formula,1/3,'=E27,SPB:AUTO_BOOST,dpv2.direct.m230.slot_051
宝箱4,230,28,黑色水晶戒指,203,物品,,'=1/3,exact_formula,1/3,'=E28,SPB:AUTO_BOOST,dpv2.direct.m230.slot_053
宝箱4,230,29,体力强效神水,910001,物品,,'=1/20,exact_formula,1/20,'=E29,SPB:AUTO_BOOST;SPB_CEILING_1_20,dpv2.direct.m230.v505_0006
宝箱4,230,30,修罗,97,物品,,'=1/20,exact_formula,1/20,'=E30,SPB:AUTO_BOOST;SPB_CEILING_1_20,dpv2.direct.m230.slot_038
宝箱4,230,31,凝霜,98,物品,,'=1/20,exact_formula,1/20,'=E31,SPB:AUTO_BOOST;SPB_CEILING_1_20,dpv2.direct.m230.slot_033
宝箱4,230,32,攻击神水,910004,物品,,'=1/20,exact_formula,1/20,'=E32,SPB:AUTO_BOOST;SPB_CEILING_1_20,dpv2.direct.m230.slot_002
宝箱4,230,33,放大镜,166,物品,,'=1/20,exact_formula,1/20,'=E33,SPB:AUTO_BOOST;SPB_CEILING_1_20,dpv2.direct.m230.slot_030
宝箱4,230,34,死神手套,187,物品,,'=1/20,exact_formula,1/20,'=E34,SPB:AUTO_BOOST;SPB_CEILING_1_20,dpv2.direct.m230.slot_037
宝箱4,230,35,灵魂战衣(男),127,物品,,'=1/20,exact_formula,1/20,'=E35,SPB:AUTO_BOOST;SPB_CEILING_1_20,dpv2.direct.m230.slot_041
宝箱4,230,36,灵魂战衣(男),126,物品,,'=1/20,exact_formula,1/20,'=E36,SPB:AUTO_BOOST;SPB_CEILING_1_20,dpv2.direct.m230.slot_042
宝箱4,230,37,珊瑚戒指,210,物品,,'=1/20,exact_formula,1/20,'=E37,SPB:AUTO_BOOST;SPB_CEILING_1_20,dpv2.direct.m230.slot_034
宝箱4,230,38,疾风神水,910003,物品,,'=1/20,exact_formula,1/20,'=E38,SPB:AUTO_BOOST;SPB_CEILING_1_20,dpv2.direct.m230.v505_0005
宝箱4,230,39,竹笛,167,物品,,'=1/20,exact_formula,1/20,'=E39,SPB:AUTO_BOOST;SPB_CEILING_1_20,dpv2.direct.m230.slot_031
宝箱4,230,40,精神神水,910006,物品,,'=1/20,exact_formula,1/20,'=E40,SPB:AUTO_BOOST;SPB_CEILING_1_20,dpv2.direct.m230.slot_004
宝箱4,230,41,蓝翡翠项链,165,物品,,'=1/20,exact_formula,1/20,'=E41,SPB:AUTO_BOOST;SPB_CEILING_1_20,dpv2.direct.m230.slot_046
宝箱4,230,42,道士头盔,149,物品,,'=1/20,exact_formula,1/20,'=E42,SPB:AUTO_BOOST;SPB_CEILING_1_20,dpv2.direct.m230.slot_032
宝箱4,230,43,道德戒指,209,物品,,'=1/20,exact_formula,1/20,'=E43,SPB:AUTO_BOOST;SPB_CEILING_1_20,dpv2.direct.m230.slot_048
宝箱4,230,44,重盔甲(男),122,物品,,'=1/20,exact_formula,1/20,'=E44,SPB:AUTO_BOOST;SPB_CEILING_1_20,dpv2.direct.m230.slot_039
宝箱4,230,45,重盔甲(男),123,物品,,'=1/20,exact_formula,1/20,'=E45,SPB:AUTO_BOOST;SPB_CEILING_1_20,dpv2.direct.m230.slot_040
宝箱4,230,46,金戒指,206,物品,,'=1/20,exact_formula,1/20,'=E46,SPB:AUTO_BOOST;SPB_CEILING_1_20,dpv2.direct.m230.slot_045
宝箱4,230,47,金手镯,188,物品,,'=1/20,exact_formula,1/20,'=E47,SPB:AUTO_BOOST;SPB_CEILING_1_20,dpv2.direct.m230.slot_047
宝箱4,230,48,降妖除魔戒指,211,物品,,'=1/20,exact_formula,1/20,'=E48,SPB:AUTO_BOOST;SPB_CEILING_1_20,dpv2.direct.m230.slot_035
宝箱4,230,49,骷髅头盔,150,物品,,'=1/20,exact_formula,1/20,'=E49,SPB:AUTO_BOOST;SPB_CEILING_1_20,dpv2.direct.m230.slot_036
宝箱4,230,50,魅力戒指,208,物品,,'=1/20,exact_formula,1/20,'=E50,SPB:AUTO_BOOST;SPB_CEILING_1_20,dpv2.direct.m230.slot_049
宝箱4,230,51,魔力强效神水,910002,物品,,'=1/20,exact_formula,1/20,'=E51,SPB:AUTO_BOOST;SPB_CEILING_1_20,dpv2.direct.m230.v505_0007
宝箱4,230,52,魔力神水,910005,物品,,'=1/20,exact_formula,1/20,'=E52,SPB:AUTO_BOOST;SPB_CEILING_1_20,dpv2.direct.m230.slot_003
宝箱4,230,53,魔法长袍(男),124,物品,,'=1/20,exact_formula,1/20,'=E53,SPB:AUTO_BOOST;SPB_CEILING_1_20,dpv2.direct.m230.slot_043
宝箱4,230,54,魔法长袍(男),125,物品,,'=1/20,exact_formula,1/20,'=E54,SPB:AUTO_BOOST;SPB_CEILING_1_20,dpv2.direct.m230.slot_044
宝箱4,230,55,虹魔戒指,247,物品,,'=1/60,exact_formula,1/60,'=E55,SPB:AUTO_BOOST,dpv2.direct.m230.slot_028
宝箱4,230,56,虹魔手镯,248,物品,,'=1/60,exact_formula,1/60,'=E56,SPB:AUTO_BOOST,dpv2.direct.m230.v505_0030
宝箱4,230,57,虹魔项链,249,物品,,'=1/60,exact_formula,1/60,'=E57,SPB:AUTO_BOOST,dpv2.direct.m230.slot_029
宝箱4,230,58,魔血戒指,244,物品,,'=1/60,exact_formula,1/60,'=E58,SPB:AUTO_BOOST,dpv2.direct.m230.v505_0026
宝箱4,230,59,魔血手镯,245,物品,,'=1/60,exact_formula,1/60,'=E59,SPB:AUTO_BOOST,dpv2.direct.m230.slot_026
宝箱4,230,60,魔血项链,246,物品,,'=1/60,exact_formula,1/60,'=E60,SPB:AUTO_BOOST,dpv2.direct.m230.slot_027
宝箱4,230,61,天珠项链,170,物品,,'=1/64,exact_formula,1/64,'=E61,SPB:AUTO_BOOST,dpv2.direct.m230.v505_0024
宝箱4,230,62,幽灵项链,168,物品,,'=1/64,exact_formula,1/64,'=E62,SPB:AUTO_BOOST,dpv2.direct.m230.slot_023
宝箱4,230,63,生命项链,169,物品,,'=1/64,exact_formula,1/64,'=E63,SPB:AUTO_BOOST,dpv2.direct.m230.slot_022
宝箱4,230,64,记忆头盔,228,物品,,'=1/64,exact_formula,1/64,'=E64,SPB:AUTO_BOOST,dpv2.direct.m230.slot_024
宝箱5,231,6,太阳水 ×2,920014,物品,,'=1/1,exact_formula,1/1,'=E6,SPB:BYPASS_COMMON_RECOVERY,dpv2.direct.m231.slot_007 等2个独立槽
宝箱5,231,7,强效太阳水 ×3,920016,物品,,'=1/1,exact_formula,1/1,'=E7,SPB:BYPASS_COMMON_RECOVERY,dpv2.direct.m231.slot_002 等3个独立槽
宝箱5,231,8,超级金创药,920017,物品,,'=1/1,exact_formula,1/1,'=E8,SPB:BYPASS_COMMON_RECOVERY,dpv2.direct.m231.slot_010
宝箱5,231,9,超级魔法药,920042,物品,,'=1/1,exact_formula,1/1,'=E9,SPB:BYPASS_COMMON_RECOVERY,dpv2.direct.m231.slot_013
宝箱5,231,10,金币,,金币,10000,'=1/1,exact_formula,1/1,'=E10,SPB:BYPASS_GOLD,dpv2.direct.m231.v505_0001
宝箱5,231,11,强效太阳水 ×2,920016,物品,,'=1/2,exact_formula,1/2,'=E11,SPB:BYPASS_COMMON_RECOVERY,dpv2.direct.m231.slot_005 等2个独立槽
宝箱5,231,12,超级金创药 ×2,920017,物品,,'=1/2,exact_formula,1/2,'=E12,SPB:BYPASS_COMMON_RECOVERY,dpv2.direct.m231.slot_009 等2个独立槽
宝箱5,231,13,超级魔法药 ×2,920042,物品,,'=1/2,exact_formula,1/2,'=E13,SPB:BYPASS_COMMON_RECOVERY,dpv2.direct.m231.slot_012 等2个独立槽
宝箱5,231,14,凤凰明珠,163,物品,,'=1/3,exact_formula,1/3,'=E14,SPB:AUTO_BOOST,dpv2.direct.m231.slot_054
宝箱5,231,15,坚固手套,182,物品,,'=1/3,exact_formula,1/3,'=E15,SPB:AUTO_BOOST,dpv2.direct.m231.slot_055
宝箱5,231,16,灯笼项链,164,物品,,'=1/3,exact_formula,1/3,'=E16,SPB:AUTO_BOOST,dpv2.direct.m231.slot_057
宝箱5,231,17,琥珀项链,162,物品,,'=1/3,exact_formula,1/3,'=E17,SPB:AUTO_BOOST,dpv2.direct.m231.slot_053
宝箱5,231,18,蓝色水晶戒指,202,物品,,'=1/3,exact_formula,1/3,'=E18,SPB:AUTO_BOOST,dpv2.direct.m231.slot_051
宝箱5,231,19,魔法手镯,183,物品,,'=1/3,exact_formula,1/3,'=E19,SPB:AUTO_BOOST,dpv2.direct.m231.v505_0057
宝箱5,231,20,魔鬼项链,161,物品,,'=1/3,exact_formula,1/3,'=E20,SPB:AUTO_BOOST,dpv2.direct.m231.slot_052
宝箱5,231,21,偃月,95,物品,,'=1/5,exact_formula,1/5,'=E21,SPB:AUTO_BOOST,dpv2.direct.m231.slot_045
宝箱5,231,22,小手镯,175,物品,,'=1/5,exact_formula,1/5,'=E22,SPB:AUTO_BOOST,dpv2.direct.m231.slot_050
宝箱5,231,23,斩马刀,94,物品,,'=1/5,exact_formula,1/5,'=E23,SPB:AUTO_BOOST,dpv2.direct.m231.slot_044
宝箱5,231,24,珍珠戒指,205,物品,,'=1/5,exact_formula,1/5,'=E24,SPB:AUTO_BOOST,dpv2.direct.m231.slot_042
宝箱5,231,25,生铁戒指,201,物品,,'=1/5,exact_formula,1/5,'=E25,SPB:AUTO_BOOST,dpv2.direct.m231.slot_046
宝箱5,231,26,白色虎齿项链,159,物品,,'=1/5,exact_formula,1/5,'=E26,SPB:AUTO_BOOST,dpv2.direct.m231.slot_047
宝箱5,231,27,白金项链,155,物品,,'=1/5,exact_formula,1/5,'=E27,SPB:AUTO_BOOST,dpv2.direct.m231.slot_048
宝箱5,231,28,破魂,93,物品,,'=1/5,exact_formula,1/5,'=E28,SPB:AUTO_BOOST,dpv2.direct.m231.slot_043
宝箱5,231,29,骷髅戒指,207,物品,,'=1/5,exact_formula,1/5,'=E29,SPB:AUTO_BOOST,dpv2.direct.m231.slot_049
宝箱5,231,30,灵魂战衣(男),126,物品,,'=1/10,exact_formula,1/10,'=E30,SPB:AUTO_BOOST,dpv2.direct.m231.slot_023
宝箱5,231,31,灵魂战衣(男),127,物品,,'=1/10,exact_formula,1/10,'=E31,SPB:AUTO_BOOST,dpv2.direct.m231.slot_024
宝箱5,231,32,蓝翡翠项链,165,物品,,'=1/10,exact_formula,1/10,'=E32,SPB:AUTO_BOOST,dpv2.direct.m231.slot_028
宝箱5,231,33,道德戒指,209,物品,,'=1/10,exact_formula,1/10,'=E33,SPB:AUTO_BOOST,dpv2.direct.m231.slot_030
宝箱5,231,34,重盔甲(男),122,物品,,'=1/10,exact_formula,1/10,'=E34,SPB:AUTO_BOOST,dpv2.direct.m231.slot_021
宝箱5,231,35,重盔甲(男),123,物品,,'=1/10,exact_formula,1/10,'=E35,SPB:AUTO_BOOST,dpv2.direct.m231.slot_022
宝箱5,231,36,金戒指,206,物品,,'=1/10,exact_formula,1/10,'=E36,SPB:AUTO_BOOST,dpv2.direct.m231.slot_027
宝箱5,231,37,金手镯,188,物品,,'=1/10,exact_formula,1/10,'=E37,SPB:AUTO_BOOST,dpv2.direct.m231.slot_029
宝箱5,231,38,魅力戒指,208,物品,,'=1/10,exact_formula,1/10,'=E38,SPB:AUTO_BOOST,dpv2.direct.m231.slot_031
宝箱5,231,39,魔法长袍(男),124,物品,,'=1/10,exact_formula,1/10,'=E39,SPB:AUTO_BOOST,dpv2.direct.m231.slot_025
宝箱5,231,40,魔法长袍(男),125,物品,,'=1/10,exact_formula,1/10,'=E40,SPB:AUTO_BOOST,dpv2.direct.m231.slot_026
宝箱5,231,41,修罗,97,物品,,'=1/20,exact_formula,1/20,'=E41,SPB:AUTO_BOOST;SPB_CEILING_1_20,dpv2.direct.m231.slot_016
宝箱5,231,42,死神手套,187,物品,,'=1/20,exact_formula,1/20,'=E42,SPB:AUTO_BOOST;SPB_CEILING_1_20,dpv2.direct.m231.slot_015
宝箱5,231,43,红宝石戒指,213,物品,,'=1/20,exact_formula,1/20,'=E43,SPB:AUTO_BOOST,dpv2.direct.m231.slot_019
宝箱5,231,44,蛇眼戒指,204,物品,,'=1/20,exact_formula,1/20,'=E44,SPB:AUTO_BOOST;SPB_CEILING_1_20,dpv2.direct.m231.slot_041
宝箱5,231,45,道士手镯,185,物品,,'=1/20,exact_formula,1/20,'=E45,SPB:AUTO_BOOST;SPB_CEILING_1_20,dpv2.direct.m231.slot_037
宝箱5,231,46,铂金戒指,214,物品,,'=1/20,exact_formula,1/20,'=E46,SPB:AUTO_BOOST,dpv2.direct.m231.slot_020
宝箱5,231,47,降魔,96,物品,,'=1/20,exact_formula,1/20,'=E47,SPB:AUTO_BOOST;SPB_CEILING_1_20,dpv2.direct.m231.slot_039
宝箱5,231,48,骷髅头盔,150,物品,,'=1/20,exact_formula,1/20,'=E48,SPB:AUTO_BOOST;SPB_CEILING_1_20,dpv2.direct.m231.slot_017
宝箱5,231,49,魔力手镯,186,物品,,'=1/20,exact_formula,1/20,'=E49,SPB:AUTO_BOOST;SPB_CEILING_1_20,dpv2.direct.m231.slot_056
宝箱5,231,50,黑檀手镯,184,物品,,'=1/20,exact_formula,1/20,'=E50,SPB:AUTO_BOOST;SPB_CEILING_1_20,dpv2.direct.m231.slot_038
宝箱5,231,51,黑色水晶戒指,203,物品,,'=1/20,exact_formula,1/20,'=E51,SPB:AUTO_BOOST;SPB_CEILING_1_20,dpv2.direct.m231.slot_040
宝箱5,231,52,龙之戒指,212,物品,,'=1/20,exact_formula,1/20,'=E52,SPB:AUTO_BOOST,dpv2.direct.m231.slot_018
宝箱5,231,53,困魔咒,920008,物品,,'=1/60,exact_formula,1/60,'=E53,SPB:BYPASS_UNCLASSIFIED,dpv2.direct.m231.slot_032
宝箱5,231,54,半月弯刀,920004,物品,,'=1/80,exact_formula,1/80,'=E54,SPB:BYPASS_UNCLASSIFIED,dpv2.direct.m231.slot_034
宝箱5,231,55,地狱雷光,920011,物品,,'=1/80,exact_formula,1/80,'=E55,SPB:BYPASS_UNCLASSIFIED,dpv2.direct.m231.slot_033
宝箱5,231,56,野蛮冲撞,920043,物品,,'=1/120,exact_formula,1/120,'=E56,SPB:BYPASS_UNCLASSIFIED,dpv2.direct.m231.slot_036
宝箱5,231,57,魔法盾,920051,物品,,'=1/120,exact_formula,1/120,'=E57,SPB:BYPASS_UNCLASSIFIED,dpv2.direct.m231.slot_035
宝箱6,232,6,太阳水 ×8,920014,物品,,'=1/1,exact_formula,1/1,'=E6,SPB:BYPASS_COMMON_RECOVERY,dpv2.direct.m232.slot_020 等8个独立槽
宝箱6,232,7,强效太阳水 ×8,920016,物品,,'=1/1,exact_formula,1/1,'=E7,SPB:BYPASS_COMMON_RECOVERY,dpv2.direct.m232.slot_008 等8个独立槽
宝箱6,232,8,超级金创药 ×8,920017,物品,,'=1/1,exact_formula,1/1,'=E8,SPB:BYPASS_COMMON_RECOVERY,dpv2.direct.m232.slot_030 等8个独立槽
宝箱6,232,9,超级魔法药 ×8,920042,物品,,'=1/1,exact_formula,1/1,'=E9,SPB:BYPASS_COMMON_RECOVERY,dpv2.direct.m232.slot_040 等8个独立槽
宝箱6,232,10,金币,,金币,12500,'=1/1,exact_formula,1/1,'=E10,SPB:BYPASS_GOLD,dpv2.direct.m232.v505_0001
宝箱6,232,11,太阳水 ×2,920014,物品,,'=1/2,exact_formula,1/2,'=E11,SPB:BYPASS_COMMON_RECOVERY,dpv2.direct.m232.slot_018 等2个独立槽
宝箱6,232,12,强效太阳水 ×2,920016,物品,,'=1/2,exact_formula,1/2,'=E12,SPB:BYPASS_COMMON_RECOVERY,dpv2.direct.m232.slot_016 等2个独立槽
宝箱6,232,13,超级金创药 ×2,920017,物品,,'=1/2,exact_formula,1/2,'=E13,SPB:BYPASS_COMMON_RECOVERY,dpv2.direct.m232.slot_028 等2个独立槽
宝箱6,232,14,超级魔法药 ×2,920042,物品,,'=1/2,exact_formula,1/2,'=E14,SPB:BYPASS_COMMON_RECOVERY,dpv2.direct.m232.slot_038 等2个独立槽
宝箱6,232,15,体力强效神水,910001,物品,,'=1/20,exact_formula,1/20,'=E15,SPB:AUTO_BOOST;SPB_CEILING_1_20,dpv2.direct.m232.v505_0006
宝箱6,232,16,修罗,97,物品,,'=1/20,exact_formula,1/20,'=E16,SPB:AUTO_BOOST;SPB_CEILING_1_20,dpv2.direct.m232.slot_069
宝箱6,232,17,偃月,95,物品,,'=1/20,exact_formula,1/20,'=E17,SPB:AUTO_BOOST;SPB_CEILING_1_20,dpv2.direct.m232.slot_090
宝箱6,232,18,凝霜,98,物品,,'=1/20,exact_formula,1/20,'=E18,SPB:AUTO_BOOST;SPB_CEILING_1_20,dpv2.direct.m232.slot_064
宝箱6,232,19,小手镯,175,物品,,'=1/20,exact_formula,1/20,'=E19,SPB:AUTO_BOOST;SPB_CEILING_1_20,dpv2.direct.m232.slot_095
宝箱6,232,20,攻击神水,910004,物品,,'=1/20,exact_formula,1/20,'=E20,SPB:AUTO_BOOST;SPB_CEILING_1_20,dpv2.direct.m232.slot_002
宝箱6,232,21,放大镜,166,物品,,'=1/20,exact_formula,1/20,'=E21,SPB:AUTO_BOOST;SPB_CEILING_1_20,dpv2.direct.m232.slot_061
宝箱6,232,22,斩马刀,94,物品,,'=1/20,exact_formula,1/20,'=E22,SPB:AUTO_BOOST;SPB_CEILING_1_20,dpv2.direct.m232.slot_089
宝箱6,232,23,死神手套,187,物品,,'=1/20,exact_formula,1/20,'=E23,SPB:AUTO_BOOST;SPB_CEILING_1_20,dpv2.direct.m232.slot_068
宝箱6,232,24,灵魂战衣(男),127,物品,,'=1/20,exact_formula,1/20,'=E24,SPB:AUTO_BOOST;SPB_CEILING_1_20,dpv2.direct.m232.slot_072
宝箱6,232,25,灵魂战衣(男),126,物品,,'=1/20,exact_formula,1/20,'=E25,SPB:AUTO_BOOST;SPB_CEILING_1_20,dpv2.direct.m232.slot_073
宝箱6,232,26,炼狱,99,物品,,'=1/20,exact_formula,1/20,'=E26,SPB:AUTO_BOOST;SPB_CEILING_1_20,dpv2.direct.m232.slot_048
宝箱6,232,27,珊瑚戒指,210,物品,,'=1/20,exact_formula,1/20,'=E27,SPB:AUTO_BOOST;SPB_CEILING_1_20,dpv2.direct.m232.slot_065
宝箱6,232,28,珍珠戒指,205,物品,,'=1/20,exact_formula,1/20,'=E28,SPB:AUTO_BOOST;SPB_CEILING_1_20,dpv2.direct.m232.slot_087
宝箱6,232,29,生铁戒指,201,物品,,'=1/20,exact_formula,1/20,'=E29,SPB:AUTO_BOOST;SPB_CEILING_1_20,dpv2.direct.m232.slot_091
宝箱6,232,30,疾风神水,910003,物品,,'=1/20,exact_formula,1/20,'=E30,SPB:AUTO_BOOST;SPB_CEILING_1_20,dpv2.direct.m232.v505_0005
宝箱6,232,31,白色虎齿项链,159,物品,,'=1/20,exact_formula,1/20,'=E31,SPB:AUTO_BOOST;SPB_CEILING_1_20,dpv2.direct.m232.slot_092
宝箱6,232,32,白金项链,155,物品,,'=1/20,exact_formula,1/20,'=E32,SPB:AUTO_BOOST;SPB_CEILING_1_20,dpv2.direct.m232.slot_093
宝箱6,232,33,破魂,93,物品,,'=1/20,exact_formula,1/20,'=E33,SPB:AUTO_BOOST;SPB_CEILING_1_20,dpv2.direct.m232.slot_088
宝箱6,232,34,竹笛,167,物品,,'=1/20,exact_formula,1/20,'=E34,SPB:AUTO_BOOST;SPB_CEILING_1_20,dpv2.direct.m232.slot_062
宝箱6,232,35,精神神水,910006,物品,,'=1/20,exact_formula,1/20,'=E35,SPB:AUTO_BOOST;SPB_CEILING_1_20,dpv2.direct.m232.slot_004
宝箱6,232,36,蓝翡翠项链,165,物品,,'=1/20,exact_formula,1/20,'=E36,SPB:AUTO_BOOST;SPB_CEILING_1_20,dpv2.direct.m232.slot_077
宝箱6,232,37,蛇眼戒指,204,物品,,'=1/20,exact_formula,1/20,'=E37,SPB:AUTO_BOOST;SPB_CEILING_1_20,dpv2.direct.m232.slot_086
宝箱6,232,38,道士头盔,149,物品,,'=1/20,exact_formula,1/20,'=E38,SPB:AUTO_BOOST;SPB_CEILING_1_20,dpv2.direct.m232.slot_063
宝箱6,232,39,道士手镯,185,物品,,'=1/20,exact_formula,1/20,'=E39,SPB:AUTO_BOOST;SPB_CEILING_1_20,dpv2.direct.m232.slot_081
宝箱6,232,40,道德戒指,209,物品,,'=1/20,exact_formula,1/20,'=E40,SPB:AUTO_BOOST;SPB_CEILING_1_20,dpv2.direct.m232.slot_079
宝箱6,232,41,重盔甲(男),122,物品,,'=1/20,exact_formula,1/20,'=E41,SPB:AUTO_BOOST;SPB_CEILING_1_20,dpv2.direct.m232.slot_070
宝箱6,232,42,重盔甲(男),123,物品,,'=1/20,exact_formula,1/20,'=E42,SPB:AUTO_BOOST;SPB_CEILING_1_20,dpv2.direct.m232.slot_071
宝箱6,232,43,金戒指,206,物品,,'=1/20,exact_formula,1/20,'=E43,SPB:AUTO_BOOST;SPB_CEILING_1_20,dpv2.direct.m232.slot_076
宝箱6,232,44,金手镯,188,物品,,'=1/20,exact_formula,1/20,'=E44,SPB:AUTO_BOOST;SPB_CEILING_1_20,dpv2.direct.m232.slot_078
宝箱6,232,45,银蛇,101,物品,,'=1/60,exact_formula,1/60,'=E45,SPB:AUTO_BOOST;SPB_CEILING_1_20,dpv2.direct.m232.slot_050
宝箱6,232,46,降妖除魔戒指,211,物品,,'=1/20,exact_formula,1/20,'=E46,SPB:AUTO_BOOST;SPB_CEILING_1_20,dpv2.direct.m232.slot_066
宝箱6,232,47,降魔,96,物品,,'=1/20,exact_formula,1/20,'=E47,SPB:AUTO_BOOST;SPB_CEILING_1_20,dpv2.direct.m232.slot_084
宝箱6,232,48,骷髅头盔,150,物品,,'=1/20,exact_formula,1/20,'=E48,SPB:AUTO_BOOST;SPB_CEILING_1_20,dpv2.direct.m232.v505_0069
宝箱6,232,49,骷髅戒指,207,物品,,'=1/20,exact_formula,1/20,'=E49,SPB:AUTO_BOOST;SPB_CEILING_1_20,dpv2.direct.m232.slot_094
宝箱6,232,50,魅力戒指,208,物品,,'=1/20,exact_formula,1/20,'=E50,SPB:AUTO_BOOST;SPB_CEILING_1_20,dpv2.direct.m232.slot_080
宝箱6,232,51,魔力强效神水,910002,物品,,'=1/20,exact_formula,1/20,'=E51,SPB:AUTO_BOOST;SPB_CEILING_1_20,dpv2.direct.m232.v505_0007
宝箱6,232,52,魔力手镯,186,物品,,'=1/20,exact_formula,1/20,'=E52,SPB:AUTO_BOOST;SPB_CEILING_1_20,dpv2.direct.m232.v505_0085
宝箱6,232,53,魔力神水,910005,物品,,'=1/20,exact_formula,1/20,'=E53,SPB:AUTO_BOOST;SPB_CEILING_1_20,dpv2.direct.m232.slot_003
宝箱6,232,54,魔杖,100,物品,,'=1/60,exact_formula,1/60,'=E54,SPB:AUTO_BOOST;SPB_CEILING_1_20,dpv2.direct.m232.slot_049
宝箱6,232,55,魔法头盔,148,物品,,'=1/20,exact_formula,1/20,'=E55,SPB:AUTO_BOOST;SPB_CEILING_1_20,dpv2.direct.m232.slot_083
宝箱6,232,56,魔法长袍(男),124,物品,,'=1/20,exact_formula,1/20,'=E56,SPB:AUTO_BOOST;SPB_CEILING_1_20,dpv2.direct.m232.slot_074
宝箱6,232,57,魔法长袍(男),125,物品,,'=1/20,exact_formula,1/20,'=E57,SPB:AUTO_BOOST;SPB_CEILING_1_20,dpv2.direct.m232.slot_075
宝箱6,232,58,黑檀手镯,184,物品,,'=1/20,exact_formula,1/20,'=E58,SPB:AUTO_BOOST;SPB_CEILING_1_20,dpv2.direct.m232.slot_082
宝箱6,232,59,黑色水晶戒指,203,物品,,'=1/20,exact_formula,1/20,'=E59,SPB:AUTO_BOOST;SPB_CEILING_1_20,dpv2.direct.m232.slot_085
宝箱6,232,60,半月弯刀,920004,物品,,'=1/40,exact_formula,1/40,'=E60,SPB:BYPASS_UNCLASSIFIED,dpv2.direct.m232.slot_057
宝箱6,232,61,困魔咒,920008,物品,,'=1/40,exact_formula,1/40,'=E61,SPB:BYPASS_UNCLASSIFIED,dpv2.direct.m232.slot_055
宝箱6,232,62,地狱雷光,920011,物品,,'=1/40,exact_formula,1/40,'=E62,SPB:BYPASS_UNCLASSIFIED,dpv2.direct.m232.slot_056
宝箱6,232,63,虹魔戒指,247,物品,,'=1/160,exact_formula,1/160,'=E63,SPB:AUTO_BOOST,dpv2.direct.m232.slot_053
宝箱6,232,64,虹魔手镯,248,物品,,'=1/160,exact_formula,1/160,'=E64,SPB:AUTO_BOOST,dpv2.direct.m232.v505_0055
宝箱6,232,65,虹魔项链,249,物品,,'=1/160,exact_formula,1/160,'=E65,SPB:AUTO_BOOST,dpv2.direct.m232.slot_054
宝箱6,232,66,魔血戒指,244,物品,,'=1/160,exact_formula,1/160,'=E66,SPB:AUTO_BOOST,dpv2.direct.m232.v505_0051
宝箱6,232,67,魔血手镯,245,物品,,'=1/160,exact_formula,1/160,'=E67,SPB:AUTO_BOOST,dpv2.direct.m232.slot_051
宝箱6,232,68,魔血项链,246,物品,,'=1/160,exact_formula,1/160,'=E68,SPB:AUTO_BOOST,dpv2.direct.m232.slot_052
宝箱6,232,69,冰咆哮,920002,物品,,'=1/120,exact_formula,1/120,'=E69,SPB:BYPASS_UNCLASSIFIED,dpv2.direct.m232.slot_059
宝箱6,232,70,召唤神兽,920005,物品,,'=1/120,exact_formula,1/120,'=E70,SPB:BYPASS_UNCLASSIFIED,dpv2.direct.m232.slot_060
宝箱6,232,71,烈火剑法,920028,物品,,'=1/120,exact_formula,1/120,'=E71,SPB:BYPASS_UNCLASSIFIED,dpv2.direct.m232.slot_058
宝箱7,233,6,太阳水 ×5,920014,物品,,'=1/1,exact_formula,1/1,'=E6,SPB:BYPASS_COMMON_RECOVERY,dpv2.direct.m233.slot_023 等5个独立槽
宝箱7,233,7,强效太阳水 ×5,920016,物品,,'=1/1,exact_formula,1/1,'=E7,SPB:BYPASS_COMMON_RECOVERY,dpv2.direct.m233.slot_008 等5个独立槽
宝箱7,233,8,超级金创药,920017,物品,,'=1/1,exact_formula,1/1,'=E8,SPB:BYPASS_COMMON_RECOVERY,dpv2.direct.m233.slot_030
宝箱7,233,9,超级魔法药,920042,物品,,'=1/1,exact_formula,1/1,'=E9,SPB:BYPASS_COMMON_RECOVERY,dpv2.direct.m233.slot_034
宝箱7,233,10,金币,,金币,15000,'=1/1,exact_formula,1/1,'=E10,SPB:BYPASS_GOLD,dpv2.direct.m233.v505_0001
宝箱7,233,11,太阳水 ×5,920014,物品,,'=1/2,exact_formula,1/2,'=E11,SPB:BYPASS_COMMON_RECOVERY,dpv2.direct.m233.slot_018 等5个独立槽
宝箱7,233,12,强效太阳水 ×5,920016,物品,,'=1/2,exact_formula,1/2,'=E12,SPB:BYPASS_COMMON_RECOVERY,dpv2.direct.m233.slot_013 等5个独立槽
宝箱7,233,13,超级金创药 ×4,920017,物品,,'=1/2,exact_formula,1/2,'=E13,SPB:BYPASS_COMMON_RECOVERY,dpv2.direct.m233.slot_028 等4个独立槽
宝箱7,233,14,超级魔法药 ×3,920042,物品,,'=1/2,exact_formula,1/2,'=E14,SPB:BYPASS_COMMON_RECOVERY,dpv2.direct.m233.slot_029 等3个独立槽
宝箱7,233,15,偃月,95,物品,,'=1/3,exact_formula,1/3,'=E15,SPB:AUTO_BOOST,dpv2.direct.m233.slot_090
宝箱7,233,16,小手镯,175,物品,,'=1/3,exact_formula,1/3,'=E16,SPB:AUTO_BOOST,dpv2.direct.m233.slot_096
宝箱7,233,17,斩马刀,94,物品,,'=1/3,exact_formula,1/3,'=E17,SPB:AUTO_BOOST,dpv2.direct.m233.slot_089
宝箱7,233,18,珍珠戒指,205,物品,,'=1/3,exact_formula,1/3,'=E18,SPB:AUTO_BOOST,dpv2.direct.m233.slot_087
宝箱7,233,19,生铁戒指,201,物品,,'=1/3,exact_formula,1/3,'=E19,SPB:AUTO_BOOST,dpv2.direct.m233.slot_092
宝箱7,233,20,白色虎齿项链,159,物品,,'=1/3,exact_formula,1/3,'=E20,SPB:AUTO_BOOST,dpv2.direct.m233.slot_093
宝箱7,233,21,白金项链,155,物品,,'=1/3,exact_formula,1/3,'=E21,SPB:AUTO_BOOST,dpv2.direct.m233.slot_094
宝箱7,233,22,破魂,93,物品,,'=1/3,exact_formula,1/3,'=E22,SPB:AUTO_BOOST,dpv2.direct.m233.slot_088
宝箱7,233,23,蛇眼戒指,204,物品,,'=1/3,exact_formula,1/3,'=E23,SPB:AUTO_BOOST,dpv2.direct.m233.slot_086
宝箱7,233,24,道士手镯,185,物品,,'=1/3,exact_formula,1/3,'=E24,SPB:AUTO_BOOST,dpv2.direct.m233.slot_082
宝箱7,233,25,降魔 ×2,96,物品,,'=1/3,exact_formula,1/3,'=E25,SPB:AUTO_BOOST,dpv2.direct.m233.slot_084 等2个独立槽
宝箱7,233,26,骷髅戒指,207,物品,,'=1/3,exact_formula,1/3,'=E26,SPB:AUTO_BOOST,dpv2.direct.m233.slot_095
宝箱7,233,27,魔力手镯,186,物品,,'=1/3,exact_formula,1/3,'=E27,SPB:AUTO_BOOST,dpv2.direct.m233.v505_0093
宝箱7,233,28,黑檀手镯,184,物品,,'=1/3,exact_formula,1/3,'=E28,SPB:AUTO_BOOST,dpv2.direct.m233.slot_083
宝箱7,233,29,黑色水晶戒指,203,物品,,'=1/3,exact_formula,1/3,'=E29,SPB:AUTO_BOOST,dpv2.direct.m233.slot_085
宝箱7,233,30,灵魂战衣(男),127,物品,,'=1/5,exact_formula,1/5,'=E30,SPB:AUTO_BOOST,dpv2.direct.m233.slot_067
宝箱7,233,31,灵魂战衣(男),126,物品,,'=1/5,exact_formula,1/5,'=E31,SPB:AUTO_BOOST,dpv2.direct.m233.slot_068
宝箱7,233,32,蓝翡翠项链,165,物品,,'=1/5,exact_formula,1/5,'=E32,SPB:AUTO_BOOST,dpv2.direct.m233.slot_072
宝箱7,233,33,道德戒指,209,物品,,'=1/5,exact_formula,1/5,'=E33,SPB:AUTO_BOOST,dpv2.direct.m233.slot_074
宝箱7,233,34,重盔甲(男),122,物品,,'=1/5,exact_formula,1/5,'=E34,SPB:AUTO_BOOST,dpv2.direct.m233.slot_065
宝箱7,233,35,重盔甲(男),123,物品,,'=1/5,exact_formula,1/5,'=E35,SPB:AUTO_BOOST,dpv2.direct.m233.slot_066
宝箱7,233,36,金戒指,206,物品,,'=1/5,exact_formula,1/5,'=E36,SPB:AUTO_BOOST,dpv2.direct.m233.slot_071
宝箱7,233,37,金手镯,188,物品,,'=1/5,exact_formula,1/5,'=E37,SPB:AUTO_BOOST,dpv2.direct.m233.slot_073
宝箱7,233,38,魅力戒指,208,物品,,'=1/5,exact_formula,1/5,'=E38,SPB:AUTO_BOOST,dpv2.direct.m233.slot_075
宝箱7,233,39,魔法长袍(男),124,物品,,'=1/5,exact_formula,1/5,'=E39,SPB:AUTO_BOOST,dpv2.direct.m233.slot_069
宝箱7,233,40,魔法长袍(男),125,物品,,'=1/5,exact_formula,1/5,'=E40,SPB:AUTO_BOOST,dpv2.direct.m233.slot_070
宝箱7,233,41,幽灵战衣(男),133,物品,,'=1/10,exact_formula,1/10,'=E41,SPB:AUTO_BOOST,dpv2.direct.m233.slot_078
宝箱7,233,42,幽灵战衣(男),132,物品,,'=1/10,exact_formula,1/10,'=E42,SPB:AUTO_BOOST,dpv2.direct.m233.slot_079
宝箱7,233,43,恶魔长袍(男),130,物品,,'=1/10,exact_formula,1/10,'=E43,SPB:AUTO_BOOST,dpv2.direct.m233.slot_080
宝箱7,233,44,恶魔长袍(男),131,物品,,'=1/10,exact_formula,1/10,'=E44,SPB:AUTO_BOOST,dpv2.direct.m233.slot_081
宝箱7,233,45,战神盔甲(男),128,物品,,'=1/10,exact_formula,1/10,'=E45,SPB:AUTO_BOOST,dpv2.direct.m233.slot_076
宝箱7,233,46,战神盔甲(男),129,物品,,'=1/10,exact_formula,1/10,'=E46,SPB:AUTO_BOOST,dpv2.direct.m233.slot_077
宝箱7,233,47,体力强效神水,910001,物品,,'=1/20,exact_formula,1/20,'=E47,SPB:AUTO_BOOST;SPB_CEILING_1_20,dpv2.direct.m233.v505_0006
宝箱7,233,48,修罗,97,物品,,'=1/20,exact_formula,1/20,'=E48,SPB:AUTO_BOOST;SPB_CEILING_1_20,dpv2.direct.m233.slot_063
宝箱7,233,49,凝霜,98,物品,,'=1/20,exact_formula,1/20,'=E49,SPB:AUTO_BOOST;SPB_CEILING_1_20,dpv2.direct.m233.slot_059
宝箱7,233,50,天珠项链,170,物品,,'=1/20,exact_formula,1/20,'=E50,SPB:AUTO_BOOST;SPB_CEILING_1_20,dpv2.direct.m233.v505_0052
宝箱7,233,51,幽灵项链,168,物品,,'=1/20,exact_formula,1/20,'=E51,SPB:AUTO_BOOST;SPB_CEILING_1_20,dpv2.direct.m233.slot_049
宝箱7,233,52,攻击神水,910004,物品,,'=1/20,exact_formula,1/20,'=E52,SPB:AUTO_BOOST;SPB_CEILING_1_20,dpv2.direct.m233.slot_002
宝箱7,233,53,放大镜,166,物品,,'=1/20,exact_formula,1/20,'=E53,SPB:AUTO_BOOST;SPB_CEILING_1_20,dpv2.direct.m233.slot_056
宝箱7,233,54,死神手套,187,物品,,'=1/20,exact_formula,1/20,'=E54,SPB:AUTO_BOOST;SPB_CEILING_1_20,dpv2.direct.m233.slot_062
宝箱7,233,55,炼狱,99,物品,,'=1/20,exact_formula,1/20,'=E55,SPB:AUTO_BOOST;SPB_CEILING_1_20,dpv2.direct.m233.slot_047
宝箱7,233,56,珊瑚戒指,210,物品,,'=1/20,exact_formula,1/20,'=E56,SPB:AUTO_BOOST;SPB_CEILING_1_20,dpv2.direct.m233.slot_060
宝箱7,233,57,生命项链,169,物品,,'=1/60,exact_formula,1/60,'=E57,SPB:AUTO_BOOST;SPB_CEILING_1_20,dpv2.direct.m233.slot_048
宝箱7,233,58,疾风神水,910003,物品,,'=1/20,exact_formula,1/20,'=E58,SPB:AUTO_BOOST;SPB_CEILING_1_20,dpv2.direct.m233.v505_0005
宝箱7,233,59,竹笛,167,物品,,'=1/20,exact_formula,1/20,'=E59,SPB:AUTO_BOOST;SPB_CEILING_1_20,dpv2.direct.m233.slot_057
宝箱7,233,60,精神神水,910006,物品,,'=1/20,exact_formula,1/20,'=E60,SPB:AUTO_BOOST;SPB_CEILING_1_20,dpv2.direct.m233.slot_004
宝箱7,233,61,记忆头盔,228,物品,,'=1/60,exact_formula,1/60,'=E61,SPB:AUTO_BOOST;SPB_CEILING_1_20,dpv2.direct.m233.slot_050
宝箱7,233,62,道士头盔,149,物品,,'=1/20,exact_formula,1/20,'=E62,SPB:AUTO_BOOST;SPB_CEILING_1_20,dpv2.direct.m233.slot_058
宝箱7,233,63,银蛇,101,物品,,'=1/60,exact_formula,1/60,'=E63,SPB:AUTO_BOOST;SPB_CEILING_1_20,dpv2.direct.m233.v505_0049
宝箱7,233,64,降妖除魔戒指,211,物品,,'=1/20,exact_formula,1/20,'=E64,SPB:AUTO_BOOST;SPB_CEILING_1_20,dpv2.direct.m233.slot_061
宝箱7,233,65,骷髅头盔,150,物品,,'=1/20,exact_formula,1/20,'=E65,SPB:AUTO_BOOST;SPB_CEILING_1_20,dpv2.direct.m233.slot_064
宝箱7,233,66,魔力强效神水,910002,物品,,'=1/20,exact_formula,1/20,'=E66,SPB:AUTO_BOOST;SPB_CEILING_1_20,dpv2.direct.m233.v505_0007
宝箱7,233,67,魔力神水,910005,物品,,'=1/20,exact_formula,1/20,'=E67,SPB:AUTO_BOOST;SPB_CEILING_1_20,dpv2.direct.m233.slot_003
宝箱7,233,68,魔杖,100,物品,,'=1/60,exact_formula,1/60,'=E68,SPB:AUTO_BOOST;SPB_CEILING_1_20,dpv2.direct.m233.slot_053
宝箱7,233,69,半月弯刀,920004,物品,,'=1/80,exact_formula,1/80,'=E69,SPB:BYPASS_UNCLASSIFIED,dpv2.direct.m233.slot_043
宝箱7,233,70,虹魔戒指,247,物品,,'=1/80,exact_formula,1/80,'=E70,SPB:AUTO_BOOST,dpv2.direct.m233.slot_039
宝箱7,233,71,虹魔手镯,248,物品,,'=1/80,exact_formula,1/80,'=E71,SPB:AUTO_BOOST,dpv2.direct.m233.v505_0063
宝箱7,233,72,虹魔项链,249,物品,,'=1/80,exact_formula,1/80,'=E72,SPB:AUTO_BOOST,dpv2.direct.m233.slot_040
宝箱7,233,73,魔血戒指,244,物品,,'=1/80,exact_formula,1/80,'=E73,SPB:AUTO_BOOST,dpv2.direct.m233.v505_0059
宝箱7,233,74,魔血手镯,245,物品,,'=1/80,exact_formula,1/80,'=E74,SPB:AUTO_BOOST,dpv2.direct.m233.slot_037
宝箱7,233,75,魔血项链,246,物品,,'=1/80,exact_formula,1/80,'=E75,SPB:AUTO_BOOST,dpv2.direct.m233.slot_038
宝箱7,233,76,困魔咒,920008,物品,,'=1/100,exact_formula,1/100,'=E76,SPB:BYPASS_UNCLASSIFIED,dpv2.direct.m233.slot_041
宝箱7,233,77,野蛮冲撞,920043,物品,,'=1/100,exact_formula,1/100,'=E77,SPB:BYPASS_UNCLASSIFIED,dpv2.direct.m233.v505_0040
宝箱7,233,78,井中月,102,物品,,'=1/200,exact_formula,1/200,'=E78,SPB:AUTO_BOOST,dpv2.direct.m233.slot_051
宝箱7,233,79,无极棍,104,物品,,'=1/200,exact_formula,1/200,'=E79,SPB:AUTO_BOOST,dpv2.direct.m233.slot_055
宝箱7,233,80,地狱雷光,920011,物品,,'=1/240,exact_formula,1/240,'=E80,SPB:BYPASS_UNCLASSIFIED,dpv2.direct.m233.slot_042
宝箱7,233,81,魔法盾,920051,物品,,'=1/240,exact_formula,1/240,'=E81,SPB:BYPASS_UNCLASSIFIED,dpv2.direct.m233.v505_0041
宝箱7,233,82,裁决之杖,105,物品,,'=1/360,exact_formula,1/360,'=E82,SPB:AUTO_BOOST,dpv2.direct.m233.slot_052
宝箱7,233,83,骨玉权杖,106,物品,,'=1/360,exact_formula,1/360,'=E83,SPB:AUTO_BOOST,dpv2.direct.m233.slot_054
宝箱7,233,84,龙纹剑,107,物品,,'=1/360,exact_formula,1/360,'=E84,SPB:AUTO_BOOST,dpv2.direct.m233.v505_0056
宝箱7,233,85,群体治疗术,920036,物品,,'=1/100,exact_formula,1/100,'=E85,SPB:BYPASS_UNCLASSIFIED,dpv2.direct.m233.v505_0043
宝箱7,233,86,召唤神兽,920005,物品,,'=1/100,exact_formula,1/100,'=E86,SPB:BYPASS_UNCLASSIFIED,dpv2.direct.m233.slot_046
宝箱7,233,87,烈火剑法,920028,物品,,'=1/100,exact_formula,1/100,'=E87,SPB:BYPASS_UNCLASSIFIED,dpv2.direct.m233.slot_044
宝箱7,233,88,冰咆哮,920002,物品,,'=1/100,exact_formula,1/100,'=E88,SPB:BYPASS_UNCLASSIFIED,dpv2.direct.m233.slot_045
宝箱7,233,89,圣言术,920009,物品,,'=1/100,exact_formula,1/100,'=E89,SPB:BYPASS_UNCLASSIFIED,dpv2.direct.m233.v505_0042
宝箱8,234,6,太阳水 ×3,920014,物品,,'=1/1,exact_formula,1/1,'=E6,SPB:BYPASS_COMMON_RECOVERY,dpv2.direct.m234.slot_013 等3个独立槽
宝箱8,234,7,强效太阳水 ×4,920016,物品,,'=1/1,exact_formula,1/1,'=E7,SPB:BYPASS_COMMON_RECOVERY,dpv2.direct.m234.slot_005 等4个独立槽
宝箱8,234,8,超级金创药 ×3,920017,物品,,'=1/1,exact_formula,1/1,'=E8,SPB:BYPASS_COMMON_RECOVERY,dpv2.direct.m234.slot_018 等3个独立槽
宝箱8,234,9,超级魔法药 ×3,920042,物品,,'=1/1,exact_formula,1/1,'=E9,SPB:BYPASS_COMMON_RECOVERY,dpv2.direct.m234.slot_023 等3个独立槽
宝箱8,234,10,金币,,金币,17500,'=1/1,exact_formula,1/1,'=E10,SPB:BYPASS_GOLD,dpv2.direct.m234.v505_0001
宝箱8,234,11,太阳水 ×2,920014,物品,,'=1/2,exact_formula,1/2,'=E11,SPB:BYPASS_COMMON_RECOVERY,dpv2.direct.m234.slot_011 等2个独立槽
宝箱8,234,12,强效太阳水 ×2,920016,物品,,'=1/2,exact_formula,1/2,'=E12,SPB:BYPASS_COMMON_RECOVERY,dpv2.direct.m234.slot_009 等2个独立槽
宝箱8,234,13,超级金创药 ×2,920017,物品,,'=1/2,exact_formula,1/2,'=E13,SPB:BYPASS_COMMON_RECOVERY,dpv2.direct.m234.slot_016 等2个独立槽
宝箱8,234,14,超级魔法药 ×2,920042,物品,,'=1/2,exact_formula,1/2,'=E14,SPB:BYPASS_COMMON_RECOVERY,dpv2.direct.m234.slot_021 等2个独立槽
宝箱8,234,15,偃月,95,物品,,'=1/5,exact_formula,1/5,'=E15,SPB:AUTO_BOOST,dpv2.direct.m234.slot_077
宝箱8,234,16,小手镯,175,物品,,'=1/5,exact_formula,1/5,'=E16,SPB:AUTO_BOOST,dpv2.direct.m234.slot_082
宝箱8,234,17,斩马刀,94,物品,,'=1/5,exact_formula,1/5,'=E17,SPB:AUTO_BOOST,dpv2.direct.m234.slot_076
宝箱8,234,18,珍珠戒指,205,物品,,'=1/5,exact_formula,1/5,'=E18,SPB:AUTO_BOOST,dpv2.direct.m234.slot_074
宝箱8,234,19,生铁戒指,201,物品,,'=1/5,exact_formula,1/5,'=E19,SPB:AUTO_BOOST,dpv2.direct.m234.slot_078
宝箱8,234,20,白色虎齿项链,159,物品,,'=1/5,exact_formula,1/5,'=E20,SPB:AUTO_BOOST,dpv2.direct.m234.slot_079
宝箱8,234,21,白金项链,155,物品,,'=1/5,exact_formula,1/5,'=E21,SPB:AUTO_BOOST,dpv2.direct.m234.slot_080
宝箱8,234,22,破魂,93,物品,,'=1/5,exact_formula,1/5,'=E22,SPB:AUTO_BOOST,dpv2.direct.m234.slot_075
宝箱8,234,23,蓝翡翠项链,165,物品,,'=1/5,exact_formula,1/5,'=E23,SPB:AUTO_BOOST,dpv2.direct.m234.slot_064
宝箱8,234,24,蛇眼戒指,204,物品,,'=1/5,exact_formula,1/5,'=E24,SPB:AUTO_BOOST,dpv2.direct.m234.slot_073
宝箱8,234,25,道士手镯,185,物品,,'=1/5,exact_formula,1/5,'=E25,SPB:AUTO_BOOST,dpv2.direct.m234.slot_068
宝箱8,234,26,道德戒指,209,物品,,'=1/5,exact_formula,1/5,'=E26,SPB:AUTO_BOOST,dpv2.direct.m234.slot_066
宝箱8,234,27,金戒指,206,物品,,'=1/5,exact_formula,1/5,'=E27,SPB:AUTO_BOOST,dpv2.direct.m234.slot_063
宝箱8,234,28,金手镯,188,物品,,'=1/5,exact_formula,1/5,'=E28,SPB:AUTO_BOOST,dpv2.direct.m234.slot_065
宝箱8,234,29,降魔,96,物品,,'=1/5,exact_formula,1/5,'=E29,SPB:AUTO_BOOST,dpv2.direct.m234.slot_071
宝箱8,234,30,骷髅戒指,207,物品,,'=1/5,exact_formula,1/5,'=E30,SPB:AUTO_BOOST,dpv2.direct.m234.slot_081
宝箱8,234,31,魅力戒指,208,物品,,'=1/5,exact_formula,1/5,'=E31,SPB:AUTO_BOOST,dpv2.direct.m234.slot_067
宝箱8,234,32,魔力手镯,186,物品,,'=1/5,exact_formula,1/5,'=E32,SPB:AUTO_BOOST,dpv2.direct.m234.v505_0073
宝箱8,234,33,魔法头盔,148,物品,,'=1/5,exact_formula,1/5,'=E33,SPB:AUTO_BOOST,dpv2.direct.m234.slot_069
宝箱8,234,34,黑檀手镯,184,物品,,'=1/5,exact_formula,1/5,'=E34,SPB:AUTO_BOOST,dpv2.direct.m234.slot_070
宝箱8,234,35,黑色水晶戒指,203,物品,,'=1/5,exact_formula,1/5,'=E35,SPB:AUTO_BOOST,dpv2.direct.m234.slot_072
宝箱8,234,36,三眼手镯,191,物品,,'=1/20,exact_formula,1/20,'=E36,SPB:AUTO_BOOST;SPB_CEILING_1_20,dpv2.direct.m234.slot_030
宝箱8,234,37,体力强效神水,910001,物品,,'=1/20,exact_formula,1/20,'=E37,SPB:AUTO_BOOST;SPB_CEILING_1_20,dpv2.direct.m234.v505_0006
宝箱8,234,38,修罗,97,物品,,'=1/20,exact_formula,1/20,'=E38,SPB:AUTO_BOOST;SPB_CEILING_1_20,dpv2.direct.m234.slot_062
宝箱8,234,39,凝霜,98,物品,,'=1/20,exact_formula,1/20,'=E39,SPB:AUTO_BOOST;SPB_CEILING_1_20,dpv2.direct.m234.slot_057
宝箱8,234,40,天珠项链,170,物品,,'=1/20,exact_formula,1/20,'=E40,SPB:AUTO_BOOST;SPB_CEILING_1_20,dpv2.direct.m234.slot_035
宝箱8,234,41,幽灵手套,189,物品,,'=1/20,exact_formula,1/20,'=E41,SPB:AUTO_BOOST;SPB_CEILING_1_20,dpv2.direct.m234.slot_038
宝箱8,234,42,思贝儿手镯,190,物品,,'=1/20,exact_formula,1/20,'=E42,SPB:AUTO_BOOST;SPB_CEILING_1_20,dpv2.direct.m234.slot_031
宝箱8,234,43,攻击神水,910004,物品,,'=1/20,exact_formula,1/20,'=E43,SPB:AUTO_BOOST;SPB_CEILING_1_20,dpv2.direct.m234.slot_002
宝箱8,234,44,放大镜,166,物品,,'=1/20,exact_formula,1/20,'=E44,SPB:AUTO_BOOST;SPB_CEILING_1_20,dpv2.direct.m234.slot_054
宝箱8,234,45,死神手套,187,物品,,'=1/20,exact_formula,1/20,'=E45,SPB:AUTO_BOOST;SPB_CEILING_1_20,dpv2.direct.m234.slot_061
宝箱8,234,46,珊瑚戒指,210,物品,,'=1/20,exact_formula,1/20,'=E46,SPB:AUTO_BOOST;SPB_CEILING_1_20,dpv2.direct.m234.slot_058
宝箱8,234,47,生命项链,169,物品,,'=1/20,exact_formula,1/20,'=E47,SPB:AUTO_BOOST;SPB_CEILING_1_20,dpv2.direct.m234.slot_034
宝箱8,234,48,疾风神水,910003,物品,,'=1/20,exact_formula,1/20,'=E48,SPB:AUTO_BOOST;SPB_CEILING_1_20,dpv2.direct.m234.v505_0005
宝箱8,234,49,祝福油,920033,物品,,'=1/20,exact_formula,1/20,'=E49,SPB:AUTO_BOOST;SPB_CEILING_1_20,dpv2.direct.m234.slot_029
宝箱8,234,50,竹笛,167,物品,,'=1/20,exact_formula,1/20,'=E50,SPB:AUTO_BOOST;SPB_CEILING_1_20,dpv2.direct.m234.slot_055
宝箱8,234,51,精神神水,910006,物品,,'=1/20,exact_formula,1/20,'=E51,SPB:AUTO_BOOST;SPB_CEILING_1_20,dpv2.direct.m234.slot_004
宝箱8,234,52,红宝石戒指,213,物品,,'=1/40,exact_formula,1/40,'=E52,SPB:AUTO_BOOST;SPB_CEILING_1_20,dpv2.direct.m234.slot_036
宝箱8,234,53,记忆头盔,228,物品,,'=1/40,exact_formula,1/40,'=E53,SPB:AUTO_BOOST;SPB_CEILING_1_20,dpv2.direct.m234.slot_033
宝箱8,234,54,记忆项链,229,物品,,'=1/40,exact_formula,1/40,'=E54,SPB:AUTO_BOOST;SPB_CEILING_1_20,dpv2.direct.m234.slot_032
宝箱8,234,55,道士头盔,149,物品,,'=1/20,exact_formula,1/20,'=E55,SPB:AUTO_BOOST;SPB_CEILING_1_20,dpv2.direct.m234.slot_056
宝箱8,234,56,铂金戒指,214,物品,,'=1/40,exact_formula,1/40,'=E56,SPB:AUTO_BOOST;SPB_CEILING_1_20,dpv2.direct.m234.slot_037
宝箱8,234,57,降妖除魔戒指,211,物品,,'=1/20,exact_formula,1/20,'=E57,SPB:AUTO_BOOST;SPB_CEILING_1_20,dpv2.direct.m234.slot_059
宝箱8,234,58,骷髅头盔,150,物品,,'=1/20,exact_formula,1/20,'=E58,SPB:AUTO_BOOST;SPB_CEILING_1_20,dpv2.direct.m234.v505_0062
宝箱8,234,59,魔力强效神水,910002,物品,,'=1/20,exact_formula,1/20,'=E59,SPB:AUTO_BOOST;SPB_CEILING_1_20,dpv2.direct.m234.v505_0007
宝箱8,234,60,魔力神水,910005,物品,,'=1/20,exact_formula,1/20,'=E60,SPB:AUTO_BOOST;SPB_CEILING_1_20,dpv2.direct.m234.slot_003
宝箱8,234,61,炼狱,99,物品,,'=5/144,exact_formula,5/144,'=E61,SPB:AUTO_BOOST,dpv2.direct.m234.slot_026
宝箱8,234,62,银蛇,101,物品,,'=5/144,exact_formula,5/144,'=E62,SPB:AUTO_BOOST,dpv2.direct.m234.slot_028
宝箱8,234,63,魔杖,100,物品,,'=5/144,exact_formula,5/144,'=E63,SPB:AUTO_BOOST,dpv2.direct.m234.slot_027
宝箱8,234,64,虹魔戒指,247,物品,,'=1/40,exact_formula,1/40,'=E64,SPB:AUTO_BOOST,dpv2.direct.m234.slot_041
宝箱8,234,65,虹魔手镯,248,物品,,'=1/40,exact_formula,1/40,'=E65,SPB:AUTO_BOOST,dpv2.direct.m234.v505_0046
宝箱8,234,66,虹魔项链,249,物品,,'=1/40,exact_formula,1/40,'=E66,SPB:AUTO_BOOST,dpv2.direct.m234.slot_042
宝箱8,234,67,魔血戒指,244,物品,,'=1/40,exact_formula,1/40,'=E67,SPB:AUTO_BOOST,dpv2.direct.m234.v505_0042
宝箱8,234,68,魔血手镯,245,物品,,'=1/40,exact_formula,1/40,'=E68,SPB:AUTO_BOOST,dpv2.direct.m234.slot_039
宝箱8,234,69,魔血项链,246,物品,,'=1/40,exact_formula,1/40,'=E69,SPB:AUTO_BOOST,dpv2.direct.m234.slot_040
宝箱8,234,70,井中月,102,物品,,'=1/120,exact_formula,1/120,'=E70,SPB:AUTO_BOOST,dpv2.direct.m234.slot_050
宝箱8,234,71,无极棍,104,物品,,'=1/120,exact_formula,1/120,'=E71,SPB:AUTO_BOOST,dpv2.direct.m234.slot_053
宝箱8,234,72,裁决之杖,105,物品,,'=1/255,exact_formula,1/255,'=E72,SPB:AUTO_BOOST,dpv2.direct.m234.slot_049
宝箱8,234,73,骨玉权杖,106,物品,,'=1/255,exact_formula,1/255,'=E73,SPB:AUTO_BOOST,dpv2.direct.m234.slot_052
宝箱8,234,74,龙纹剑,107,物品,,'=1/255,exact_formula,1/255,'=E74,SPB:AUTO_BOOST,dpv2.direct.m234.v505_0052
宝箱8,234,75,冰咆哮,920002,物品,,'=1/80,exact_formula,1/80,'=E75,SPB:BYPASS_UNCLASSIFIED,dpv2.direct.m234.slot_047
宝箱8,234,76,召唤神兽,920005,物品,,'=1/80,exact_formula,1/80,'=E76,SPB:BYPASS_UNCLASSIFIED,dpv2.direct.m234.slot_048
宝箱8,234,77,烈火剑法,920028,物品,,'=1/80,exact_formula,1/80,'=E77,SPB:BYPASS_UNCLASSIFIED,dpv2.direct.m234.slot_046
蛤蟆,19,6,金币,,金币,150,'=1/4,exact_formula,1/4,'=E6,SPB:BYPASS_GOLD,dpv2.direct.m19.slot_001
蛤蟆,19,7,乌木剑,82,物品,,'=1/20,exact_formula,1/20,'=E7,SPB:AUTO_BOOST;SPB_CEILING_1_20;小怪装备分母x3,dpv2.direct.m19.slot_006
蛤蟆,19,8,传统项链,154,物品,,'=1/20,exact_formula,1/20,'=E8,SPB:AUTO_BOOST;SPB_CEILING_1_20;小怪装备分母x3,dpv2.direct.m19.slot_010
蛤蟆,19,9,匕首,81,物品,,'=1/20,exact_formula,1/20,'=E9,SPB:AUTO_BOOST;SPB_CEILING_1_20;小怪装备分母x3,dpv2.direct.m19.slot_005
蛤蟆,19,10,古铜戒指,197,物品,,'=1/20,exact_formula,1/20,'=E10,SPB:AUTO_BOOST;SPB_CEILING_1_20;小怪装备分母x3,dpv2.direct.m19.slot_008
蛤蟆,19,11,布衣(男),116,物品,,'=1/20,exact_formula,1/20,'=E11,SPB:AUTO_BOOST;SPB_CEILING_1_20;小怪装备分母x3,dpv2.direct.m19.slot_002
蛤蟆,19,12,布衣(男),117,物品,,'=1/20,exact_formula,1/20,'=E12,SPB:AUTO_BOOST;SPB_CEILING_1_20;小怪装备分母x3,dpv2.direct.m19.slot_003
蛤蟆,19,13,木剑,80,物品,,'=1/20,exact_formula,1/20,'=E13,SPB:AUTO_BOOST;SPB_CEILING_1_20;小怪装备分母x3,dpv2.direct.m19.slot_004
蛤蟆,19,14,金项链,153,物品,,'=1/20,exact_formula,1/20,'=E14,SPB:AUTO_BOOST;SPB_CEILING_1_20;小怪装备分母x3,dpv2.direct.m19.slot_007
蛤蟆,19,15,铁手镯,174,物品,,'=1/20,exact_formula,1/20,'=E15,SPB:AUTO_BOOST;SPB_CEILING_1_20;小怪装备分母x3,dpv2.direct.m19.slot_009
蛤蟆,19,16,体力强效神水,910001,物品,,'=1/60,exact_formula,1/60,'=E16,SPB:AUTO_BOOST;小怪神水分母x6,dpv2.direct.m19.slot_013
蛤蟆,19,17,攻击神水,910004,物品,,'=1/60,exact_formula,1/60,'=E17,SPB:AUTO_BOOST;小怪神水分母x6,dpv2.direct.m19.slot_011
蛤蟆,19,18,疾风神水,910003,物品,,'=1/60,exact_formula,1/60,'=E18,SPB:AUTO_BOOST;小怪神水分母x6,dpv2.direct.m19.slot_012
掷斧骷髅,50,6,金币,,金币,1000,'=1/2,exact_formula,1/2,'=E6,SPB:BYPASS_GOLD,dpv2.direct.m50.slot_001
掷斧骷髅,50,7,六角戒指,198,物品,,'=1/30,exact_formula,1/30,'=E7,SPB:AUTO_BOOST;SPB_CEILING_1_20;小怪装备分母x3,dpv2.direct.m50.slot_005
掷斧骷髅,50,8,大手镯,179,物品,,'=1/30,exact_formula,1/30,'=E8,SPB:AUTO_BOOST;SPB_CEILING_1_20;小怪装备分母x3,dpv2.direct.m50.slot_010
掷斧骷髅,50,9,小手镯,175,物品,,'=1/30,exact_formula,1/30,'=E9,SPB:AUTO_BOOST;SPB_CEILING_1_20;小怪装备分母x3,dpv2.direct.m50.slot_003
掷斧骷髅,50,10,牛角戒指,200,物品,,'=1/30,exact_formula,1/30,'=E10,SPB:AUTO_BOOST;SPB_CEILING_1_20;小怪装备分母x3,dpv2.direct.m50.slot_009
掷斧骷髅,50,11,玻璃戒指,199,物品,,'=1/30,exact_formula,1/30,'=E11,SPB:AUTO_BOOST;SPB_CEILING_1_20;小怪装备分母x3,dpv2.direct.m50.slot_004
掷斧骷髅,50,12,皮制手套,177,物品,,'=1/30,exact_formula,1/30,'=E12,SPB:AUTO_BOOST;SPB_CEILING_1_20;小怪装备分母x3,dpv2.direct.m50.slot_006
掷斧骷髅,50,13,短剑,84,物品,,'=1/30,exact_formula,1/30,'=E13,SPB:AUTO_BOOST;小怪装备分母x3,dpv2.direct.m50.slot_012
掷斧骷髅,50,14,轻型盔甲(男),118,物品,,'=1/30,exact_formula,1/30,'=E14,SPB:AUTO_BOOST;小怪装备分母x3,dpv2.direct.m50.slot_013
掷斧骷髅,50,15,轻型盔甲(男),119,物品,,'=1/30,exact_formula,1/30,'=E15,SPB:AUTO_BOOST;小怪装备分母x3,dpv2.direct.m50.slot_014
掷斧骷髅,50,16,钢手镯,178,物品,,'=1/30,exact_formula,1/30,'=E16,SPB:AUTO_BOOST;SPB_CEILING_1_20;小怪装备分母x3,dpv2.direct.m50.slot_008
掷斧骷髅,50,17,铁剑,85,物品,,'=1/30,exact_formula,1/30,'=E17,SPB:AUTO_BOOST;小怪装备分母x3,dpv2.direct.m50.slot_011
掷斧骷髅,50,18,银手镯,176,物品,,'=1/30,exact_formula,1/30,'=E18,SPB:AUTO_BOOST;SPB_CEILING_1_20;小怪装备分母x3,dpv2.direct.m50.slot_007
掷斧骷髅,50,19,青铜剑,83,物品,,'=1/30,exact_formula,1/30,'=E19,SPB:AUTO_BOOST;SPB_CEILING_1_20;小怪装备分母x3,dpv2.direct.m50.slot_002
掷斧骷髅,50,20,青铜头盔,147,物品,,'=1/30,exact_formula,1/30,'=E20,SPB:AUTO_BOOST;小怪装备分母x3,dpv2.direct.m50.slot_019
掷斧骷髅,50,21,青铜斧,87,物品,,'=1/30,exact_formula,1/30,'=E21,SPB:AUTO_BOOST;小怪装备分母x3,dpv2.direct.m50.slot_015
掷斧骷髅,50,22,黄色水晶项链,158,物品,,'=1/30,exact_formula,1/30,'=E22,SPB:AUTO_BOOST;小怪装备分母x3,dpv2.direct.m50.slot_017
掷斧骷髅,50,23,黑檀项链,157,物品,,'=1/30,exact_formula,1/30,'=E23,SPB:AUTO_BOOST;小怪装备分母x3,dpv2.direct.m50.slot_016
掷斧骷髅,50,24,黑色水晶项链,156,物品,,'=1/30,exact_formula,1/30,'=E24,SPB:AUTO_BOOST;小怪装备分母x3,dpv2.direct.m50.slot_018
掷斧骷髅,50,25,体力强效神水,910001,物品,,'=1/60,exact_formula,1/60,'=E25,SPB:AUTO_BOOST;小怪神水分母x6,dpv2.direct.m50.slot_022
掷斧骷髅,50,26,八荒,89,物品,,'=1/60,exact_formula,1/60,'=E26,SPB:AUTO_BOOST;小怪装备分母x3,dpv2.direct.m50.slot_024
掷斧骷髅,50,27,凌风,92,物品,,'=1/60,exact_formula,1/60,'=E27,SPB:AUTO_BOOST;小怪装备分母x3,dpv2.direct.m50.slot_027
掷斧骷髅,50,28,凤凰明珠,163,物品,,'=1/60,exact_formula,1/60,'=E28,SPB:AUTO_BOOST;小怪装备分母x3,dpv2.direct.m50.slot_031
掷斧骷髅,50,29,半月,91,物品,,'=1/60,exact_formula,1/60,'=E29,SPB:AUTO_BOOST;小怪装备分母x3,dpv2.direct.m50.slot_025
掷斧骷髅,50,30,坚固手套,182,物品,,'=1/60,exact_formula,1/60,'=E30,SPB:AUTO_BOOST;小怪装备分母x3,dpv2.direct.m50.slot_032
掷斧骷髅,50,31,攻击神水,910004,物品,,'=1/60,exact_formula,1/60,'=E31,SPB:AUTO_BOOST;小怪神水分母x6,dpv2.direct.m50.slot_020
掷斧骷髅,50,32,海魂,90,物品,,'=1/60,exact_formula,1/60,'=E32,SPB:AUTO_BOOST;小怪装备分母x3,dpv2.direct.m50.slot_026
掷斧骷髅,50,33,灯笼项链,164,物品,,'=1/60,exact_formula,1/60,'=E33,SPB:AUTO_BOOST;小怪装备分母x3,dpv2.direct.m50.slot_034
掷斧骷髅,50,34,琥珀项链,162,物品,,'=1/60,exact_formula,1/60,'=E34,SPB:AUTO_BOOST;小怪装备分母x3,dpv2.direct.m50.slot_030
掷斧骷髅,50,35,蓝色水晶戒指,202,物品,,'=1/60,exact_formula,1/60,'=E35,SPB:AUTO_BOOST;小怪装备分母x3,dpv2.direct.m50.slot_028
掷斧骷髅,50,36,魔力强效神水,910002,物品,,'=1/60,exact_formula,1/60,'=E36,SPB:AUTO_BOOST;小怪神水分母x6,dpv2.direct.m50.slot_023
掷斧骷髅,50,37,魔力神水,910005,物品,,'=1/60,exact_formula,1/60,'=E37,SPB:AUTO_BOOST;小怪神水分母x6,dpv2.direct.m50.slot_021
掷斧骷髅,50,38,魔法手镯,183,物品,,'=1/60,exact_formula,1/60,'=E38,SPB:AUTO_BOOST;小怪装备分母x3,dpv2.direct.m50.slot_033
掷斧骷髅,50,39,魔鬼项链,161,物品,,'=1/60,exact_formula,1/60,'=E39,SPB:AUTO_BOOST;小怪装备分母x3,dpv2.direct.m50.slot_029
威思而小虫,103,6,金创药(小量),920045,物品,,'=1/10,exact_formula,1/10,'=E6,SPB:BYPASS_COMMON_RECOVERY,dpv2.direct.m103.slot_001
威思而小虫,103,7,魔法药(小量),920053,物品,,'=1/15,exact_formula,1/15,'=E7,SPB:BYPASS_COMMON_RECOVERY,dpv2.direct.m103.slot_002
多角虫,105,6,金币,,金币,500,'=1/4,exact_formula,1/4,'=E6,SPB:BYPASS_GOLD,dpv2.direct.m105.v505_0001
多角虫,105,7,乌木剑,82,物品,,'=1/30,exact_formula,1/30,'=E7,SPB:AUTO_BOOST;SPB_CEILING_1_20;小怪装备分母x3,dpv2.direct.m105.slot_010
多角虫,105,8,传统项链,154,物品,,'=1/30,exact_formula,1/30,'=E8,SPB:AUTO_BOOST;SPB_CEILING_1_20;小怪装备分母x3,dpv2.direct.m105.slot_005
多角虫,105,9,六角戒指,198,物品,,'=1/30,exact_formula,1/30,'=E9,SPB:AUTO_BOOST;SPB_CEILING_1_20;小怪装备分母x3,dpv2.direct.m105.slot_014
多角虫,105,10,匕首,81,物品,,'=1/30,exact_formula,1/30,'=E10,SPB:AUTO_BOOST;SPB_CEILING_1_20;小怪装备分母x3,dpv2.direct.m105.slot_009
多角虫,105,11,古铜戒指,197,物品,,'=1/30,exact_formula,1/30,'=E11,SPB:AUTO_BOOST;SPB_CEILING_1_20;小怪装备分母x3,dpv2.direct.m105.slot_003
多角虫,105,12,大手镯,179,物品,,'=1/30,exact_formula,1/30,'=E12,SPB:AUTO_BOOST;SPB_CEILING_1_20;小怪装备分母x3,dpv2.direct.m105.slot_019
多角虫,105,13,小手镯,175,物品,,'=1/30,exact_formula,1/30,'=E13,SPB:AUTO_BOOST;SPB_CEILING_1_20;小怪装备分母x3,dpv2.direct.m105.slot_012
多角虫,105,14,布衣(男),116,物品,,'=1/30,exact_formula,1/30,'=E14,SPB:AUTO_BOOST;SPB_CEILING_1_20;小怪装备分母x3,dpv2.direct.m105.slot_006
多角虫,105,16,木剑,80,物品,,'=1/30,exact_formula,1/30,'=E16,SPB:AUTO_BOOST;SPB_CEILING_1_20;小怪装备分母x3,dpv2.direct.m105.slot_008
多角虫,105,17,牛角戒指,200,物品,,'=1/30,exact_formula,1/30,'=E17,SPB:AUTO_BOOST;SPB_CEILING_1_20;小怪装备分母x3,dpv2.direct.m105.slot_018
多角虫,105,18,玻璃戒指,199,物品,,'=1/30,exact_formula,1/30,'=E18,SPB:AUTO_BOOST;SPB_CEILING_1_20;小怪装备分母x3,dpv2.direct.m105.slot_013
多角虫,105,19,皮制手套,177,物品,,'=1/30,exact_formula,1/30,'=E19,SPB:AUTO_BOOST;SPB_CEILING_1_20;小怪装备分母x3,dpv2.direct.m105.slot_015
多角虫,105,20,金项链,153,物品,,'=1/30,exact_formula,1/30,'=E20,SPB:AUTO_BOOST;SPB_CEILING_1_20;小怪装备分母x3,dpv2.direct.m105.slot_002
多角虫,105,21,钢手镯,178,物品,,'=1/30,exact_formula,1/30,'=E21,SPB:AUTO_BOOST;SPB_CEILING_1_20;小怪装备分母x3,dpv2.direct.m105.slot_017
多角虫,105,22,铁手镯,174,物品,,'=1/30,exact_formula,1/30,'=E22,SPB:AUTO_BOOST;SPB_CEILING_1_20;小怪装备分母x3,dpv2.direct.m105.slot_004
多角虫,105,23,银手镯,176,物品,,'=1/30,exact_formula,1/30,'=E23,SPB:AUTO_BOOST;SPB_CEILING_1_20;小怪装备分母x3,dpv2.direct.m105.slot_016
多角虫,105,24,青铜剑,83,物品,,'=1/30,exact_formula,1/30,'=E24,SPB:AUTO_BOOST;SPB_CEILING_1_20;小怪装备分母x3,dpv2.direct.m105.slot_011
多角虫,105,25,短剑,84,物品,,'=1/60,exact_formula,1/60,'=E25,SPB:AUTO_BOOST;小怪装备分母x3,dpv2.direct.m105.slot_021
多角虫,105,26,轻型盔甲(男),118,物品,,'=1/60,exact_formula,1/60,'=E26,SPB:AUTO_BOOST;小怪装备分母x3,dpv2.direct.m105.slot_022
多角虫,105,28,铁剑,85,物品,,'=1/60,exact_formula,1/60,'=E28,SPB:AUTO_BOOST;小怪装备分母x3,dpv2.direct.m105.slot_020
多角虫,105,29,青铜头盔,147,物品,,'=1/60,exact_formula,1/60,'=E29,SPB:AUTO_BOOST;小怪装备分母x3,dpv2.direct.m105.slot_028
多角虫,105,30,青铜斧,87,物品,,'=1/60,exact_formula,1/60,'=E30,SPB:AUTO_BOOST;小怪装备分母x3,dpv2.direct.m105.slot_024
多角虫,105,31,黄色水晶项链,158,物品,,'=1/60,exact_formula,1/60,'=E31,SPB:AUTO_BOOST;小怪装备分母x3,dpv2.direct.m105.slot_026
多角虫,105,32,黑檀项链,157,物品,,'=1/60,exact_formula,1/60,'=E32,SPB:AUTO_BOOST;小怪装备分母x3,dpv2.direct.m105.slot_025
多角虫,105,33,黑色水晶项链,156,物品,,'=1/60,exact_formula,1/60,'=E33,SPB:AUTO_BOOST;小怪装备分母x3,dpv2.direct.m105.slot_027
多角虫,105,34,体力强效神水,910001,物品,,'=1/60,exact_formula,1/60,'=E34,SPB:AUTO_BOOST;小怪神水分母x6,dpv2.direct.m105.slot_031
多角虫,105,35,攻击神水,910004,物品,,'=1/60,exact_formula,1/60,'=E35,SPB:AUTO_BOOST;小怪神水分母x6,dpv2.direct.m105.slot_029
多角虫,105,36,疾风神水,910003,物品,,'=1/60,exact_formula,1/60,'=E36,SPB:AUTO_BOOST;小怪神水分母x6,dpv2.direct.m105.v505_0030
巨型多角虫,107,6,太阳水 ×5,920014,物品,,'=1/1,exact_formula,1/1,'=E6,SPB:BYPASS_COMMON_RECOVERY,dpv2.direct.m107.slot_007 等5个独立槽
巨型多角虫,107,7,强效太阳水 ×3,920016,物品,,'=1/1,exact_formula,1/1,'=E7,SPB:BYPASS_COMMON_RECOVERY,dpv2.direct.m107.slot_002 等3个独立槽
巨型多角虫,107,8,金创药(中量) ×3,920044,物品,,'=1/1,exact_formula,1/1,'=E8,SPB:BYPASS_COMMON_RECOVERY,dpv2.direct.m107.v505_0017 等3个独立槽
巨型多角虫,107,9,金币,,金币,6000,'=1/1,exact_formula,1/1,'=E9,SPB:BYPASS_GOLD,dpv2.direct.m107.v505_0001
巨型多角虫,107,10,魔法药(中量) ×3,920052,物品,,'=1/1,exact_formula,1/1,'=E10,SPB:BYPASS_COMMON_RECOVERY,dpv2.direct.m107.v505_0022 等3个独立槽
巨型多角虫,107,11,基本剑术,920012,物品,,'=1/2,exact_formula,1/2,'=E11,SPB:BYPASS_UNCLASSIFIED,dpv2.direct.m107.slot_053
巨型多角虫,107,12,太阳水 ×5,920014,物品,,'=1/2,exact_formula,1/2,'=E12,SPB:BYPASS_COMMON_RECOVERY,dpv2.direct.m107.slot_012 等5个独立槽
巨型多角虫,107,13,强效太阳水 ×2,920016,物品,,'=1/2,exact_formula,1/2,'=E13,SPB:BYPASS_COMMON_RECOVERY,dpv2.direct.m107.slot_005 等2个独立槽
巨型多角虫,107,14,治愈术,920024,物品,,'=1/2,exact_formula,1/2,'=E14,SPB:BYPASS_UNCLASSIFIED,dpv2.direct.m107.slot_052
巨型多角虫,107,15,精神力战法,920035,物品,,'=1/2,exact_formula,1/2,'=E15,SPB:BYPASS_UNCLASSIFIED,dpv2.direct.m107.slot_051
巨型多角虫,107,16,金创药(中量) ×2,920044,物品,,'=1/2,exact_formula,1/2,'=E16,SPB:BYPASS_COMMON_RECOVERY,dpv2.direct.m107.v505_0020 等2个独立槽
巨型多角虫,107,17,魔法药(中量) ×2,920052,物品,,'=1/2,exact_formula,1/2,'=E17,SPB:BYPASS_COMMON_RECOVERY,dpv2.direct.m107.v505_0025 等2个独立槽
巨型多角虫,107,18,抗拒火环,920020,物品,,'=1/5,exact_formula,1/5,'=E18,SPB:BYPASS_UNCLASSIFIED,dpv2.direct.m107.slot_041
巨型多角虫,107,19,诱惑之光,920041,物品,,'=1/5,exact_formula,1/5,'=E19,SPB:BYPASS_UNCLASSIFIED,dpv2.direct.m107.slot_040
巨型多角虫,107,20,六角戒指,198,物品,,'=1/6,exact_formula,1/6,'=E20,SPB:AUTO_BOOST;小怪装备分母x3,dpv2.direct.m107.slot_045
巨型多角虫,107,21,大手镯,179,物品,,'=1/6,exact_formula,1/6,'=E21,SPB:AUTO_BOOST;小怪装备分母x3,dpv2.direct.m107.slot_050
巨型多角虫,107,22,小手镯,175,物品,,'=1/6,exact_formula,1/6,'=E22,SPB:AUTO_BOOST;小怪装备分母x3,dpv2.direct.m107.slot_043
巨型多角虫,107,23,牛角戒指,200,物品,,'=1/6,exact_formula,1/6,'=E23,SPB:AUTO_BOOST;小怪装备分母x3,dpv2.direct.m107.slot_049
巨型多角虫,107,24,玻璃戒指,199,物品,,'=1/6,exact_formula,1/6,'=E24,SPB:AUTO_BOOST;小怪装备分母x3,dpv2.direct.m107.slot_044
巨型多角虫,107,25,皮制手套,177,物品,,'=1/6,exact_formula,1/6,'=E25,SPB:AUTO_BOOST;小怪装备分母x3,dpv2.direct.m107.slot_046
巨型多角虫,107,26,钢手镯,178,物品,,'=1/6,exact_formula,1/6,'=E26,SPB:AUTO_BOOST;小怪装备分母x3,dpv2.direct.m107.slot_048
巨型多角虫,107,27,银手镯,176,物品,,'=1/6,exact_formula,1/6,'=E27,SPB:AUTO_BOOST;小怪装备分母x3,dpv2.direct.m107.slot_047
巨型多角虫,107,28,青铜剑,83,物品,,'=1/6,exact_formula,1/6,'=E28,SPB:AUTO_BOOST;小怪装备分母x3,dpv2.direct.m107.slot_042
巨型多角虫,107,29,地狱火,920010,物品,,'=1/10,exact_formula,1/10,'=E29,SPB:BYPASS_UNCLASSIFIED,dpv2.direct.m107.slot_030
巨型多角虫,107,30,灵魂火符,920027,物品,,'=1/10,exact_formula,1/10,'=E30,SPB:BYPASS_UNCLASSIFIED,dpv2.direct.m107.slot_028
巨型多角虫,107,31,雷电术,920048,物品,,'=1/10,exact_formula,1/10,'=E31,SPB:BYPASS_UNCLASSIFIED,dpv2.direct.m107.slot_029
巨型多角虫,107,32,短剑,84,物品,,'=1/15,exact_formula,1/15,'=E32,SPB:AUTO_BOOST;小怪装备分母x3,dpv2.direct.m107.slot_032
巨型多角虫,107,33,轻型盔甲(男),118,物品,,'=1/15,exact_formula,1/15,'=E33,SPB:AUTO_BOOST;小怪装备分母x3,dpv2.direct.m107.slot_033
巨型多角虫,107,34,轻型盔甲(男),119,物品,,'=1/15,exact_formula,1/15,'=E34,SPB:AUTO_BOOST;小怪装备分母x3,dpv2.direct.m107.slot_034
巨型多角虫,107,35,铁剑,85,物品,,'=1/15,exact_formula,1/15,'=E35,SPB:AUTO_BOOST;小怪装备分母x3,dpv2.direct.m107.slot_031
巨型多角虫,107,36,青铜头盔,147,物品,,'=1/15,exact_formula,1/15,'=E36,SPB:AUTO_BOOST;小怪装备分母x3,dpv2.direct.m107.slot_039
巨型多角虫,107,37,青铜斧,87,物品,,'=1/15,exact_formula,1/15,'=E37,SPB:AUTO_BOOST;小怪装备分母x3,dpv2.direct.m107.slot_035
巨型多角虫,107,38,黄色水晶项链,158,物品,,'=1/15,exact_formula,1/15,'=E38,SPB:AUTO_BOOST;小怪装备分母x3,dpv2.direct.m107.slot_037
巨型多角虫,107,39,黑檀项链,157,物品,,'=1/15,exact_formula,1/15,'=E39,SPB:AUTO_BOOST;小怪装备分母x3,dpv2.direct.m107.slot_036
巨型多角虫,107,40,黑色水晶项链,156,物品,,'=1/15,exact_formula,1/15,'=E40,SPB:AUTO_BOOST;小怪装备分母x3,dpv2.direct.m107.slot_038
巨型多角虫,107,41,八荒,89,物品,,'=1/30,exact_formula,1/30,'=E41,SPB:AUTO_BOOST;小怪装备分母x3,dpv2.direct.m107.slot_017
巨型多角虫,107,42,凌风,92,物品,,'=1/30,exact_formula,1/30,'=E42,SPB:AUTO_BOOST;小怪装备分母x3,dpv2.direct.m107.slot_019
巨型多角虫,107,43,凤凰明珠,163,物品,,'=1/30,exact_formula,1/30,'=E43,SPB:AUTO_BOOST;小怪装备分母x3,dpv2.direct.m107.slot_023
巨型多角虫,107,44,坚固手套,182,物品,,'=1/30,exact_formula,1/30,'=E44,SPB:AUTO_BOOST;小怪装备分母x3,dpv2.direct.m107.slot_024
巨型多角虫,107,45,海魂,90,物品,,'=1/30,exact_formula,1/30,'=E45,SPB:AUTO_BOOST;小怪装备分母x3,dpv2.direct.m107.slot_018
巨型多角虫,107,46,灯笼项链,164,物品,,'=1/30,exact_formula,1/30,'=E46,SPB:AUTO_BOOST;小怪装备分母x3,dpv2.direct.m107.slot_026
巨型多角虫,107,47,琥珀项链,162,物品,,'=1/30,exact_formula,1/30,'=E47,SPB:AUTO_BOOST;小怪装备分母x3,dpv2.direct.m107.slot_022
巨型多角虫,107,48,蓝色水晶戒指,202,物品,,'=1/30,exact_formula,1/30,'=E48,SPB:AUTO_BOOST;小怪装备分母x3,dpv2.direct.m107.slot_020
巨型多角虫,107,49,魔法头盔,148,物品,,'=1/30,exact_formula,1/30,'=E49,SPB:AUTO_BOOST;小怪装备分母x3,dpv2.direct.m107.slot_027
巨型多角虫,107,50,魔法手镯,183,物品,,'=1/30,exact_formula,1/30,'=E50,SPB:AUTO_BOOST;小怪装备分母x3,dpv2.direct.m107.v505_0035
巨型多角虫,107,51,魔鬼项链,161,物品,,'=1/30,exact_formula,1/30,'=E51,SPB:AUTO_BOOST;小怪装备分母x3,dpv2.direct.m107.slot_021
黑色恶蛆,112,6,金币,,金币,1000,'=1/4,exact_formula,1/4,'=E6,SPB:BYPASS_GOLD,dpv2.direct.m112.v505_0001
黑色恶蛆,112,7,太阳水,920014,物品,,'=1/5,exact_formula,1/5,'=E7,SPB:BYPASS_COMMON_RECOVERY,dpv2.direct.m112.slot_002
黑色恶蛆,112,8,短剑,84,物品,,'=1/30,exact_formula,1/30,'=E8,SPB:AUTO_BOOST;小怪装备分母x3,dpv2.direct.m112.slot_044
黑色恶蛆,112,9,轻型盔甲(男),118,物品,,'=1/30,exact_formula,1/30,'=E9,SPB:AUTO_BOOST;小怪装备分母x3,dpv2.direct.m112.slot_045
黑色恶蛆,112,10,轻型盔甲(男),119,物品,,'=1/30,exact_formula,1/30,'=E10,SPB:AUTO_BOOST;小怪装备分母x3,dpv2.direct.m112.slot_046
黑色恶蛆,112,11,铁剑,85,物品,,'=1/30,exact_formula,1/30,'=E11,SPB:AUTO_BOOST;小怪装备分母x3,dpv2.direct.m112.slot_043
黑色恶蛆,112,12,青铜头盔,147,物品,,'=1/30,exact_formula,1/30,'=E12,SPB:AUTO_BOOST;小怪装备分母x3,dpv2.direct.m112.slot_051
黑色恶蛆,112,13,青铜斧,87,物品,,'=1/30,exact_formula,1/30,'=E13,SPB:AUTO_BOOST;小怪装备分母x3,dpv2.direct.m112.slot_047
黑色恶蛆,112,14,黄色水晶项链,158,物品,,'=1/30,exact_formula,1/30,'=E14,SPB:AUTO_BOOST;小怪装备分母x3,dpv2.direct.m112.slot_049
黑色恶蛆,112,15,黑檀项链,157,物品,,'=1/30,exact_formula,1/30,'=E15,SPB:AUTO_BOOST;小怪装备分母x3,dpv2.direct.m112.slot_048
黑色恶蛆,112,16,黑色水晶项链,156,物品,,'=1/30,exact_formula,1/30,'=E16,SPB:AUTO_BOOST;小怪装备分母x3,dpv2.direct.m112.slot_050
黑色恶蛆,112,17,战神油,920019,物品,,'=1/192,exact_formula,1/192,'=E17,SPB:AUTO_BOOST,dpv2.direct.m112.slot_003
黑色恶蛆,112,18,祝福油,920033,物品,,'=1/192,exact_formula,1/192,'=E18,SPB:AUTO_BOOST,dpv2.direct.m112.v505_0003
黑色恶蛆,112,19,八荒,89,物品,,'=1/60,exact_formula,1/60,'=E19,SPB:AUTO_BOOST;小怪装备分母x3,dpv2.direct.m112.slot_032
黑色恶蛆,112,20,凌风,92,物品,,'=1/60,exact_formula,1/60,'=E20,SPB:AUTO_BOOST;小怪装备分母x3,dpv2.direct.m112.slot_035
黑色恶蛆,112,21,凤凰明珠,163,物品,,'=1/60,exact_formula,1/60,'=E21,SPB:AUTO_BOOST;小怪装备分母x3,dpv2.direct.m112.slot_039
黑色恶蛆,112,22,半月,91,物品,,'=1/60,exact_formula,1/60,'=E22,SPB:AUTO_BOOST;小怪装备分母x3,dpv2.direct.m112.slot_033
黑色恶蛆,112,23,坚固手套,182,物品,,'=1/60,exact_formula,1/60,'=E23,SPB:AUTO_BOOST;小怪装备分母x3,dpv2.direct.m112.slot_040
黑色恶蛆,112,24,海魂,90,物品,,'=1/60,exact_formula,1/60,'=E24,SPB:AUTO_BOOST;小怪装备分母x3,dpv2.direct.m112.slot_034
黑色恶蛆,112,25,灯笼项链,164,物品,,'=1/60,exact_formula,1/60,'=E25,SPB:AUTO_BOOST;小怪装备分母x3,dpv2.direct.m112.slot_042
黑色恶蛆,112,26,琥珀项链,162,物品,,'=1/60,exact_formula,1/60,'=E26,SPB:AUTO_BOOST;小怪装备分母x3,dpv2.direct.m112.slot_038
黑色恶蛆,112,27,蓝色水晶戒指,202,物品,,'=1/60,exact_formula,1/60,'=E27,SPB:AUTO_BOOST;小怪装备分母x3,dpv2.direct.m112.slot_036
黑色恶蛆,112,28,魔法手镯,183,物品,,'=1/60,exact_formula,1/60,'=E28,SPB:AUTO_BOOST;小怪装备分母x3,dpv2.direct.m112.v505_0043
黑色恶蛆,112,29,魔鬼项链,161,物品,,'=1/60,exact_formula,1/60,'=E29,SPB:AUTO_BOOST;小怪装备分母x3,dpv2.direct.m112.slot_037
黑色恶蛆,112,30,偃月,95,物品,,'=1/80,exact_formula,1/80,'=E30,SPB:AUTO_BOOST;小怪装备分母x3,dpv2.direct.m112.slot_026
黑色恶蛆,112,31,小手镯,175,物品,,'=1/80,exact_formula,1/80,'=E31,SPB:AUTO_BOOST;小怪装备分母x3,dpv2.direct.m112.slot_031
黑色恶蛆,112,32,斩马刀,94,物品,,'=1/80,exact_formula,1/80,'=E32,SPB:AUTO_BOOST;小怪装备分母x3,dpv2.direct.m112.slot_025
黑色恶蛆,112,33,珍珠戒指,205,物品,,'=1/80,exact_formula,1/80,'=E33,SPB:AUTO_BOOST;小怪装备分母x3,dpv2.direct.m112.slot_023
黑色恶蛆,112,34,生铁戒指,201,物品,,'=1/80,exact_formula,1/80,'=E34,SPB:AUTO_BOOST;小怪装备分母x3,dpv2.direct.m112.slot_027
黑色恶蛆,112,35,白色虎齿项链,159,物品,,'=1/80,exact_formula,1/80,'=E35,SPB:AUTO_BOOST;小怪装备分母x3,dpv2.direct.m112.slot_028
黑色恶蛆,112,36,白金项链,155,物品,,'=1/80,exact_formula,1/80,'=E36,SPB:AUTO_BOOST;小怪装备分母x3,dpv2.direct.m112.slot_029
黑色恶蛆,112,37,破魂,93,物品,,'=1/80,exact_formula,1/80,'=E37,SPB:AUTO_BOOST;小怪装备分母x3,dpv2.direct.m112.slot_024
黑色恶蛆,112,38,蛇眼戒指,204,物品,,'=1/80,exact_formula,1/80,'=E38,SPB:AUTO_BOOST;小怪装备分母x3,dpv2.direct.m112.slot_022
黑色恶蛆,112,39,道士手镯,185,物品,,'=1/80,exact_formula,1/80,'=E39,SPB:AUTO_BOOST;小怪装备分母x3,dpv2.direct.m112.slot_018
黑色恶蛆,112,40,降魔,96,物品,,'=1/80,exact_formula,1/80,'=E40,SPB:AUTO_BOOST;小怪装备分母x3,dpv2.direct.m112.slot_020
黑色恶蛆,112,41,骷髅戒指,207,物品,,'=1/80,exact_formula,1/80,'=E41,SPB:AUTO_BOOST;小怪装备分母x3,dpv2.direct.m112.slot_030
黑色恶蛆,112,42,魔力手镯,186,物品,,'=1/80,exact_formula,1/80,'=E42,SPB:AUTO_BOOST;小怪装备分母x3,dpv2.direct.m112.slot_041
黑色恶蛆,112,43,黑檀手镯,184,物品,,'=1/80,exact_formula,1/80,'=E43,SPB:AUTO_BOOST;小怪装备分母x3,dpv2.direct.m112.slot_019
黑色恶蛆,112,44,黑色水晶戒指,203,物品,,'=1/80,exact_formula,1/80,'=E44,SPB:AUTO_BOOST;小怪装备分母x3,dpv2.direct.m112.slot_021
黑色恶蛆,112,45,灵魂战衣(男),126,物品,,'=1/100,exact_formula,1/100,'=E45,SPB:AUTO_BOOST;小怪装备分母x3,dpv2.direct.m112.slot_009
黑色恶蛆,112,47,蓝翡翠项链,165,物品,,'=1/100,exact_formula,1/100,'=E47,SPB:AUTO_BOOST;小怪装备分母x3,dpv2.direct.m112.slot_014
黑色恶蛆,112,48,道德戒指,209,物品,,'=1/100,exact_formula,1/100,'=E48,SPB:AUTO_BOOST;小怪装备分母x3,dpv2.direct.m112.slot_016
黑色恶蛆,112,49,重盔甲(男),122,物品,,'=1/100,exact_formula,1/100,'=E49,SPB:AUTO_BOOST;小怪装备分母x3,dpv2.direct.m112.slot_007
黑色恶蛆,112,51,金戒指,206,物品,,'=1/100,exact_formula,1/100,'=E51,SPB:AUTO_BOOST;小怪装备分母x3,dpv2.direct.m112.slot_013
黑色恶蛆,112,52,金手镯,188,物品,,'=1/100,exact_formula,1/100,'=E52,SPB:AUTO_BOOST;小怪装备分母x3,dpv2.direct.m112.slot_015
黑色恶蛆,112,53,魅力戒指,208,物品,,'=1/100,exact_formula,1/100,'=E53,SPB:AUTO_BOOST;小怪装备分母x3,dpv2.direct.m112.slot_017
黑色恶蛆,112,55,魔法长袍(男),125,物品,,'=1/100,exact_formula,1/100,'=E55,SPB:AUTO_BOOST;小怪装备分母x3,dpv2.direct.m112.slot_012
黑色恶蛆,112,56,修罗,97,物品,,'=1/150,exact_formula,1/150,'=E56,SPB:AUTO_BOOST;小怪装备分母x3,dpv2.direct.m112.slot_005
黑色恶蛆,112,57,死神手套,187,物品,,'=1/150,exact_formula,1/150,'=E57,SPB:AUTO_BOOST;小怪装备分母x3,dpv2.direct.m112.slot_004
黑色恶蛆,112,58,骷髅头盔,150,物品,,'=1/150,exact_formula,1/150,'=E58,SPB:AUTO_BOOST;小怪装备分母x3,dpv2.direct.m112.slot_006
血巨人,164,6,太阳水,920014,物品,,'=1/3,exact_formula,1/3,'=E6,SPB:BYPASS_COMMON_RECOVERY,dpv2.direct.m164.slot_003
血巨人,164,7,超级金创药,920017,物品,,'=1/3,exact_formula,1/3,'=E7,SPB:BYPASS_COMMON_RECOVERY,dpv2.direct.m164.slot_004
血巨人,164,8,超级魔法药,920042,物品,,'=1/3,exact_formula,1/3,'=E8,SPB:BYPASS_COMMON_RECOVERY,dpv2.direct.m164.slot_005
血巨人,164,9,金币 ×2,,金币,2250,'=1/3,exact_formula,1/3,'=E9,SPB:BYPASS_GOLD,dpv2.direct.m164.v505_0001 等2个独立槽
血巨人,164,10,疗伤药,910007,物品,,'=1/15,exact_formula,1/15,'=E10,SPB:BYPASS_COMMON_RECOVERY,dpv2.direct.m164.slot_006
血巨人,164,11,偃月,95,物品,,'=1/60,exact_formula,1/60,'=E11,SPB:AUTO_BOOST;小怪装备分母x3,dpv2.direct.m164.slot_035
血巨人,164,12,八荒,89,物品,,'=1/60,exact_formula,1/60,'=E12,SPB:AUTO_BOOST;小怪装备分母x3,dpv2.direct.m164.slot_041
血巨人,164,13,凌风,92,物品,,'=1/60,exact_formula,1/60,'=E13,SPB:AUTO_BOOST;小怪装备分母x3,dpv2.direct.m164.slot_044
血巨人,164,14,凤凰明珠,163,物品,,'=1/60,exact_formula,1/60,'=E14,SPB:AUTO_BOOST;小怪装备分母x3,dpv2.direct.m164.slot_048
血巨人,164,15,半月,91,物品,,'=1/60,exact_formula,1/60,'=E15,SPB:AUTO_BOOST;小怪装备分母x3,dpv2.direct.m164.slot_042
血巨人,164,16,坚固手套,182,物品,,'=1/60,exact_formula,1/60,'=E16,SPB:AUTO_BOOST;小怪装备分母x3,dpv2.direct.m164.slot_049
血巨人,164,17,小手镯,175,物品,,'=1/60,exact_formula,1/60,'=E17,SPB:AUTO_BOOST;小怪装备分母x3,dpv2.direct.m164.slot_040
血巨人,164,18,斩马刀,94,物品,,'=1/60,exact_formula,1/60,'=E18,SPB:AUTO_BOOST;小怪装备分母x3,dpv2.direct.m164.slot_034
血巨人,164,19,海魂,90,物品,,'=1/60,exact_formula,1/60,'=E19,SPB:AUTO_BOOST;小怪装备分母x3,dpv2.direct.m164.slot_043
血巨人,164,20,灯笼项链,164,物品,,'=1/60,exact_formula,1/60,'=E20,SPB:AUTO_BOOST;小怪装备分母x3,dpv2.direct.m164.slot_051
血巨人,164,21,珍珠戒指,205,物品,,'=1/60,exact_formula,1/60,'=E21,SPB:AUTO_BOOST;小怪装备分母x3,dpv2.direct.m164.slot_032
血巨人,164,22,琥珀项链,162,物品,,'=1/60,exact_formula,1/60,'=E22,SPB:AUTO_BOOST;小怪装备分母x3,dpv2.direct.m164.slot_047
血巨人,164,23,生铁戒指,201,物品,,'=1/60,exact_formula,1/60,'=E23,SPB:AUTO_BOOST;小怪装备分母x3,dpv2.direct.m164.slot_036
血巨人,164,24,白色虎齿项链,159,物品,,'=1/60,exact_formula,1/60,'=E24,SPB:AUTO_BOOST;小怪装备分母x3,dpv2.direct.m164.slot_037
血巨人,164,25,白金项链,155,物品,,'=1/60,exact_formula,1/60,'=E25,SPB:AUTO_BOOST;小怪装备分母x3,dpv2.direct.m164.slot_038
血巨人,164,26,破魂,93,物品,,'=1/60,exact_formula,1/60,'=E26,SPB:AUTO_BOOST;小怪装备分母x3,dpv2.direct.m164.slot_033
血巨人,164,27,蓝色水晶戒指,202,物品,,'=1/60,exact_formula,1/60,'=E27,SPB:AUTO_BOOST;小怪装备分母x3,dpv2.direct.m164.slot_045
血巨人,164,28,蛇眼戒指,204,物品,,'=1/60,exact_formula,1/60,'=E28,SPB:AUTO_BOOST;小怪装备分母x3,dpv2.direct.m164.slot_031
血巨人,164,29,道士手镯,185,物品,,'=1/60,exact_formula,1/60,'=E29,SPB:AUTO_BOOST;小怪装备分母x3,dpv2.direct.m164.slot_027
血巨人,164,30,降魔,96,物品,,'=1/60,exact_formula,1/60,'=E30,SPB:AUTO_BOOST;小怪装备分母x3,dpv2.direct.m164.slot_029
血巨人,164,31,骷髅戒指,207,物品,,'=1/60,exact_formula,1/60,'=E31,SPB:AUTO_BOOST;小怪装备分母x3,dpv2.direct.m164.slot_039
血巨人,164,32,魔力手镯,186,物品,,'=1/60,exact_formula,1/60,'=E32,SPB:AUTO_BOOST;小怪装备分母x3,dpv2.direct.m164.slot_050
血巨人,164,33,魔法手镯,183,物品,,'=1/60,exact_formula,1/60,'=E33,SPB:AUTO_BOOST;小怪装备分母x3,dpv2.direct.m164.v505_0051
血巨人,164,34,魔鬼项链,161,物品,,'=1/60,exact_formula,1/60,'=E34,SPB:AUTO_BOOST;小怪装备分母x3,dpv2.direct.m164.slot_046
血巨人,164,35,黑檀手镯,184,物品,,'=1/60,exact_formula,1/60,'=E35,SPB:AUTO_BOOST;小怪装备分母x3,dpv2.direct.m164.slot_028
血巨人,164,36,黑色水晶戒指,203,物品,,'=1/60,exact_formula,1/60,'=E36,SPB:AUTO_BOOST;小怪装备分母x3,dpv2.direct.m164.slot_030
血巨人,164,37,灵魂战衣(男),127,物品,,'=1/60,exact_formula,1/60,'=E37,SPB:AUTO_BOOST;小怪装备分母x3,dpv2.direct.m164.slot_018
血巨人,164,39,蓝翡翠项链,165,物品,,'=1/60,exact_formula,1/60,'=E39,SPB:AUTO_BOOST;小怪装备分母x3,dpv2.direct.m164.slot_023
血巨人,164,40,道德戒指,209,物品,,'=1/60,exact_formula,1/60,'=E40,SPB:AUTO_BOOST;小怪装备分母x3,dpv2.direct.m164.slot_025
血巨人,164,41,重盔甲(男),122,物品,,'=1/60,exact_formula,1/60,'=E41,SPB:AUTO_BOOST;小怪装备分母x3,dpv2.direct.m164.slot_016
血巨人,164,43,金戒指,206,物品,,'=1/60,exact_formula,1/60,'=E43,SPB:AUTO_BOOST;小怪装备分母x3,dpv2.direct.m164.slot_022
血巨人,164,44,金手镯,188,物品,,'=1/60,exact_formula,1/60,'=E44,SPB:AUTO_BOOST;小怪装备分母x3,dpv2.direct.m164.slot_024
血巨人,164,45,魅力戒指,208,物品,,'=1/60,exact_formula,1/60,'=E45,SPB:AUTO_BOOST;小怪装备分母x3,dpv2.direct.m164.slot_026
血巨人,164,46,魔法长袍(男),124,物品,,'=1/60,exact_formula,1/60,'=E46,SPB:AUTO_BOOST;小怪装备分母x3,dpv2.direct.m164.slot_020
血巨人,164,48,凝霜,98,物品,,'=1/60,exact_formula,1/60,'=E48,SPB:AUTO_BOOST;小怪装备分母x3,dpv2.direct.m164.slot_010
血巨人,164,49,放大镜,166,物品,,'=1/60,exact_formula,1/60,'=E49,SPB:AUTO_BOOST;小怪装备分母x3,dpv2.direct.m164.slot_007
血巨人,164,50,竹笛,167,物品,,'=1/60,exact_formula,1/60,'=E50,SPB:AUTO_BOOST;小怪装备分母x3,dpv2.direct.m164.slot_008
血巨人,164,51,道士头盔,149,物品,,'=1/60,exact_formula,1/60,'=E51,SPB:AUTO_BOOST;小怪装备分母x3,dpv2.direct.m164.slot_009
血巨人,164,52,修罗,97,物品,,'=1/60,exact_formula,1/60,'=E52,SPB:AUTO_BOOST;小怪装备分母x3,dpv2.direct.m164.slot_015
血巨人,164,53,死神手套,187,物品,,'=1/60,exact_formula,1/60,'=E53,SPB:AUTO_BOOST;小怪装备分母x3,dpv2.direct.m164.slot_014
血巨人,164,54,骷髅头盔,150,物品,,'=1/60,exact_formula,1/60,'=E54,SPB:AUTO_BOOST;小怪装备分母x3,dpv2.direct.m164.slot_013
血巨人,164,55,珊瑚戒指,210,物品,,'=1/60,exact_formula,1/60,'=E55,SPB:AUTO_BOOST;小怪装备分母x3,dpv2.direct.m164.slot_011
血巨人,164,56,降妖除魔戒指,211,物品,,'=1/60,exact_formula,1/60,'=E56,SPB:AUTO_BOOST;小怪装备分母x3,dpv2.direct.m164.slot_012
血僵尸,166,6,太阳水,920014,物品,,'=1/3,exact_formula,1/3,'=E6,SPB:BYPASS_COMMON_RECOVERY,dpv2.direct.m166.slot_003
血僵尸,166,7,超级金创药,920017,物品,,'=1/3,exact_formula,1/3,'=E7,SPB:BYPASS_COMMON_RECOVERY,dpv2.direct.m166.slot_004
血僵尸,166,8,超级魔法药,920042,物品,,'=1/3,exact_formula,1/3,'=E8,SPB:BYPASS_COMMON_RECOVERY,dpv2.direct.m166.slot_005
血僵尸,166,9,金币 ×2,,金币,2250,'=1/3,exact_formula,1/3,'=E9,SPB:BYPASS_GOLD,dpv2.direct.m166.v505_0001 等2个独立槽
血僵尸,166,10,疗伤药,910007,物品,,'=1/15,exact_formula,1/15,'=E10,SPB:BYPASS_COMMON_RECOVERY,dpv2.direct.m166.slot_006
血僵尸,166,11,偃月,95,物品,,'=1/60,exact_formula,1/60,'=E11,SPB:AUTO_BOOST;小怪装备分母x3,dpv2.direct.m166.slot_035
血僵尸,166,12,八荒,89,物品,,'=1/60,exact_formula,1/60,'=E12,SPB:AUTO_BOOST;小怪装备分母x3,dpv2.direct.m166.slot_041
血僵尸,166,13,凌风,92,物品,,'=1/60,exact_formula,1/60,'=E13,SPB:AUTO_BOOST;小怪装备分母x3,dpv2.direct.m166.slot_044
血僵尸,166,14,凤凰明珠,163,物品,,'=1/60,exact_formula,1/60,'=E14,SPB:AUTO_BOOST;小怪装备分母x3,dpv2.direct.m166.slot_048
血僵尸,166,15,半月,91,物品,,'=1/60,exact_formula,1/60,'=E15,SPB:AUTO_BOOST;小怪装备分母x3,dpv2.direct.m166.slot_042
血僵尸,166,16,坚固手套,182,物品,,'=1/60,exact_formula,1/60,'=E16,SPB:AUTO_BOOST;小怪装备分母x3,dpv2.direct.m166.slot_049
血僵尸,166,17,小手镯,175,物品,,'=1/60,exact_formula,1/60,'=E17,SPB:AUTO_BOOST;小怪装备分母x3,dpv2.direct.m166.slot_040
血僵尸,166,18,斩马刀,94,物品,,'=1/60,exact_formula,1/60,'=E18,SPB:AUTO_BOOST;小怪装备分母x3,dpv2.direct.m166.slot_034
血僵尸,166,19,海魂,90,物品,,'=1/60,exact_formula,1/60,'=E19,SPB:AUTO_BOOST;小怪装备分母x3,dpv2.direct.m166.slot_043
血僵尸,166,20,灯笼项链,164,物品,,'=1/60,exact_formula,1/60,'=E20,SPB:AUTO_BOOST;小怪装备分母x3,dpv2.direct.m166.slot_051
血僵尸,166,21,珍珠戒指,205,物品,,'=1/60,exact_formula,1/60,'=E21,SPB:AUTO_BOOST;小怪装备分母x3,dpv2.direct.m166.slot_032
血僵尸,166,22,琥珀项链,162,物品,,'=1/60,exact_formula,1/60,'=E22,SPB:AUTO_BOOST;小怪装备分母x3,dpv2.direct.m166.slot_047
血僵尸,166,23,生铁戒指,201,物品,,'=1/60,exact_formula,1/60,'=E23,SPB:AUTO_BOOST;小怪装备分母x3,dpv2.direct.m166.slot_036
血僵尸,166,24,白色虎齿项链,159,物品,,'=1/60,exact_formula,1/60,'=E24,SPB:AUTO_BOOST;小怪装备分母x3,dpv2.direct.m166.slot_037
血僵尸,166,25,白金项链,155,物品,,'=1/60,exact_formula,1/60,'=E25,SPB:AUTO_BOOST;小怪装备分母x3,dpv2.direct.m166.slot_038
血僵尸,166,26,破魂,93,物品,,'=1/60,exact_formula,1/60,'=E26,SPB:AUTO_BOOST;小怪装备分母x3,dpv2.direct.m166.slot_033
血僵尸,166,27,蓝色水晶戒指,202,物品,,'=1/60,exact_formula,1/60,'=E27,SPB:AUTO_BOOST;小怪装备分母x3,dpv2.direct.m166.slot_045
血僵尸,166,28,蛇眼戒指,204,物品,,'=1/60,exact_formula,1/60,'=E28,SPB:AUTO_BOOST;小怪装备分母x3,dpv2.direct.m166.slot_031
血僵尸,166,29,道士手镯,185,物品,,'=1/60,exact_formula,1/60,'=E29,SPB:AUTO_BOOST;小怪装备分母x3,dpv2.direct.m166.slot_027
血僵尸,166,30,降魔,96,物品,,'=1/60,exact_formula,1/60,'=E30,SPB:AUTO_BOOST;小怪装备分母x3,dpv2.direct.m166.slot_029
血僵尸,166,31,骷髅戒指,207,物品,,'=1/60,exact_formula,1/60,'=E31,SPB:AUTO_BOOST;小怪装备分母x3,dpv2.direct.m166.slot_039
血僵尸,166,32,魔力手镯,186,物品,,'=1/60,exact_formula,1/60,'=E32,SPB:AUTO_BOOST;小怪装备分母x3,dpv2.direct.m166.slot_050
血僵尸,166,33,魔法手镯,183,物品,,'=1/60,exact_formula,1/60,'=E33,SPB:AUTO_BOOST;小怪装备分母x3,dpv2.direct.m166.v505_0051
血僵尸,166,34,魔鬼项链,161,物品,,'=1/60,exact_formula,1/60,'=E34,SPB:AUTO_BOOST;小怪装备分母x3,dpv2.direct.m166.slot_046
血僵尸,166,35,黑檀手镯,184,物品,,'=1/60,exact_formula,1/60,'=E35,SPB:AUTO_BOOST;小怪装备分母x3,dpv2.direct.m166.slot_028
血僵尸,166,36,黑色水晶戒指,203,物品,,'=1/60,exact_formula,1/60,'=E36,SPB:AUTO_BOOST;小怪装备分母x3,dpv2.direct.m166.slot_030
血僵尸,166,37,灵魂战衣(男),127,物品,,'=1/60,exact_formula,1/60,'=E37,SPB:AUTO_BOOST;小怪装备分母x3,dpv2.direct.m166.slot_018
血僵尸,166,39,蓝翡翠项链,165,物品,,'=1/60,exact_formula,1/60,'=E39,SPB:AUTO_BOOST;小怪装备分母x3,dpv2.direct.m166.slot_023
血僵尸,166,40,道德戒指,209,物品,,'=1/60,exact_formula,1/60,'=E40,SPB:AUTO_BOOST;小怪装备分母x3,dpv2.direct.m166.slot_025
血僵尸,166,41,重盔甲(男),122,物品,,'=1/60,exact_formula,1/60,'=E41,SPB:AUTO_BOOST;小怪装备分母x3,dpv2.direct.m166.slot_016
血僵尸,166,43,金戒指,206,物品,,'=1/60,exact_formula,1/60,'=E43,SPB:AUTO_BOOST;小怪装备分母x3,dpv2.direct.m166.slot_022
血僵尸,166,44,金手镯,188,物品,,'=1/60,exact_formula,1/60,'=E44,SPB:AUTO_BOOST;小怪装备分母x3,dpv2.direct.m166.slot_024
血僵尸,166,45,魅力戒指,208,物品,,'=1/60,exact_formula,1/60,'=E45,SPB:AUTO_BOOST;小怪装备分母x3,dpv2.direct.m166.slot_026
血僵尸,166,46,魔法长袍(男),124,物品,,'=1/60,exact_formula,1/60,'=E46,SPB:AUTO_BOOST;小怪装备分母x3,dpv2.direct.m166.slot_020
血僵尸,166,48,凝霜,98,物品,,'=1/60,exact_formula,1/60,'=E48,SPB:AUTO_BOOST;小怪装备分母x3,dpv2.direct.m166.slot_010
血僵尸,166,49,放大镜,166,物品,,'=1/60,exact_formula,1/60,'=E49,SPB:AUTO_BOOST;小怪装备分母x3,dpv2.direct.m166.slot_007
血僵尸,166,50,竹笛,167,物品,,'=1/60,exact_formula,1/60,'=E50,SPB:AUTO_BOOST;小怪装备分母x3,dpv2.direct.m166.slot_008
血僵尸,166,51,道士头盔,149,物品,,'=1/60,exact_formula,1/60,'=E51,SPB:AUTO_BOOST;小怪装备分母x3,dpv2.direct.m166.slot_009
血僵尸,166,52,修罗,97,物品,,'=1/60,exact_formula,1/60,'=E52,SPB:AUTO_BOOST;小怪装备分母x3,dpv2.direct.m166.slot_015
血僵尸,166,53,死神手套,187,物品,,'=1/60,exact_formula,1/60,'=E53,SPB:AUTO_BOOST;小怪装备分母x3,dpv2.direct.m166.slot_014
血僵尸,166,54,骷髅头盔,150,物品,,'=1/60,exact_formula,1/60,'=E54,SPB:AUTO_BOOST;小怪装备分母x3,dpv2.direct.m166.slot_013
血僵尸,166,55,珊瑚戒指,210,物品,,'=1/60,exact_formula,1/60,'=E55,SPB:AUTO_BOOST;小怪装备分母x3,dpv2.direct.m166.slot_011
血僵尸,166,56,降妖除魔戒指,211,物品,,'=1/60,exact_formula,1/60,'=E56,SPB:AUTO_BOOST;小怪装备分母x3,dpv2.direct.m166.slot_012
暴牙蜘蛛,174,6,金币,,金币,2250,'=1/3,exact_formula,1/3,'=E6,SPB:BYPASS_GOLD,dpv2.direct.m174.slot_001
暴牙蜘蛛,174,7,太阳水,920014,物品,,'=1/5,exact_formula,1/5,'=E7,SPB:BYPASS_COMMON_RECOVERY,dpv2.direct.m174.slot_002
暴牙蜘蛛,174,8,超级金创药,920017,物品,,'=1/5,exact_formula,1/5,'=E8,SPB:BYPASS_COMMON_RECOVERY,dpv2.direct.m174.slot_003
暴牙蜘蛛,174,9,超级魔法药,920042,物品,,'=1/5,exact_formula,1/5,'=E9,SPB:BYPASS_COMMON_RECOVERY,dpv2.direct.m174.slot_004
暴牙蜘蛛,174,10,太阳水,920014,物品,,'=1/25,exact_formula,1/25,'=E10,SPB:BYPASS_COMMON_RECOVERY,dpv2.direct.m174.slot_005
暴牙蜘蛛,174,11,疗伤药,910007,物品,,'=1/25,exact_formula,1/25,'=E11,SPB:BYPASS_COMMON_RECOVERY,dpv2.direct.m174.slot_006
暴牙蜘蛛,174,12,八荒,89,物品,,'=1/60,exact_formula,1/60,'=E12,SPB:AUTO_BOOST;小怪装备分母x3,dpv2.direct.m174.slot_042
暴牙蜘蛛,174,13,凌风,92,物品,,'=1/60,exact_formula,1/60,'=E13,SPB:AUTO_BOOST;小怪装备分母x3,dpv2.direct.m174.slot_052
暴牙蜘蛛,174,14,凤凰明珠,163,物品,,'=1/60,exact_formula,1/60,'=E14,SPB:AUTO_BOOST;小怪装备分母x3,dpv2.direct.m174.slot_048
暴牙蜘蛛,174,15,半月,91,物品,,'=1/60,exact_formula,1/60,'=E15,SPB:AUTO_BOOST;小怪装备分母x3,dpv2.direct.m174.slot_043
暴牙蜘蛛,174,16,坚固手套,182,物品,,'=1/60,exact_formula,1/60,'=E16,SPB:AUTO_BOOST;小怪装备分母x3,dpv2.direct.m174.slot_049
暴牙蜘蛛,174,17,海魂,90,物品,,'=1/60,exact_formula,1/60,'=E17,SPB:AUTO_BOOST;小怪装备分母x3,dpv2.direct.m174.slot_044
暴牙蜘蛛,174,18,灯笼项链,164,物品,,'=1/60,exact_formula,1/60,'=E18,SPB:AUTO_BOOST;小怪装备分母x3,dpv2.direct.m174.slot_051
暴牙蜘蛛,174,19,琥珀项链,162,物品,,'=1/60,exact_formula,1/60,'=E19,SPB:AUTO_BOOST;小怪装备分母x3,dpv2.direct.m174.slot_047
暴牙蜘蛛,174,20,蓝色水晶戒指,202,物品,,'=1/60,exact_formula,1/60,'=E20,SPB:AUTO_BOOST;小怪装备分母x3,dpv2.direct.m174.slot_045
暴牙蜘蛛,174,21,魔法手镯,183,物品,,'=1/60,exact_formula,1/60,'=E21,SPB:AUTO_BOOST;小怪装备分母x3,dpv2.direct.m174.v505_0050
暴牙蜘蛛,174,22,魔鬼项链,161,物品,,'=1/60,exact_formula,1/60,'=E22,SPB:AUTO_BOOST;小怪装备分母x3,dpv2.direct.m174.slot_046
暴牙蜘蛛,174,23,偃月,95,物品,,'=1/60,exact_formula,1/60,'=E23,SPB:AUTO_BOOST;小怪装备分母x3,dpv2.direct.m174.slot_036
暴牙蜘蛛,174,24,小手镯,175,物品,,'=1/60,exact_formula,1/60,'=E24,SPB:AUTO_BOOST;小怪装备分母x3,dpv2.direct.m174.slot_041
暴牙蜘蛛,174,25,斩马刀,94,物品,,'=1/60,exact_formula,1/60,'=E25,SPB:AUTO_BOOST;小怪装备分母x3,dpv2.direct.m174.slot_035
暴牙蜘蛛,174,26,珍珠戒指,205,物品,,'=1/60,exact_formula,1/60,'=E26,SPB:AUTO_BOOST;小怪装备分母x3,dpv2.direct.m174.slot_033
暴牙蜘蛛,174,27,生铁戒指,201,物品,,'=1/60,exact_formula,1/60,'=E27,SPB:AUTO_BOOST;小怪装备分母x3,dpv2.direct.m174.slot_037
暴牙蜘蛛,174,28,白色虎齿项链,159,物品,,'=1/60,exact_formula,1/60,'=E28,SPB:AUTO_BOOST;小怪装备分母x3,dpv2.direct.m174.slot_038
暴牙蜘蛛,174,29,白金项链,155,物品,,'=1/60,exact_formula,1/60,'=E29,SPB:AUTO_BOOST;小怪装备分母x3,dpv2.direct.m174.slot_039
暴牙蜘蛛,174,30,破魂,93,物品,,'=1/60,exact_formula,1/60,'=E30,SPB:AUTO_BOOST;小怪装备分母x3,dpv2.direct.m174.slot_034
暴牙蜘蛛,174,31,蛇眼戒指,204,物品,,'=1/60,exact_formula,1/60,'=E31,SPB:AUTO_BOOST;小怪装备分母x3,dpv2.direct.m174.slot_032
暴牙蜘蛛,174,32,道士手镯,185,物品,,'=1/60,exact_formula,1/60,'=E32,SPB:AUTO_BOOST;小怪装备分母x3,dpv2.direct.m174.slot_028
暴牙蜘蛛,174,33,降魔,96,物品,,'=1/60,exact_formula,1/60,'=E33,SPB:AUTO_BOOST;小怪装备分母x3,dpv2.direct.m174.slot_030
暴牙蜘蛛,174,34,骷髅戒指,207,物品,,'=1/60,exact_formula,1/60,'=E34,SPB:AUTO_BOOST;小怪装备分母x3,dpv2.direct.m174.slot_040
暴牙蜘蛛,174,35,魔力手镯,186,物品,,'=1/60,exact_formula,1/60,'=E35,SPB:AUTO_BOOST;小怪装备分母x3,dpv2.direct.m174.slot_050
暴牙蜘蛛,174,36,黑檀手镯,184,物品,,'=1/60,exact_formula,1/60,'=E36,SPB:AUTO_BOOST;小怪装备分母x3,dpv2.direct.m174.slot_029
暴牙蜘蛛,174,37,黑色水晶戒指,203,物品,,'=1/60,exact_formula,1/60,'=E37,SPB:AUTO_BOOST;小怪装备分母x3,dpv2.direct.m174.slot_031
暴牙蜘蛛,174,38,灵魂战衣(男),127,物品,,'=1/60,exact_formula,1/60,'=E38,SPB:AUTO_BOOST;小怪装备分母x3,dpv2.direct.m174.slot_019
暴牙蜘蛛,174,40,蓝翡翠项链,165,物品,,'=1/60,exact_formula,1/60,'=E40,SPB:AUTO_BOOST;小怪装备分母x3,dpv2.direct.m174.slot_024
暴牙蜘蛛,174,41,道德戒指,209,物品,,'=1/60,exact_formula,1/60,'=E41,SPB:AUTO_BOOST;小怪装备分母x3,dpv2.direct.m174.slot_026
暴牙蜘蛛,174,42,重盔甲(男),122,物品,,'=1/60,exact_formula,1/60,'=E42,SPB:AUTO_BOOST;小怪装备分母x3,dpv2.direct.m174.slot_017
暴牙蜘蛛,174,44,金戒指,206,物品,,'=1/60,exact_formula,1/60,'=E44,SPB:AUTO_BOOST;小怪装备分母x3,dpv2.direct.m174.slot_023
暴牙蜘蛛,174,45,金手镯,188,物品,,'=1/60,exact_formula,1/60,'=E45,SPB:AUTO_BOOST;小怪装备分母x3,dpv2.direct.m174.slot_025
暴牙蜘蛛,174,46,魅力戒指,208,物品,,'=1/60,exact_formula,1/60,'=E46,SPB:AUTO_BOOST;小怪装备分母x3,dpv2.direct.m174.slot_027
暴牙蜘蛛,174,47,魔法长袍(男),124,物品,,'=1/60,exact_formula,1/60,'=E47,SPB:AUTO_BOOST;小怪装备分母x3,dpv2.direct.m174.slot_021
暴牙蜘蛛,174,49,凝霜,98,物品,,'=1/60,exact_formula,1/60,'=E49,SPB:AUTO_BOOST;小怪装备分母x3,dpv2.direct.m174.slot_011
暴牙蜘蛛,174,50,放大镜,166,物品,,'=1/60,exact_formula,1/60,'=E50,SPB:AUTO_BOOST;小怪装备分母x3,dpv2.direct.m174.slot_008
暴牙蜘蛛,174,51,竹笛,167,物品,,'=1/60,exact_formula,1/60,'=E51,SPB:AUTO_BOOST;小怪装备分母x3,dpv2.direct.m174.slot_009
暴牙蜘蛛,174,52,道士头盔,149,物品,,'=1/60,exact_formula,1/60,'=E52,SPB:AUTO_BOOST;小怪装备分母x3,dpv2.direct.m174.slot_010
暴牙蜘蛛,174,53,修罗,97,物品,,'=1/60,exact_formula,1/60,'=E53,SPB:AUTO_BOOST;小怪装备分母x3,dpv2.direct.m174.slot_016
暴牙蜘蛛,174,54,死神手套,187,物品,,'=1/60,exact_formula,1/60,'=E54,SPB:AUTO_BOOST;小怪装备分母x3,dpv2.direct.m174.slot_015
暴牙蜘蛛,174,55,骷髅头盔,150,物品,,'=1/60,exact_formula,1/60,'=E55,SPB:AUTO_BOOST;小怪装备分母x3,dpv2.direct.m174.slot_014
暴牙蜘蛛,174,56,珊瑚戒指,210,物品,,'=1/60,exact_formula,1/60,'=E56,SPB:AUTO_BOOST;小怪装备分母x3,dpv2.direct.m174.slot_012
暴牙蜘蛛,174,57,降妖除魔戒指,211,物品,,'=1/60,exact_formula,1/60,'=E57,SPB:AUTO_BOOST;小怪装备分母x3,dpv2.direct.m174.slot_013
剧毒蜘蛛,185,7,疗伤药,910007,物品,,'=1/5,exact_formula,1/5,'=E7,SPB:BYPASS_COMMON_RECOVERY,dpv2.direct.m185.slot_002
角蝇,126,6,金币,,金币,1250,'=1/3,exact_formula,1/3,'=E6,SPB:BYPASS_GOLD,dpv2.direct.m126.v505_0001
角蝇,126,7,金创药(中量),920044,物品,,'=1/10,exact_formula,1/10,'=E7,SPB:BYPASS_COMMON_RECOVERY,dpv2.direct.m126.slot_002
角蝇,126,8,体力强效神水,910001,物品,,'=1/20,exact_formula,1/20,'=E8,SPB:AUTO_BOOST;SPB_CEILING_1_20,dpv2.direct.m126.v505_0008
角蝇,126,9,疾风神水,910003,物品,,'=1/20,exact_formula,1/20,'=E9,SPB:AUTO_BOOST;SPB_CEILING_1_20,dpv2.direct.m126.v505_0007
角蝇,126,10,精神神水,910006,物品,,'=1/20,exact_formula,1/20,'=E10,SPB:AUTO_BOOST;SPB_CEILING_1_20,dpv2.direct.m126.slot_006
角蝇,126,11,魔力神水,910005,物品,,'=1/20,exact_formula,1/20,'=E11,SPB:AUTO_BOOST;SPB_CEILING_1_20,dpv2.direct.m126.slot_005
角蝇,126,12,魔法药(中量),920052,物品,,'=1/20,exact_formula,1/20,'=E12,SPB:BYPASS_COMMON_RECOVERY,dpv2.direct.m126.slot_003
角蝇,126,13,太阳水,920014,物品,,'=1/5,exact_formula,1/5,'=E13,SPB:BYPASS_COMMON_RECOVERY,dpv2.direct.m126.slot_004
多钩猫王,31,6,金币,,金币,17500,'=1/1,exact_formula,1/1,'=E6,SPB:BYPASS_GOLD,dpv2.direct.m31.slot_001
多钩猫王,31,7,金创药(中量) ×4,920044,物品,,'=1/2,exact_formula,1/2,'=E7,SPB:BYPASS_COMMON_RECOVERY,dpv2.direct.m31.slot_006 等4个独立槽
多钩猫王,31,8,魔法药(中量) ×4,920052,物品,,'=1/2,exact_formula,1/2,'=E8,SPB:BYPASS_COMMON_RECOVERY,dpv2.direct.m31.slot_010 等4个独立槽
多钩猫王,31,9,太阳水 ×4,920014,物品,,'=1/4,exact_formula,1/4,'=E9,SPB:BYPASS_COMMON_RECOVERY;精英Boss太阳水分母x2,dpv2.direct.m31.slot_002 等4个独立槽
多钩猫王,31,10,偃月,95,物品,,'=1/5,exact_formula,1/5,'=E10,SPB:AUTO_BOOST,dpv2.direct.m31.slot_033
多钩猫王,31,11,小手镯,175,物品,,'=1/5,exact_formula,1/5,'=E11,SPB:AUTO_BOOST,dpv2.direct.m31.slot_038
多钩猫王,31,12,斩马刀,94,物品,,'=1/5,exact_formula,1/5,'=E12,SPB:AUTO_BOOST,dpv2.direct.m31.slot_032
多钩猫王,31,13,狂风戒指,222,物品,,'=1/5,exact_formula,1/5,'=E13,SPB:AUTO_BOOST;SPB_CEILING_1_20;v80:CURRENT_ELITE_BOSS_EQUIPMENT_RARE_X4,dpv2.direct.m31.slot_039
多钩猫王,31,14,珍珠戒指,205,物品,,'=1/5,exact_formula,1/5,'=E14,SPB:AUTO_BOOST,dpv2.direct.m31.slot_030
多钩猫王,31,15,生铁戒指,201,物品,,'=1/5,exact_formula,1/5,'=E15,SPB:AUTO_BOOST,dpv2.direct.m31.slot_034
多钩猫王,31,16,白色虎齿项链,159,物品,,'=1/5,exact_formula,1/5,'=E16,SPB:AUTO_BOOST,dpv2.direct.m31.slot_035
多钩猫王,31,17,白金项链,155,物品,,'=1/5,exact_formula,1/5,'=E17,SPB:AUTO_BOOST,dpv2.direct.m31.slot_036
多钩猫王,31,18,破魂,93,物品,,'=1/5,exact_formula,1/5,'=E18,SPB:AUTO_BOOST,dpv2.direct.m31.slot_031
多钩猫王,31,19,蛇眼戒指,204,物品,,'=1/5,exact_formula,1/5,'=E19,SPB:AUTO_BOOST,dpv2.direct.m31.slot_029
多钩猫王,31,20,道士手镯,185,物品,,'=1/5,exact_formula,1/5,'=E20,SPB:AUTO_BOOST,dpv2.direct.m31.slot_025
多钩猫王,31,21,降魔,96,物品,,'=1/5,exact_formula,1/5,'=E21,SPB:AUTO_BOOST,dpv2.direct.m31.slot_027
多钩猫王,31,22,骷髅戒指,207,物品,,'=1/5,exact_formula,1/5,'=E22,SPB:AUTO_BOOST,dpv2.direct.m31.slot_037
多钩猫王,31,23,黑檀手镯,184,物品,,'=1/5,exact_formula,1/5,'=E23,SPB:AUTO_BOOST,dpv2.direct.m31.slot_026
多钩猫王,31,24,黑色水晶戒指,203,物品,,'=1/5,exact_formula,1/5,'=E24,SPB:AUTO_BOOST,dpv2.direct.m31.slot_028
多钩猫王,31,25,灵魂战衣(男),127,物品,,'=1/8,exact_formula,1/8,'=E25,SPB:AUTO_BOOST,dpv2.direct.m31.slot_016
多钩猫王,31,27,蓝翡翠项链,165,物品,,'=1/8,exact_formula,1/8,'=E27,SPB:AUTO_BOOST,dpv2.direct.m31.slot_021
多钩猫王,31,28,道德戒指,209,物品,,'=1/8,exact_formula,1/8,'=E28,SPB:AUTO_BOOST,dpv2.direct.m31.slot_023
多钩猫王,31,29,重盔甲(男),122,物品,,'=1/8,exact_formula,1/8,'=E29,SPB:AUTO_BOOST,dpv2.direct.m31.slot_014
多钩猫王,31,31,金戒指,206,物品,,'=1/8,exact_formula,1/8,'=E31,SPB:AUTO_BOOST,dpv2.direct.m31.slot_020
多钩猫王,31,32,金手镯,188,物品,,'=1/8,exact_formula,1/8,'=E32,SPB:AUTO_BOOST,dpv2.direct.m31.slot_022
多钩猫王,31,33,魅力戒指,208,物品,,'=1/8,exact_formula,1/8,'=E33,SPB:AUTO_BOOST,dpv2.direct.m31.slot_024
多钩猫王,31,34,魔法长袍(男),124,物品,,'=1/8,exact_formula,1/8,'=E34,SPB:AUTO_BOOST,dpv2.direct.m31.slot_018
多钩猫王,31,36,夏普儿手镯,180,物品,,'=1/20,exact_formula,1/20,'=E36,SPB:AUTO_BOOST;SPB_CEILING_1_20,dpv2.direct.m31.slot_040
多钩猫王,31,37,躲避手链,160,物品,,'=1/20,exact_formula,1/20,'=E37,SPB:AUTO_BOOST;SPB_CEILING_1_20,dpv2.direct.m31.slot_042
多钩猫王,31,38,辟邪手镯,181,物品,,'=1/20,exact_formula,1/20,'=E38,SPB:AUTO_BOOST;SPB_CEILING_1_20,dpv2.direct.m31.slot_041
钉耙猫王,32,6,金币,,金币,17500,'=1/1,exact_formula,1/1,'=E6,SPB:BYPASS_GOLD,dpv2.direct.m32.slot_001
钉耙猫王,32,7,金创药(中量) ×4,920044,物品,,'=1/2,exact_formula,1/2,'=E7,SPB:BYPASS_COMMON_RECOVERY,dpv2.direct.m32.slot_006 等4个独立槽
钉耙猫王,32,8,魔法药(中量) ×4,920052,物品,,'=1/2,exact_formula,1/2,'=E8,SPB:BYPASS_COMMON_RECOVERY,dpv2.direct.m32.slot_010 等4个独立槽
钉耙猫王,32,9,太阳水 ×4,920014,物品,,'=1/4,exact_formula,1/4,'=E9,SPB:BYPASS_COMMON_RECOVERY;精英Boss太阳水分母x2,dpv2.direct.m32.slot_002 等4个独立槽
钉耙猫王,32,10,偃月,95,物品,,'=1/5,exact_formula,1/5,'=E10,SPB:AUTO_BOOST,dpv2.direct.m32.slot_033
钉耙猫王,32,11,小手镯,175,物品,,'=1/5,exact_formula,1/5,'=E11,SPB:AUTO_BOOST,dpv2.direct.m32.slot_038
钉耙猫王,32,12,斩马刀,94,物品,,'=1/5,exact_formula,1/5,'=E12,SPB:AUTO_BOOST,dpv2.direct.m32.slot_032
钉耙猫王,32,13,狂风戒指,222,物品,,'=1/5,exact_formula,1/5,'=E13,SPB:AUTO_BOOST;SPB_CEILING_1_20;v80:CURRENT_ELITE_BOSS_EQUIPMENT_RARE_X4,dpv2.direct.m32.slot_039
钉耙猫王,32,14,珍珠戒指,205,物品,,'=1/5,exact_formula,1/5,'=E14,SPB:AUTO_BOOST,dpv2.direct.m32.slot_030
钉耙猫王,32,15,生铁戒指,201,物品,,'=1/5,exact_formula,1/5,'=E15,SPB:AUTO_BOOST,dpv2.direct.m32.slot_034
钉耙猫王,32,16,白色虎齿项链,159,物品,,'=1/5,exact_formula,1/5,'=E16,SPB:AUTO_BOOST,dpv2.direct.m32.slot_035
钉耙猫王,32,17,白金项链,155,物品,,'=1/5,exact_formula,1/5,'=E17,SPB:AUTO_BOOST,dpv2.direct.m32.slot_036
钉耙猫王,32,18,破魂,93,物品,,'=1/5,exact_formula,1/5,'=E18,SPB:AUTO_BOOST,dpv2.direct.m32.slot_031
钉耙猫王,32,19,蛇眼戒指,204,物品,,'=1/5,exact_formula,1/5,'=E19,SPB:AUTO_BOOST,dpv2.direct.m32.slot_029
钉耙猫王,32,20,道士手镯,185,物品,,'=1/5,exact_formula,1/5,'=E20,SPB:AUTO_BOOST,dpv2.direct.m32.slot_025
钉耙猫王,32,21,降魔,96,物品,,'=1/5,exact_formula,1/5,'=E21,SPB:AUTO_BOOST,dpv2.direct.m32.slot_027
钉耙猫王,32,22,骷髅戒指,207,物品,,'=1/5,exact_formula,1/5,'=E22,SPB:AUTO_BOOST,dpv2.direct.m32.slot_037
钉耙猫王,32,23,黑檀手镯,184,物品,,'=1/5,exact_formula,1/5,'=E23,SPB:AUTO_BOOST,dpv2.direct.m32.slot_026
钉耙猫王,32,24,黑色水晶戒指,203,物品,,'=1/5,exact_formula,1/5,'=E24,SPB:AUTO_BOOST,dpv2.direct.m32.slot_028
钉耙猫王,32,25,灵魂战衣(男),127,物品,,'=1/8,exact_formula,1/8,'=E25,SPB:AUTO_BOOST,dpv2.direct.m32.slot_016
钉耙猫王,32,27,蓝翡翠项链,165,物品,,'=1/8,exact_formula,1/8,'=E27,SPB:AUTO_BOOST,dpv2.direct.m32.slot_021
钉耙猫王,32,28,道德戒指,209,物品,,'=1/8,exact_formula,1/8,'=E28,SPB:AUTO_BOOST,dpv2.direct.m32.slot_023
钉耙猫王,32,29,重盔甲(男),122,物品,,'=1/8,exact_formula,1/8,'=E29,SPB:AUTO_BOOST,dpv2.direct.m32.slot_014
钉耙猫王,32,31,金戒指,206,物品,,'=1/8,exact_formula,1/8,'=E31,SPB:AUTO_BOOST,dpv2.direct.m32.slot_020
钉耙猫王,32,32,金手镯,188,物品,,'=1/8,exact_formula,1/8,'=E32,SPB:AUTO_BOOST,dpv2.direct.m32.slot_022
钉耙猫王,32,33,魅力戒指,208,物品,,'=1/8,exact_formula,1/8,'=E33,SPB:AUTO_BOOST,dpv2.direct.m32.slot_024
钉耙猫王,32,34,魔法长袍(男),124,物品,,'=1/8,exact_formula,1/8,'=E34,SPB:AUTO_BOOST,dpv2.direct.m32.slot_018
钉耙猫王,32,36,夏普儿手镯,180,物品,,'=1/20,exact_formula,1/20,'=E36,SPB:AUTO_BOOST;SPB_CEILING_1_20,dpv2.direct.m32.slot_040
钉耙猫王,32,37,躲避手链,160,物品,,'=1/20,exact_formula,1/20,'=E37,SPB:AUTO_BOOST;SPB_CEILING_1_20,dpv2.direct.m32.slot_042
钉耙猫王,32,38,辟邪手镯,181,物品,,'=1/20,exact_formula,1/20,'=E38,SPB:AUTO_BOOST;SPB_CEILING_1_20,dpv2.direct.m32.slot_041
半兽统领,42,6,金币,,金币,20000,'=1/1,exact_formula,1/1,'=E6,SPB:BYPASS_GOLD,dpv2.direct.m42.v505_0001
半兽统领,42,7,疗伤药 ×2,910007,物品,,'=1/2,exact_formula,1/2,'=E7,SPB:BYPASS_COMMON_RECOVERY,dpv2.direct.m42.slot_008 等2个独立槽
半兽统领,42,8,超级金创药 ×4,920017,物品,,'=1/2,exact_formula,1/2,'=E8,SPB:BYPASS_COMMON_RECOVERY,dpv2.direct.m42.slot_012 等4个独立槽
半兽统领,42,9,超级魔法药 ×4,920042,物品,,'=1/2,exact_formula,1/2,'=E9,SPB:BYPASS_COMMON_RECOVERY,dpv2.direct.m42.slot_016 等4个独立槽
半兽统领,42,10,太阳水 ×2,920014,物品,,'=1/4,exact_formula,1/4,'=E10,SPB:BYPASS_COMMON_RECOVERY;精英Boss太阳水分母x2,dpv2.direct.m42.slot_006 等2个独立槽
半兽统领,42,11,强效太阳水 ×6,920016,物品,,'=1/4,exact_formula,1/4,'=E11,SPB:BYPASS_COMMON_RECOVERY;精英Boss太阳水分母x2,dpv2.direct.m42.slot_002 等6个独立槽
半兽统领,42,12,偃月,95,物品,,'=1/5,exact_formula,1/5,'=E12,SPB:AUTO_BOOST,dpv2.direct.m42.slot_036
半兽统领,42,13,小手镯,175,物品,,'=1/5,exact_formula,1/5,'=E13,SPB:AUTO_BOOST,dpv2.direct.m42.v505_0045
半兽统领,42,14,斩马刀,94,物品,,'=1/5,exact_formula,1/5,'=E14,SPB:AUTO_BOOST,dpv2.direct.m42.slot_035
半兽统领,42,15,狂风戒指,222,物品,,'=1/5,exact_formula,1/5,'=E15,SPB:AUTO_BOOST;SPB_CEILING_1_20;v80:CURRENT_ELITE_BOSS_EQUIPMENT_RARE_X4,dpv2.direct.m42.slot_041
半兽统领,42,16,珍珠戒指,205,物品,,'=1/5,exact_formula,1/5,'=E16,SPB:AUTO_BOOST,dpv2.direct.m42.v505_0037
半兽统领,42,17,生铁戒指,201,物品,,'=1/5,exact_formula,1/5,'=E17,SPB:AUTO_BOOST,dpv2.direct.m42.slot_037
半兽统领,42,18,白色虎齿项链,159,物品,,'=1/5,exact_formula,1/5,'=E18,SPB:AUTO_BOOST,dpv2.direct.m42.slot_038
半兽统领,42,19,白金项链,155,物品,,'=1/5,exact_formula,1/5,'=E19,SPB:AUTO_BOOST,dpv2.direct.m42.slot_039
半兽统领,42,20,破魂,93,物品,,'=1/5,exact_formula,1/5,'=E20,SPB:AUTO_BOOST,dpv2.direct.m42.slot_034
半兽统领,42,21,蛇眼戒指,204,物品,,'=1/5,exact_formula,1/5,'=E21,SPB:AUTO_BOOST,dpv2.direct.m42.v505_0036
半兽统领,42,22,道士手镯,185,物品,,'=1/5,exact_formula,1/5,'=E22,SPB:AUTO_BOOST,dpv2.direct.m42.slot_031
半兽统领,42,23,降魔,96,物品,,'=1/5,exact_formula,1/5,'=E23,SPB:AUTO_BOOST,dpv2.direct.m42.slot_033
半兽统领,42,24,骷髅戒指,207,物品,,'=1/5,exact_formula,1/5,'=E24,SPB:AUTO_BOOST,dpv2.direct.m42.slot_040
半兽统领,42,25,魔力手镯,186,物品,,'=1/5,exact_formula,1/5,'=E25,SPB:AUTO_BOOST,dpv2.direct.m42.v505_0033
半兽统领,42,26,黑檀手镯,184,物品,,'=1/5,exact_formula,1/5,'=E26,SPB:AUTO_BOOST,dpv2.direct.m42.slot_032
半兽统领,42,27,黑色水晶戒指,203,物品,,'=1/5,exact_formula,1/5,'=E27,SPB:AUTO_BOOST,dpv2.direct.m42.v505_0035
半兽统领,42,28,灵魂战衣(男),127,物品,,'=1/8,exact_formula,1/8,'=E28,SPB:AUTO_BOOST,dpv2.direct.m42.slot_022
半兽统领,42,30,蓝翡翠项链,165,物品,,'=1/8,exact_formula,1/8,'=E30,SPB:AUTO_BOOST,dpv2.direct.m42.slot_027
半兽统领,42,31,道德戒指,209,物品,,'=1/8,exact_formula,1/8,'=E31,SPB:AUTO_BOOST,dpv2.direct.m42.slot_029
半兽统领,42,32,重盔甲(男),122,物品,,'=1/8,exact_formula,1/8,'=E32,SPB:AUTO_BOOST,dpv2.direct.m42.slot_020
半兽统领,42,34,金戒指,206,物品,,'=1/8,exact_formula,1/8,'=E34,SPB:AUTO_BOOST,dpv2.direct.m42.slot_026
半兽统领,42,35,金手镯,188,物品,,'=1/8,exact_formula,1/8,'=E35,SPB:AUTO_BOOST,dpv2.direct.m42.slot_028
半兽统领,42,36,魅力戒指,208,物品,,'=1/8,exact_formula,1/8,'=E36,SPB:AUTO_BOOST,dpv2.direct.m42.slot_030
半兽统领,42,37,魔法长袍(男),124,物品,,'=1/8,exact_formula,1/8,'=E37,SPB:AUTO_BOOST,dpv2.direct.m42.slot_024
半兽统领,42,39,夏普儿手镯,180,物品,,'=1/20,exact_formula,1/20,'=E39,SPB:AUTO_BOOST;SPB_CEILING_1_20,dpv2.direct.m42.slot_042
半兽统领,42,40,罗刹,88,物品,,'=1/20,exact_formula,1/20,'=E40,SPB:AUTO_BOOST;SPB_CEILING_1_20,dpv2.direct.m42.slot_045
半兽统领,42,41,躲避手链,160,物品,,'=1/20,exact_formula,1/20,'=E41,SPB:AUTO_BOOST;SPB_CEILING_1_20,dpv2.direct.m42.slot_044
半兽统领,42,42,辟邪手镯,181,物品,,'=1/20,exact_formula,1/20,'=E42,SPB:AUTO_BOOST;SPB_CEILING_1_20,dpv2.direct.m42.slot_043
祖玛弓箭手3,152,6,金币,,金币,2250,'=1/3,exact_formula,1/3,'=E6,SPB:BYPASS_GOLD,dpv2.direct.m152.v505_0001
祖玛弓箭手3,152,7,修罗,97,物品,,'=1/20,exact_formula,1/20,'=E7,SPB:AUTO_BOOST;SPB_CEILING_1_20,dpv2.direct.m152.slot_041
祖玛弓箭手3,152,8,偃月,95,物品,,'=1/20,exact_formula,1/20,'=E8,SPB:AUTO_BOOST;SPB_CEILING_1_20,dpv2.direct.m152.v505_0051
祖玛弓箭手3,152,9,凝霜,98,物品,,'=1/20,exact_formula,1/20,'=E9,SPB:AUTO_BOOST;SPB_CEILING_1_20,dpv2.direct.m152.slot_024
祖玛弓箭手3,152,10,召唤神兽,920005,物品,,'=1/20,exact_formula,1/20,'=E10,SPB:BYPASS_UNCLASSIFIED;v80:CURRENT_ELITE_BOSS_EQUIPMENT_RARE_X4,dpv2.direct.m152.v505_0020
祖玛弓箭手3,152,11,小手镯,175,物品,,'=1/20,exact_formula,1/20,'=E11,SPB:AUTO_BOOST;SPB_CEILING_1_20,dpv2.direct.m152.v505_0055
祖玛弓箭手3,152,12,放大镜,166,物品,,'=1/20,exact_formula,1/20,'=E12,SPB:AUTO_BOOST;SPB_CEILING_1_20,dpv2.direct.m152.slot_021
祖玛弓箭手3,152,13,斩马刀,94,物品,,'=1/20,exact_formula,1/20,'=E13,SPB:AUTO_BOOST;SPB_CEILING_1_20,dpv2.direct.m152.v505_0050
祖玛弓箭手3,152,14,死神手套,187,物品,,'=1/20,exact_formula,1/20,'=E14,SPB:AUTO_BOOST;SPB_CEILING_1_20,dpv2.direct.m152.slot_034
祖玛弓箭手3,152,15,灵魂战衣(男),127,物品,,'=1/20,exact_formula,1/20,'=E15,SPB:AUTO_BOOST;SPB_CEILING_1_20,dpv2.direct.m152.slot_037
祖玛弓箭手3,152,16,灵魂战衣(男),126,物品,,'=1/20,exact_formula,1/20,'=E16,SPB:AUTO_BOOST;SPB_CEILING_1_20,dpv2.direct.m152.slot_038
祖玛弓箭手3,152,17,烈火剑法,920028,物品,,'=1/20,exact_formula,1/20,'=E17,SPB:BYPASS_UNCLASSIFIED;v80:CURRENT_ELITE_BOSS_EQUIPMENT_RARE_X4,dpv2.direct.m152.v505_0021
祖玛弓箭手3,152,18,珊瑚戒指,210,物品,,'=1/20,exact_formula,1/20,'=E18,SPB:AUTO_BOOST;SPB_CEILING_1_20,dpv2.direct.m152.slot_025
祖玛弓箭手3,152,19,珍珠戒指,205,物品,,'=1/20,exact_formula,1/20,'=E19,SPB:AUTO_BOOST;SPB_CEILING_1_20,dpv2.direct.m152.v505_0048
祖玛弓箭手3,152,20,生铁戒指,201,物品,,'=1/20,exact_formula,1/20,'=E20,SPB:AUTO_BOOST;SPB_CEILING_1_20,dpv2.direct.m152.v505_0052
祖玛弓箭手3,152,21,破魂,93,物品,,'=1/20,exact_formula,1/20,'=E21,SPB:AUTO_BOOST;SPB_CEILING_1_20,dpv2.direct.m152.v505_0049
祖玛弓箭手3,152,22,竹笛,167,物品,,'=1/20,exact_formula,1/20,'=E22,SPB:AUTO_BOOST;SPB_CEILING_1_20,dpv2.direct.m152.slot_022
祖玛弓箭手3,152,23,蓝翡翠项链,165,物品,,'=1/20,exact_formula,1/20,'=E23,SPB:AUTO_BOOST;SPB_CEILING_1_20,dpv2.direct.m152.slot_043
祖玛弓箭手3,152,24,蛇眼戒指,204,物品,,'=1/20,exact_formula,1/20,'=E24,SPB:AUTO_BOOST;SPB_CEILING_1_20,dpv2.direct.m152.v505_0047
祖玛弓箭手3,152,25,道士头盔,149,物品,,'=1/20,exact_formula,1/20,'=E25,SPB:AUTO_BOOST;SPB_CEILING_1_20,dpv2.direct.m152.slot_023
祖玛弓箭手3,152,26,道士手镯,185,物品,,'=1/20,exact_formula,1/20,'=E26,SPB:AUTO_BOOST;SPB_CEILING_1_20,dpv2.direct.m152.slot_047
祖玛弓箭手3,152,27,道德戒指,209,物品,,'=1/20,exact_formula,1/20,'=E27,SPB:AUTO_BOOST;SPB_CEILING_1_20,dpv2.direct.m152.slot_045
祖玛弓箭手3,152,28,重盔甲(男),122,物品,,'=1/20,exact_formula,1/20,'=E28,SPB:AUTO_BOOST;SPB_CEILING_1_20,dpv2.direct.m152.slot_035
祖玛弓箭手3,152,29,重盔甲(男),123,物品,,'=1/20,exact_formula,1/20,'=E29,SPB:AUTO_BOOST;SPB_CEILING_1_20,dpv2.direct.m152.slot_036
祖玛弓箭手3,152,30,金戒指,206,物品,,'=1/20,exact_formula,1/20,'=E30,SPB:AUTO_BOOST;SPB_CEILING_1_20,dpv2.direct.m152.slot_042
祖玛弓箭手3,152,31,金手镯,188,物品,,'=1/20,exact_formula,1/20,'=E31,SPB:AUTO_BOOST;SPB_CEILING_1_20,dpv2.direct.m152.slot_044
祖玛弓箭手3,152,32,降妖除魔戒指,211,物品,,'=1/20,exact_formula,1/20,'=E32,SPB:AUTO_BOOST;SPB_CEILING_1_20,dpv2.direct.m152.slot_026
祖玛弓箭手3,152,33,降魔 ×2,96,物品,,'=1/20,exact_formula,1/20,'=E33,SPB:AUTO_BOOST;SPB_CEILING_1_20,dpv2.direct.m152.slot_049 等2个独立槽
祖玛弓箭手3,152,34,骷髅头盔,150,物品,,'=1/20,exact_formula,1/20,'=E34,SPB:AUTO_BOOST;SPB_CEILING_1_20,dpv2.direct.m152.slot_027
祖玛弓箭手3,152,35,骷髅戒指,207,物品,,'=1/20,exact_formula,1/20,'=E35,SPB:AUTO_BOOST;SPB_CEILING_1_20,dpv2.direct.m152.v505_0054
祖玛弓箭手3,152,36,魅力戒指,208,物品,,'=1/20,exact_formula,1/20,'=E36,SPB:AUTO_BOOST;SPB_CEILING_1_20,dpv2.direct.m152.slot_046
祖玛弓箭手3,152,37,魔力手镯,186,物品,,'=1/20,exact_formula,1/20,'=E37,SPB:AUTO_BOOST;SPB_CEILING_1_20,dpv2.direct.m152.v505_0044
祖玛弓箭手3,152,38,魔法长袍(男),124,物品,,'=1/20,exact_formula,1/20,'=E38,SPB:AUTO_BOOST;SPB_CEILING_1_20,dpv2.direct.m152.slot_039
祖玛弓箭手3,152,39,魔法长袍(男),125,物品,,'=1/20,exact_formula,1/20,'=E39,SPB:AUTO_BOOST;SPB_CEILING_1_20,dpv2.direct.m152.slot_040
祖玛弓箭手3,152,40,黑檀手镯,184,物品,,'=1/20,exact_formula,1/20,'=E40,SPB:AUTO_BOOST;SPB_CEILING_1_20,dpv2.direct.m152.slot_048
祖玛弓箭手3,152,41,黑色水晶戒指,203,物品,,'=1/20,exact_formula,1/20,'=E41,SPB:AUTO_BOOST;SPB_CEILING_1_20,dpv2.direct.m152.v505_0046
祖玛弓箭手3,152,42,冰咆哮,920002,物品,,'=1/40,exact_formula,1/40,'=E42,SPB:BYPASS_UNCLASSIFIED;v80:CURRENT_ELITE_BOSS_EQUIPMENT_RARE_X4,dpv2.direct.m152.v505_0019
祖玛弓箭手3,152,43,井中月,102,物品,,'=1/60,exact_formula,1/60,'=E43,SPB:AUTO_BOOST;v80:CURRENT_ELITE_BOSS_EQUIPMENT_RARE_X4,dpv2.direct.m152.v505_0014
祖玛弓箭手3,152,44,无极棍,104,物品,,'=1/60,exact_formula,1/60,'=E44,SPB:AUTO_BOOST;v80:CURRENT_ELITE_BOSS_EQUIPMENT_RARE_X4,dpv2.direct.m152.v505_0015
祖玛弓箭手3,152,45,三眼手镯,191,物品,,'=1/60,exact_formula,1/60,'=E45,SPB:AUTO_BOOST;v80:CURRENT_ELITE_BOSS_EQUIPMENT_RARE_X4,dpv2.direct.m152.v505_0012
祖玛弓箭手3,152,46,力量戒指,215,物品,,'=1/60,exact_formula,1/60,'=E46,SPB:AUTO_BOOST;v80:CURRENT_ELITE_BOSS_EQUIPMENT_RARE_X4,dpv2.direct.m152.v505_0007
祖玛弓箭手3,152,47,恶魔铃铛,172,物品,,'=1/60,exact_formula,1/60,'=E47,SPB:AUTO_BOOST;v80:CURRENT_ELITE_BOSS_EQUIPMENT_RARE_X4,dpv2.direct.m152.slot_016
祖玛弓箭手3,152,48,泰坦戒指,217,物品,,'=1/60,exact_formula,1/60,'=E48,SPB:AUTO_BOOST;v80:CURRENT_ELITE_BOSS_EQUIPMENT_RARE_X4,dpv2.direct.m152.v505_0009
祖玛弓箭手3,152,49,灵魂项链,173,物品,,'=1/60,exact_formula,1/60,'=E49,SPB:AUTO_BOOST;v80:CURRENT_ELITE_BOSS_EQUIPMENT_RARE_X4,dpv2.direct.m152.v505_0004
祖玛弓箭手3,152,50,紫碧螺,216,物品,,'=1/60,exact_formula,1/60,'=E50,SPB:AUTO_BOOST;v80:CURRENT_ELITE_BOSS_EQUIPMENT_RARE_X4,dpv2.direct.m152.slot_017
祖玛弓箭手3,152,51,绿色项链,171,物品,,'=1/60,exact_formula,1/60,'=E51,SPB:AUTO_BOOST;v80:CURRENT_ELITE_BOSS_EQUIPMENT_RARE_X4,dpv2.direct.m152.v505_0002
祖玛弓箭手3,152,52,骑士手镯,193,物品,,'=1/60,exact_formula,1/60,'=E52,SPB:AUTO_BOOST;v80:CURRENT_ELITE_BOSS_EQUIPMENT_RARE_X4,dpv2.direct.m152.v505_0010
祖玛弓箭手3,152,53,龙之手镯,194,物品,,'=1/60,exact_formula,1/60,'=E53,SPB:AUTO_BOOST;v80:CURRENT_ELITE_BOSS_EQUIPMENT_RARE_X4,dpv2.direct.m152.slot_018
祖玛弓箭手3,152,54,裁决之杖,105,物品,,'=1/100,exact_formula,1/100,'=E54,SPB:AUTO_BOOST;v80:CURRENT_ELITE_BOSS_EQUIPMENT_RARE_X4,dpv2.direct.m152.v505_0016
祖玛弓箭手3,152,55,骨玉权杖,106,物品,,'=1/100,exact_formula,1/100,'=E55,SPB:AUTO_BOOST;v80:CURRENT_ELITE_BOSS_EQUIPMENT_RARE_X4,dpv2.direct.m152.slot_019
祖玛弓箭手3,152,56,龙纹剑,107,物品,,'=1/100,exact_formula,1/100,'=E56,SPB:AUTO_BOOST;v80:CURRENT_ELITE_BOSS_EQUIPMENT_RARE_X4,dpv2.direct.m152.v505_0018
祖玛弓箭手3,152,57,狂风项链,221,物品,,'=1/120,exact_formula,1/120,'=E57,SPB:AUTO_BOOST;v80:CURRENT_ELITE_BOSS_EQUIPMENT_RARE_X4,dpv2.direct.m152.slot_015
祖玛弓箭手3,152,58,阎罗手套,192,物品,,'=1/120,exact_formula,1/120,'=E58,SPB:AUTO_BOOST;v80:CURRENT_ELITE_BOSS_EQUIPMENT_RARE_X4,dpv2.direct.m152.v505_0013
祖玛弓箭手3,152,59,黑铁头盔,151,物品,,'=1/120,exact_formula,1/120,'=E59,SPB:AUTO_BOOST,dpv2.direct.m152.v505_0006
祖玛雕像3,155,6,金币,,金币,2250,'=1/3,exact_formula,1/3,'=E6,SPB:BYPASS_GOLD,dpv2.direct.m155.v505_0001
祖玛雕像3,155,7,召唤神兽,920005,物品,,'=1/10,exact_formula,1/10,'=E7,SPB:BYPASS_UNCLASSIFIED;v80:CURRENT_ELITE_BOSS_EQUIPMENT_RARE_X4,dpv2.direct.m155.v505_0020
祖玛雕像3,155,8,烈火剑法,920028,物品,,'=1/10,exact_formula,1/10,'=E8,SPB:BYPASS_UNCLASSIFIED;v80:CURRENT_ELITE_BOSS_EQUIPMENT_RARE_X4,dpv2.direct.m155.v505_0021
祖玛雕像3,155,9,修罗,97,物品,,'=1/20,exact_formula,1/20,'=E9,SPB:AUTO_BOOST;SPB_CEILING_1_20,dpv2.direct.m155.slot_041
祖玛雕像3,155,10,偃月,95,物品,,'=1/20,exact_formula,1/20,'=E10,SPB:AUTO_BOOST;SPB_CEILING_1_20,dpv2.direct.m155.v505_0057
祖玛雕像3,155,11,冰咆哮,920002,物品,,'=1/20,exact_formula,1/20,'=E11,SPB:BYPASS_UNCLASSIFIED;v80:CURRENT_ELITE_BOSS_EQUIPMENT_RARE_X4,dpv2.direct.m155.v505_0019
祖玛雕像3,155,12,凝霜,98,物品,,'=1/20,exact_formula,1/20,'=E12,SPB:AUTO_BOOST;SPB_CEILING_1_20,dpv2.direct.m155.slot_024
祖玛雕像3,155,13,小手镯,175,物品,,'=1/20,exact_formula,1/20,'=E13,SPB:AUTO_BOOST;SPB_CEILING_1_20,dpv2.direct.m155.v505_0061
祖玛雕像3,155,14,放大镜,166,物品,,'=1/20,exact_formula,1/20,'=E14,SPB:AUTO_BOOST;SPB_CEILING_1_20,dpv2.direct.m155.slot_021
祖玛雕像3,155,15,斩马刀,94,物品,,'=1/20,exact_formula,1/20,'=E15,SPB:AUTO_BOOST;SPB_CEILING_1_20,dpv2.direct.m155.v505_0056
祖玛雕像3,155,16,死神手套,187,物品,,'=1/20,exact_formula,1/20,'=E16,SPB:AUTO_BOOST;SPB_CEILING_1_20,dpv2.direct.m155.slot_034
祖玛雕像3,155,17,灵魂战衣(男),127,物品,,'=1/20,exact_formula,1/20,'=E17,SPB:AUTO_BOOST;SPB_CEILING_1_20,dpv2.direct.m155.slot_037
祖玛雕像3,155,18,灵魂战衣(男),126,物品,,'=1/20,exact_formula,1/20,'=E18,SPB:AUTO_BOOST;SPB_CEILING_1_20,dpv2.direct.m155.slot_038
祖玛雕像3,155,19,珊瑚戒指,210,物品,,'=1/20,exact_formula,1/20,'=E19,SPB:AUTO_BOOST;SPB_CEILING_1_20,dpv2.direct.m155.slot_025
祖玛雕像3,155,20,珍珠戒指,205,物品,,'=1/20,exact_formula,1/20,'=E20,SPB:AUTO_BOOST;SPB_CEILING_1_20,dpv2.direct.m155.v505_0054
祖玛雕像3,155,21,生铁戒指,201,物品,,'=1/20,exact_formula,1/20,'=E21,SPB:AUTO_BOOST;SPB_CEILING_1_20,dpv2.direct.m155.v505_0058
祖玛雕像3,155,22,破魂,93,物品,,'=1/20,exact_formula,1/20,'=E22,SPB:AUTO_BOOST;SPB_CEILING_1_20,dpv2.direct.m155.v505_0055
祖玛雕像3,155,23,竹笛,167,物品,,'=1/20,exact_formula,1/20,'=E23,SPB:AUTO_BOOST;SPB_CEILING_1_20,dpv2.direct.m155.slot_022
祖玛雕像3,155,24,蓝翡翠项链,165,物品,,'=1/20,exact_formula,1/20,'=E24,SPB:AUTO_BOOST;SPB_CEILING_1_20,dpv2.direct.m155.slot_043
祖玛雕像3,155,25,蛇眼戒指,204,物品,,'=1/20,exact_formula,1/20,'=E25,SPB:AUTO_BOOST;SPB_CEILING_1_20,dpv2.direct.m155.v505_0053
祖玛雕像3,155,26,道士头盔,149,物品,,'=1/20,exact_formula,1/20,'=E26,SPB:AUTO_BOOST;SPB_CEILING_1_20,dpv2.direct.m155.slot_023
祖玛雕像3,155,27,道士手镯,185,物品,,'=1/20,exact_formula,1/20,'=E27,SPB:AUTO_BOOST;SPB_CEILING_1_20,dpv2.direct.m155.slot_047
祖玛雕像3,155,28,道德戒指,209,物品,,'=1/20,exact_formula,1/20,'=E28,SPB:AUTO_BOOST;SPB_CEILING_1_20,dpv2.direct.m155.slot_045
祖玛雕像3,155,29,重盔甲(男),122,物品,,'=1/20,exact_formula,1/20,'=E29,SPB:AUTO_BOOST;SPB_CEILING_1_20,dpv2.direct.m155.slot_035
祖玛雕像3,155,30,重盔甲(男),123,物品,,'=1/20,exact_formula,1/20,'=E30,SPB:AUTO_BOOST;SPB_CEILING_1_20,dpv2.direct.m155.slot_036
祖玛雕像3,155,31,金戒指,206,物品,,'=1/20,exact_formula,1/20,'=E31,SPB:AUTO_BOOST;SPB_CEILING_1_20,dpv2.direct.m155.slot_042
祖玛雕像3,155,32,金手镯,188,物品,,'=1/20,exact_formula,1/20,'=E32,SPB:AUTO_BOOST;SPB_CEILING_1_20,dpv2.direct.m155.slot_044
祖玛雕像3,155,33,降妖除魔戒指,211,物品,,'=1/20,exact_formula,1/20,'=E33,SPB:AUTO_BOOST;SPB_CEILING_1_20,dpv2.direct.m155.slot_026
祖玛雕像3,155,34,降魔 ×2,96,物品,,'=1/20,exact_formula,1/20,'=E34,SPB:AUTO_BOOST;SPB_CEILING_1_20,dpv2.direct.m155.slot_049 等2个独立槽
祖玛雕像3,155,35,骷髅头盔,150,物品,,'=1/20,exact_formula,1/20,'=E35,SPB:AUTO_BOOST;SPB_CEILING_1_20,dpv2.direct.m155.slot_027
祖玛雕像3,155,36,骷髅戒指,207,物品,,'=1/20,exact_formula,1/20,'=E36,SPB:AUTO_BOOST;SPB_CEILING_1_20,dpv2.direct.m155.v505_0060
祖玛雕像3,155,37,魅力戒指,208,物品,,'=1/20,exact_formula,1/20,'=E37,SPB:AUTO_BOOST;SPB_CEILING_1_20,dpv2.direct.m155.slot_046
祖玛雕像3,155,38,魔力手镯,186,物品,,'=1/20,exact_formula,1/20,'=E38,SPB:AUTO_BOOST;SPB_CEILING_1_20,dpv2.direct.m155.v505_0050
祖玛雕像3,155,39,魔法长袍(男),124,物品,,'=1/20,exact_formula,1/20,'=E39,SPB:AUTO_BOOST;SPB_CEILING_1_20,dpv2.direct.m155.slot_039
祖玛雕像3,155,40,魔法长袍(男),125,物品,,'=1/20,exact_formula,1/20,'=E40,SPB:AUTO_BOOST;SPB_CEILING_1_20,dpv2.direct.m155.slot_040
祖玛雕像3,155,41,黑檀手镯,184,物品,,'=1/20,exact_formula,1/20,'=E41,SPB:AUTO_BOOST;SPB_CEILING_1_20,dpv2.direct.m155.slot_048
祖玛雕像3,155,42,黑色水晶戒指,203,物品,,'=1/20,exact_formula,1/20,'=E42,SPB:AUTO_BOOST;SPB_CEILING_1_20,dpv2.direct.m155.v505_0052
祖玛雕像3,155,43,幽灵战衣(男),133,物品,,'=1/28,exact_formula,1/28,'=E43,SPB:AUTO_BOOST,dpv2.direct.m155.slot_030
祖玛雕像3,155,44,幽灵战衣(男),132,物品,,'=1/28,exact_formula,1/28,'=E44,SPB:AUTO_BOOST,dpv2.direct.m155.slot_031
祖玛雕像3,155,45,恶魔长袍(男),130,物品,,'=1/28,exact_formula,1/28,'=E45,SPB:AUTO_BOOST,dpv2.direct.m155.slot_032
祖玛雕像3,155,46,恶魔长袍(男),131,物品,,'=1/28,exact_formula,1/28,'=E46,SPB:AUTO_BOOST,dpv2.direct.m155.slot_033
祖玛雕像3,155,47,战神盔甲(男),128,物品,,'=1/28,exact_formula,1/28,'=E47,SPB:AUTO_BOOST,dpv2.direct.m155.slot_028
祖玛雕像3,155,48,战神盔甲(男),129,物品,,'=1/28,exact_formula,1/28,'=E48,SPB:AUTO_BOOST,dpv2.direct.m155.slot_029
祖玛雕像3,155,49,三眼手镯,191,物品,,'=1/40,exact_formula,1/40,'=E49,SPB:AUTO_BOOST;v80:CURRENT_ELITE_BOSS_EQUIPMENT_RARE_X4,dpv2.direct.m155.slot_019
祖玛雕像3,155,50,力量戒指,215,物品,,'=1/40,exact_formula,1/40,'=E50,SPB:AUTO_BOOST;v80:CURRENT_ELITE_BOSS_EQUIPMENT_RARE_X4,dpv2.direct.m155.v505_0007
祖玛雕像3,155,51,恶魔铃铛,172,物品,,'=1/40,exact_formula,1/40,'=E51,SPB:AUTO_BOOST;v80:CURRENT_ELITE_BOSS_EQUIPMENT_RARE_X4,dpv2.direct.m155.v505_0005
祖玛雕像3,155,52,泰坦戒指,217,物品,,'=1/40,exact_formula,1/40,'=E52,SPB:AUTO_BOOST;v80:CURRENT_ELITE_BOSS_EQUIPMENT_RARE_X4,dpv2.direct.m155.slot_017
祖玛雕像3,155,53,灵魂项链,173,物品,,'=1/40,exact_formula,1/40,'=E53,SPB:AUTO_BOOST;v80:CURRENT_ELITE_BOSS_EQUIPMENT_RARE_X4,dpv2.direct.m155.slot_016
祖玛雕像3,155,54,紫碧螺,216,物品,,'=1/40,exact_formula,1/40,'=E54,SPB:AUTO_BOOST;v80:CURRENT_ELITE_BOSS_EQUIPMENT_RARE_X4,dpv2.direct.m155.v505_0008
祖玛雕像3,155,55,绿色项链,171,物品,,'=1/40,exact_formula,1/40,'=E55,SPB:AUTO_BOOST;v80:CURRENT_ELITE_BOSS_EQUIPMENT_RARE_X4,dpv2.direct.m155.v505_0002
祖玛雕像3,155,56,骑士手镯,193,物品,,'=1/40,exact_formula,1/40,'=E56,SPB:AUTO_BOOST;v80:CURRENT_ELITE_BOSS_EQUIPMENT_RARE_X4,dpv2.direct.m155.v505_0010
祖玛雕像3,155,57,龙之手镯,194,物品,,'=1/40,exact_formula,1/40,'=E57,SPB:AUTO_BOOST;v80:CURRENT_ELITE_BOSS_EQUIPMENT_RARE_X4,dpv2.direct.m155.v505_0011
祖玛雕像3,155,58,井中月,102,物品,,'=1/60,exact_formula,1/60,'=E58,SPB:AUTO_BOOST;v80:CURRENT_ELITE_BOSS_EQUIPMENT_RARE_X4,dpv2.direct.m155.v505_0014
祖玛雕像3,155,59,无极棍,104,物品,,'=1/60,exact_formula,1/60,'=E59,SPB:AUTO_BOOST;v80:CURRENT_ELITE_BOSS_EQUIPMENT_RARE_X4,dpv2.direct.m155.slot_020
祖玛雕像3,155,60,狂风项链,221,物品,,'=1/80,exact_formula,1/80,'=E60,SPB:AUTO_BOOST;v80:CURRENT_ELITE_BOSS_EQUIPMENT_RARE_X4,dpv2.direct.m155.slot_015
祖玛雕像3,155,61,阎罗手套,192,物品,,'=1/80,exact_formula,1/80,'=E61,SPB:AUTO_BOOST;v80:CURRENT_ELITE_BOSS_EQUIPMENT_RARE_X4,dpv2.direct.m155.v505_0013
祖玛雕像3,155,62,裁决之杖,105,物品,,'=1/100,exact_formula,1/100,'=E62,SPB:AUTO_BOOST;v80:CURRENT_ELITE_BOSS_EQUIPMENT_RARE_X4,dpv2.direct.m155.v505_0016
祖玛雕像3,155,63,骨玉权杖,106,物品,,'=1/100,exact_formula,1/100,'=E63,SPB:AUTO_BOOST;v80:CURRENT_ELITE_BOSS_EQUIPMENT_RARE_X4,dpv2.direct.m155.v505_0017
祖玛雕像3,155,64,龙纹剑,107,物品,,'=1/100,exact_formula,1/100,'=E64,SPB:AUTO_BOOST;v80:CURRENT_ELITE_BOSS_EQUIPMENT_RARE_X4,dpv2.direct.m155.slot_018
祖玛雕像3,155,65,黑铁头盔,151,物品,,'=1/120,exact_formula,1/120,'=E65,SPB:AUTO_BOOST,dpv2.direct.m155.v505_0006
祖玛卫士3,158,6,金币,,金币,2250,'=1/3,exact_formula,1/3,'=E6,SPB:BYPASS_GOLD,dpv2.direct.m158.v505_0001
祖玛卫士3,158,7,召唤神兽,920005,物品,,'=1/10,exact_formula,1/10,'=E7,SPB:BYPASS_UNCLASSIFIED;v80:CURRENT_ELITE_BOSS_EQUIPMENT_RARE_X4,dpv2.direct.m158.slot_054
祖玛卫士3,158,8,烈火剑法,920028,物品,,'=1/10,exact_formula,1/10,'=E8,SPB:BYPASS_UNCLASSIFIED;v80:CURRENT_ELITE_BOSS_EQUIPMENT_RARE_X4,dpv2.direct.m158.slot_052
祖玛卫士3,158,9,修罗,97,物品,,'=1/20,exact_formula,1/20,'=E9,SPB:AUTO_BOOST;SPB_CEILING_1_20,dpv2.direct.m158.slot_043
祖玛卫士3,158,10,偃月,95,物品,,'=1/20,exact_formula,1/20,'=E10,SPB:AUTO_BOOST;SPB_CEILING_1_20,dpv2.direct.m158.v505_0051
祖玛卫士3,158,11,冰咆哮,920002,物品,,'=1/20,exact_formula,1/20,'=E11,SPB:BYPASS_UNCLASSIFIED;v80:CURRENT_ELITE_BOSS_EQUIPMENT_RARE_X4,dpv2.direct.m158.slot_053
祖玛卫士3,158,12,凝霜,98,物品,,'=1/20,exact_formula,1/20,'=E12,SPB:AUTO_BOOST;SPB_CEILING_1_20,dpv2.direct.m158.slot_026
祖玛卫士3,158,13,小手镯,175,物品,,'=1/20,exact_formula,1/20,'=E13,SPB:AUTO_BOOST;SPB_CEILING_1_20,dpv2.direct.m158.v505_0055
祖玛卫士3,158,14,放大镜,166,物品,,'=1/20,exact_formula,1/20,'=E14,SPB:AUTO_BOOST;SPB_CEILING_1_20,dpv2.direct.m158.slot_023
祖玛卫士3,158,15,斩马刀,94,物品,,'=1/20,exact_formula,1/20,'=E15,SPB:AUTO_BOOST;SPB_CEILING_1_20,dpv2.direct.m158.v505_0050
祖玛卫士3,158,16,死神手套,187,物品,,'=1/20,exact_formula,1/20,'=E16,SPB:AUTO_BOOST;SPB_CEILING_1_20,dpv2.direct.m158.slot_036
祖玛卫士3,158,17,灵魂战衣(男),127,物品,,'=1/20,exact_formula,1/20,'=E17,SPB:AUTO_BOOST;SPB_CEILING_1_20,dpv2.direct.m158.slot_039
祖玛卫士3,158,18,灵魂战衣(男),126,物品,,'=1/20,exact_formula,1/20,'=E18,SPB:AUTO_BOOST;SPB_CEILING_1_20,dpv2.direct.m158.slot_040
祖玛卫士3,158,19,珊瑚戒指,210,物品,,'=1/20,exact_formula,1/20,'=E19,SPB:AUTO_BOOST;SPB_CEILING_1_20,dpv2.direct.m158.slot_027
祖玛卫士3,158,20,珍珠戒指,205,物品,,'=1/20,exact_formula,1/20,'=E20,SPB:AUTO_BOOST;SPB_CEILING_1_20,dpv2.direct.m158.v505_0048
祖玛卫士3,158,21,生铁戒指,201,物品,,'=1/20,exact_formula,1/20,'=E21,SPB:AUTO_BOOST;SPB_CEILING_1_20,dpv2.direct.m158.v505_0052
祖玛卫士3,158,22,破魂,93,物品,,'=1/20,exact_formula,1/20,'=E22,SPB:AUTO_BOOST;SPB_CEILING_1_20,dpv2.direct.m158.v505_0049
祖玛卫士3,158,23,竹笛,167,物品,,'=1/20,exact_formula,1/20,'=E23,SPB:AUTO_BOOST;SPB_CEILING_1_20,dpv2.direct.m158.slot_024
祖玛卫士3,158,24,蓝翡翠项链,165,物品,,'=1/20,exact_formula,1/20,'=E24,SPB:AUTO_BOOST;SPB_CEILING_1_20,dpv2.direct.m158.slot_045
祖玛卫士3,158,25,蛇眼戒指,204,物品,,'=1/20,exact_formula,1/20,'=E25,SPB:AUTO_BOOST;SPB_CEILING_1_20,dpv2.direct.m158.v505_0047
祖玛卫士3,158,26,道士头盔,149,物品,,'=1/20,exact_formula,1/20,'=E26,SPB:AUTO_BOOST;SPB_CEILING_1_20,dpv2.direct.m158.slot_025
祖玛卫士3,158,27,道士手镯,185,物品,,'=1/20,exact_formula,1/20,'=E27,SPB:AUTO_BOOST;SPB_CEILING_1_20,dpv2.direct.m158.slot_049
祖玛卫士3,158,28,道德戒指,209,物品,,'=1/20,exact_formula,1/20,'=E28,SPB:AUTO_BOOST;SPB_CEILING_1_20,dpv2.direct.m158.slot_047
祖玛卫士3,158,29,重盔甲(男),122,物品,,'=1/20,exact_formula,1/20,'=E29,SPB:AUTO_BOOST;SPB_CEILING_1_20,dpv2.direct.m158.slot_037
祖玛卫士3,158,30,重盔甲(男),123,物品,,'=1/20,exact_formula,1/20,'=E30,SPB:AUTO_BOOST;SPB_CEILING_1_20,dpv2.direct.m158.slot_038
祖玛卫士3,158,31,金戒指,206,物品,,'=1/20,exact_formula,1/20,'=E31,SPB:AUTO_BOOST;SPB_CEILING_1_20,dpv2.direct.m158.slot_044
祖玛卫士3,158,32,金手镯,188,物品,,'=1/20,exact_formula,1/20,'=E32,SPB:AUTO_BOOST;SPB_CEILING_1_20,dpv2.direct.m158.slot_046
祖玛卫士3,158,33,降妖除魔戒指,211,物品,,'=1/20,exact_formula,1/20,'=E33,SPB:AUTO_BOOST;SPB_CEILING_1_20,dpv2.direct.m158.slot_028
祖玛卫士3,158,34,降魔 ×2,96,物品,,'=1/20,exact_formula,1/20,'=E34,SPB:AUTO_BOOST;SPB_CEILING_1_20,dpv2.direct.m158.slot_051 等2个独立槽
祖玛卫士3,158,35,骷髅头盔,150,物品,,'=1/20,exact_formula,1/20,'=E35,SPB:AUTO_BOOST;SPB_CEILING_1_20,dpv2.direct.m158.slot_029
祖玛卫士3,158,36,骷髅戒指,207,物品,,'=1/20,exact_formula,1/20,'=E36,SPB:AUTO_BOOST;SPB_CEILING_1_20,dpv2.direct.m158.v505_0054
祖玛卫士3,158,37,魅力戒指,208,物品,,'=1/20,exact_formula,1/20,'=E37,SPB:AUTO_BOOST;SPB_CEILING_1_20,dpv2.direct.m158.slot_048
祖玛卫士3,158,38,魔力手镯,186,物品,,'=1/20,exact_formula,1/20,'=E38,SPB:AUTO_BOOST;SPB_CEILING_1_20,dpv2.direct.m158.v505_0044
祖玛卫士3,158,39,魔法长袍(男),124,物品,,'=1/20,exact_formula,1/20,'=E39,SPB:AUTO_BOOST;SPB_CEILING_1_20,dpv2.direct.m158.slot_041
祖玛卫士3,158,40,魔法长袍(男),125,物品,,'=1/20,exact_formula,1/20,'=E40,SPB:AUTO_BOOST;SPB_CEILING_1_20,dpv2.direct.m158.slot_042
祖玛卫士3,158,41,黑檀手镯,184,物品,,'=1/20,exact_formula,1/20,'=E41,SPB:AUTO_BOOST;SPB_CEILING_1_20,dpv2.direct.m158.slot_050
祖玛卫士3,158,42,黑色水晶戒指,203,物品,,'=1/20,exact_formula,1/20,'=E42,SPB:AUTO_BOOST;SPB_CEILING_1_20,dpv2.direct.m158.v505_0046
祖玛卫士3,158,43,三眼手镯,191,物品,,'=1/40,exact_formula,1/40,'=E43,SPB:AUTO_BOOST;v80:CURRENT_ELITE_BOSS_EQUIPMENT_RARE_X4,dpv2.direct.m158.v505_0012
祖玛卫士3,158,44,力量戒指,215,物品,,'=1/40,exact_formula,1/40,'=E44,SPB:AUTO_BOOST;v80:CURRENT_ELITE_BOSS_EQUIPMENT_RARE_X4,dpv2.direct.m158.slot_018
祖玛卫士3,158,45,恶魔铃铛,172,物品,,'=1/40,exact_formula,1/40,'=E45,SPB:AUTO_BOOST;v80:CURRENT_ELITE_BOSS_EQUIPMENT_RARE_X4,dpv2.direct.m158.v505_0005
祖玛卫士3,158,46,泰坦戒指,217,物品,,'=1/40,exact_formula,1/40,'=E46,SPB:AUTO_BOOST;v80:CURRENT_ELITE_BOSS_EQUIPMENT_RARE_X4,dpv2.direct.m158.v505_0009
祖玛卫士3,158,47,灵魂项链,173,物品,,'=1/40,exact_formula,1/40,'=E47,SPB:AUTO_BOOST;v80:CURRENT_ELITE_BOSS_EQUIPMENT_RARE_X4,dpv2.direct.m158.v505_0004
祖玛卫士3,158,48,紫碧螺,216,物品,,'=1/40,exact_formula,1/40,'=E48,SPB:AUTO_BOOST;v80:CURRENT_ELITE_BOSS_EQUIPMENT_RARE_X4,dpv2.direct.m158.v505_0008
祖玛卫士3,158,49,绿色项链,171,物品,,'=1/40,exact_formula,1/40,'=E49,SPB:AUTO_BOOST;v80:CURRENT_ELITE_BOSS_EQUIPMENT_RARE_X4,dpv2.direct.m158.slot_016
祖玛卫士3,158,50,骑士手镯,193,物品,,'=1/40,exact_formula,1/40,'=E50,SPB:AUTO_BOOST;v80:CURRENT_ELITE_BOSS_EQUIPMENT_RARE_X4,dpv2.direct.m158.slot_019
祖玛卫士3,158,51,龙之手镯,194,物品,,'=1/40,exact_formula,1/40,'=E51,SPB:AUTO_BOOST;v80:CURRENT_ELITE_BOSS_EQUIPMENT_RARE_X4,dpv2.direct.m158.v505_0011
祖玛卫士3,158,52,井中月,102,物品,,'=1/60,exact_formula,1/60,'=E52,SPB:AUTO_BOOST;v80:CURRENT_ELITE_BOSS_EQUIPMENT_RARE_X4,dpv2.direct.m158.slot_022
祖玛卫士3,158,53,无极棍,104,物品,,'=1/60,exact_formula,1/60,'=E53,SPB:AUTO_BOOST;v80:CURRENT_ELITE_BOSS_EQUIPMENT_RARE_X4,dpv2.direct.m158.v505_0015
祖玛卫士3,158,54,狂风项链,221,物品,,'=1/60,exact_formula,1/60,'=E54,SPB:AUTO_BOOST;v80:CURRENT_ELITE_BOSS_EQUIPMENT_RARE_X4,dpv2.direct.m158.slot_015
祖玛卫士3,158,55,阎罗手套,192,物品,,'=1/60,exact_formula,1/60,'=E55,SPB:AUTO_BOOST;v80:CURRENT_ELITE_BOSS_EQUIPMENT_RARE_X4,dpv2.direct.m158.slot_021
祖玛卫士3,158,56,裁决之杖,105,物品,,'=1/90,exact_formula,1/90,'=E56,SPB:AUTO_BOOST;v80:CURRENT_ELITE_BOSS_EQUIPMENT_RARE_X4,dpv2.direct.m158.slot_020
祖玛卫士3,158,57,骨玉权杖,106,物品,,'=1/90,exact_formula,1/90,'=E57,SPB:AUTO_BOOST;v80:CURRENT_ELITE_BOSS_EQUIPMENT_RARE_X4,dpv2.direct.m158.v505_0017
祖玛卫士3,158,58,龙纹剑,107,物品,,'=1/90,exact_formula,1/90,'=E58,SPB:AUTO_BOOST;v80:CURRENT_ELITE_BOSS_EQUIPMENT_RARE_X4,dpv2.direct.m158.v505_0018
祖玛卫士3,158,59,黑铁头盔,151,物品,,'=1/110,exact_formula,1/110,'=E59,SPB:AUTO_BOOST,dpv2.direct.m158.slot_017
祖玛卫士00,159,6,超级金创药 ×8,920017,物品,,'=1/1,exact_formula,1/1,'=E6,SPB:BYPASS_COMMON_RECOVERY,dpv2.direct.m159.slot_014 等8个独立槽
祖玛卫士00,159,7,超级魔法药 ×8,920042,物品,,'=1/1,exact_formula,1/1,'=E7,SPB:BYPASS_COMMON_RECOVERY,dpv2.direct.m159.slot_024 等8个独立槽
祖玛卫士00,159,8,金币,,金币,30000,'=1/1,exact_formula,1/1,'=E8,SPB:BYPASS_GOLD,dpv2.direct.m159.v505_0001
祖玛卫士00,159,9,太阳水 ×8,920014,物品,,'=1/2,exact_formula,1/2,'=E9,SPB:BYPASS_COMMON_RECOVERY;精英Boss太阳水分母x2,dpv2.direct.m159.v505_0012 等8个独立槽
祖玛卫士00,159,10,强效太阳水 ×8,920016,物品,,'=1/2,exact_formula,1/2,'=E10,SPB:BYPASS_COMMON_RECOVERY;精英Boss太阳水分母x2,dpv2.direct.m159.slot_002 等8个独立槽
祖玛卫士00,159,11,超级金创药 ×2,920017,物品,,'=1/2,exact_formula,1/2,'=E11,SPB:BYPASS_COMMON_RECOVERY,dpv2.direct.m159.slot_012 等2个独立槽
祖玛卫士00,159,12,超级魔法药 ×2,920042,物品,,'=1/2,exact_formula,1/2,'=E12,SPB:BYPASS_COMMON_RECOVERY,dpv2.direct.m159.slot_022 等2个独立槽
祖玛卫士00,159,13,太阳水 ×2,920014,物品,,'=1/4,exact_formula,1/4,'=E13,SPB:BYPASS_COMMON_RECOVERY;精英Boss太阳水分母x2,dpv2.direct.m159.v505_0020 等2个独立槽
祖玛卫士00,159,14,强效太阳水 ×2,920016,物品,,'=1/4,exact_formula,1/4,'=E14,SPB:BYPASS_COMMON_RECOVERY;精英Boss太阳水分母x2,dpv2.direct.m159.slot_010 等2个独立槽
祖玛卫士00,159,19,幽灵手套,189,物品,,'=1/20,exact_formula,1/20,'=E19,SPB:AUTO_BOOST;v80:CURRENT_ELITE_BOSS_EQUIPMENT_RARE_X4,dpv2.direct.m159.v505_0050
祖玛卫士00,159,20,幽灵项链,168,物品,,'=1/20,exact_formula,1/20,'=E20,SPB:AUTO_BOOST;SPB_CEILING_1_20;v80:CURRENT_ELITE_BOSS_EQUIPMENT_RARE_X4,dpv2.direct.m159.v505_0047
祖玛卫士00,159,21,心灵手镯,195,物品,,'=1/20,exact_formula,1/20,'=E21,SPB:AUTO_BOOST;v80:CURRENT_ELITE_BOSS_EQUIPMENT_RARE_X4,dpv2.direct.m159.slot_056
祖玛卫士00,159,22,思贝儿手镯,190,物品,,'=1/20,exact_formula,1/20,'=E22,SPB:AUTO_BOOST;v80:CURRENT_ELITE_BOSS_EQUIPMENT_RARE_X4,dpv2.direct.m159.v505_0051
祖玛卫士00,159,27,狂风戒指,222,物品,,'=1/5,exact_formula,1/5,'=E27,SPB:AUTO_BOOST;v80:CURRENT_ELITE_BOSS_EQUIPMENT_RARE_X4,dpv2.direct.m159.v505_0056
祖玛卫士00,159,29,生命项链,169,物品,,'=1/20,exact_formula,1/20,'=E29,SPB:AUTO_BOOST;SPB_CEILING_1_20;v80:CURRENT_ELITE_BOSS_EQUIPMENT_RARE_X4,dpv2.direct.m159.v505_0048
祖玛卫士00,159,34,红宝石戒指,213,物品,,'=1/20,exact_formula,1/20,'=E34,SPB:AUTO_BOOST;v80:CURRENT_ELITE_BOSS_EQUIPMENT_RARE_X4,dpv2.direct.m159.v505_0054
祖玛卫士00,159,37,记忆头盔,228,物品,,'=1/30,exact_formula,1/30,'=E37,SPB:AUTO_BOOST;SPB_CEILING_1_20;v80:CURRENT_ELITE_BOSS_EQUIPMENT_RARE_X4,dpv2.direct.m159.v505_0046
祖玛卫士00,159,38,记忆项链,229,物品,,'=1/30,exact_formula,1/30,'=E38,SPB:AUTO_BOOST;SPB_CEILING_1_20;v80:CURRENT_ELITE_BOSS_EQUIPMENT_RARE_X4,dpv2.direct.m159.v505_0045
祖玛卫士00,159,45,铂金戒指,214,物品,,'=1/20,exact_formula,1/20,'=E45,SPB:AUTO_BOOST;v80:CURRENT_ELITE_BOSS_EQUIPMENT_RARE_X4,dpv2.direct.m159.v505_0055
祖玛卫士00,159,46,银蛇,101,物品,,'=1/20,exact_formula,1/20,'=E46,SPB:AUTO_BOOST;SPB_CEILING_1_20;v80:CURRENT_ELITE_BOSS_EQUIPMENT_RARE_X4,dpv2.direct.m159.v505_0043
祖玛卫士00,159,51,魔杖,100,物品,,'=1/20,exact_formula,1/20,'=E51,SPB:AUTO_BOOST;SPB_CEILING_1_20;v80:CURRENT_ELITE_BOSS_EQUIPMENT_RARE_X4,dpv2.direct.m159.slot_062
祖玛卫士00,159,57,龙之戒指,212,物品,,'=1/20,exact_formula,1/20,'=E57,SPB:AUTO_BOOST;v80:CURRENT_ELITE_BOSS_EQUIPMENT_RARE_X4,dpv2.direct.m159.v505_0053
祖玛卫士00,159,58,召唤神兽,920005,物品,,'=1/20,exact_formula,1/20,'=E58,SPB:BYPASS_UNCLASSIFIED;v80:CURRENT_ELITE_BOSS_EQUIPMENT_RARE_X4,dpv2.direct.m159.slot_103
祖玛卫士00,159,59,烈火剑法,920028,物品,,'=1/20,exact_formula,1/20,'=E59,SPB:BYPASS_UNCLASSIFIED;v80:CURRENT_ELITE_BOSS_EQUIPMENT_RARE_X4,dpv2.direct.m159.slot_101
祖玛卫士00,159,62,半月弯刀,920004,物品,,'=1/20,exact_formula,1/20,'=E62,SPB:BYPASS_UNCLASSIFIED,dpv2.direct.m159.slot_097
祖玛卫士00,159,64,幽灵战衣(男),133,物品,,'=1/20,exact_formula,1/20,'=E64,SPB:AUTO_BOOST;SPB_CEILING_1_20,dpv2.direct.m159.slot_073
祖玛卫士00,159,66,恶魔长袍(男),130,物品,,'=1/20,exact_formula,1/20,'=E66,SPB:AUTO_BOOST;SPB_CEILING_1_20,dpv2.direct.m159.slot_075
祖玛卫士00,159,68,战神盔甲(男),128,物品,,'=1/20,exact_formula,1/20,'=E68,SPB:AUTO_BOOST;SPB_CEILING_1_20,dpv2.direct.m159.slot_071
祖玛卫士00,159,78,地狱雷光,920011,物品,,'=1/20,exact_formula,1/20,'=E78,SPB:BYPASS_UNCLASSIFIED,dpv2.direct.m159.slot_096
祖玛卫士00,159,79,群体治疗术,920036,物品,,'=1/20,exact_formula,1/20,'=E79,SPB:BYPASS_UNCLASSIFIED,dpv2.direct.m159.slot_100
祖玛卫士00,159,80,魔法盾,920051,物品,,'=1/20,exact_formula,1/20,'=E80,SPB:BYPASS_UNCLASSIFIED,dpv2.direct.m159.slot_098
祖玛卫士00,159,81,圣言术,920009,物品,,'=1/20,exact_formula,1/20,'=E81,SPB:BYPASS_UNCLASSIFIED,dpv2.direct.m159.slot_094
祖玛卫士00,159,82,三眼手镯,,,,'=1/25,exact_formula,1/25,,,
祖玛卫士00,159,83,力量戒指,,,,'=1/25,exact_formula,1/25,,,
祖玛卫士00,159,84,恶魔铃铛,,,,'=1/25,exact_formula,1/25,,,
祖玛卫士00,159,85,泰坦戒指,,,,'=1/25,exact_formula,1/25,,,
祖玛卫士00,159,86,灵魂项链,,,,'=1/25,exact_formula,1/25,,,
祖玛卫士00,159,87,紫碧螺,,,,'=1/25,exact_formula,1/25,,,
祖玛卫士00,159,88,绿色项链,,,,'=1/25,exact_formula,1/25,,,
祖玛卫士00,159,89,骑士手镯,,,,'=1/25,exact_formula,1/25,,,
祖玛卫士00,159,90,龙之手镯,,,,'=1/25,exact_formula,1/25,,,
祖玛卫士00,159,91,井中月,,,,'=1/40,exact_formula,1/40,,,
祖玛卫士00,159,92,无极棍,,,,'=1/40,exact_formula,1/40,,,
祖玛卫士00,159,93,狂风项链,,,,'=1/40,exact_formula,1/40,,,
祖玛卫士00,159,94,阎罗手套,,,,'=1/40,exact_formula,1/40,,,
祖玛卫士00,159,95,裁决之杖,,,,'=1/60,exact_formula,1/60,,,
祖玛卫士00,159,96,骨玉权杖,,,,'=1/60,exact_formula,1/60,,,
祖玛卫士00,159,97,龙纹剑,,,,'=1/60,exact_formula,1/60,,,
祖玛卫士00,159,98,黑铁头盔,,,,'=1/80,exact_formula,1/80,,,
暗之沃玛教主,239,6,回城卷 ×6,920007,物品,,'=1/1,exact_formula,1/1,'=E6,SPB:BYPASS_NEW_ARMOR_BOSS,dpv2.direct.m239.slot_047 等6个独立槽
暗之沃玛教主,239,7,超级金创药 ×8,920017,物品,,'=1/1,exact_formula,1/1,'=E7,SPB:BYPASS_NEW_ARMOR_BOSS,dpv2.direct.m239.slot_019 等8个独立槽
暗之沃玛教主,239,8,超级魔法药 ×8,920042,物品,,'=1/1,exact_formula,1/1,'=E8,SPB:BYPASS_NEW_ARMOR_BOSS,dpv2.direct.m239.slot_009 等8个独立槽
暗之沃玛教主,239,9,强效太阳水 ×10,920016,物品,,'=1/2,exact_formula,1/2,'=E9,SPB:BYPASS_NEW_ARMOR_BOSS;精英Boss太阳水分母x2,dpv2.direct.m239.slot_037 等10个独立槽
暗之沃玛教主,239,10,超级金创药 ×2,920017,物品,,'=1/2,exact_formula,1/2,'=E10,SPB:BYPASS_NEW_ARMOR_BOSS,dpv2.direct.m239.slot_017 等2个独立槽
暗之沃玛教主,239,11,超级魔法药 ×2,920042,物品,,'=1/2,exact_formula,1/2,'=E11,SPB:BYPASS_NEW_ARMOR_BOSS,dpv2.direct.m239.slot_007 等2个独立槽
暗之沃玛教主,239,12,金币,,金币,15000,'=1/2,exact_formula,1/2,'=E12,SPB:BYPASS_NEW_ARMOR_BOSS,dpv2.direct.m239.slot_053
暗之沃玛教主,239,13,强效太阳水 ×10,920016,物品,,'=1/4,exact_formula,1/4,'=E13,SPB:BYPASS_NEW_ARMOR_BOSS;精英Boss太阳水分母x2,dpv2.direct.m239.slot_027 等10个独立槽
暗之沃玛教主,239,14,体力强效神水,910001,物品,,'=1/30,exact_formula,1/30,'=E14,SPB:BYPASS_NEW_ARMOR_BOSS,dpv2.direct.m239.slot_002
暗之沃玛教主,239,15,攻击神水,910004,物品,,'=1/30,exact_formula,1/30,'=E15,SPB:BYPASS_NEW_ARMOR_BOSS,dpv2.direct.m239.slot_006
暗之沃玛教主,239,16,疾风神水,910003,物品,,'=1/30,exact_formula,1/30,'=E16,SPB:BYPASS_NEW_ARMOR_BOSS,dpv2.direct.m239.slot_003
暗之沃玛教主,239,17,精神神水,910006,物品,,'=1/30,exact_formula,1/30,'=E17,SPB:BYPASS_NEW_ARMOR_BOSS,dpv2.direct.m239.slot_004
暗之沃玛教主,239,18,魔力强效神水,910002,物品,,'=1/30,exact_formula,1/30,'=E18,SPB:BYPASS_NEW_ARMOR_BOSS,dpv2.direct.m239.slot_001
暗之沃玛教主,239,19,魔力神水,910005,物品,,'=1/30,exact_formula,1/30,'=E19,SPB:BYPASS_NEW_ARMOR_BOSS,dpv2.direct.m239.slot_005
暗之沃玛教主,239,20,天尊道袍,145,物品,,'=1/30,exact_formula,1/30,'=E20,SPB:BYPASS_NEW_ARMOR_BOSS,dpv2.direct.m239.slot_054
